"","cdc28_13_37_2h_rep1_Aligned.sortedByCoord.out.bam","cdc28_13_37_2h_rep2_Aligned.sortedByCoord.out.bam","cdc28_13_37_2h_rep3_Aligned.sortedByCoord.out.bam","cdc28_13_37_8h_rep1_Aligned.sortedByCoord.out.bam","cdc28_13_37_8h_rep2_Aligned.sortedByCoord.out.bam","cdc28_13_37_8h_rep3_Aligned.sortedByCoord.out.bam","WT_37_2h_rep1_Aligned.sortedByCoord.out.bam","WT_37_2h_rep2_Aligned.sortedByCoord.out.bam","WT_37_2h_rep3_Aligned.sortedByCoord.out.bam","WT_37_8h_rep1_Aligned.sortedByCoord.out.bam","WT_37_8h_rep2_Aligned.sortedByCoord.out.bam","WT_37_8h_rep3_Aligned.sortedByCoord.out.bam"
"YDL246C",1.5,4,1,26,14.5,14.17,1.5,2.5,1.5,0,3.5,0.5
"YDL243C",2.25,0.25,2,5.25,2.75,6,4.5,0.83,0.33,2.2,2.08,1.33
"YDR387C",3,3,12,3,2,1,6,10,2,2,7,0
"YDL094C",6,5.5,6,3,2,2,9,8.5,8,3.5,1.5,3
"YDR438W",6,1,3,2,0,1,3,3,2,6,2,3.25
"YDR523C",3,0,1,4,6,5,2,1,2,0.1,1,4
"YDR542W",0.28,0,0.5,0.2,0.12,0.11,0,0,0.45,0.11,0,0.1
"YDR492W",16.5,15.5,15,10,12.5,11,21.5,30,7,28,37.5,24
"YDR018C",0,1,4,5,2,1,0,2,6,1,3,0
"YDL189W",10,10,19,5,5,4,14,22,13,14,21,17
"YDR508C",54,57,56.5,13,12,9,67,80,54,56.5,90.5,75.67
"YDR462W",3,3,6,3,2,3,4,3,4,1,6,5
"YDR175C",7,8,10,2,0,0,8,7,6,8,16,9
"YDR186C",24,34,27,58.5,35,39,40,50,33,44,51,37
"YDR150W",64,60.67,69.14,36,18.5,23.5,101,105,83.57,95.75,108,124.62
"YDR243C",8,11,7,3,1,4,9,10,15.17,10,7,8
"YDL182W",28.5,26,20.25,9.5,4.5,12.5,17,28.5,22,25.5,17,30.5
"YDR362C",6,11,10,7,6,1,9,10,5,3,6,1
"YDR232W",65,49,42,19,10,7,45,54,40,55,70,73
"YDR158W",61,77,89,7,12,6,85,60,50.17,90,94,103
"YDR439W",4,8,9,4,1,4,5,3,5,5,9,7
"YDL206W",17,6,9,8,13,8,7.25,13,7,10,11,7
"YDR125C",7,6,4,16,16,13,1,2,5,7,7,1
"YDR338C",8,10.61,6,8,3,6,5,9,10,9,9,5
"YDR526C",4,1.5,3,1,1,1,2.5,3,2.5,2,4,3
"YDR533C",4,8,5,79,72.5,78,3,9,6,3,5,6
"YDR272W",14,20.5,20,26,16,9,10,16,7,12,17,13
"YDR197W",10.74,13.45,13.32,6.17,1,5.83,10.71,5.92,9,12.83,9.73,11.71
"YDR512C",5,4,6.5,1,1,2,7,7,4,4,7,4
"YDR489W",5.5,5,5.5,1,1,2,5,6.25,4,7,7,8
"YDR299W",35,32,26,9,6,2,28,34,24,25,39,28
"YDL015C",32,35,31,10,11,5,31,30,27,30,35,35
"YDR304C",38,34,32.5,10,11,6,25,32,30,28.5,38,27
"YDR271C",1.5,0,0.5,0,1,1.5,0,0.5,0.5,0,1.17,0.17
"YDL181W",6,4,10,3,2,1,13,8,4,13,1,11
"YDR367W",10,9,12,1,1,1,8,9,8,11,9,11.5
"YDR085C",25,26,26,29,20,17.5,12,20,19,11,12,15
"YDL097C",54,34,38,14,17,10,46,51,27,42,49,48
"YDL139C",1,4,1,11,5,6,3,6,1,1,0,1
"YDR200C",11.41,9.42,9.45,9.68,10.58,7.17,10.67,6.5,9.57,10.1,8.5,13.61
"YDR191W",2,3,1,1,3,1,4,4,0,3,1,3
"YDR451C",2,0,4,1,0,1,2,8,3,5,5,13
"YDR469W",7,5,2,1,2,3,5,8,3,5,11,6
"YDR470C",11,12,15,1,2,4,8,13,7,13,8,3
"YDR105C",5,10,13,2,0,3,12,9,6,4,15,11
"YDR483W",61,67,48,35,12,12,56,77,54,58,77.5,64.5
"YDL123W",2,1,1,1,3,5,0,4,1,3,2,4
"YDL199C",3,3,3,4,7,5,5,6,6,2,7,6
"YDR505C",19,35,29,42,24,30,38,36.5,26,38.75,40,33
"YDL045W-A",3,5,5,0,1,3,3,6,3,4,5,5
"YDL045C",3,14,5,4,3,7,6,8,5,4,8,4
"YDR361C",16,17.17,17,2,2,5,13.06,14,15,18,21,19
"YDR406W-A",0.5,1,1.5,1,1.5,0.5,2,1,2,1,0,2.5
"YDR199W",3,1,3,1.5,1,0,0.5,1.5,0.5,5.5,2.5,1.5
"YDR266C",26,31,37,19,15,4,27,39,20.5,40,26,23.12
"YDL242W",2,0,1,1,1,0,0,0,0,0,0,0
"YDR002W",48,51,48,14,10,8,43,52,46,51,60,75
"YDR214W",100,75,91,57,59,56,63,81,75,67,74,71
"YDR130C",3,5,1,2,2,1,3,3,2,2,4,4
"YDL176W",4,8,4,6,2,3,6,5,3,2,8,3
"YDR358W",8,2,6,17,8,9,6,6,3,3,7,5
"YDR544C",0,0,0.12,0.12,1,0,0,0,0,0,0.61,0
"YDR460W",7,5,6,6,4,4,1,5,6,8,8.6,11.55
"snR84",87,119,112,149,96,142,111,127.75,97,118,136,123
"YDR034W-B",1,1,1,15,10,17,0,0,0,0,0,1
"YDL028C",8,13,12,16,16,12,10,19,11.5,14,16,15
"YDR061W",12,13,13,6,3,5,12,17,17,11,6,8
"YDR060W",88,91,75,9,6,7,71,108,74.5,103,126,113
"YDR169C-A",1,0,0,0,0,0,0,0,0,0,0,0
"YDR363W",10,10,10,6,8,4,6,10,4,11,6,8
"YDR422C",18,18,23,11,5,4,20,22,14,10,29,22
"YDR119W",42,30,37,4,5,2,42,40,37,47,40,40
"tR(ACG)D",1.46,0.4,0.4,0.4,0.4,0.12,0.9,0.4,0,1,1.6,0.6
"YDR097C",14.11,15,14,9.25,4,9,17,35,32,25,26,40
"YDR042C",1,3,2,4,1,0,3,1,2,0,0,2
"YDL160C",21,22,32,10,5,10,39,29,30,26,40,41
"YDR425W",5,7.5,6.5,11,4.5,9.5,2.5,7,6.5,4,3.5,8
"snR13",152,183,195,235,148,202,151.75,195.75,97,168.75,154,141.75
"YDR228C",8,6,15,4,2,3,10,21,6,12,26,15
"YDR319C",6,6,2,1,3,0,7,2,4,6,3,5
"YDR471W",66.5,49,73,4.5,6,8,78.5,94,63.5,86,114.5,84.5
"YDR089W",12,7,6,8,7,5,10,14,21,8,12,12
"tD(GUC)D",0.31,0.75,0.31,0.5,0.25,0,0.12,0.77,0.25,0.22,1.47,0
"YDR275W",3,7,7,0,2,3,9,2,2,5,12,4
"YDR043C",15,8,10,20,13,15,4,8,8,13,10,4
"YDR129C",49,59.5,61,61,58,47,50,73,63,57,60,60
"YDR136C",0,0,0,0,0,0,0,0,0,0,0,1
"YDL066W",87,89,69,37,29,33,65,57,46,50,68,71
"YDR302W",6,4,7,2,1,2,8,7,1,2,9,6
"YDR239C",11,14,11,6,7,10,10,18,9,6,18,14
"YDR539W",16,12,15,4,6,6,23,13,6,13,14,12
"tK(CUU)D1",0,0,0,0,0,0,0,0,0,0,0,0
"YDL125C",19,19,13,12,10,8,14,13,19,18,21,18
"YDR493W",2,4,11,4,1,1,4,7,3,4,9,3
"YDR101C",52,58,46,7,5,2,50,82,49,62,72,98
"YDR182W-A",1,0,1,1,0,0,3,1,2,2,0,0
"YDR212W",47,36,38,12,12,5,56,58,51,42,52,50
"YDR476C",3,4,5,6,3,4,7,2,9,6,5,8
"YDL131W",36.5,44,46.25,9.5,9.5,11.5,31.25,39.5,30,36.5,29,40.5
"YDR458C",23,19,12,13,11,3,23,10,14,30,18,12
"YDR081C",12,12,22,4,9,7,12,19,7,17,27,27
"YDL071C",0,2.5,1,0,0,0,0,0,0,0,1,0
"YDR113C",2,1,1.17,2,0,1,4.5,3,6,8,9,4
"YDR168W",34,39,36,9,12.06,4,22,34,24,22,25,30.06
"YDR520C",8.5,5,5,8,2,3,3.5,12,11,6,5,1.5
"YDR307W",11,8,9,7,2,2,11,12,12,8,12,13
"YDR265W",4,2,2,2,0,2,1,4,6,5,4,5
"YDL076C",6,3,3,9,6,2,4,15,6,4,6,12
"YDL006W",6,9,6,4,3,1,7,9,5,2,7,16
"YDL086W",17,18,18.5,7,3,4.5,15,21.5,15.5,13.5,11,19.5
"YDR238C",87,71.94,78.85,18,15.1,12,93,112,87,77.75,100,98
"YDR077W",941.25,1001.75,1049.75,1182.5,856.25,835,708,845.75,706.75,617.67,768.75,709.42
"YDR381C-A",3,5,3,3,3,1,2,5,1,6,6,5
"YDL023C",3,2.5,6,5.5,5,2.5,3,3.5,4.5,2,3.5,3
"YDL083C",100,94,96,4.5,6.5,3.5,111.5,136,98,113,169.5,115.5
"YDR036C",13,8,13,6,6,2,11.5,15,10,9,12,12
"YDR057W",13,8,14.06,11,7,4,7,14,6,12,12,8
"YDR513W",9,15,16.5,19,20,22,17,16,11,13,15,16
"YDR487C",25,29,15,13,11,15,15,35,26,18,38,19
"YDR066C",3,3,3,1,2,2,2,0,2,4,2,4
"YDR352W",8,10,7,6,1,2,9,12,7,11,12,20
"YDR278C",26.21,29.75,23.38,18.5,17.84,9.58,20.46,18.67,13.04,20.67,21.42,33.25
"YDR079C-A",1,1,0,1,0,0,0,0,1,4,2,0
"YDR204W",11,5,3,11.5,7,5,8,10,6,6,5,5
"YDL247W-A",0,0.5,0,0.5,0.5,0.5,0.5,0,0,0,1.5,0
"YDL024C",4,5.62,4.5,29.5,21,15,2.5,4.67,0.25,2,1.88,4
"tA(AGC)D",0,0,0,0,0,0,0,0,0,0,0,0
"YDR109C",8,9,9,10.83,2,2,5,9,9,10,5,7
"YDR466W",16.5,10.5,10.5,10,10,8,16.25,13,23,26.5,31,29
"YDR427W",39,22,31,4,5,7,25,33,13,18,29,27
"YDL044C",4,7,9,3,0,3,5,3,10,7,5,6
"YDL079C",6,5,3,10,8,7,2,1,4,8,8,2
"YDR193W",0.5,1,0,1.5,1,1,0.5,2,0,0,0.5,1
"YDR305C",4,6,2,0,1,0,9,2,2,8,6,3
"YDR377W",8.39,13.74,11.25,8.25,4.5,6,12.25,12.17,7.17,7.25,11.08,14.05
"YDR219C",11,8,7,10,7,5,8,6,8,8,11,7
"YDR416W",20,9,14,7,4,3.25,5,16,10,12,10,10
"YDR365C",36.06,29,45,8,4,6,44,41.08,44.25,36,62,71
"YDL233W",7,5,10,10,9,5,5,5,4,7,7,9
"YDR287W",5,5,7,9,5,7,8,7,4,7,9,3
"YDR448W",8,0,3,6,4,9,11,6,4,6,4,7
"YDR180W",26,18,17,9,6,7,14,20,21,23,22,31.25
"tF(GAA)D",0,0,1,0,1,0,0,1,0,1,1,0
"tT(AGU)D",0,0,0,0,0,0,0,0,0,0,0,0
"YDR294C",30,27,41,48,26,25.67,26,42,19,31,46.5,25.08
"YDR198C",8,4,7,3,0,2.5,9,5,8,7,10,16
"YDL163W",0,0.5,1,0,0.5,0,1,0.5,2,0,0,1
"YDL119C",1,7.5,7.5,5,2.5,6,5,5.5,3.5,3,5.5,0.5
"YDR501W",4,5,3.25,0,0,1.25,4,10,3,7,6,4
"YDL214C",3,2,3,14,11,6,5,3,4,2,2,0
"YDR264C",35,20.88,25,8,8,9,38,53,30.5,44,43,50
"YDR343C",61.08,74.67,104.5,408.12,290.5,326.75,45.17,57.5,47.92,59.42,54.08,56
"YDR373W",12,16,10,2,10,6,9,16,11,11,4,9
"YDR354W",14,10.5,9,1.33,3,1,12,12.5,9.83,11,14.83,12
"YDR246W",7,6,6,1,3,1,5,7,3,5,4,11.75
"YDR428C",8,9,14,1,0,1,8,8,10,5,7,12
"YDR157W",2,4,1,1,1,0.5,6.5,3.5,3,9,4,7
"YDR316W",5,14,21,7,10,6,7,14,8,9,17,11
"YDL142C",0,2,2,3,2,0,2,2,3,6,3,5
"YDR253C",1,2,5,3,1,2,6,3,3,3,2,2
"YDL112W",39,38,47,6,5,8,56,59,45,60,55,56
"YDR545W",4.03,4.19,3.65,1.62,1.76,1.99,3.61,6.75,4.07,4.94,6.31,5.36
"YDL187C",0.5,0,0,0,0,0,0,0,0,1,1.5,0
"YDL138W",9,11,10,8,3,7,6,8,6,13,11,13
"YDR528W",8,6,5,2,1,4,5,6,4,4,5,6
"YDR284C",12,14,15,16,7,10,7,12,10,13,11,7
"YDR050C",207,227.5,236,130,69,92,236.5,271,242,336,368,351
"YDL010W",1.5,3,3.5,0.5,1,1,4,7,3.5,6,1.5,5.5
"YDL065C",10,13,9,15,6,8,13,7,8,5,7,7
"YDR349C",36,39,35,20,16,17,32,32,27,26,30,42
"YDL098C",6,2,2,2,0,0.05,2,5,2,3,1,1
"YDL234C",39,31,48,300,250,228,24,33.5,27,20,19,31
"YDR118W",2,8,6,0,2,3,8,3,4.5,4,5.5,3
"YDR118W-A",0,0,0,1,0,0,0,0,0.5,0,0.5,0
"YDR159W",15.5,27,33,18,4,9,17,30,28,30,34,27
"YDR111C",4.5,1,4.5,3.5,4,4,8.5,3.5,1,6,7.5,3.27
"YDR128W",28,37,35,30,20,25,25.07,31.5,31.07,33,29,31
"YDL034W",1.5,1,1.5,4.5,1.5,4,2.5,1.5,0.5,0.5,2,1.5
"YDR065W",6,2,7,3.17,1,4,4,6,3,2,7,4
"YDL004W",12,14,17,12,13,9,10,8,20,13,15,13
"YDR024W",1,2,2.5,0,0,0,2,4,0,1,1,1
"YDL171C",272,289.5,294.5,90,89,57,206,239.5,206,174,219,192
"YDR083W",23,20,22,1,4,1,16,23,19,13,36,25
"YDR457W",139,128,121,47,43,26.5,135,163.5,124,130.67,176.5,158.25
"YDR014W",3,6.12,7.18,5,4,0,2,5,4,6.06,4.75,3.5
"YDR206W",24,15,26,9,8,7,27,31,14,25,32,26
"YDR478W",8,4,4,3,3,2,3,4,5,2,5,5
"YDR169C",12,13.42,11.39,10.5,8.75,5.5,16.17,19,17.07,13.5,14,16.12
"YDR115W",7,7,6,1,1,2,4,4,2,5,11,4
"YDL159W-A",0,0,0,1,0,0,0,0,0,1,0,0
"YDL232W",1,1,4,2,0,0,2,2,0,1,3,1
"YDL240C-A",1,0,0,0,0,1,0,0,0,0,0,0
"tE(CUC)D",26.21,29.75,23.38,18.5,16.84,9.58,20.46,18.67,13.04,20.67,21.42,33.25
"YDL152W",2,0.83,3,0.5,0.5,0,2.5,2,2,1.5,2.5,3
"YDR432W",27.5,41,38.5,25,16.5,14,61,63.5,44,66,71.5,71
"YDL022C-A",0,0,1.5,0.5,0,1,0,0,0,0,0,1
"YDL114W-A",1,0.5,0,0,1,0,0,0,0.5,0,0.5,0.5
"YDR410C",6.17,4,6,0,1,0,2,6,3,10,11,7
"YDR464C-A",0,2,0,1.5,0.5,0,2,0.5,1,0.5,1.5,1.5
"YDL072C",15,18,18,26,12,11,13,23,14,24,18,13
"YDR053W",3,1.5,2,1,0.5,0,3,1,1.5,1.5,3,3.5
"YDL012C",0,3,1,3,1,1,3,3,8,3,4,5
"YDR482C",3.08,1,1,0,1,0,2,3,2.08,4.25,4,5
"YDL070W",9.25,18.5,17,7,5,2,31,44,30,30,39,28.5
"YDR064W",189,222,184,17,7,10,206,230,189,254.5,235.5,301
"YDL135C",10,14,13,2,1,2,14.75,24,15,20,22,27
"YDL077C",15,14,20,10,8,13,21,25,16,15,19,24.5
"YDR354C-A",1,0.5,1,0,0,0,1,0.5,0.5,0.5,1.5,1
"YDL033C",10,4.5,5.5,2.5,1,1.5,4,4,8,8,9.5,6
"YDL031W",53.25,58,51,9,8,6,45,68,51,48,63,61
"YDR398W",38,47,34,4,2,5.11,35,50,28,44,51,66
"YDR326C",38,60,58,44,33,35,61,75,53,45,85,74
"YDL052C",12,12,16,11,3,4,20,12,12,21,27,17
"YDR536W",0,2,2,6,3,2,1,4,2,1,1,1
"YDR397C",4.5,4,4.5,1.5,0.5,1.33,2,2,2.5,3.5,5.5,3
"YDL116W",15,22,16.25,6,6,6,24,37,22,16,32,25
"YDR028C",65,58,55,101,64,72.5,55,72,60,68,63,67
"YDL007W",22,42,33,18,8,8,44,40,34,36,47,33
"YDR236C",4,3,7,4,1,0,4,6,3,6,5,6
"YDR011W",88.75,63,84,36,31,22,95,117,76,91.5,107,80
"YDR155C",134.5,121.5,140.5,35,23.5,27.5,127,142,118,139,168,158
"YDR414C",4,1,8,1,1,0,5,9,3,3,11,5.04
"YDR026C",13.25,22,16.12,6,3,9,19,19,9,12,24,19
"YDL073W",18,25,13,9,9,3,19,20,24,24,27,19
"tY(GUA)D",0.38,1.64,0.96,1.46,1.29,2.12,0.38,0.25,0.88,1.58,0.75,0.96
"YDL115C",4,9.5,14,4,3,3,10,7,9.5,7,5.5,5.5
"YDL145C",131,118,122,34,26,16,117.1,140.08,103.12,142.1,176,132.5
"YDR203W",0,1.5,0.5,1.5,1.5,3,0.5,1.5,0.5,0,1,0.5
"YDL104C",2,7,8,2,0,0,4,4,3.5,2,3,4
"YDL149W",4,10,8,13,2,6,9,8,10,5,4,6
"YDR231C",1,1.5,4.5,2,2,1.5,3,2.5,1.5,3,3.5,4
"YDR045C",4,6,4,0,0,2,6,4,6,6,6,6
"YDL075W",160,160.5,177.17,12,16,10,187.75,173,164,184,188.75,205.5
"YDR415C",6,13,10,2,3,1,9,10,7,3,7,6
"YDR339C",11,10,11,4,0,1,12,17,13,12,15,15
"YDL213C",16,12,16,3,4,1,17,18,13,10,20,19
"YDR096W",16,26,14,11.25,6,10,17,19,10,8.06,11,22
"YDL019C",28,38,23.67,29,15,26,41,48,33,37,49,54
"YDL022W",33,35.5,43,45.5,34,40.5,45,33.5,31.5,19,23.5,31
"YDR413C",7,4.5,6,0.5,2,1,10,9.5,5.5,8,7,8
"YDR391C",9,8,5,16,13,13,7,10,6,4,2,8
"YDR091C",50.17,54,48,3,9,0,49,58.25,44,58,84,59
"YDR240C",5,3,9.5,3,4,2,9,7,6,4,6,6
"YDL244W",0.58,2.08,1.08,2.58,4.33,1.75,0.25,0,0,0.33,0,1.25
"YDR179C",0,1,4,0,0,0,3,1,0,4,3,2
"YDL165W",7,5,2,3,1,0,4,12,7,5,14,9
"YDL140C",204.5,223,220,60,41.5,52,205.75,232,198,191,255.33,239
"YDR120C",22,15,30,5,3,5,40,27,22,36,47,43
"YDR003W",2,2,5,5,1,3,4,5,7,4,0,5
"YDR499W",12,5,5,5,2,0,3,11,8,3,7,10
"YDR166C",11,14,16,9,5.08,5,21,29,20,11,22,25
"YDL092W",8,15,13.5,2,0,1,4,7,5,7,7,12
"YDL041W",2.5,2.5,1,1,0,0.5,2.5,1.5,1,0.5,2,1.5
"YDL241W",5,5,4,0,2,0,3,3,5,1,1,1
"YDL082W",91,73,102.5,9,7,5.5,113.5,97,109.5,101.9,120,114
"YDR277C",11,11,16,21,13,10,4,3,4,3.25,2,3
"YDR291W",12.38,16,17,10.25,1.5,2,7,23.5,17,25.17,17.78,24
"YDR475C",14,15,10,23,17,16,9,14,12,7,13,14
"YDR244W",12,4,16,7,4,6,6,4,10,11,14,5.25
"YDR407C",24,23,22,8,7,3,21,30.25,28,32,28.5,24
"YDR382W",142,129,133,17,11,12,134.5,153.5,113,141,157,172
"YDR102C",1,0,1,0,0,0,0,0,0,0.17,0,0
"YDL188C",16,22.5,11.5,12,7.5,6.5,11.5,22,13,17,15.5,19
"YDR405W",7,8,15,6,5,1,5,5,8,6,9,14
"YDR443C",33.5,25.5,30.5,30.25,18.5,12,24,21.5,28.5,20,32.5,19
"YDR059C",2,4,1,2,3,4,5,1,3,3,4,3
"YDR144C",25,20,27,4,1,5,34,41,21,25,35,45
"YDL157C",8,6,6,3,2,3,5,6,5,9,10,11
"YDL058W",43,49,48,23,14,16,50,66,51,55.5,53,52.75
"YDL096C",2,3,3,0.5,1,0.5,4,3.5,3.5,2,4.5,4
"YDL155W",5,6,9,0,3,1,13,9,11,13,15,11
"YDR147W",9,5,5,3,3,1,11,7.08,3,5,9,10
"YDL191W",107.5,104.17,100.5,15,11,7,110.5,143,86.75,134.5,154,130.5
"YDL128W",14,12,17,7,13,3,11,22,14,27,24,22
"YDR310C",36,31,32,9,13.08,14,56,56.33,32,42.5,51.22,56.21
"YDL160C-A",1,2,1,0,0,2,0,1,0,0,1,3
"YDR127W",169.08,155,139,46,34.08,25,133,172,134,134.5,144.5,167.5
"YDR497C",133,105,148.5,168,124,136.5,110,131.5,97,66,84,113.17
"YDL162C",0,0,0,0,0,0,0,0,0,1,0,0
"tS(AGA)D3",0,0,0,0,0,0,0,0,0,0,0,0
"YDR201W",5,2,4,1,1,1,3,3,2,4,5,4
"YDR163W",5,5,2,4,4,4,4,4,3,3,5,6
"YDL146W",7,5.75,7,14,6,13,7,8,5,5,6,8
"YDR363W-A",10,7,9,1,1,1,8,8,8,9,11,9
"YDL221W",4.5,1.5,0.5,0,0.5,1.5,1.5,3.5,1,0.5,2,1.5
"YDL089W",6,6.33,6,4,3,4,14,3,8,7,8,10
"YDR385W",672.08,677,701.5,66,63,50.06,660.5,791,619.5,661.33,863.5,799.83
"YDR331W",12,8,17,2,6,2,8,22,5,15,15,11
"YDR196C",9,8,4,2,5,5,6,7,2,9,5,7
"YDR116C",8,8.5,14,3,1,0,15,7,6.5,8,10,7
"YDR001C",62,69.5,82.75,119,99,91,69,65,57,46,65,74
"YDL230W",7,11,3,7,3,5,6,7,5,3,5,5
"YDR160W",8.06,9,6,12,3.08,14,10,10,14,13,12.12,15
"YDR123C",7,4,7,3,1,0,7,8,6,3,3,14
"YDR322W",16,13,13,6,3,8,13,12,14,9,9,10
"YDR040C",37.83,33.17,29.33,29.67,19.5,21.67,36.67,39.5,35.83,36.83,43.12,44
"YDR025W",134.5,123.5,140,14.5,11,12,156.6,153.5,128,141,203.5,161.5
"YDR046C",16.08,15.25,21,8,6.08,6,25,24,16,17,21,15
"YDL057W",4,3,2,6,4.5,4,1,7,0,0,1,3
"YDL248W",10.37,7.78,8.07,12.69,7.97,7.42,1.66,6.88,5.7,4.18,5.84,7.39
"YDR008C",2.5,0.5,1,3.5,2,0.5,0,1,0.5,1,1,0.5
"YDR029W",8,5,5,5,2,3,8,3,2,5,2,3
"YDR485C",8,15,15,7,8,3,6,17,14,16,13,13
"YDR408C",5,7,11,6,7,4.5,5,8,3,8,11,9
"YDR038C",36.83,33.67,31.33,21.67,13,17.67,36.67,35.5,36.33,36.83,39.12,39
"YDL204W",5,6,5,262.5,172,186,5,6,1,9,11,8
"YDR019C",3,10,13,53,38,32,9,8,7,10,14,22
"YDR477W",20,23,35,7,4,4,21,22,21,29,27,29
"YDR254W",4,1,5,2,2,5,1,1,4,0,7,7.25
"YDR514C",5,10,17,3,0,3,9,17,6,8,8,11
"YDR296W",2,6,7,5,1,1,4,4,5,7,11,7
"YDL216C",5,2,3,5,4,6,1,4,2,4,2,7
"YDL100C",56,47,61,10,9,9,50,53,57,41,53,48
"YDL068W",1,0,0.5,0.5,0,0,1,1,0,0.5,3,0.5
"YDL026W",1,2,0.5,1,1,2,0,2,0,0,1,1
"YDL124W",74,79,86.5,203,138,157,58,53,55,49,71,56.25
"YDL227C",2,0,2,2,1,0,14,13,14,15,17,13.5
"YDL111C",20,18,21,2,2,3,21,16,19,16,19,25
"YDR324C",42.25,52,60,6,1,1,39,53,47,57,65,57
"YDL170W",7,7,12,3,2,1,4,10,7,9,10,12
"YDR317W",1,4,5,3,0.25,3,1,4,1,5,3,4
"YDR436W",8,13,13,29,19,15,8,11,6,4,11,19
"YDR208W",31,29,24,17,13,11,21,38,40,29,47,34
"YDR386W",8,6,6,8,4,4,5,5,5,0.17,6,6
"YDR504C",2,2,3,1,2,1,1,1.5,3,4,1,1
"YDL220C",6.5,6.5,7.5,3,6.5,4.5,12.5,11.5,5,12.5,11.29,8.5
"YDR396W",5.5,8,5.5,1.5,2.5,1.33,3,8,3.5,5.5,9.5,6
"YDR258C",66,74,79.1,259,190.5,183,44,47,39,34,50,49
"YDR176W",12,8,12.06,7,6,4,19,18,12,15,16,17
"YDL099W",6,15,20,9,4,9,11,22,7,18,9,18
"YDR380W",14.09,15.05,18,10,8.28,6,11.06,12,10,17,11.12,12.29
"YDL110C",11,6,9,22,18,18,4,11,8,4,5,6
"YDR148C",18,21,24,38,28,32,19,23,18,19,18,18
"YDL201W",6,13,13,3,5,3,10,22,17.7,18,20,21
"YDL107W",4,6,4,5,3,6,2,7,2,4,6,3
"YDR515W",8,10,8,2.25,2,2,7,8,6,12,9,7
"YDR133C",24,18,16,37,23,26,28,17,17,26,40,37.5
"YDR378C",2,3,5,0,3,1,9,4,3,1,5,3
"YDR473C",10,14,7,6,6,5,6,7,6,7,6,14
"YDR403W",4,4,2,25,20,21,3,3,2,2,3,2
"YDR268W",5,6,6,4,3,5,2,7,6,6,9,6
"YDR409W",12,20.11,17,11.25,11,6,10,15,14,17,16,19
"YDR173C",4,2,7,0,2,2,5,1,3,4,2,3
"YDR187C",3.5,5.5,3.5,0.5,1,1,2,5.5,5,4,4.5,6.5
"YDR389W",26,36,31,25,14,10,21,31.17,32,32,32,28
"YDR417C",40.25,50.28,49.81,3.25,2.53,0.75,39.62,52.25,49.25,44,52.25,61.03
"YDR165W",28,20,20.05,4,3,2,25,30,19,34,30,23
"YDL113C",9,8,7,8,5,13,8,5,6,8,9,7
"YDR426C",1,1.5,1,1,1,0.5,0.5,1,2.5,1,0.5,0
"YDR521W",0.5,0,0,1,0,0,0.5,0,0,0,0,0.5
"YDR086C",18,13,23,0,0,2,21,24,18,19,18,21
"YDL021W",7,7,12,16,6,5,8,6,3,4,2,2
"YDR023W",98,105,101,16,16,11,95.25,92,90,97,121,87
"YDR394W",36,34,29,9,11,5,36.25,35.05,32,26.25,30,36
"YDR320C-A",4,4,5,4,0,2,6,6,4,5,8.5,5
"YDR003W-A",0,1,1,0,0,1,1,2,0,3,1,0
"YDR183W",5,1,4,1,1,1,6,4,6,1,4,3
"YDR245W",21,21,15,11,4,4,27,32,22,33,53,34
"YDR431W",0,0,0,0,0,0,0,0,0,0,0,0
"YDL154W",3,2,5,1,1,4,2,10,3,3,3,2
"YDL184C",51,59.5,70,9.5,3.5,8,44.5,44.5,33.75,63,65.75,63
"YDR153C",14,25,26,4,2,2,26,14,15,16,29,24
"YDR014W-A",0.5,0,1,0,1,3.5,0,0.5,0,0.5,0,1.5
"YDR434W",21,15,24,15,7,11,19,12,13,20,26,18.67
"YDL002C",5,11,5,2,1,2,3,2,1,9,6,11
"YDR225W",11,9.5,12,49.5,38.5,41,54.5,55.5,44.5,57.5,63,46.5
"YDR418W",93.25,107.78,117.81,5.25,4.03,3.25,110.12,121.25,105.25,116,140.75,125.53
"YDR224C",18,28,21,35,14,25,71,89,83.5,86,81,73
"YDR502C",66.5,69.5,60,89.5,70,76.5,60,82.5,49.5,44,49,49.5
"YDR447C",85.5,87.5,68.5,4,2,1.5,62,75,82,81.5,108,106.5
"YDL039C",122.67,105.25,104,10,10,8,132.5,137.67,105,103.5,145.96,157.5
"YDL225W",20,13,17,4,3,1,21,21,20,22,25,20
"YDR259C",4,7,9,7,5,6,3,3,1,1,2,2
"YDR495C",9,10,11,4,5,2,5,9,12,9,10,10
"YDL151C",4,5,4,2.5,0,1,5.5,5.5,4,5,6,5.5
"YDR357C",11,8,10,6,6,10,9,7,6,6,5,11
"YDR370C",10,7.33,7,1,0,2,12,13.25,9,8,10,11.08
"YDR298C",22,20,33,7,10,8,12,19,19,14,19,20
"YDR276C",16,11,19,9,7,9,20,11,14,14,11,13
"YDL185C-A",6,3,5,1.5,0.5,0.5,2.5,3.5,4.5,3.5,5.5,5.5
"YDR545C-A",0.47,0.52,0.21,0.21,0,0.21,0.74,0.5,0.43,0.39,0.33,0.62
"tM(CAU)D",1.2,1.2,2,2,0.6,0.6,0.8,0.8,0.2,2.2,2,1.6
"YDL247W",5,4,5.83,4.5,4,3,2.5,4,3.5,3.5,4,5.5
"YDR406W",15.5,16,15.75,55,41.5,32.5,7,22,18,21,32,23.5
"YDR273W",2,1,2,0,2,1,0,1,1,0,0,0
"YDR269C",0,0,0,0,0.5,1,1.5,0,0.5,0,0.5,0.5
"YDR453C",1,2,1,10,3,8,0,3,3,4,6,3
"YDR383C",3,0,4,1,0,0,4,4,2,2,7,1
"YDR375C",13,11,14,13,4,6,6,8,7,9,8,12
"YDL161W",18,11,17,7,4,6,23,18,21,16,14,24
"YDL051W",28.5,28,21,4,1,0,30.5,36,22,32,28.5,33
"YDR084C",5,8,7,2,0,2,7,2,3,8.06,9,5
"YDL056W",10,9,16,15,6,10,22,16,19,18,19.25,19
"YDR344C",0,1,1,0,0,0,1,0,0,0,1,2
"YDR320C",24,25,19,11,5,11,26,16,21,18,16,23
"YDR221W",16.17,6.33,20,8,2,3,20,14,14,11,12,18
"tI(AAU)D",0.17,0,0,0,0,0,0,0,0,0,0,0
"YDL032W",2,0.5,0.5,0.5,0,0.5,0,0,0,1,0.5,1
"YDR456W",9.5,11,15.5,3,10,2,18.5,27.5,19,14,27.5,14
"YDL036C",9,8,13,0,2,1,11,14,10,8,11,9
"tL(CAA)D",4,5.3,4.12,4.2,3.1,3.1,2.4,3.4,2.6,3,5.13,3.01
"YDL217C",4,4,7,1,1,2,2,7,5,11,9,4
"snR63",172,159.5,176,142,133,132,146,145,141,180,199,187
"YDR334W",22.04,29,20,18,15.04,11,28,55,44,40,51,38
"YDL049C",3,2,4,4,0,0,2,1,0,6,2,2
"YDL164C",8,12.5,14,16,9.5,5,16,11.5,14,20,12.25,14
"YDR384C",9,4,5,1,3,2,5,5,9,9,8,5
"YDR149C",3,2.5,3,0,1.5,0.5,1,4,4,5.5,4.5,5.5
"YDR093W",52.25,52.17,46.36,23.89,16.67,11.83,53.96,61.04,47,54.18,65.43,61.22
"YDR071C",32.5,27,27,12,3,5,27,23,20,21,22,18
"YDL143W",42,55,44,10,2,6,41,46,40,57,60,69
"YDR032C",34,23,27,21,7,10,18,27,21,20,41,39
"tR(UCU)D",0.25,0.5,0.27,0.25,0.25,0,0.12,0.1,0,0.22,0.47,0
"YDR063W",12,13,10,5,3,0,10,6,4,13,14,9
"YDL166C",8,7,3,2,1,0,6,13,10,8,8,8
"YDR004W",7,8,7,5,0,4,6,5,10,16,8,8
"YDR151C",3,6,10,12,10,8,8,6,6,13,13,12
"YDR037W",197,183.5,162.5,35,12,19,180,188.5,129,168,224,207.83
"YDL175C",10,4,4,1,3,0,8,5,1,5,7,7
"YDR286C",1,3,2,1,1,1,2,0,0,4,6,0
"YDR172W",123,101,102,21,22,18,116,113,78.5,114.5,157,126.5
"YDL174C",32,37,24,57,46,35,20,24,19,24,23,21
"YDR080W",11,11,15,9,4,4,18,15.08,14,8,15,19
"YDR503C",5,3,1,2,5,2,6,13,4,3,4,4
"YDR069C",16,8,8,19,18,22,13,14,6,8,10,10
"YDR047W",13,14,17,6,5,3,17,17,17,11,16,20
"YDR215C",0,1,0,0,3,2,0,0,1,2,1,0
"YDR267C",5,6,5.25,1,1,2,6,7,11,6.25,12,13
"YDR142C",4,6,3,7,3,4,6,3,4,8,2,6
"YDL212W",26,21,21,28,19,13,18,46,22,35,18,27
"YDR249C",9,5,3,5,4,2,2,4,3,7,7,8
"YDL209C",6,3,7,1,3,0,1,4,6,6,4,5
"YDR044W",18,23,29,36,25,35,7,16,13,13,15,12
"tK(UUU)D",1.9,3.9,2.76,3,2.17,1.71,2.74,3.57,1.29,3.99,4.36,2.6
"YDR311W",11,12,15,18,13.12,3,14,26,12,17,22,10
"YDL159C-B",0,0,0.5,0,0,0.5,0.5,0,0.5,0.5,0.5,0.5
"YDR222W",2,7,6,3,2,4,8,11,3,4,3,4
"YDR510C-A",10,14.5,8.5,3,2.5,5,7,5,7.5,7.5,10.5,13.25
"YDR401W",0.5,0.5,1,1,0.5,0,0,0.5,1,0,0.5,0.5
"YDR207C",6,16,8.05,5,1,5.22,8,16,10,11.05,19.1,13
"YDL005C",12,15,13,14.5,16,10,12,10,11,8,12,8
"YDR295C",8,14,4,6,8,5,7,11,9,16,16,10
"YDR543C",0,0,0,0.12,0,0,0,0,0,0,0,0
"YDL208W",35,21,27,6,3,4,27.33,30,21,36,37.29,49
"YDR135C",129.07,99,94.07,56,24,34,104,113,84,102,119,126
"YDL114W",1,1,0,1,0,1,0,0,0,0,0,0
"YDR247W",4,8,4,7,3,4,3.5,3,4,5,1.25,3.25
"YDL197C",5,6.5,4,6,2,2,11,6,7,8,13,4
"YDR229W",4,4,9,6,1,1,6,10,11,4,5,5
"YDR095C",0,1.5,0,0,0.33,0.5,1.33,0,0.5,0,1.33,0.67
"YDR027C",17,17,11,7,5,7,15,17,16,17,21,15.17
"YDL106C",6,8,10,15,5,7,8,15,7,11,5,3
"YDR404C",6,11,7,2,1,4,7,6,14,10,13,12
"YDR256C",3,4,2,15,15,5,4,3,4,3,5,2
"YDR518W",22,18,11,10,4,15,20,17,18,11,16,11
"YDR055W",104,121,130,226,177,149,120,115,98,73.5,93,77
"YDL087C",3,6,6,2,3,4,0,1,4,6,3,5
"YDR177W",15,15,6,2,2,2,17,15,17,12,13,18
"YDL014W",85,81,68,13,3,11,74,106,79,112,120,124
"YDR289C",7.5,7,9,2.5,10,1,4,5.5,5,8,6.5,0
"YDL159W",6.5,2.5,3,9.5,6,6,5,4.25,4.6,6,11.5,5.5
"YDR532C",1,4,4,5,4,11,1,3,2,5,5,4
"YDR137W",11,12,11,9,4,5,13,7,10,8,9,19
"YDL153C",30,34.83,40,13.5,10.5,12,39,46,37,45.5,36.5,36
"YDR393W",5,5,7,0,6,2,8,2,4,8,7,8
"YDR506C",6,2,8,1,1,1,6,4,1,5,4,1
"YDL219W",6,6,10,1,0,1,7,18,8,10,9,9
"YDL090C",3,1,4,1,2,2,3,4,5,4,4,9
"YDR033W",89,94,103,5,7,10,170,193,144,159,206,167.75
"YDR035W",37,33,43,19,18,20,34,30,21,36,42,40
"YDR332W",8,13,8,6,4,7,14,5,10,8,8,8
"YDR510W",14,19.5,27.5,4,2.5,9,18,20,19.5,20.5,27.5,24.5
"YDL055C",103,118,111,68,51.75,46,190,224,205.5,239,321,267
"YDR480W",2,1,2,3,1,1,4,6,2,6,5,4
"YDL103C",17,19,11,4,6,2,22,24,14,18,16,22
"YDL085C-A",3,4,4,1,1,0,1,6,2,4,3,4
"YDR350C",8,18,15,12,10,14,16,16,8,9,13,9
"YDR342C",80.08,93.67,114.5,407.62,296.5,339,60.17,73.5,58.92,74.42,66.08,68
"YDR087C",14,25,18,3,1,2,14,13.58,12,29,33,30
"YDL236W",19,16,20,0,3,2,13,22,16,21,22,17
"YDR012W",249.5,251.5,221.33,33.5,20,19.5,272.5,274.83,242,227.17,338.5,296
"YDL121C",10,7,15,2,0,0,11,10,6,8.5,10,9
"YDR525W-A",3,7,5,1,0,1,3,2,0,2,3,1
"tG(GCC)D2",0,0,1,0,0,0,0,0,0,0,1,1
"YDL190C",23,32,40,13,14,11,32,25,35,33,39,48
"YDL047W",13,16,24,11,10,10,30,23,29,18,24,20
"YDR099W",74.5,76.5,79.11,52.17,33,31,61,65,53.5,67.5,70,55
"YDR092W",6,5,13,3,0,0,17,7,7,8,9,7
"YDR164C",13.17,13.4,16.06,5.33,2.12,3.06,18.06,14.08,10.56,20,15,24.06
"YDR058C",1,1,4,3,3,0,1,1,3,7,1,2
"YDL020C",7,12,19,77,65,48,14,18,12,15.25,16,24
"YDL025C",13.75,14.5,6.5,25,18.5,19.5,3.5,9,9,15,7,7.5
"YDR374C",1,0,2.25,4,7,4,1,0,0,0.25,0,0
"YDL207W",10,8,14,6,5,4,16,12,7,17,17,18
"YDR270W",7.5,7,3.5,11,11.5,11.5,14.5,10.5,4,10,7.67,7.67
"YDR152W",24,9,22,6,6,9,15,22,15,19,21,17
"YDL148C",34,43,31,6,6,5,30,40,33.12,42.1,62,45
"tI(UAU)D",14.5,23.5,15.5,21.5,15.83,17.5,32,42.5,25.33,37,40.5,47
"YDR379C-A",1,1,2,1,2,3,1,3,1,0,2,0
"YDR218C",2,0,3,5,1,1,1,2,2,2,2,2
"YDL018C",5,3,3,1,0,2,4,8.5,7,5,6,8
"YDR507C",27,12,25.25,32,35,22.8,47.17,63,46,35.25,36,51
"YDL003W",4,7,6,5,1,0,32,29.5,17,22,28,17
"YDR524C-B",58,52,61,33,22,22,60,84,63,99,113.9,88
"YDR371W",15,13,8,7,3,4,5,13.5,10.5,14.17,11,7
"YDR359C",34,29.5,30,24.5,27,12,25.5,42.5,28,38,36.05,37.5
"YDL180W",10,7,7,4,7,7,8,10,3.1,7,8,5
"YDL133W",8,14,8,11,12,3,13,11,17,13,11,11
"YDR335W",43,49,50,37,16,26,49,43,48,49,66,68
"YDR351W",23,15,22.5,15,6,12.06,29,32,30,23,34.25,27
"YDL150W",17,12,15,5.5,5,8,13.5,23.5,9,22,20,23.5
"YDL177C",3,0,3,2,0,1,3,1,0,3,1,4
"YDR171W",25,25,17,266,160,176,14,26,15,13,15,16
"YDR364C",10,7,13,7,6,6,10,9,12,11,14,16.5
"YDR309C",14,12,7,3,3,2,12,18,10,11,16,10
"YDL239C",5,6,2,6,1,0,4,3,2,6,1,2
"YDL228C",121.39,93.17,101.5,16.75,11.75,8,101.33,132.33,87.25,114.6,132.5,125.5
"YDL156W",3,4,7,1,3,2,7,4,3,1,2,7
"YDL016C",3.5,5.5,4.5,1,1.5,1.5,4,4,1,5.5,7.5,7
"tX(XXX)D",1.25,1.38,1.33,1.25,0.5,0.25,1.62,1.95,0.5,3.71,1.25,1.25
"YDR524W-C",48,35,48.5,15,15,18,68,78,48,71,74,61
"YDL085W",3,3,2,21,13,12,3.25,1,1,1,0,2
"YDR300C",17,18.09,17.07,4,3.04,5,13,15,15,16,10,15.04
"YDL168W",15,19,19,20,15,23,26,11,19,21,26,20
"YDR360W",0,2.5,4,1.5,2,1,2.5,0.5,5,1,2.05,1.5
"YDR195W",15,9,18,8,3,10,9,12,13,12,14,12.12
"YDR321W",19,22,23,5,4,3,19.5,29,20,29,32,29
"YDR237W",12,8,7,3,2,4,7,10,10,12,13,18
"YDL127W",4,5,3,0,0,2,6,6,5,3,6,8
"YDR107C",8,5,8,5,2,5,9,13,10,9,10,11
"YDR472W",7,6,7,2,4,4,9,8,14,8,5,12
"YDL030W",6,10,6.5,6,2,1,5.17,11,5,10,6,10
"YDR468C",11,10,13,3.33,10,6,12,10,7.33,9,9.33,8
"YDL084W",77,67,65,16,12,3,80,95,68,96,136.5,102
"YDL203C",8,7,6.5,4,6,8,12,17,8,14,14,18
"YDL025W-A",0.5,1.5,1.5,1,1.5,1.5,0.5,0,1,0,0,0.5
"YDR285W",8,6,13.33,3,7,3,5,2,3,4,5,5
"YDL229W",437.39,415.67,413.33,63,54.75,45.83,419.08,494.08,360.5,428.1,556.5,524
"YDR329C",5,10,14,5,11,8,10,8,9,5,10,4
"YDR034C",11,16,15,7,6,11,17,19,5,16,22,27
"YDR009W",8,8,1.17,3,3,3,1,3,1,6,3,5
"tS(AGA)D2",2.2,2.9,2.31,1.6,1.4,0.9,3.51,1.12,2.1,1,1.1,1.8
"YDR488C",4,5,7,1,0,0,6,6,5,5,5,8
"YDR103W",21,19,15,9,6,5,22,18,25,20,19,22
"YDR336W",3,3,6,2,0,0,5,5,5,5,10,5
"YDL101C",3,1,3,2,6,9,10,9,11,6,8,6
"YDR162C",2,5,10,5,2,3,2,12,6,8,6,9
"YDR312W",17,18.5,19,0,5.25,7.5,23.5,21.5,6,13,17.5,13.5
"YDL061C",50,43,41,2,4,5,39.5,56,40,39,58,45
"YDL040C",38,36,47,17,11.25,8,52,49.5,42,42,46,49
"YDR145W",22,18,24.33,12,12,7,19,20,12,35,26,20
"YDR124W",1,2,5,4,8,7,2,4,3,4,3,6
"YDL231C",31.5,23.17,22,6,6,7,19.33,37.17,25.5,16,21,30
"YDR190C",34,34,30,5,6,4,30,53,38,29,44,39
"YDL064W",12,6,5,3,2,5,10,15,13,7,9,11
"YDR463W",16,19,13,11,10,7,12,18,16,25,22,18
"YDR491C",0.5,0.5,0,0,0.5,0,0.5,2,0,1,0.5,3
"YDR449C",12,11,14,6,6,0,17,21,11,15,26,24
"YDL035C",24.5,17.12,31,47.5,42.5,28,22.6,24.58,29.5,26.5,32.5,28.67
"YDR074W",27,40,50.06,80,69,53,40,53,43,39,52,35
"YDR525W",0,0,0,0,1,0,0,0,0,0,0,0
"YDR257C",17,12,11,2,4,2,12,13,13,12,19,9
"YDR402C",2.5,2.5,2,2,2.5,4,0,1.5,1,1,4.5,0.5
"YDR450W",153.5,140,157.5,7,9,9,166.5,184,170,219,197,200.83
"YDR376W",13.67,13.67,16.33,4,4.67,9,10,18.33,10,9.67,11.33,14.67
"YDR161W",15,26,13,2,2,6,14,22,18,12,19,16
"YDR090C",3,8,2.06,2,2,1,4,5.08,6,3,5,9
"YDR189W",18,23.5,24,3.1,10,1,24,38,17,27,28,34
"YDR524C",14,18,13,12,5,3,10,19,15,16,17,22
"YDL237W",20,17,18,8,8,1,21.5,21,14,18,20,10
"YDR188W",33.5,33.5,54.5,12.5,3,11,53,48.5,51,56,67.5,66
"YDL133C-A",76.5,89.5,100,18.5,10.5,12,76.5,80.33,65.75,95,98.75,88
"YDR531W",13,13,9,9,1,4,17,6,10,12,11,9
"tG(GCC)D1",0,0,1,0,0,0,0.5,0,0,0,0,0
"YDR226W",53,59,72,20,11,8,49,65,55,69,92,90
"YDL054C",12,5,4,3,1,3,6,11,9,11,9,7
"YDL205C",32,17,24,1,5,5,26,19,19,35,23,30
"YDR537C",3,1,2,0.5,0,1,0.5,1,1,2,2,2
"YDR496C",57,50,71,4,4,4,40,73,46,49,81,78
"YDR313C",2,4,4,6,3,4,5,5,1,5,6,4.5
"YDL108W",6,8,5,2,0,2,5,7,6,4,3,4
"tV(CAC)D",7.5,6,6.33,7.17,5.67,6.17,4.83,5.5,2.5,5,3.5,6
"YDR340W",0.75,0.88,0.75,0.25,0.25,1,0.62,0.5,0.5,0.96,1.34,0.75
"YDL147W",43,27.75,45.5,24,19,22,35,40,31,47,43,36
"YDL081C",94,90.75,92,11,8,6,104,131,78,126,135.75,121
"YDR283C",25,31,34,25,21,14,25,33,36,22,27,30
"YDR261C",36,29,33,39,36,36,35,40,31,26,33,44
"YDL211C",3,0,0,4,2,4,3,2,4,3,10,4
"YDL074C",14.25,20,19,10,4,4,24,27,26,19,30,23
"YDL091C",5,8,4,13.5,4,9,11,8,3,6,3,3
"YDR346C",40,39,50,60,50,50,62,52,49,49,69.42,57
"YDR072C",33,19,25,7,8,8,26,35,33,32,29,29
"YDR242W",8,13,7,27,20,21,8,7,11,10,9,9
"YDR323C",0,6,0,0,2,2,2,5.25,2,4,3,1
"YDR486C",8,4,13,5,7,6,7,10,5,13,13,4
"YDR420W",86,83.5,85,31,32,37.06,83,86.14,90,83,125,110
"YDL122W",65,76,58,10,8,16,53,59,53,59,78,60
"YDR390C",11,18,21,8,6,6,20,15,16,17,22,23
"YDR481C",49,52,48,44,30,32,43,39,36,30,31,27
"YDR318W",6,2,8,6,2,3,3,6,6,3,5,4
"YDL105W",2,4,3,7,0,1,4,3.75,3,3,5,4
"YDL141W",13,13,8,1,1,0.5,18.1,13.58,13.62,15.6,13,21
"YDR400W",8,12,7,1,2,5,12,15,10,12,18,20
"YDR522C",0,2,0,4,4,2,1,0,1,2,1,0
"YDL173W",4.5,6,12,3.5,4,2,11.5,7.5,7.5,6,13.5,9.5
"YDR279W",6,8,2,0,4,1,6,10,10,7,6,7
"YDR281C",6,5,6,0,0,0,0,5,4.07,1,5,6
"YDR213W",9,7,5.5,11,8,7,8,19,11,13,12,10
"YDR179W-A",7,3,4,3,1,2,7,5,5,4,6,4
"YDR330W",14,11,9,6,4,7,14,12,17,9,11,14
"YDR106W",1,1,0,2,0,0,0,1,0,1,0,1
"YDL178W",20.5,23,24,7,7,4,12,11,14,18,14,17
"YDR484W",4,5,9,3,1,7,3,6,8,8,3,4
"YDR308C",5,7,6,1,0,0,5,7,8,3,4,4
"YDL192W",48,55,55,10,9,8,54.08,48,37,54,66.5,58
"YDL202W",3,8,11,7,0,2,11,9,5,5,5,8
"YDR146C",4,7,7,3,4,8,24,19,15,16.05,12,22
"YDR241W",0,0,0,0,0,1,0,0,0.17,0,0,1
"YDL158C",3.5,1.5,2.5,3.5,1,0.5,1.5,0,2,4.5,0,2
"YDL185W",354,326,335,75.5,44.5,45.5,273.5,358.5,260.5,291.5,342.5,339.5
"YDR251W",38,26,41,23,14,26,25,39,35,39,36,30
"tL(UAA)D",3.29,0.14,0,0.43,0.43,0.86,0.14,2.64,0.14,0.29,0.43,0.14
"YDR192C",6.5,6,3,2.5,5,9,7.5,12.08,4,7,7.5,6
"YDR368W",22,12,16,8,3,4,13,21,11,15,13,12
"YDR494W",21,18,14,11,5,13,6,13,16,9,14,10
"YDR399W",38,29,48,22,20,17.33,32,37,21,43,58,43
"YDR070C",1,0,0,74,47,41.5,4,1,1,1,1,1
"YDR138W",15,13,15,6,6,4,26,14,13,13,19,10
"YDR031W",0,1,2,2,4,4,1,0,1,2,0,2
"YDR255C",5.07,5.06,3,10,8,4,7,6,9,8.12,11,11
"YDL060W",37,58,69,14,7,8,57,66,47,56.25,59,67
"YDR048C",0.5,0,0.5,0,0,0,0.5,1,0.5,1,0,0.5
"YDR067C",4,8,2,5,4,1,3,6,1,5,7,4
"YDR126W",4,5,1,4,4,4,2,4,1,4,3,1
"YDR315C",4.5,2.18,5.16,3.5,2.04,4.08,2,6.06,3,1,2,2.1
"YDL126C",182,197,175.75,161,119,135,160,185,151,141,209.75,181
"YDR262W",16,2,8,23,35,28,10,14,5,15,10,8
"tQ(UUG)D3",1.11,2.76,1.91,3.75,1.51,2.45,2.48,1.57,1.09,1.62,1.1,1
"YDR345C",163.58,181.67,208.5,190.5,191,162.42,107.67,141.5,112.42,98.42,120.83,129
"YDR079W",4,3,5,3,1,3,4,3,4,2,1,4
"YDR433W",5.5,7,8.5,2,3.5,3,14.5,14.5,9,11,13.5,10.5
"YDL144C",5,16,11,6,1,3,14.1,18.08,17.12,16.1,9,14
"YDR306C",5.25,8.15,8.15,4,2.5,1.08,7,2.06,7.07,5.5,5,5.65
"YDR292C",27,30,32,17,5,9,26,41,29,32,41,37
"YDL009C",1.5,1.5,5,1.5,1,0,0.5,6,0,5,3,3.5
"YDR290W",0.5,0,0,0,0,0,0,0.5,0,0,0.5,0
"YDR282C",6,2,6,1,1,1,2,4,2,3,5,4
"YDR170C",115.72,128.17,140.82,32.06,33.17,20.17,135.25,176,116.55,133.5,199.25,159.37
"YDR174W",10,14,14,6,5,4,17,27,24,32,30,33
"YDL218W",0,0,1,41,20,25,1,4,0,2,0,2
"YDL062W",2.5,3.5,1.5,0,0.5,0,6,2.5,3.5,4,4,3.5
"YDL048C",11,16,8,29,28,21,13,19,17,8,10,10
"YDR500C",64.5,86.5,66,10.5,5.5,3,72.5,81,68,65.75,71.5,75.5
"YDR112W",1.5,1,1.5,0.5,0,0,0.5,0.5,0,0,0.5,0
"YDR538W",4,1,5,1.5,1,2,4.5,3,2,3,3,2
"YDL011C",1,0.5,0.5,0,0,0,0.5,2,1.5,1,0.5,1
"YDR355C",0,0.5,0,0,0,0,0,0.5,0.25,1,1.5,1.5
"YDR301W",21,16,20,9,9,9,24,21,19,18,22,25
"YDR412W",7,6.5,9,0.5,2,1,12,10.5,6.5,10,8,11
"YDR530C",3,2,3,3,1,3,4,6,4,3,3,4
"YDR227W",18,18,23,14,8,6,24,31,16,27,23,37
"YDR041W",3,8,10,3,0,1,5,5,5,10,7,9
"YDR015C",0.5,0,0,0,0,0.5,0,0.5,0,0.5,0,0.5
"YDL008W",3,5,4,1,1,0,5,6,3,9,4,8
"YDR234W",43,39,44,27,11,23,30.25,54,35,27,43,37
"YDR511W",8,6,2,6,0,2,2,2,2,8,2,3
"YDR519W",12,10,15,4,2,2,12,11,11,8,12,5
"YDL086C-A",7,9,8.5,5,1,1.5,7,11.5,7.5,9.5,5,8.5
"YDR250C",0,1,0,1,0,1,0,0,0,0,0,0
"YDR465C",26,25,28,6,2,4,21,31,15,22,26,27
"YDL001W",3,10,5,2,0,7,4,5,2,6,4,7
"YDR454C",38,30,32,3,8,5,30,43,28,30,35,43
"YDR013W",5,0,4,2,0,0,4,3,2,1,5,2
"YDR076W",1,4,1,4,4,4,1,6,2,5,6,3
"YDL095W",81,75,74,14.5,17,14.5,98.5,140,100.5,80,112.79,99
"YDL007C-A",0,0,0,0,0,0,0,0,0,0,0,1
"YDL130W",75,80,81,0,2.5,2,82,110,88.5,108.5,94,101.5
"YDR100W",6,0,7,1,1,0,2,7,4,7,9,4
"YDR479C",12,7,10,10,7,9,5,9,9,6,6,6
"tS(AGA)D1",2.2,1.9,2.31,1.6,1.4,0.9,1.51,1,1.1,1,1.1,0.8
"YDL117W",36,35,33,55,29,38,29,34,35,38,39,27.33
"YDR140W",9,11,10,3,1,0,9,8,7,4,5,5
"YDR381W",17,27,20,18,19,24,36,40,26,45,43,42.42
"tQ(UUG)D2",1.11,1.43,0.41,1.25,1.01,0.95,0.98,0.57,0.25,0.12,0.6,0
"YDR327W",6,7.5,10,2,3.5,2,8,7.5,11.5,8.5,12,7
"YDR062W",41,50,45.83,16,12,10,41,58,45,28,59,55
"YDR143C",29,28,29,8,7,4,17.5,13,23,19,17,36
"YDL172C",3.5,5,6,0.5,1,1,4.5,3.5,3.5,3,4.5,2.5
"YDL053C",16,8,22,3,4,5,6,3,14,11,13,13
"YDR223W",6,3,11,8,4,5,1,4,1.12,4,6,8
"YDL037C",57.75,45.25,47,9,5,0,70.5,82,55.5,71,79.5,78
"YDL167C",20,22.5,28,1,4,2,27,35,27,32,48,45.5
"YDR246W-A",0,0,0,0,0,1,0,0,1,0,0,1
"YDR371C-A",0,1,0,0,0,0,0,0.5,0.5,0,1,0
"YDR517W",11,11,17,10,7,3,10,20,11,5,12,18
"YDL226C",14,16,17,1,3,2,22,10,13,19,22,12
"YDR467C",1.5,1.5,0.5,2,1,1,2.5,3,3,1.5,3,3
"YDL134C",26,16,20.5,45,36.5,41.5,20.5,14,24,25,24.5,32
"YDR117C",11.67,16,10,5,1,4,10,11,14,9,14,13
"YDR314C",10,11,8,3,4,3,6,2,9,9,8,7
"YDR440W",2,11,4,4,7,1,11,12,15,8,5,9
"YDR303C",9.17,8,18,0,2,5,21,28,30,21,16,22
"YDL078C",17,17,23,20,12,13,19,20,20,23,19,19
"YDL238C",4,5,4,4,3,2,5,4,3.5,3,5,3
"YDR529C",21,28,20,19,13,17,22,26,14,13,22,14
"YDR437W",0,1,0,1,1,1,0,1,2,2,0,1
"snR47",54,61,71.56,92,55,88.5,45,57,35,65,54,65
"YDL196W",0,0,0,0,0,0,0,3,0,0,1,0
"YDR452W",26,24,27,14,13,10,41,30,29,30,32,24
"YDR445C",1.5,0,0,0.5,0.5,1,0.5,3,0.5,0,1,1
"YDR347W",22,13,16,6,3,6,13,20,14,16,17,20
"tQ(UUG)D1",1.11,1.43,0.41,1.25,0.96,0.95,0.98,0.57,0.25,0.12,0.27,0
"YDR490C",10,25.5,13,16.83,10,14,12,13,15.33,10.5,17.33,12
"YDR516C",21,20,21,167,108,124,15,26,15,15,22,17
"YDR509W",4,4,4,1,2,1,2,7,5,4.5,7,4.5
"YDL193W",16,11,9,11,9,4,10,6,6,9,7,11
"YDL137W",21,19.25,26,5,5,5,25.21,27.67,18,25.5,27.5,22
"YDL118W",1,1.5,2.5,1,0.5,1,0,0.5,0.5,0,1.5,1.5
"YDR235W",7,7,2,0,0,1,5,10,8,8,10,11
"YDR233C",119,82.5,119.5,15,17,13,106,111,104,110.5,109,115.62
"YDR388W",35,34,33,11,8,12.06,27,37,31,31,44,33
"YDR209C",4,6.42,8.5,4.5,4,2,5.5,10,11.5,10,5.5,7.5
"YDR049W",7.5,10,11.5,4,2,5,11.5,25,14.5,10,18,14.5
"YDL194W",4.11,4,10,12,9,7,2,2,9,5,4,2
"YDR021W",5,6,9,9,3,1,11,13,7,8,15,12
"YDR353W",41,45,40,10,5,3,50,56,53,57,51,40
"YDR051C",10,7,11,6,7,4,4,10,8,7,10,11
"YDR288W",5,7.17,5,2,2,2,7,4,7,2,5,9
"YDR141C",40,41,54,26.17,13,19,43,51.5,40,46,40,51
"YDR194C",52.08,57,42,16,12.08,17,54,42,32,38,71,68.1
"YDR424C",3,8,10,5,4,2,3,8,5,9,1,6
"YDR054C",21,27,22.17,15,12,7,31,28,20,23,26,27
"YDR122W",32,29,28,25,26,8,30,28,27,33,31,32
"YDR184C",15.5,17,16.5,5.5,2,5.5,14,18,9.5,18,29,12
"YDR183C-A",2.5,1.5,1.5,0.5,0,0.5,0,3,1.5,1,2,0
"YDL240W",12,6,12,2,4,3,13,17,13,16,14,11
"YDR056C",11,15,15,5,2,3,17,12,6,7,12,10
"YDR541C",11,13,12,3,0,1,6,8,8,1,6,7
"YDL042C",4.5,12.5,11,3,7,2.5,18.5,13.5,8,4.5,16,12.5
"YDR185C",1,0,4,3,0,2,4,5,2,4,3,2
"YDR328C",18,19.5,16.75,8,4.5,5,15,14.5,6.5,18.5,25,10
"YDR280W",18,12,7,4,5,3,13,17,14,14,17,15
"tV(UAC)D",1,2,1.5,1.5,2,0.5,2.5,1,1,2,1.5,1.5
"YDR098C",23,23,19,5,4,3,16,11,14,15,19,8
"YDR005C",16,10,11,6,4,1,15,6,9,9,10,9
"YDR423C",9,3,4,2,9,6,6,6,8,10,5,6
"YDR017C",31.25,42,35,11,8.5,9,27,39.25,19,31,46,43.75
"YDR419W",3,4,10,2.5,2,7,10,15,3,6,10,8
"YDR444W",5.5,8,10,7.5,2.5,3,9.5,8,8.5,5,9,12
"YDR341C",97,72,90,8,6,6.06,96,105,77,85,80,96
"YDR154C",107.5,99.5,124.5,30,19.5,17.5,101,116,100.5,99,141,135
"YDR464W",26,40.5,31,12.5,9.5,9,36,42.75,21,42.5,33.58,38.5
"YDR132C",4,7,4,2,4,2,6,4,8,10,3,6
"YDL210W",1,2,3,10,7,15,1.5,4,3,2,1,1
"YDR395W",70,48,66.17,21,17.5,12,52.5,80,80,77,102.5,98.5
"YDL222C",0,2,5,43,28,48,3,4,1,1,0,0
"YDR372C",14,22,37,7,21,13,25,31,18,27,30,29
"YDR325W",7.12,10,11,4,8,3,19.5,19,15,20,18,10
"YDR216W",38,37,39,97,69,68,17,14,22.05,17,24,25
"YDR082W",11,4,4,2,5,2,6,3,3,8,11,3
"YDL224C",25,21.25,21,5,8,7,18,19,16,25,24,29
"YDR498C",7,4,5,4,2,2,9,5,3,5,9,10
"YDR010C",1,2,0,0,0,0,0,0,0,0,1,0
"YDR006C",48,32,49,19,19,14,53,46,47,63,73,72
"YDR182W",14,19,17,9,5,8,20,26,22,17,10,14
"YDL102W",25,16,14.75,6,8,4,19,24,19,19,32,24
"YDL179W",3,5,2,12,3,10,9,15,8,9,19,9
"YDL067C",6,7,6,1,1,1,9,3,5,3,7,7
"YDR030C",4,10,2,4,5,10,1,3.25,2,1,2,5
"YDR020C",3,3,5,2,1,1,2,6,2,3,9,8
"YDR527W",18,9.5,15,11,3,5,10.5,28.5,9.5,14,15,22
"YDR333C",20,17,20,6,7,6,9,18,16,25,19,20
"YDL093W",13,5,11.38,12,3,1,13,25,11.25,14.5,8.88,11.5
"YDL043C",13,8,8,0,2,2,8,9,5,11,6,8
"YDR139C",4,7,5,3,3,0,5,6,3,11,6,3
"YDR322C-A",5,16,9,2,12,5,10,12,4,8,10,11
"YDL130W-A",3,9,4,8,9,7,6,8,4,1,7,2
"YDR210W",2,4.42,4.5,1.5,3,2,2.5,7,5.5,5,2.5,4.5
"YDR260C",4,1,2,2.4,0,3,6,3,4,4.06,7,7
"YDL017W",9.5,10.5,3.72,4,4.5,2.5,7.25,5,7,8.5,5.5,10.25
"YDR073W",3,3,3,5,1,5,4,7,2,10,5,4
"YDL069C",2,0,2.5,2.5,0,1,1,1,0,2.5,2,4.5
"YDR455C",0.5,1,1.5,0,1,1,1.5,0.5,0,1,1.5,1
"YDR461W",17,23.5,19,5,3,2,6,5,1,2,6,2
"YDR435C",5,5,5,5,5,1,3,1,3,2,4,5
"YDL063C",21.5,32.5,32.17,2,6.5,4,29,23.5,23.5,47,38,32.5
"YDR121W",11,2,2,0,1,2,8,5,5,8,7,2
"YDR178W",7,6,15,25,8.06,13,10,17,9,7,6,7.06
"YDL013W",17,11,7,20,7,10,9,20,11,11,7,10
"YDR534C",1,2,2,4,0,2,1,2,0,1,1,0
"YDR392W",6,7,5,2,1,5,15,8,7,8,9,11
"YDR034C-A",1.75,4.7,0.25,2.5,0.25,0.25,1.25,0.25,0,1.25,0,0
"YDL132W",34,38,30,22,18,16,31,44,30.1,39,44,33
"YDR535C",0,0,0,0,0,2,0,0,0,0,0,0
"YDR202C",2,6.5,9.5,13.5,10.5,13,8.5,4,3.5,4,8,9.5
"YDL050C",13.5,9,7,1,1,0,12.5,11,8,12,12.5,8
"YDR524C-A",0,0,0,0,0,0,0,0,0,0,0,0
"YDL109C",3.11,5,5,5,0,1,7,8,4,5,4,8
"YDR211W",41,37,41,27,15,21,47,46,34,46,47,60
"YDR110W",9,4,15,5,1,2,18,15,7,14,9,17
"tG(CCC)D",7,14.5,15,7.5,8,9,6,7.5,4,10.5,10,13.5
"YDR274C",0,2,1,1,0,0,1,2,2,6,3,5
"YDR167W",13.06,8,7,5,1,1,7,8,3,10,7,10
"YDR156W",10,3,7,5,0,6.5,3.5,12,7,13,12,10
"YDL223C",11,12,31,173,144,132,17,17,15,11,9,9.5
"YDR075W",6,6,6,0,5,1,8,11,11,11,25,11
"YDR039C",39.33,35.17,33.33,25.67,16.5,18.67,36.67,37,36.83,39.33,43.12,42
"YDL088C",19,26,13,10,9,8,22,21,13,16,27,26
"YDL129W",5,2,5,2,1,1,3,7,3,2,6,1
"YDL215C",34,21,36,29,32,18,27,26,23,28,32,34
"YDR297W",15.11,15,14,21,17,17,17,21,12,26,29,40.08
"YDR131C",4,5,6,3,3,0,2,5,9,10,0,1
"YDR230W",1,3.5,1.5,2,3,1.5,3,2.5,1.5,2,2.5,1
"YDR348C",14,16,14,5,6,8,12,22,18,24,26,23
"YDL169C",3,1,2,10,8,7,1,2,1,2,5,0
"YDR007W",2.75,0.5,2,3.5,2,0.5,0,3,2.5,7,3,5.5
"YDL195W",131,118,140,33,22,29,151.54,153,125,124,154,141
"YDR263C",2,0,0,4,0,1,6,0,0,1,2,5
"YDR220C",0,0,0,0,0,0,0,0,0,0,0,0
"YDR429C",53,49,46,9,9,5,37,42,40,41,51,42
"YDR119W-A",0,2,0,10,7,6,0,0,1.5,0,0,0
"YDR421W",8,13,10,18,12,9,5,10,7,10,11,9
"YDL186W",1.5,1,1,0,0,0,1,1,1,0,2.5,1
"YDL198C",16,10,14,1,1,1,9,9,10,19,21,15
"YDL120W",11,12,13,1,0,0,9,5,8,5,7,11
"YDR379W",13,15,17,8,7,10,9,17,10.25,17,17,20
"YDL029W",24,22,33,24,5,8,27.5,31,22,20,27,18
"YDR205W",11.67,12.46,20.75,4.8,0.26,2.08,13.17,15.28,11.08,13.1,14.28,17.92
"YDR094W",2.5,1.5,2,0.5,0.33,0.5,2.33,2.5,1,1.5,3.33,4.17
"YDR369C",8,13,11,13,7,7,11,4,7,11,10,2
"YDR088C",7,10,10,1,2,6,10,9,3,5,10,6
"YDR411C",12,12,15,6,6,3,17,14,7,8,9,12
"YDR441C",10,17,18,16,8,5,11,16,9,11,12,15
"YDR446W",0,0,0,12,3,1,0,1,0,0,0,1
"YDL183C",4,3,2,2,1,3,5,4,2,3,3,2
"YDR194W-A",0,0,0,0,0,0,0,0,0,0,0,0
"YDR114C",0,0,0,0,0,0,0,0,0,0,1,0
"YDR442W",2.5,0.5,0.5,0.5,0.5,0,2,1.5,0.5,1,0.5,2
"tK(CUU)D2",0,0,0,0,0,0,0,0,0,0,0,0
"YDL059C",8,2,2,3,2,6,2,3,1,0,3,2
"YDR016C",1,0,1,0,0,0,1,1,1,2,1,2
"YDR430C",25,40,40,8,11,14,41.5,26,30,31.17,39,41
"YDR366C",0.27,0.84,0.91,0.38,0.72,0.39,0.37,0.76,0.22,0.39,2.61,1.11
"YDR374W-A",2,0,0,0,2,1,1,5,0,2,3,2
"YDR293C",89.31,102,98,75.12,61,67,126.5,120,113,81,92.8,107.08
"YDR459C",3,5,6,4,0,1,4,2,7,5,2,5
"YDR022C",0,1,2,0,0,1,2,2,6,2,3,2
"YDR217C",29.56,27.38,30.15,11.05,10.06,6.06,22.42,35.17,27.05,23.58,30.11,23.75
"YDR052C",14,18.5,14,5,5.5,4,17,19,15.5,22.5,19,22.5
"YDL027C",8,9,5.5,4,12,10,3,10,6,5,10,10
"YDR104C",11,15.07,9,11,2.5,2.5,18,15,8.5,11,14,17.5
"YDL136W",98,100.83,98.5,15,11,8,103.5,112,77.75,134.5,142,116.5
"YDR248C",2,9,8,6,5,4,4,3,4,3,3,4
"YDR078C",3,0,0,0,0,0,0,2,1,1,3,2
"YDR068W",7,13,5,4,4,2,7,12,7,8,9,12
"YDL080C",8,7,10,5,2,2,13,11,17,13,19.12,18
"YDR461C-A",1,0,0,0,0,1,1,0,2,1,3,1
"YDR252W",1,1,0,0,1,0,2,1,1,2,0,1
"YDL046W",18,16,22,18,13,10,21,24,19.5,24,32,29
"YDR540C",3,1,5,7,5,0,2,0,3,4,1,4
"YDR181C",6,5,10,5.33,3,4,9,9,5,7,8,8
"YDL200C",8,3,3,1,4,3,0,3,5,7,2,1
"YDR108W",5,6,4,4,2,3,9,6,7,9,16,10
"YDR337W",13,11,9,3,3,2,7,10,8,14,7,9
"YDR356W",7,10.5,7,8,7,2,16,15.5,19,16,17.67,18.5
"YDL235C",18,21,22,5,10,5,19,24,19,25,21,19
"YDR320W-B",1,0,0,0,0,1,0,0,0,0,0.5,0
"YDL245C",6.33,5.33,5.25,9,8.92,6,4.83,6,4.83,4.33,2,2.17
"YDR170W-A",92.47,90.23,92.93,93.75,67.78,58.82,59.45,62.92,51.62,79.4,82.4,77.45
"YDR210W-B",173.44,173.09,198.2,189.62,148.57,144.66,126.3,146.53,111.17,72.08,89.01,88.08
"YDR210C-D",96.96,93.34,92.69,120.44,73.87,74.71,63.59,70.49,53.21,80.04,93.64,93.84
"YDR316W-B",45.97,44.06,48.31,59.87,37.38,39.63,30.12,38.08,28.32,42.53,53.15,53.86
"YDR261C-D",73.61,68.17,78.57,77.37,50.3,43.18,50.28,74.9,51.46,68.14,85.87,87.08
"YDR210C-C",6.1,1.42,5.61,6.4,3.08,1.63,1.56,1.1,2.2,4.56,6.58,6.06
"YDR261C-C",6.67,4.85,5.52,5.77,3.14,3.07,2.54,6.34,3.69,5.11,6.8,7.1
"YDR261W-B",198.28,198.79,214.61,238.13,159.85,167.23,138.22,142.91,124.08,96.33,118.82,109.32
"YDR365W-A",2.2,2.06,1.61,1.54,0.7,0.95,0.85,1.33,0.87,1.55,1.47,1.87
"YDR316W-A",1.37,1.17,1.33,0.92,0.19,0.86,0.4,0.39,0.59,0.58,0.94,2.07
"YDR261W-A",55.33,49.35,55.16,72.09,45.48,51.93,35.77,38.7,32.48,25.85,27.89,29.59
"YDR365W-B",69.46,60.26,70.33,69.74,48.53,41.64,52.83,65.27,50.24,67.19,77.75,76.31
"YDR098C-B",43.66,38.97,43.01,50.57,34.52,35.33,29.82,38.12,25.7,32.41,49.14,48.94
"YDR098C-A",1.15,0.25,1.1,1.5,1.8,1.05,0.32,1,0.33,1.56,2.3,2.83
"YDR210W-A",43.71,41.44,47.29,50.96,41.42,37.87,28.39,33.53,26.76,13.39,18.72,17.38
"YDR034C-D",196.37,199.34,217.47,221.93,173.53,162.61,123.56,141.55,120.77,87.11,108.06,101.1
"YDR034C-C",53.56,50.84,53.32,64.72,48.21,45.82,33.41,39.19,33.86,28.12,31.17,30.82
"YOR185C",8,10,8,7,7,8,6,6,11,9,15,11.5
"YOR237W",2,2,6,7,1,0,0,2,1,1,1,0
"YOL048C",1,2,7,5,3,3,5,4,3,1,2,5
"tG(GCC)O1",0,0,0,0,0,0,0,0,0,0,0,0
"YOL144W",49,21,13,32.42,9.25,2.25,24.33,25.75,11.5,25.5,22.25,22.5
"snR8",103,136,128,117,89,86,92,100,92,95.83,102,91.25
"YOR082C",0,0.5,1,0,0,0,0,0,0.5,0,0.5,0
"YOL072W",8,6,7,6,5,2,2,7,4,6,5,1
"YOR114W",0,4,2,2,2,2,0,1,2,1,4,4
"YOL085C",0,0,0,1,0,0,0,0,0,0,0,0.5
"YOR385W",18,17,7,7,3,4,10,26,22,11,22,16
"YOR214C",0,0,0,0,2.03,1,0,0,0,0,0,0
"YOL119C",13,15,14,18,14,21,12,9,10,11,14,19
"YOR019W",3,8,1,1,7,1,4,6,1,3,5,0
"YOR206W",55,44,49,6,3,7,74,68,46,64,75,66
"YOR345C",1.5,0,2,1,0,0,2,2.5,0,2.5,2.5,2
"YOR341W",192,214.75,211,44,20,35,198,246,208.75,236,289,265
"YOL088C",8.17,13,12,1,1,2,8,12,8,4,1,5
"YOR392W",0,0,0,2,0,0,0,0,0,0,0,0
"YOR160W",16,23.17,26.17,7.75,6,6.11,20.17,30,21,17.17,34.17,31
"YOR084W",1.5,1,3,2,1,5,5,2,3,8,5,4
"YOR039W",15.56,14,11.17,5,3,9,24,15,15,18,24,19.5
"YOR264W",4.5,3.5,6.5,4,4,1,11,8,9,13.5,16.5,11.5
"YOR281C",18.5,18.57,21.25,5,2.5,4.5,20,12.5,14,7.5,16,14.5
"tK(UUU)O",1.9,6.15,3.76,4,2.17,1.71,3.74,4.57,3.29,3.77,5.36,5.6
"YOR230W",96,95,83,51.17,41,38.08,97,98,80,85,110,95
"YOR144C",11.17,8.5,7.5,5.17,2,5,11,10,11,12,18.31,18.25
"YOL081W",146.17,121.5,146.12,84,72.5,55.62,126,165,114,158.5,186.12,168
"YOL052C",27,24,18,5,5,4,28,15,20,28,21,38
"YOR285W",24,29.5,35,13,14,29,12,21,19.5,19,22,27
"YOR058C",22.31,18.25,18.17,16.25,5,11,12,15,18,15.25,13.25,23.5
"YOR270C",138.5,155,131,30.25,22,28,151.75,180.5,143,149.58,210,178
"YOL154W",4,3,0,0,1,1,1,3,3,2,5,4
"YOR115C",5,3,5,4,2,2,7,11,12,10,12.12,3
"YOL003C",5,4,4,2,5,1,8,10,2,5,9,9
"YOR258W",4,2,1,1,1,1,2,1,1,2,1,2
"tN(GUU)O2",0.6,0.8,0.5,0.4,0.1,0,0.4,0.4,0.1,0.5,0.4,0.4
"YOL103W",25,20,21,10,9,9,26,36,23,31,36,29
"YOR215C",9,7.07,14,7,5,7,12,10,1,7.06,6,10
"YOL095C",10,0,5,6,1,1,6,8,4,5,6,9
"YOL063C",17,8,11,5,4,8,11,21,13,12,17,19
"YOL079W",3,2.5,3,0.5,1,0,1.5,2.5,2,5,4,3.5
"YOR389W",4.5,12,5,12,7.5,2,3.5,4.5,5,5,7.5,3
"YOR231W",14.5,17,17,28.5,21,33.83,8.5,14,12,15.5,9.83,19.5
"YOR021C",12,12,14,4,3,1,14,17,11,26,14,22
"YOR139C",0.5,0,2.5,0.5,0.5,0,1,2,0,1.5,2,0.5
"YOR120W",12.5,17.5,16,27,23,25.5,8,10.25,9,7.5,8,5
"YOL038W",30,36,25,12,8,8,31,30,25,30,34,20
"YOR023C",19,10,15,18,18,12,20,23,11,15,37,18
"YOL124C",17,27,17,2,0,4,16,18,15,25,35,20
"YOR212W",19,16,22,10,6,8,23,20,11,33,27,21
"YOL013W-A",1.94,1.39,0.77,0.81,0.3,0.56,1.07,0.68,0.05,3,0.88,2.34
"YOL120C",170,183,186,14,9.5,6,205.5,214.5,161,201,245.75,249
"YOR181W",6,9,7,7,7,8,14,15,9,11,8,11.17
"YOR333C",0.5,1.5,1.5,0,0,0,0.5,0.5,0.5,0,1,1
"YOR335C",132,118.58,137,23,17.5,18.5,130.5,152,115.5,160,192,161.75
"YOL046C",2.5,3.5,4,0.5,1,1.5,2.5,3.5,0,2,2,4
"YOL029C",10,13,7,4,1,2,11,6,11,9.25,10,6
"YOL155W-A",0,0.5,1,0,0.5,0,0,0.5,1.5,1,0.5,1
"YOR072W",1,0,0,2,0,0,1,1,0,1,1,1
"YOL161C",0,0,0,0,0.33,1.11,0,0,0.17,0,0,0
"snR58",2,3,2,0,3,1,1,4,3,5,3,3
"YOL122C",14,20,21,53,37,33.75,14,10,9,9,16,12
"YOR252W",2,6,7,3,1,2,6,6,7,10,5,9
"YOR157C",23,17,20,4,2,5,22,23,16,25,21,22
"YOL107W",2,4,4,1,0,4,5,2,7,1,5,3
"YOR274W",10,16,11,9,2,2,7,13,5,12,21,11
"YOL013W-B",0,0,0,0,0,0,0,0,0,0,0,0
"YOR343C",0,1,2,1,0,0,0,4,0,1,1,0
"YOR093C",20,18,24,6,6,9,21,18,16.12,17,14,17
"YOR381W-A",0,0,0,0,0,0,0,0,1,0,0,1
"YOL065C",3,5,2,2,2,2,2,5,1,2,6,6
"YOR092W",16,22,19,3,6,2,19,15,16,16,14,21
"YOR207C",61,72,71,27,19,13.08,74,80,56,69,75,78
"YOR365C",3,1.5,3,2.5,4,1,4,0,1,3,3.5,2.5
"YOL005C",6,5,5,1,1,0,6,10,10,13,8,8
"YOL020W",29,26,44,11,8,8,32,39,33,34,48,36
"YOL053W",10,2,4,2,6,5,3,2,6,3,5,3
"YOL117W",6,8,5,7,4,4,8,5,5,5,5,9.17
"YOR038C",8,6,12,3,3,2,16,17.25,10,15,16,11
"YOR303W",68,59,61,83,53,63,49,75,45,57,74.75,56
"YOR137C",9,14,13,20,10,9,9,8,12,12,14,7
"YOL034W",6.08,3.08,11.79,13,7,13.25,13.12,6,15,13,13.35,13.33
"YOR052C",28,22,30,23,30,32,20,26,20,28,32,27
"YOR190W",2,1,1,2,2,3,3,2,0,0,2,3
"YOL039W",88,114,120,9,6.5,5,94,114,85.5,97.5,125,112.5
"YOR349W",14,15,13,6,2,8,12,12,8,9,17,8
"YOL090W",18,14,20,15,19,21,16,24,16,26,26,26
"YOR271C",30,26,25,1,1,0,34,26,29,28,36,43
"YOR173W",4,4,7,57,39,35,5,9,3,5,1,2
"YOR106W",9,5,6,6,1,1,3,3,4,4,5,12
"YOR108W",40,51,38.5,6,4,2.5,45.5,47,41,34.5,49.08,61
"YOR059C",8,8,15,19,5,11,7,14,10,5,19,6
"YOL149W",3,7,5,3,2,1,8.5,3,7,9,7,9
"YOR121C",4.5,3.5,2,8,5,4.5,1,3,1,1.5,2,1
"YOL106W",0,0,0,0,0,2,1,1,1,0,0,0
"snR9",160,196.67,209.42,347,256.5,378,169.5,155,116,154.67,192.17,165.5
"YOR295W",3,6,2,1,0,0,4,6,5,0,5,5
"YOR203W",0,0,1.5,1,1,0,1,2,0,0,1,0.5
"YOR132W",11,14,11,10,17,14,19,22,22,17,19,17
"YOR216C",18,16.5,14.4,7.67,8.25,5.5,25.58,14.87,18,19.5,24.47,17.56
"YOR099W",28,36,34,23,6,18,35,40,42,33.5,38,43
"YOR001W",23,31.75,20,11.92,6.25,4.25,22,38.25,24.5,20,37.57,34.5
"YOR009W",2.12,1.79,1.88,13.37,12.37,11.5,5.29,3.92,1.12,5,3.46,7.44
"YOR204W",114,101,109.33,42,28,39,131,157,132,159.42,201,177.25
"YOR209C",44,39,55,7,8,7,45,61,39,66,63.25,62
"YOR284W",0,3.08,2,1,1,1,4,2,2,1,3,2
"YOR036W",6,5.5,6,32,15,20,11,11,5,7,8.5,3
"YOR154W",11,12,9,1,2,1,12,3,10,10,25,16
"YOR048C",48.06,39,37,23.25,14,13,35.17,48,33.5,42,70.5,58
"YOL073C",6,3,5,6,4,3,3,5,2,3,12,3
"YOL152W",9,3,12,19,14,10,5,11,11,12,19,15
"YOL101C",5,3,6,0,0,1,6,5,5,5,6,6
"YOR085W",23.5,22,16,5,3,5,38,24,33,16,27,48
"YOR227W",31,32,35,35,36,19,35,45,37,35.25,34,27
"YOR159C",3,3,3,4,1,0,7,3,2,3,5,4
"YOR146W",4,6.5,5.5,0.5,0,0.5,4.5,6,2,4,7,10
"YOR372C",13,8,12,7,5.5,1,20.5,21,21,24,22,25.5
"YOR112W",18,14,13,8,3,10,18.12,19,11,11,15,20
"YOR387C",1,1,3,1.5,0,0,1,1,0,0,2,2
"YOR229W",7,10,6,4,1,0,6,8,4,4,8,4.62
"YOR068C",2,1.5,1,0.5,0.5,0.5,0.5,1,2,0.5,0,1.5
"YOR376W-A",0,3,2,0,1,0,0,1,0,3,2,3
"YOL050C",2.5,5.5,3,1.42,0.5,0,2,3.5,2,1.5,0.5,1.5
"YOR342C",17,17,7,3,1,3,13,22,20,27,37,38
"YOL035C",2,2,3.5,6.5,5.5,5,2.5,3,1,2.5,2,1.5
"YOR251C",8,11,3,6,1,1,13,14,7,12,15,8
"YOR041C",2.5,3.5,1,1,0.5,1,1,1.5,3.5,3,4.5,2.5
"YOR130C",5,4,5,1,1,3,7,10,4,7,4,3
"YOR119C",14,12,22,10,6,5,14,17,11,12,16,15
"YOL166C",0,0,0,0,0,0,0,0,0,0,0,0
"YOR008C",27,21,22,7,4,3,17,15,18,18,16,25
"YOL011W",8,17,14,7,7,6,18,24,17,17,19,24
"YOR248W",11.33,8.75,6.5,1,1.5,1,26,27.5,27,21,27,29
"YOR202W",1,3,2,0,0,1,2,4,1,2,2,2
"YOR266W",7,7,5,4,2,4,1,8,5,4,8,3
"YOR140W",11.5,17,17.5,9.5,1.5,4,19,15,15.75,16.5,24,20.5
"YOR004W",8,10,11,5,4,1,11,18,9,13,15,12
"YOR308C",14,12,10,3,4,4,6,7,13,13,9,6
"YOR032C",12.5,14,10,8,5,11,7,5,12,8,6,9
"YOR311C",6,12,5,7,2,5,7,14,21,10,13,8
"YOL019W",13,14,14,12,4,5,22,33,22,33,35,22
"YOL138C",19,21,22,12,15,9,21,22,21,23,27,27
"YOL151W",12,8,10,33,22,31,14.5,18.5,19.5,12.5,19.5,15.5
"YOR330C",26,19.25,17.25,7,9,9,31.5,34,21,24,40.25,24
"YOR379C",0,1.5,0,0.5,0,1,0,0.5,0,0.5,1,1
"YOR142W",37,26,31,33,18,18.5,25,36,23,32,26,36.5
"YOR268C",1,0,0,0,0,1,0,2,0,0,0,0
"snR81",43,39,58.5,85,73.25,82,39,37,36,54,48,38
"YOR017W",15.57,10,11.3,8,7.26,9,9.07,18.57,23,20.07,31.63,37.2
"YOR394W",0,0,0,0.14,0.48,0.33,0,0.77,0,0,0.17,0
"YOL134C",1.5,1.5,2,0.5,0,1,1,1,0,2.5,2.5,1
"YOR002W",29,23,25,12,6,8,20,30,24,17,38,26
"YOR194C",13,18,13,9,2,5,19,18,11,13,15,24
"YOR298C-A",20.75,27,18,61,40,53,17,22,17,36,32,24
"YOL069W",4,5,2,2,3,3,4,8,7,7,10,8
"YOR014W",51,42,60,60,33,34,37,61,36,56,55,54
"YOR346W",26.5,24,25,6,10,7,23,34.5,22.06,29.5,42.5,29.5
"YOR044W",3.5,4.5,3,9.07,5.58,2.5,0,2.25,2.17,2.92,5,6.25
"YOR275C",11,24,14,11,7,9,18,19,16,15,18,15
"YOR174W",10,5,8,0,0,0,3,6,7,6,8,7
"YOR336W",35,33,29,26,23,21,33,33,35,35,38,43
"YOL094C",7,10,6,0,3,0,4,9,3,9,9,14
"YOR122C",24,37,33,6,5,8,23,33,23,30,42.67,26
"YOR256C",31,21,21,16,9,15,16,25,20,21,19,21.5
"YOL137W",8,14,8,4,5,2,4,9,7,9,14.5,9
"YOR350C",6,5,8.33,5,4,2,8,7,9,11,9,5
"YOR196C",14,11,11,2,8,4,8,12,12,11,15,14
"YOR380W",2,1,3,6,2,4,1,4,2,4,7,5
"YOR314W-A",0,0,0,0,0,0,0,0,0,0,0,0
"tA(UGC)O",11.41,15.38,13.54,21.04,11.54,9.47,8.83,7.74,5.1,11.53,9.78,9.3
"YOL097W-A",1,0,0,0,0,0,1,1,1,0,1,0
"YOR376W",0,0,0,0,0,0,0,0,0,0,0,0
"YOR369C",238,214.75,250.75,33,26,33,282,323,235,324,293.75,336
"YOL132W",2.83,4.33,0.9,2,4.25,5,0.33,2,0.5,3.25,2.25,1.17
"YOR296W",12,8,15,5,6,4,8,11,7,11,11,12
"YOR260W",50,40,41,11,8,12,56,44,32,28,58,55
"YOR373W",4,3,7,2,5,3,11,17,8.06,17,8,14
"YOR163W",13,14,12,9,3,0,11,6,4,6,8,10
"YOR029W",0,1,0,0,0,0,0,0,0,0,1,2
"YOL042W",12,6,4,2,0,1,5,6,7,5,4,4
"YOR316C",16,9,15,6,3,4,18,12,10,8.17,25,14
"YOR326W",87,86,94,17,14.5,19.5,114,109,89,104,101,126
"YOR293C-A",0,0,0,0,0,0,1,0,1,1,2,0
"YOL036W",29,40.5,25,51,35.5,35,33.5,32,11,26.5,40,32.5
"YOR072W-B",1.19,0.97,1.27,0.74,0.36,0.62,1.38,0.64,0.05,1,0.94,1.47
"YOR332W",49,57.5,52.5,8,4.33,6.5,43,62.33,51.5,66.5,70.33,56.5
"YOL002C",12,5,11,5,3,1,8,11,6,16,13,14
"YOR193W",14,11,12,7,1,5,6,9,6,7,10.17,11
"YOR243C",38,35,30,5,2,7,42,39.5,25,38,45,40
"YOR126C",3.5,4,2,4,3,2,8,4,4,7,5,4.25
"YOR070C",13.5,6.65,10.64,7.38,8.23,7.62,7.46,15.92,8.05,8.55,13.46,12.56
"YOR328W",17,10,17,21,20,24,13,17,11,10.5,16,15
"YOL056W",3,5,2,1,3,2,1,6,4,8,5,1
"YOR098C",61,58.08,47,19,25,28,56,69,59,60,68,70
"YOL110W",2,3,3,4,1,1,3,4.25,1,3,1.25,0
"YOR213C",9,9,7,2,1,2,2,5,4,7,6,4
"YOR253W",13,3,8,7,1,2,14,7,8,15,13,14
"YOR008C-A",0,0,3,0,0,0,0,0,0,0,3,0
"YOL113W",6,15,9,44,30,22,11,12,26.5,8,13,20
"YOR060C",9.5,3,5,2.5,2.5,1,4,5.33,6,4,12.32,6.5
"YOL076W",17.75,16,16,4,9,3,26,22,11,18,17,16
"YOR186C-A",0,0,0,0.5,2,1.5,0,0,0,0,0,0
"YOR381W",7,6,6,5,8,5,10,3,3,2,8,3
"YOR113W",11,18,12,8,8,3,12,15,6,14,9,12
"YOR273C",11,13,6,16,7,13,9,12,7,8,8,7
"tN(GUU)O1",0.6,0.8,0.5,0.4,0.1,0,0.4,0.4,0.35,0.5,0.4,0.4
"YOR161W-A",0.5,0,0.5,1,1,1.5,0.5,0,1.5,0,0,0.5
"YOL147C",3,8,7,5,3,9,4,5,4,5,2,4
"YOR338W",12,13,9,7,4,4,21,18,20,24,36,19
"YOR178C",16,18.5,17,168,138,115,13,9,3,6,9.17,8
"YOR188W",32,33,20,21,14,4,36,51.75,30,35,39,32
"YOL159C",6,4,2,5,2,3,4,1,5,3,9,4
"YOR382W",2,2,2,4,2,5,1,1,2,7,10,10
"YOL071W",4,5,7,11,9,3,4,9,7,6,3,6
"YOR363C",12,12,9,7,11,8,13,7,16,8,13,14
"YOR069W",9,8.5,11,10.5,6.5,4.5,16.5,25,17,7.5,11,16.5
"YOR075W",5,5,8,4,2,3,5,7,1,6,8,3
"YOR124C",48,45.17,46.42,30.42,16,22.06,42,34,37,35.17,50.17,58.5
"YOR008W-B",2,0,0,0,0,1,0,0,0,1,1,0
"snR31",92,98,86,159.5,110,142,98,104,85,107.75,99,90
"YOL025W",5,7,6,4,4,4,10,10,9,0,7,9
"YOR057W",7,13,9,0,2,2,9,9,7,9,21,12
"YOR265W",5,4,5,1,0,0,8,7,3,7,4,6
"YOL127W",203.67,185,194,24,15,10,186,220,169,205,248,216
"YOR107W",6,7,3,1,6,6,8,5,4,4,9,10
"YOL142W",9,10,12,3,0,2,11,5,3,8,4,12
"YOR239W",30,36,31,4,1,7,41,46,27,42,47,45
"YOL091W",0,1,1,0,1,0,0,0,1,3,3,1
"YOR317W",84,95.5,74,129,87,100,74,80,70,62,65,58
"YOR370C",44,36,24,19,8,12,49,52,40,36,63,42
"tM(CAU)O1",0,0,0,0,0,0,1,0,0,1,0,0
"YOR211C",28,12,13,26,12,13,17,24.17,7,23,28,35
"YOR191W",39,22,44,25,11,10,44,47,47,45,43.17,48
"YOL064C",13,12,14,10,5,1,20,18,8,14.5,20,17
"tT(AGU)O1",0,0,0,0,0,0,0,0,0,0,0,0
"YOL049W",38,35,41,8,16,10,31,35,37,23,43,42
"YOL043C",9,5,4,5,2,4,5,7,3,4,8,2
"YOR043W",16,29.5,23,16,19,14,21,21,23,34,32,37
"YOR331C",25,33.5,27.5,3,3.33,2.5,20,27.33,22.5,34.5,38.33,28.5
"YOR309C",14,16.5,16,3,2,0.5,21.25,21,15.42,17.5,25.25,30.5
"YOR104W",3,9.5,7.5,4.5,0.5,4,3.5,7.5,4.5,2.5,2,2.5
"YOL114C",0,0.5,0,0,2,0,0.1,2,0,1,1,0.12
"YOR300W",0,1,1.5,0,0,0,1,0.5,0.5,2,2.5,0
"YOR220W",6,8,5,15,3,9,8,10,7,8,9,14
"YOR378W",2,4.5,3,0.5,4,8,4,2.5,2,7.5,3,4
"YOL059W",30,29,25,17,7,20,31,40,31,44,50,48
"YOR386W",7,4,4,4,4,3,4,5,10,4,2,6
"YOL027C",29,23.17,33,13,6,14.5,19,32,18,43,47,25
"snR62",4,2,5,3,2,5,0,1,4,0,1,0
"snR17a",2107,1995.5,2090.25,2266.67,1622.5,1721.25,2119.75,2549.5,1899,2565.25,2880.5,2575.37
"YOL155C",60.17,64.17,67.5,60.75,50.08,53.75,68.67,97.92,86.17,50.42,62.33,71.5
"YOR375C",139,158,139.5,16,14,8,116,148,109,119,151.75,156
"snR35",163,172,177,185,147,145,147,156,139,155,153,166
"YOR100C",0,0,2,3,0,1,1,0,0,0,0,2
"YOL026C",3,4,2,1,1,1,3,5,6,3,4,2
"YOL012C",4,1,4,1,0,1,16,9,6,5,8,9
"YOR026W",6,2,1,1.5,0,1,5,9,3,2,5,1
"YOR359W",26,22,19,4,5,2,25,31,16,31,36,27
"YOR250C",12,5,5,7,0,3,4,5,5,6,4,2
"YOL013C",12,13,18,12,9,5,9,19,11,17,13,19
"YOR272W",23,30,27,6,1,0,24,36,31,28,42,39
"tG(GCC)O2",0.5,0,0,1,0.5,0,0,0,0,0,0,0
"YOL164W-A",0,1,0,1,0,0,0,1,0,0,0,0
"YOL082W",26,18,21,10,7,1,15,14,13,10,10,12
"snR36",25,24,35,44,30,32,17,20,12,26,16,17
"YOR035C",8,17,23,17,18,17,14,19,16,22,27,13
"YOL016C",25.25,23,28,25,17,14,53,36,40,36,38,30
"YOR007C",118,112,122,97.5,75,62,91,94,57,104,100.75,110
"YOR325W",0,1,1.5,0.5,0.5,0,1.5,1,1,1.5,3,1.5
"YOL085W-A",0,0,0,1,2,2,0,0,0,0,0,1.5
"YOL160W",2,0,0,1,0,0,1,1,0,2,0,2
"YOR361C",91,86,93,21,15,7,99.5,108,88,98,131,106
"YOL158C",4,6,4,4,3,2,7,7,4,10,11,5
"YOR315W",2.25,6,6,8,5,3,10,10,15,12,18,16
"YOR010C",0,1,1,1,2,1,1,0,3,2.25,2.06,0
"YOR384W",6,8,6,6,14,7,18,7,14,13,15,7
"YOR234C",67,70,70,8,0,5,57,88,61,90.5,78,69
"YOR283W",14,23,10,5,2,2,9,17,10,18,18,10
"YOR020W-A",1,1,7,8,2,1,0,4,2,2,2,2
"YOL045W",23.5,16.5,35,27.5,21,32.5,17.5,36.5,15,26,36,18
"YOR102W",3.5,2.5,3.5,1,0.5,0,1,5.5,1,5,4,2
"YOL128C",1,8,11,6,4,5,7,10,5,6,3,5
"YOR360C",33,43,41,6,8,3,39,43,26,42,67,57
"YOL097C",37,48,49,8,5,5,38.5,49,30,60,50,55
"YOR164C",10,13,11,4,3,5,13,16,13,18,12,13
"YOR175C",13,17.05,19.25,5.75,6,2,15,32,26,24,35,29
"tP(UGG)O1",1.94,1.39,0.77,0.81,0.3,0.56,1.07,0.68,0.05,1,0.88,1.34
"YOR086C",78,65,72.25,24,13,19,74,88,63,69.5,81.25,65.5
"YOR242C",0,1,2,5,1,1,2,4,4,3,3,2
"YOR155C",9,12,6,9,5,9,10,10,10,8,9,14
"YOL019W-A",0,0,0,0,0,0,0,0,0,0,0,0
"YOL030W",67,65,63,136,77,80,64,68,38,39.75,61,63
"YOR323C",34,32,33.25,5,8,4,24.5,32,26,39,58,41
"YOL017W",0,6,5,6,2,3,7,6,8,3,5,4
"YOR233W",21,10,22,10,2,6,19,37,9,22.75,40,28
"YOL037C",3,2.5,1.5,3.5,1,3,3,3,0,3,2,1.5
"YOR083W",1,1.5,0,1,1,0,2,4,2.5,2,2.5,2
"YOL010W",22,14,23,7,5,9,15,30,18,23,18,28
"YOR118W",25,14,22,8,8,14,16,18,17,17,19,20
"YOR128C",7,7,8,16,23,17,3,8,7,8,7,8
"YOL125W",12,17,10,2,2,3,15,14,12,5,20,13
"YOL004W",65,78,95,72,60.5,48,96,104,88,83,114,109
"YOR177C",2,3,4,3,1,0,2,4.17,1,2,3,1
"YOR166C",7,6.17,15,3,2,1,7,4,4,10,6,10.25
"YOR006C",12,3,10,4,1,0,7,14,12,14,16,9
"YOR324C",6,8,9.5,4.5,2.5,3,11.5,10,6,9.5,17,12.5
"YOL024W",0,0,0,2,0,0,0,0,0,0,1,2
"YOR033C",18.1,17.75,16.5,19,17,11.1,22,19,14,20,19,20
"YOL033W",11,8,15,7,2,1,16,5,5,2.5,9,10
"YOL070C",14,13,20,2,2.12,6,17,14,19,13,18,12
"YOR116C",71,83.5,83,14,12,8,83,106,69,93,99,102
"YOL067C",2,4,8,2,0,1,7,5,6,6,3,9
"YOR145C",26,30.5,21.5,5.5,4,4.5,19.5,36,23,25,31,34
"YOR304C-A",1,4,4,1,0,0,1,0,0,0,1,5
"YOR192C",3,6.5,5.5,5,7,6,8,9.5,8,8.5,7,7.5
"YOL109W",92,115.5,110,158,106,108,84,106,104,82,98.5,88
"YOR078W",8,10,13,2,2,1,18,14,24,24,23,21
"YOR134W",4,4,11,19,12,22,6,6,5,5,5,5
"YOR131C",6,8,6,6,3,9,3,5,3,8,6,10
"YOR368W",1,3,5,1,3,3,2,10,4,5,6,7
"YOL111C",5,5,9,5,7,5,3,4,3,9,6,6
"YOR168W",84.5,87.5,112,28.5,17.5,22,99.62,127,86.5,103.5,125.5,92
"YOR226C",3,0.5,2.5,2.5,3,3,0,1,0,2,7.5,5
"YOL162W",1,1,0,1,4,1,0,0,1,0,1,1
"YOR334W",12,8.5,6.5,1,0,1,3.5,4.5,6.5,6,7,8
"YOR241W",12,14,23,9,2,1.17,14,27,16,12,17,15
"tP(UGG)O2",1.19,0.97,1.27,0.74,0.36,0.62,1.38,0.64,0.05,1,0.94,1.47
"YOR245C",5,7,6,8,6,5,8,8,6,6,9,8
"YOL009C",3,4,2,3,1,2,5,1,4,4,3,4
"YOR153W",448,405,412,132,103,103,630.5,736.75,682,560,714.5,672.5
"YOR358W",2,2,3,2,4,3,2,1,2,3,5,2
"YOR335W-A",5,2.5,1,1,1.5,0,4.5,1.5,2.5,3.5,4,3
"YOR170W",1,0,1,1,0,1,1,3.5,0,2.5,0.5,2.5
"YOR267C",32,34,45,26,8,17,29,40,37,43,50,36
"YOR081C",12,10,9,11,5.5,7,14,17.12,20.5,14,18,13
"YOL145C",35,41,34,26,21,21,50,53,39,62,56,60
"YOL156W",0.83,2.33,4.5,5.67,2.67,3.17,0.83,1.33,3.67,2.17,2,0
"YOR322C",24,32.5,21,13,13,12,19,31,33,32,33,42
"YOL044W",3,1,2,6,1,3,5,5,7,4,2,5
"YOR054C",2.83,3.5,4.25,14.5,12,14,4.5,7,9.2,5.2,2,3.5
"YOL031C",22,14,25,19,17,16,16,16,23,21,17,20
"YOR034C-A",2,1,0,2,3,5,0,1,1,2,1,1
"YOR306C",72,68,77,135.25,92,78,54,76,52,55,82,75
"YOR261C",18,16,18,3,4,12,23,30,22,43,29.5,27
"YOR293W",145.5,135,155.25,15,16.5,13,151.75,187.5,133.5,204.5,198.5,175
"YOR062C",3,5,5,4,0,1,3,5,6,5,4,2
"YOR339C",1,0,2,1,1,3,1,0,0,1,3,0
"YOR067C",9,13.5,20.5,5,5,3.17,8,19,11,14.5,29.4,15
"YOR312C",166.5,159,153.5,11,12.5,12.5,176.5,201,151,199.5,211,214.5
"YOR094W",7,3.5,2,3,2,1,7,8,7,6.75,9,10
"YOL135C",4,3,4,3,2,1,7,4,3,4,4,6
"YOL105C",13,14,10,6,3,4,6,11,5,10.75,13,10
"YOR329W-A",0.5,0,0,0,0,1,0,0,0,0,0,0
"YOR197W",17,27,26,10,14,16,30,30,17,29,41,37
"YOL104C",7.25,5.88,12.33,2,4.25,3,5.16,5.35,4.5,6.83,10.31,7.18
"YOR262W",7,14,8,3,2,2,14,10,6,4,8,4
"YOR167C",77,77.5,73,15,8,6,73,84.5,72,89,86,62.5
"YOL015W",2,2,4,2,1,1,8,2,2,6,6,3
"YOR161C",5,3,3.5,26.5,24.5,23.5,7.5,18,8.5,3,15.5,10
"YOR393W",7.33,3,4.92,53.67,48.33,35.5,0.83,2.67,0.5,1,3.17,1.67
"YOR105W",2,2.5,0.5,0.5,0.5,1,2.5,3.5,1.5,1.5,0,0.5
"YOR210W",9,3,10,0,0,1,6,6,7,18,10,7
"YOR364W",1,0.5,0.5,1.5,0,0,1,0,0,0,0,0.5
"YOL087C",15,22,19,13,11,13,23,22,22,16.5,19,14
"YOR127W",38.31,42.25,35,24.75,18,18,38,39.5,30,44.81,47.25,37.5
"YOR184W",30,21,27.5,20,7,16,17,27,20,29.5,29,38
"YOR150W",4,7,5,3,3,1,7,7,7,3,9,6
"YOR179C",5,9.07,5,2,1,0,6,3,4,2,8,3
"YOR340C",22,30,33,3,2,6,27,27,22,41,29,38
"YOR354C",22,30,32,4,6,2,15,29,20,24,28,23
"YOR217W",32,20,26.5,5.5,6.5,6.5,25,23,28,32.5,27.5,30
"YOR298W",2,1,2,2,1,0,1,2,0,3,4,3
"YOL006C",29,22.5,24,14,7,6,33,36,26,31,34.5,35
"YOR259C",40,35,28,13,7,12,34,34,25,45,46,54
"YOR318C",0,0,0,0,0,0,0,0,0,0,1,0
"YOR320C",16,18,20,3,3,6,7,20,16,25,30.67,22
"YOR222W",6,6,7,1,3,4,5,12,8,7,9,12
"YOL165C",0.25,0,1.25,0.33,1.83,1.5,0.5,1,0.67,0.87,0,0.5
"YOL007C",13,13,14,6,0,2,15,21,17,16,20.25,19
"YOR307C",18,20,14,7,5,1,10,14,14,17,21,23
"YOL051W",42.5,58.5,37,17.42,13.5,13,49,49.5,35,44.5,59.5,57
"YOR091W",36,28,39,16,14,10,35,31.75,29,32,35.5,33
"YOR079C",5,6,10,8,4,9,7,10,8.25,4,5,11
"YOL022C",21,11.17,14,6,4,1,16,21,15,14,15,21
"YOR278W",1,1,6,4,5,3,8,7,4,3,9,4
"YOR024W",0,0,0,2,0,0,0.17,0,0,0,0,0
"YOL148C",11,6,9,9,11,6,14,13,14,15,11,14
"YOL078W",14,12,15.12,8,6,5.12,12,17,15,17.25,19.12,16
"tP(UGG)O3",4.5,5,4.1,0.7,1.6,0.9,5.3,1.8,0.1,4.63,3.5,5.13
"YOR089C",17,20.25,18,19.5,7,11,8,12,12,8,17,11
"YOL098C",66,51,75,29,21,18,47,63,54,38,84,75
"YOR171C",20,20,23,13,5,6,15,28.5,17,12.5,25.5,22.5
"YOL089C",14,8,12.12,5,4,5.12,7,9,7,9,18.12,11
"YOL150C",1,2,4,6,6,3,1.5,2.5,4.5,2.5,5.5,1.5
"YOR095C",17,19,16,1,1,0,18,12,20,11,24,14
"YOL146W",6,8,2,6,1,1,6,3,5,4,3,5
"YOR224C",24,29.5,17,7,5,4,32,29,15,26,32,28
"YOR302W",3.5,5,4,6,9,5,2,6,3,1,2,1
"YOR286W",12,18,20,11,4,1,13,10,10,13,19,10
"YOR046C",44.67,42.33,32.56,13,5.1,9.33,41.75,46,26,40.33,65.24,37
"tG(CCC)O",11,6,11,16,9,12,7,6,7,9,7,10.5
"YOR388C",0.5,0.5,1.5,32,26.5,28,0.5,0.5,0.5,2,0,1.5
"YOR228C",1,3,2,9,2,1,5,5,7,1,1,6
"YOL112W",13,5,7,9,4,7,11,17,11,11,12,8
"YOR141C",19,16,12,9,6,8,18,17,17,18.17,24.5,24
"YOL131W",0,0,0,0,0,0,0,1,0,0,1,1
"YOR049C",5,2.67,8,5,4,5,8,11,4,6,5,7
"YOL143C",15,14,14,6,6,11,16,11,6,13,13,14
"YOR172W",7,17,16,7,1,12,17,17,14,13,9,17
"YOR149C",5,9,8,2,5,4,10.33,7,4,3,7,5
"YOL164W",3,4,6,5,1,4,3,3,5,4,5,3
"YOR011W",9,9,12,8,5,8,9,16,5,14,9,10
"YOR071C",11.5,13.5,10,5.5,5,1,10,14.5,8,10.5,17.5,14
"YOR022C",9,4,13,9,1,5,7,9,5,7,10,8
"YOR125C",8,14,10,3,4,2,3,3,3,4,6,3
"YOL141W",8,12,5,1,2,0,13,9,6,9,9,14
"YOR101W",18,16,18,1,2,0,15,26,21,22.25,23,16
"YOR263C",0.5,1.5,0.5,0,1,0,2,2,1,4.5,3.5,2.5
"YOR383C",3.5,0.25,3.75,11,9,15,4.25,4,1.5,6.75,3,5
"YOR056C",38,22.67,26,7,3,2,42,31,23,30,32,38
"YOL075C",16,16,15,27,8,9,19,20,15.25,10,18,18.38
"YOR073W-A",0.5,1.5,0,0,0,0,1,0.5,0.5,0.5,0,1.5
"YOR246C",11,8,12,6,4,7,9,16,13,14,12,11
"YOR042W",24.5,17.5,23,10,2.5,4,20,23.5,17.5,16,20.5,15.5
"YOR236W",3,7,7.33,2,1,0.33,8,8,9,3,4.33,7
"YOR183W",0,0,0,0,0,0,0,0,0,0,0,0
"YOR176W",18,17,10,12,3,8,15,14,17,9,17,16
"YOR238W",8,6,9,3,5,3,4,9,3,4,6,5
"YOR367W",5,5,3,2,2,0,3,0,5,5,6,3
"YOR297C",5,5,7,1,0,0,6,6,9,6,6,9
"YOR310C",85.08,85.5,89,18,13.08,8.5,97.25,115,79.42,94.83,92.25,117.5
"YOR063W",631,607,608.5,145,98,104,665,787.5,608.75,683,797.5,720
"YOR189W",5,0,2,0,0,2,3,2,3,5,5,2
"YOL129W",9,12,18,2,2,5,12,8,10,8,14,6
"YOR280C",5.5,5.96,9.58,1.8,1,3,6.08,3.29,10.25,4.1,6.17,6.56
"YOR037W",8,6,4,7,7,3,2,6,10,6,5,4
"YOR090C",28,13,21,8,10,5,19,15.5,17,15,17,22.75
"YOR313C",0,1,0,2,1,1,0,1,1,1,1,0
"YOL032W",5,3,2,24,17,13,2,2,5,2.17,3,1
"YOR158W",8,15,23,2,5,7,11,13,9,8,17.75,13
"YOR162C",7,9,8,6,13,3.67,11,9,10,10,11,13.67
"YOL092W",8,12,11,3,4,5,19,23,14,21,28,23
"YOL061W",34,31,33,12,5,3,38,39,39,32,44,47
"YOR232W",22,19,19,9,5,4,29.75,29,14,24,34,25
"YOR219C",11.5,11.5,11,17,9,7,13,23,20,14,22,14
"YOR182C",66,54.5,52,11.5,5.5,2.5,53,70.5,44.5,83,82,89.5
"YOL099C",3,1.5,1.5,4,2.5,5.5,0,2,2,2,3.5,0
"YOR294W",13,12.5,17,3,5,2,21,25.5,13,15,26,21
"YOR288C",6.5,5.5,10.08,3.07,2.5,1.05,4.83,9,9,7,8.25,5
"YOR110W",7,7,9,11,13,7,5,8,12,6,11,11
"YOR040W",5,4.5,0,4.5,1,11,3.5,7,3,5,5,4
"YOL083W",5.5,4.5,3,7.5,3,1.5,3.5,2.5,3.5,5.5,3.25,6
"YOL136C",37,23,38,17,7,13.25,38,31,28,39,37,28
"YOL130W",53,35,42,46.67,14,14,50.33,41,47,51,45,46
"YOL021C",45,43,50,8,3,6,49,58,52,62,66.08,55.5
"YOR282W",0.5,0.5,0.5,0,0.5,0.5,0,1.5,0,1.5,0,0.5
"YOL077W-A",6,12,8,2,1,1,8,3,5,9,9,13
"YOR319W",3,7,3,4,0,4,6,7,4,5,7,4
"YOR030W",13.5,17.17,17,7,4,7,14,26,9,19,20.75,20
"YOR291W",21,26,32,18.5,7.75,17.83,33,45,34,37,47,34
"YOL077C",25.5,24,42,6,1,3,44,33,33,36,55,38.75
"YOR390W",5.5,5,2.5,2.5,0.5,2,8,5,2.5,8,9,12
"YOL052C-A",2,0,0,59,45,41,2,2,1,0,0,2
"YOR123C",17,17,14,4,4,2,19,35,13,15,28,20
"YOR013W",0.5,1.5,0.5,1.5,2,1.5,1,2,1.5,2,1,4.5
"YOR249C",9,12.07,3,4,4,0,9,7,8,8,7,5
"YOR362C",22.5,18,13,11,8,7,20,37,15,24,24,16
"YOL058W",8,9,12,23,12,9,8,7,3,1,7,5
"YOR143C",8,10.5,10,1,0,2,5,12.5,7.5,6,11,9
"YOR347C",16.25,14,20,28,20,17,7,11,7,9,13,9
"YOL157C",1.92,2.58,3.17,198.92,141.37,157.67,1.67,1,4,2,2.33,1
"YOL057W",30,23,25,6,9,4,19,33,28.5,18,28,30
"YOR321W",11,9,19,7.17,5,4,16,21,21,13.1,13,20
"YOR015W",9,12,7,6,10,10,7,4,8,9,5,10
"YOR111W",1,5,6,1,1,3,1,2,3,1,4,4
"YOL008W",6,9,3,3,2,2,3,1,1,2,7,8
"YOR279C",4,2,4,9,4,5,2,1,5,4,3,7
"YOR394C-A",0,0,0,0,0,0,0,0,0,0,0,0
"YOR180C",3,0,1,2,1,6,3,1,4,2,3,0
"YOL055C",7,10,10,20,22,23,6,11,5,1,9,6
"snR5",98.75,113.5,71,118,76,86,64,80,58,84.5,89,81
"YOL139C",70,61,59,12,4,12,67,63,62,69,96,80
"YOR287C",9,7,9,2,2,1,10,8,4,14,7,11
"YOR198C",106,117,149,73,54,45,107,115,109,72,101,98
"YOR053W",0.33,2,0.75,2.5,2,1,1.5,1,0.7,1.7,0,0
"YOL054W",6,9,6,11,12,8,6,6,7,8,11.25,9
"YOR012W",0.5,0.62,2.5,1.5,3,0.5,1,0,1.5,2,2,2.5
"YOL118C",0.07,0,0.07,3,1,1,0,0,0,2,1,0
"YOR034C",15,18,20,7,11,10,19,16,14.12,21,16.25,17
"YOR374W",16,16,22,201,160,163,32,30,29,52.5,57,47.5
"YOR018W",9,20.12,9,7,5,11,4,11,5,1,11,10
"YOL084W",0,3,3,49,36,42,3,1,0,0.25,1,1
"YOR314W",0,0,0,0,0,0,0,0,0,0,0,0
"YOR050C",0,0,0,0,0,0,0,1,0,1,0,1
"YOR391C",0,1,0.33,2.5,1.5,2.33,0,0,0.33,0.5,0,0.33
"YOR327C",11,17,8,4,3,1,16,11,8,17,16.5,15
"YOR352W",4,1,4,0,1,1,6,4,2,6,4,3
"YOR348C",3,4,2,12,11,12,6,7,6,4,6.25,3
"YOL115W",20,8,16.12,11,1,4.12,18,14,14,17,16.12,24
"YOR066W",21.07,20.13,20.15,29.05,17.06,12.06,10,11.05,15.05,14.57,23.31,17.88
"YOR072W-A",0,0,1,0,0,0,0,0,0,0,0,0
"YOL096C",2,7,5,4,1,1,5,2,5,5,4,4
"tM(CAU)O2",1.2,1.2,2,2,0.6,0.6,0.8,0.8,0.2,2.6,2,1.6
"YOR020C",61,55.12,67,24,20,27,45,45,40,58,58,55
"YOR133W",664.92,692.5,692.33,66,62.5,49,658.83,799,612.5,665.17,867.5,807
"YOR356W",30,26,30,15,7,9,36,22,22,22,24,21
"YOR208W",27,31,32,106,59,83,27,24,30,26,28,28
"YOR357C",4,9,9,3,4,0,6,8,3,7,8,4
"YOR277C",7,8.5,9,1.5,1,2,9.5,16,7.5,19,12.92,16.5
"YOR276W",10,10.5,11,2.5,1,2,11.5,19,7.5,22,16.92,14.5
"YOR247W",24.33,23.75,15.5,3,4.5,3,53,68.5,60,43,63,65
"snR50",21,21,20,12,6,7,4,8,7,15,14,13
"YOL047C",1,1,0,1,1,0,1,1.25,1,3,3,5
"YOR221C",16,11,9,4,7,6.17,17,8,13,16,18,21
"YOR344C",22,17,26,8,3,7,20,34,15,16,37,23
"YOR269W",6,4,8,1,1,0,4,6,5,9,8,5
"YOR152C",3,4,4,7,4,4,4,5,1,4,9,4
"YOR103C",3.5,1.5,2.5,2,1.5,0,1,4.5,1,4,2,4
"YOR377W",10,5,5,11,7,4,7,7,5,7,12,12
"YOR129C",7,7,11,3,4,2,12,8,12,16,14,17
"YOL038C-A",0,0,1,0,0,0,0,2,1,0,1,1
"YOR156C",2.33,6.5,6.5,4,7,6,1,12,4,3,18,7
"YOR329C",25.5,19,26,38,18,21,17,35,28,14,25,21
"YOR351C",1,0,0,0,0,0,2,1,1,1,2,1
"YOL040C",263,250.5,288.5,41,14,15,252,302,253,247,341,303
"YOL159C-A",0,2,3,1,2,0,0,1,1,1,0,2
"YOR051C",29,22,37,9,11,5,26,45,27,39,35,30
"YOR003W",5,7,6,11,3,9,2,10,2,3,6,7
"YOR064C",2,0,3,2.5,0,2,2,7,1,3,0,4
"YOR073W",6,7,11,5,10,5,11,12,11,10,10,10
"YOR201C",6.33,7,11.5,2.33,1.33,2,9.83,14.5,6.17,12.17,10.67,11.5
"YOR065W",28,23,25,30,18,21,23,24,21,20,11,11
"YOR186W",0,0,0,2.5,4,3.5,0,0,0,0,0,0
"YOR045W",8,9,5,0,1,1,8,4,10,7,6,4
"YOL018C",0,5,7,5,1,3,2,12.75,4,10,6,3
"YOL133W",4.5,5.5,4,2.5,0,1,2,4,1,3.5,4.5,4
"YOR087W",8,9.56,14.56,3.08,2.37,5.48,6.56,11,12.06,6.25,9,9.06
"YOL028C",12,9,9,4,0,1,8,5,9,8,9,4
"YOL086C",882.5,920.5,958,182,151,127,929,1131,824,1155.08,1298.75,1178.62
"YOL108C",5,4,1,4,4,2,2,6,2,0,6,0
"YOL023W",6,17,8,12,5,3,10,8,10,11,11,13
"YOR011W-A",0,1,0,0,0,0,0,0,0,0,0,0
"YOR165W",37,19.5,37,7,14,8,37,27,23,34,38,27
"YOL068C",19,12,27.5,10.17,4,4,23,28,18,15,22,24
"YOR138C",10,15,19,8.04,9,7,14,9,13,10,11,17
"YOR016C",4,6,10,0,3,1,7,7,11,6.5,8,5
"YOL121C",69.5,73,81,6,3,2,75.5,87,66.5,83,103.5,86.5
"YOL126C",4,2,2,13,11,10,4,4,5,5,2,7
"YOR235W",1,0.5,0,0,0,0.5,0.25,2,0,1,0.25,0.25
"YOR080W",6,7,8,14,5,7,13.5,11,9,14,9,7
"YOR169C",10.5,9.5,16,1.5,0.5,3,13,13,5.5,12.5,15.5,9
"YOR028C",1,1,3,4,6,5,2,2,1,5,4,2
"YOR225W",1,0.5,0.5,0.5,2,4,2,3,1,0,1.5,2
"YOR108C-A",4,0.5,2.5,0,0,0.5,1.5,4,1,3.5,4,3
"YOR109W",35,38.5,43,9,4,7,44,57,34,56.5,50,45.75
"YOL093W",12,11,8,3,0,4,11,8,10,7,14.5,16
"YOR147W",16,15,10.17,7,2.5,6,6,12,14,10,13,16
"YOR218C",4,0,2.5,0.5,1.5,0.5,2,6,2,2.5,3.5,2
"YOR254C",58,54.07,64,15,14,8,47,58,48,55,75,75
"YOL080C",9,11.5,11,0.5,1,2,3.5,10.5,9,18,10.75,6.5
"YOR161W-B",0.5,0,0,3.5,4.5,2,0,2,1,1,1.5,1.5
"tY(GUA)O",0.38,1.58,0.96,1.46,1.29,1.62,0.38,0.25,0.88,1.58,0.75,0.96
"YOR136W",60,54.5,37.5,53.5,31,45,51,36,49.5,45,50.29,41
"tR(ACG)O",1.59,0.4,0.4,0.4,0.4,0.25,0.9,0.4,0,1,1.6,0.6
"YOR192C-C",2.05,0.91,0.39,2.1,0.83,1.68,1,1.56,0.14,1.39,2.22,2.24
"YOR205C",12.5,10.5,21.5,5.5,4.5,3,10,16,11,10.5,16,19
"YOR200W",0.83,1.5,4.5,2.33,0.33,0,2.83,3,3,2.17,2.17,4
"YOR305W",5,6,5,3,1,4,11,8.75,4,10,10,9
"YOR195W",9,9,19,5,8,5,19,14,10,17,18,20
"YOL123W",38,45,25,6,5,6,39,33,24,38,48,42
"YOR097C",6,13,5,4,2,3,3,3,4,1,9,2
"YOL083C-A",0.5,0.5,0,0.5,0.5,0.5,0.5,0.5,0.5,0.5,0,0
"YOL086W-A",2,1,5,1,2,1,1,2,3,3,6,3
"YOR337W",20.75,25,16,7,7,5,20,33,18,26,23,29
"YOL100W",10,15.5,15.5,26,21.5,19.5,22,15,18.5,7,18.5,10
"YOR289W",2,4,1,15,9,16,2,0,1,1,5,4
"YOR255W",0,0,0,4,4,1,0,0,0,0,0,0
"YOR304W",25.75,28,39,10,9,4,27,59,41,35,42,46
"YOL163W",2,1,1,1,1,0,0,1,1,1,2,1
"YOR077W",1,2,5,0,0,0,9,3,1,6,4,3
"YOR074C",3.5,4.5,6,2,0,0,7,7.5,6.5,4.5,2,8.5
"YOR117W",40,40,31,13,15,7,26.42,36,24,26.5,31,34
"YOR055W",0.5,0.5,0.5,0,1,2,0,2,0.5,0.5,1,0.5
"YOL166W-A",0,0,0,0,0,0,0,0,0,0,0,0
"YOL066C",5,6,8,2,3,0,7,11,7,13,11,8
"YOR396W",3.95,3.69,3.15,1.62,1.76,1.99,3.61,6.78,3.89,4.94,6.42,5.61
"YOR161C-C",0,0,1,0,0,0,0,1,0,0,0,0
"tV(AAC)O",0,0,0,0.11,0,0,0,0,0,0,0,1
"YOR151C",117,105,108,57,35,36,94,130.17,82,110.07,145,151
"YOR187W",87,56,65,20,18,24,45,65,56,60,68.75,56
"YOL001W",3,1,3,5,0,2,4,7,3,5,7,7
"YOR005C",9,8,7,15,8,8,10,5,8,5,4,7
"YOR199W",0.83,1.5,1,0.33,0.33,0,1.33,1.5,1,0.67,1.67,0.5
"YOR355W",34,33.5,32,34,24,13,51,67,33.33,43,52,47.5
"YOR290C",43,40,34,39,39,22,59,61,43,64,79,64
"YOR396C-A",0.47,0.52,0.21,0.21,0,0.21,0.74,0.53,0.43,0.39,0.33,0.54
"YOR047C",12,8,10,8,3,5,17,15,10,15,18,22
"YOL014W",0,2,3,2,2,3,0,2,1,1,1,0
"YOR244W",4,9,7,10,7,1,5,7,6,10,9,6
"YOL102C",5,5,1,1,1,1,6,4,3,0,3,2
"YOL060C",32,19,25,26.5,25,20,18,26.25,27.5,10,24,22.25
"YOL041C",31,22,31,10,3,7,39,43,32,38,40,42
"YOL116W",3,4,6,4,2,0,9,8,9,4,10,7
"YOR353C",20,12,15,33,20,14,12,15,22,10,28,21
"YOR299W",15,13,24.5,13,11,6,17,31.5,27.5,18,24.5,27
"YOR366W",0,0,0.5,0,0,0,0,0,0,1,0.5,0
"tD(GUC)O",0.25,1,0.5,0.75,0.75,1,0.5,0.38,0.25,0,0.25,0.5
"YOR096W",187.5,157.5,176.5,12.5,12.5,9,185,207,170.25,220.5,231.5,211
"YOR148C",3,6,6,3,1,2,2,1,1,3,5,2
"YOR301W",6,6,6,4,0,2,8,12,7,6,13,11.5
"YOR257W",2,4,3.33,1,4,2,7,4,4,7,4,1
"YOR135C",12,12.5,7.5,6.5,5,4,8,8,6.5,5.5,5.79,8
"YOR032W-A",3,3,1,2,1,0,0,4,1,1,2,1
"YOR223W",1,4,3,7,3,4,3,2,5,4,7,3
"YOR076C",9.12,7.5,6.38,2.38,1.38,3.5,13.12,18.25,6.12,9,5.12,10.25
"YOR231C-A",0.5,0,3,1.5,1,3.5,0.5,1,1,0.5,2.5,0.5
"YOR316C-A",0,0,0,0,0,0,0,1,0,0,1,0
"tS(GCU)O",2,2.25,2.08,2,0.75,0.25,1,1.55,1,2.33,2.75,2
"YOR061W",25,31,24.5,7,4,6,28,24,17,34,34,29
"YOR025W",3,0,6.1,1,0,6,5,10,4,6,10,8
"YOR371C",18,23,27,19,4,7.33,12,19,14,16,19.33,24
"YOL140W",10,13,10,5,1,4,9,9,16,11,13,9
"YOL062C",9,10,22,4,1,3,13,18,17,14,18,14
"YOR292C",4,0,15.33,14,7,6,3,7,3,1,5,2
"tG(UCC)O",28.5,39.33,25.3,8.17,5.33,6.33,26.67,26.33,15.67,15,9,14.33
"YOR027W",178,162.5,185,198,127,156.5,132,140,112,124,132,126
"tT(AGU)O2",0,0,0,0,0,0,0,0,0,0,0,0
"YOR142W-B",81.11,83.38,85.55,97.4,78.45,73.66,34.71,44.81,37.8,72.66,93.18,82.32
"YOR192C-A",49.87,47.3,55.73,59.61,47.74,45.36,32.36,33.78,32.73,17.7,24.3,21.41
"YOL103W-B",127.32,127.21,133.53,110.79,81.02,75.31,94.75,100.89,76.83,102.87,131.85,123.11
"YOR142W-A",4.65,3.93,3.86,6.92,6.28,6.42,2.5,2.34,0.57,2.13,3.81,5.18
"YOR192C-B",211.42,211.92,258.51,232.92,186.48,177.6,157.62,159.92,146.74,94.53,125.26,117.37
"YOR343W-B",205.62,219.09,230.01,248.49,177.84,172.24,146.42,157.47,140.12,82.01,108.38,99.21
"YOR343W-A",47.11,41.21,49.02,54.25,40.87,42.47,28.05,31.99,27.24,14.03,19.62,18.59
"YOL103W-A",12.5,7.92,11.4,10.5,7.33,5.75,9.58,7.5,5.92,8.5,12.35,15.22
"YGL087C",12,10,16,2,3,5,9,7,1,7,12,7
"YGL156W",18,26,22,100,52.5,57,14,24,16,19,18,15
"YGL015C",0,0,0.25,2,0,3,0,1,0,0,0,0
"RME2",5,6,2.5,5.5,2.5,6.33,7,10,3.83,4,5.05,7.5
"YGR251W",3,7,4,2,0,1,8,6,6,5,5,8
"YGR162W",139,133.85,134.67,26.08,25,21.14,162.25,175,144,152.31,198.98,195.22
"tK(UUU)G2",11.57,10.57,14.43,14,7,6.71,6.57,14.57,8.29,11.71,11.86,10.43
"YGR005C",14,12,13,8,7,4,8,16,13.06,14,14,9
"YGL160W",13,14,12,8,7,5,12.25,15,18,6,9,13
"snR46",130,105,130,112,87,121,92,98,86.5,96,115,72
"tD(GUC)G1",7.75,5.92,4.25,7.5,3.33,4.5,5,8.33,1,4.25,4,8
"YGL211W",9.04,13,7,12,5.5,5,8,14,9,8,16,14
"YGR141W",9,8,14,8,11,6,6,12,13,5,10,7
"YGL239C",1,3.5,1.5,0,0,1,1,1,1.5,3,1.5,3.5
"YGL097W",17,25.17,16,5,2,7,19.5,22,20,18.5,35,36
"YGR030C",3,1,1,0,0,2,3,5,4,5,1,2
"YGR224W",4,2,1,3,1.11,1,3,3,5.25,2,6.11,2
"YGR142W",3,1,3,153,101,102,8,1,4,1,1,4
"YGR186W",29,27,30,14,13,15,30,41,32,22,28,34
"YGR181W",5,4.5,7,0,0,0.5,1.5,4,4,11,7,2.5
"YGL081W",1,0.5,2,11,15.5,10,1,1,2.5,1,1,0
"YGR082W",17,9,21,1,2,3,18,21,17,18,12,23
"YGL028C",8,14,15,4,0,1,56,52,51,68,71,65
"YGL021W",6,4,9,9,3,3,17,24,16,18,12,17
"YGL110C",6,5,15,14,9,6,11,12,7,12.25,9,16
"YGR167W",21,17,23,11,14,6,19,27,21,25,24,23
"YGL017W",6,9,19,3,1,3,9,18,10,10,9,6
"tA(UGC)G",14.69,20.13,17.54,22.08,10.46,9.67,11.08,11.19,3.35,13.28,11.53,11.05
"YGR156W",12,12,9,6,4,3,7,6,9.5,9,12,11
"YGR291C",0,0,0,0,0,1,0,0,0,0,0,0
"YGR197C",6,2,6,2,2,4,1,2.05,2,7.33,4,7
"YGR041W",6,5,7,5,2,3,16,9.33,9,12,10,17
"YGL079W",2,6,7,3,2,2,8,2,3,4.5,4,5
"YGL107C",19,11,13,2,1,2,18,11,17,27,22,22
"YGL168W",4.5,5,10,1.5,1.5,3,4.5,4,10.5,10.5,6,3.5
"YGL228W",34,29.17,27,13,7,7,29,28,26,20,30,33
"YGR183C",6,9,5,12,6,8,6,2,3,6,2,3
"YGL050W",15,13,10,1,1,0,14,4.75,10,7.5,11,9
"YGR273C",0,0,0,0,0,1,0,1,0,0,0,0
"YGR086C",64,70,76.1,58,41,44,79,91,78.33,62,89,95
"YGR228W",11,7.5,6.5,1,2,1,5.5,7,8,5.5,12.5,5
"YGL145W",7,6.17,9,6,3,2,10.25,14,11,13,8,20
"YGR098C",7,13.5,18,5,6,9,30.17,25.5,26,14.36,32.17,33.5
"YGR074W",3.67,4.22,3.23,2.08,0.12,1.06,1.56,3.75,0.4,3.58,2.77,5.73
"YGL098W",4,1,7,11,7,9,4,10,3,2,5,5
"snR7-S",97,91.83,93.5,371,248.33,387.92,96,111.33,87,141.5,140.83,133.42
"YGL096W",0,5,0,10,7,6,1,0,2,4,2,2
"YGR240C-A",2,0,1,4,7.5,3,2,1,2,7,1,1
"YGR172C",6,9,10,5,0,4,9,12,7,12,14,12
"YGR194C",10,14,5,12,7,21,4,6,3,4,10,6
"YGL026C",80,53,65,27,14,16,67,51,50,64,81,69
"YGL213C",6,6,10.5,1,1,2,9.5,11,6.5,14,7,12
"YGL248W",19,11,13,46,36,39,9,18,14,15,12,12
"YGL075C",4,4,4,4,4,3,9,3,3,5,4,4
"YGL256W",8,10,9,8,3,2,7,13,18,9,17,11
"YGL012W",24,27.25,19,12,10,7,42,45,38,38,38,36
"YGL082W",8,8.5,14,8,3.5,5,15,10,14.5,4,17,9
"YGR161C",8,15,13,42,33,38,11,15.17,13,18.33,11,8
"tW(CCA)G1",1,2.33,4.33,2.33,3.67,2.17,2.67,3.67,3.33,3.17,4,4.83
"YGR274C",17,21,23.5,19.17,6.11,7,17,20,15,15,22,27
"YGR031C-A",1.22,2.5,1,0.72,0.11,0,1,3,1.11,0.22,2.11,2
"YGL037C",58,43,43,93,69,70,39,33,28,35,33,24
"YGL252C",18,25,18,6,9,6,21,25,14,26,19,24
"YGL250W",4,2,0,3,2,1,3,1,6,0,1,3
"YGR260W",36.5,33,34,12.5,12,11.5,38.5,43.5,46,54,66,63.5
"YGR159C",81.5,87.75,97.58,10,4,3.5,92.5,130.5,88.08,101.25,151.75,140
"YGR006W",2,0,2,3,1,0,2,4,2,0,2,5.25
"YGL121C",3,3,10,10,7,9,2,4,3,0,6,3
"YGL040C",18,15,21,5,7,5,13,18,15,10,14,25
"YGR130C",30,26,29.1,26,27,20,30,46.83,31,38.5,39.25,33
"YGR021W",3,5,6,1,1,1,4,5,6,8,6,7
"YGR097W",72,47,69,61,54,48,54,67.33,48,48,71.67,58.75
"YGL170C",6,3,3,7,6,7,1,3,2,3,1,2
"YGL166W",2.5,1,2,0,0,0,1.5,1,3,0,1.5,4.5
"YGL104C",5,5,4,6,4,4,5,3,5,3,6,3
"YGR149W",10,14,11,18,15,17,12,13,11,10,9,7
"YGR195W",11,7,17,3,1,1,12,16,11,13,11,17
"tG(GCC)G2",0,0,0,0,0,0,1,0,0,0.5,0,0
"YGR250C",41,29,40,70,45,51,39,37,27,22,25,30
"YGL155W",14,7,8,2,0,0,7,14,9.17,8,10,14
"YGL216W",18.5,17.5,18.5,18.5,17,8,18.5,29.5,21,16,16.5,18
"YGR029W",9,8,9,1,0,0,8,2,2,7,9,5
"YGL125W",19,14,26,14,15,10,20,15,20,18,19,23
"YGR038W",6,8,7,1,0,2,9,7,9,3,5,9
"YGR008C",10,14,18,43,32,49,10,12,6,9,8,9
"YGR248W",3,4,4,75.1,45,52,3,1,2,4,2,2
"YGL094C",31,34.75,32,14,7,9,34,57,33,38,45,41
"YGR131W",1,3,0.17,1,0,0,4,0,1,4,2,2
"YGR163W",2,5,8,8,4,5,5,11,8,11,12,6
"YGR125W",34,38,33,30,26,21,29,33,24,31,33,32
"YGR279C",136,183,158,30,34.5,25,109,161,143,138,145,150
"YGL022W",54,63.17,69,6,16,11,74,78,70,87,108,75
"tD(GUC)G2",0.62,1.5,0.38,1,0.95,0.88,0.71,0.29,0.25,0.5,0.5,0.5
"YGR271W",25.25,33.83,25.86,12.36,6.56,12.25,31.17,43.22,26.65,34.96,42.79,34.05
"YGL025C",4.5,2,5.5,6,1,0,3,6,7.5,2.5,10,3
"YGL176C",9,7,6,6,6,11,5,13,7,9,5,12
"YGR031W",3.56,3.5,1,3.72,0.11,0,2,4,5.11,2.22,6.11,6
"YGL102C",116.39,117.92,115,23.5,13,10.5,122.42,129.33,107,151.83,157.33,130.25
"YGR182C",16,11.5,16,26,18,17.5,8.5,15,6,11,15,8.5
"YGR025W",1,0,0,0,0,0,0,0,0,0,0,1
"YGL113W",9,8,16,2,3,7,13,18,10,16,18,14
"YGR188C",4,5,6,7,1,7,5,9.17,4,6,3,6
"YGL162W",3,4,5,3,1,8,6,4,5,5,3,9
"YGL084C",17,11,16,3,4,1,9,27,10,15.06,16,16
"snR10",198,196.83,211.92,392.33,273.5,359.67,176.5,196.5,157.33,191.5,199.83,197
"YGL196W",12,12,10,14,15,13,10,11,12,9.75,16,10
"RME3",0.5,0.5,1,0,2,1,1,1.5,2,0.5,3,1
"YGR230W",0,1,1,0,0,0,1.5,3,1,4,2,2
"YGR084C",16,18,7,3,3,2,8,9,11,14,19,11
"YGL222C",8,5,7,1,4,2,4,7,3,4,2,5
"YGR166W",15,11,18,12,11,10,14,15,19,13,9,17
"YGR122C-A",3.5,2,1,2,0,0.25,0,0,0,0,1.2,2
"YGR152C",7.67,10.24,5.85,1.04,4.87,0.75,13.5,20.69,10,8.5,19,16.54
"YGL210W",5,8,3,1,0,0,12,8,6,7,6,5
"YGR265W",3,2,2.5,1,0,0,3.5,2.5,2,5.5,6.5,5
"YGR157W",187.17,163.25,192,96.1,79,70,146,149.17,117.4,97,128,149
"YGL240W",4,0,1,1,0,2,2,3,1,3,2,1
"YGR085C",126,134.5,121,16,11,12,129,154.5,135.75,157,166.5,175.5
"YGR237C",7,12,10,15,10,8,6,14.5,14,12,13,11
"YGL146C",1,0,1,6,3,2,0,1,0,0,3,0
"YGL153W",2,4,5.5,1,2,0,5,4,2,2.5,2,3
"YGR075C",5,1,2,4,0,0,5,2,5,1,3,2
"tT(UGU)G2",0,0.33,2,0.33,0.33,0.67,1.33,0,0.33,1.67,1.33,1.17
"YGL169W",14,16,12,2,2,5,9,15,10,17,25,19
"YGR187C",20,18,24.1,1,1,4,14.17,19,14,20,30,26.17
"YGL167C",56.5,70,47,15.5,20.5,19,64.5,76,67.5,70.5,87,71.5
"YGR050C",0,2.12,1,0,0,0,1,2,1,3,1,1
"YGR035W-A",3,2,0,1,0,0,2,4,5,4,5,3
"YGR217W",28.75,29.75,35.36,25.86,7.11,16,27,24.39,24.15,27.71,42.34,38.71
"YGR068C",14,10,11,7,5,9.5,4,3.6,11.5,7.5,10,3.5
"YGR296W",3.71,4.31,4.12,2.07,1.01,2.8,3.72,6.63,4.29,6.16,5.63,6.44
"YGR177C",10,12.5,8.5,2,0,0,12,16,12,7.5,17.5,12.5
"YGL068W",2,9,7,2,1.5,0.5,1.5,4.5,9,10.5,9,9.5
"tN(GUU)G",0.6,0.8,0.5,1.4,0.1,0,1.4,0.4,0.35,1.5,1.4,2.4
"YGL018C",3,9,9,1,3,1,1,3,6,3,5,7
"YGL188C",3,4,4,6,2,7,2,3,5,4,3,2
"YGR126W",4,2,3,0,0,0,2,3,2,1,2,1
"YGL065C",17,11,14,2,0,3,11,9,8,8,7,16
"YGL014W",56.5,59,58.5,26.5,19.5,22,59.5,56.5,66,62,61.5,64
"YGL100W",5,8,23.75,1,2,4,12,14,13,18,15,8
"YGR288W",6,3,5,2,0,2,2,1,1,3,3,1
"YGL174W",6,1,4,5,1,1,3,6,2,6,4,2
"YGR211W",40,38,33,12,6,8,36,39,28,45,46,48
"YGL204C",0,1,2,1,1,1,2,2,2,3,4,0
"YGR270W",50,43,37.5,11,14,15.5,53,52,42,53.5,56,47
"YGR204W",99.25,117,113,97,49.5,44,88,109,91,117,141,116
"YGR266W",12,13,17,13,8,5,8,4,13,10,19,21
"YGL070C",1,3,4,0,0,0,5,9,7,4,4.5,7.5
"YGL225W",34.67,32.5,29.5,8.39,8.63,6.33,52.17,37.65,50.33,47,51.67,62.5
"YGL120C",66,58,63,10,7,3,74,66,55,58,96,80
"tE(UUC)G1",2,1.24,0,0.75,0.5,0,1.07,1,0,0.14,1,0.62
"YGR252W",10,5,6,4,3,4,11,9,7,11,5,9
"YGL106W",12,21,8,2,1,5,19,16,14,17.75,14,19
"YGR284C",37,30,47,7,5,7,22,20,30,28,32,21
"YGR032W",167,172.5,190.17,585,396.57,411,126,149.5,141.67,87,125.75,124
"YGR174C",8,3,11,4,3,2,5,2,2,4,3,4
"YGR208W",14,10,13,5,3,4,9,14,7,7,12,10
"YGL016W",33,21.32,33,3.25,5.07,3,29.07,22,19.17,30,24,24
"YGR255C",23,21,20,19,6,7,9,18,15,24,15,21
"YGR146C-A",0,0,0,0,0,1,1,0,0,0,0,0
"YGL194C",5.04,4,5,3,1.5,6,4,6,9.5,11,9,9
"YGL138C",0,1,0,1,0,2,0,0,0,0,0,0
"YGR091W",5.25,12,7,2,0,1,8.75,11,8,7,8,10
"YGR200C",40,33,31,8,1,4,49,51,22,41,68,52
"YGR191W",29,39.5,53,25,13.5,12,43,52.5,35,63,61.5,48
"YGR270C-A",1,1,1.5,0,0,0.5,1,2,2,3.5,2,2
"YGL227W",8,17.23,10,14.06,15,13,6,12,5,8,9,9
"YGR081C",7,10,10,1,0,1,14,12,10,10,14,9
"YGL243W",9,2,3,4,0,3,9,9,7,7,8,6
"YGL194C-A",5,2,2,2,1,0,1,5,0,2,1,1
"YGR148C",114,106.35,122.5,10,12.5,5,124,142,125.5,137,174,130.5
"YGL136C",10,7,8,6,3,3,9,9,7,11,8,11
"YGR276C",22,16,14,13,6,10,7,10,11,13,19,23
"YGL129C",13,16,16,12,2,3,15,13,17,12,17,20
"tR(UCU)G2",0,0.17,0.07,0,0,0,0,0.5,0,0,0,0
"YGR053C",0,1.12,1,1,1,1,3,2,0,0,2,2.1
"YGR069W",0.11,3,1,3.25,1,0,1,0.2,0.45,1.5,2.53,1.2
"YGL224C",15,12,11,6,8,4,6,7,11,9,12,12
"YGL193C",1.5,1,0.5,0,1.5,1.33,1.5,2,0.33,0.5,0.55,1.5
"YGL020C",10,5,12,2,0,2,7,14,11,2,16,12
"YGL177W",1,0,0,0,0,0,1,1,2,0,0,0
"YGL189C",237,249,263,26.5,18,21,241,251,206.75,245.5,300.5,292.5
"YGR122W",5.5,3.5,4,1,3,1,2,4.08,6.5,5,6.5,7.5
"YGL003C",9,5,12,3,6,3,1,8,7,13,17,14
"YGR210C",18,26,27,3,1,4,19,32,15.5,16.75,39,34
"tG(GCC)G1",0,0,0,0,0.5,0,0,0,0,0,0,0
"YGR079W",21,14,14,4,0,5,30,15,15,30,33,32.75
"YGL115W",12,14.5,17,15,2,4,14,14.5,19,17.07,21,15
"YGL105W",132.86,96.95,120.33,20.42,13.07,10.83,107.29,136.1,95.5,116.79,117.34,126.15
"YGR026W",20.22,14.07,19.05,3,2.11,8.05,14.07,26,13.29,28,13.1,19
"YGR087C",0.17,1,0,6,5,1,0.5,1,0.5,0.5,2,1
"YGR278W",5,8,10,8,3,2,5,4,8,9,9,10
"YGR042W",4,4,2,5,0,3,5,5,4,2,7,6
"YGR043C",4,7,5,119,87,88,2,2,2,2,1,3
"YGL165C",3.5,1,4.5,1.5,0,0,0.5,1.5,2,1,1.5,6
"YGR110W",0,0,3,3,2,7,0,1,0,5,5,1
"YGR089W",22,26,28.17,10,5,9,33,24.25,25,26,36,19
"YGL158W",5,1,0,15,10,10,0,6,0,2,2,0
"YGR262C",5,7,5,2,2,2,1,7,5,11,10,11
"YGL200C",18,33,33,3,7,8,42,35,22,28.5,41,31
"YGL117W",7,5,8,12,5,5,2,3,5,4,4,5
"YGL186C",10,18,23,17,12,12,12,14,13,19,22,16
"YGR010W",7.5,3.5,1.5,3.5,1,2,3,13,3,6,5.5,8.5
"YGR198W",21,19,21,7.1,3,3,14,17,22,28.5,29,35
"YGR137W",3.5,7.5,3,13.57,9.5,10.5,4,1,5,6.33,6,5.5
"YGL058W",15,15,10,10,6,10,11,13,9,8,10,4
"YGL226W",5,2,1,0,2,0,4,1,2,5,3,3
"YGL055W",164,128.5,142,65,61,57,193,240,179.5,277,361,337
"YGL184C",3,1.89,4.96,3,2.39,8,4,1.39,1,2,2.39,1
"YGL024W",0.5,0,0.5,0,0,0,3,1,0.5,1.5,2,1
"tV(AAC)G3",0,0,0,0.11,0,0,0,0,0,0,0,0
"YGL151W",23,24,30,12,5,12,31,24,24,28,23,30
"YGR101W",4,4,7,2,1,1,5,4,3,16,10,5
"YGL230C",2,0,1,1,1,0,0,0,0,1,1,0
"YGR103W",60,53,65,10,7,10,68,74,65,90,90.17,88
"YGR096W",2,4,4,4,0,2,3,3,3,0,5,1.12
"YGR112W",15,4,8,7,4,7,9,6,6,2,5,9
"tI(AAU)G",0,0,0,0,0,0,0,0.33,0,0,0,0.25
"YGL013C",22,22,16,9,9,4,17,30,18,23,34,25
"YGL076C",167.83,193.5,189.5,15.5,7.5,12.5,195.5,222,198,221.5,262.5,270.67
"YGR067C",1,1,1,3,2,2,3,2,1,0.33,2,2
"YGR094W",248.25,241,257,33,15.75,18,239.75,290.5,222.67,205,315.25,260
"YGL226C-A",3,3,3,1,0,1,7,7,7,2,8,3
"YGR045C",0,0,0,0,0,0,0,0,0,1,0,1
"YGR175C",133,105.5,153,36,13,19,146,166,126,121,148,129
"YGL008C",1052.42,1007.92,1018.06,145,93,94.5,1537,1807,1422.75,1460.75,1874.75,1729.25
"YGR115C",9.5,6,8.67,0.83,2,1.83,7.67,9.83,9.5,7.67,9.83,7.17
"YGR108W",7,5,5,4,4,5,24,19,24,25,30,35
"YGR218W",70.25,65,49,45,33,20,79,76.08,61,71,91,84.33
"YGR205W",3,3,6,6,6,3,3,2,3,4,7,2
"YGL073W",19.5,19,26,21,15,12,21.5,22.1,19,21,27.5,26
"YGL009C",172,188,178,45,21,24,131,164,133,182,231,208
"YGL095C",14.34,14.47,16.58,15.08,10.2,8.06,14.81,15.31,8,9.29,17.37,13.71
"YGL137W",76,67,98.25,27,18,22,76,91,69,73.25,105,80.5
"YGL214W",1,3,2.5,0,0,0,2.5,3,2.5,6,3,5
"YGR105W",4,5,3,2,0,0,4,3,9,4,4,1
"YGR001C",18,10,11,1,3,2,6,15,7,6,20,17
"tK(UUU)G1",1.9,3.9,3.76,3,2.1,1.71,2.74,3.5,1.29,3.77,5.36,2.6
"YGL217C",2.5,1.5,1.5,0.5,0,0,1.5,0.5,1,1,0.5,1
"YGL173C",118,99,89,47,33,30,114,152,121.5,126,171,145
"YGL086W",17,13,20,5,9,3,15,17,13,23,18,16
"YGR223C",4,5,5,6,6,4,5,3,3,4,3,5
"tS(AGA)G",2.2,1.9,2.31,1.6,2.4,0.9,1.51,2.12,1.27,1,1.1,0.8
"YGR077C",13,9,13,0,9,6,16,21.28,13,13,16,27
"YGL052W",0.25,1.5,0,1,0,2,0.5,1.5,1,0.5,0,2
"YGR285C",134,134,118,20,10,13,115,134,112,108.5,155,142
"YGL080W",7,6,10,4,2,4,1,5,6,4,6,8
"YGL207W",65,68,80.17,27,17,12,83,83,67.17,68,77.07,79.75
"YGR261C",23,29.75,27,19,13,17.11,18,34,27,24,33.05,20
"YGR226C",0,0,0,0,0,0,0,0,0.5,0,0,0
"YGL140C",40.04,43,32,30,25,18,47,47,52,51,41,55
"YGL078C",50,54,50,14,4,7,34,55,52,34,75,62
"YGL199C",2.5,0.5,1,0,1.5,0,2,4,0.5,2,2.5,1
"YGR164W",0,0.17,3.07,0,0,1,2,2.5,0,3,3,1
"YGR150C",22,20,31,6,6,0,15,21.08,16.25,18,24.67,22
"YGL006W-A",0,0,0,0,1,0,0,0,0,1,0,0
"YGR196C",5.25,8,8,8,5,14,8,6,8,8,4.5,7
"YGL197W",49.25,43.64,44.21,49,39.14,34,51.67,42.39,41,48.5,43.14,45
"YGR136W",17.25,15.75,16.5,49.57,28.5,31.5,12.21,13.11,15.25,10.8,21.21,19.61
"YGR153W",4,3,7,16,8,10,1,6,4,2,2,3
"YGL159W",5,4,8,0,3,3,5,4,5,3,4.12,8
"YGR286C",19,22,24,20,15,12,9,14,9,15,14,14
"YGL254W",3,3,3,2,0,3,3,6,1,3,7,7
"tH(GUG)G1",5.48,4.98,4.43,6.81,2.97,1.86,2.93,3.57,1.71,3.29,3.57,2.71
"YGR023W",10,13.5,18.5,23.5,21,28.5,12.5,17,10,10.5,11.5,16
"snR48",2,0,1,0,1,0,0,1,0,2,1,3
"YGL063W",5.5,4,4,1,1,1,3,1.5,2,1.5,3,5.5
"YGL154C",3,7,2,1,3,0,4,2,3,5,5,4
"YGL035C",21,13,25,14,3,12,16,24,20,21,22,17
"YGR009C",24,11,15.17,9,8,4,14.06,13,14,10,22.17,8.5
"YGR034W",131.5,120.5,122.5,7.5,3,6.5,109.5,114,112,133.5,149.25,129.5
"YGL064C",10,4,16,3,4,1,11,13,8,12,14,15
"YGR118W",115.5,115.75,115.5,7.57,6,13,105.5,129.5,98.5,116,162,133.5
"YGR277C",6,7,9,3,4,1,10,9,10,9,11,7
"YGR232W",8,9,5,0,1,3,8,3,6,4,9,11.5
"YGR227W",16,11,15,4,2,2,14,14,8,7,13,15
"YGL142C",13,16,16,10,10,7,15,15,11,18,5,13
"YGL143C",7,8,8,1,1,4,4,5,3,6,9,6
"YGR222W",2,2,5,5,2,2,3,5,4,7,4,4
"YGL045W",3.5,5,9,15,13,15,5,5,4.25,6,8,13
"YGL253W",120,132,151,78,40,59,122,150,124,136,158,143
"YGR257C",12,7,9,16,8,10,4,18,12,10,16,15
"YGL131C",19.5,17.5,11.5,32.5,9.5,10.5,19,13,19,22,14.5,24
"YGR064W",0,2,1,1.5,2.5,2.5,2.5,1,1,2,0.5,1.5
"YGR263C",5,4,8,6,0,0,7,4,3,4,6,9
"YGL049C",71.67,60.12,58,68,38,48,51.75,56,52,62,63,58
"YGR296C-B",0.06,0.38,0.25,0.06,0.17,0.25,0.38,0.38,0.19,0.44,0.38,0.42
"YGL202W",77,84,70,25,19,22,52,62,45,62,83,63
"YGL258W-A",0,0,0,1,2,0,0,0,1,0,1,0
"YGR133W",1,3,1,1,1,2,3,0,2,3,3,3
"YGR109C",2,1,1,1,0,1,2,1,1,2,1,4
"YGR037C",30,21,25,18,10,16,26,25.75,17,21,28,35
"YGL077C",40,35.67,37,14,10,7,34,36,41,37,54,35
"YGR111W",12,19,13,12,6,4,8,8.75,19,5,16,17
"YGR016W",0,1,2,1,0,0,0,2,4,0,1,0
"YGR245C",40,44,47,11.22,11,6,43.33,55,35,55,70,71.25
"YGR287C",2.25,1.25,4.5,47.67,49.5,37.25,1,2,1,1,0,2
"YGL244W",23,20,24,4,8,11,34,27,27,37,23,33
"YGL057C",2,10,2.25,0.12,2,0,4,4,3,5.17,7,5
"YGL187C",18,11,11,16,7,14,13,13,12,5,7,7
"YGR180C",95,93,119.75,120,83,80,108,131,120.5,108,137,127
"YGR116W",75.5,74,95.67,17.83,27,18.83,89.67,97.83,82.5,81.67,91.83,84.17
"YGL181W",12,8,16,5,4,7,9,6,5,4,10,8
"YGR202C",14.06,11,11.1,3,4,4,9.17,14.25,13.06,10.5,15,12.17
"YGL127C",5,10,11,2,1,0,7,1,1,3,8,6
"YGR203W",5,4.11,2.1,0,1,0,6,0,3,1,5,1.05
"YGL150C",78,73,65,45,18,34.83,55.5,89.33,73,70.58,78.12,70.83
"YGR134W",12,21,14,6,4,3,9,15,14,15,15,18
"YGR095C",17,3,9,5,1,8,7,8,11,10.75,13,10
"YGR214W",165,151.5,172,15,5,13,179,188.67,154.5,194,219,216.5
"YGR269W",1,2.5,1,1,1,1,1,1.5,0,0.5,1,2.5
"YGR176W",0,0.5,0.5,0,0,0,1,1,4,1.5,2.5,0.5
"YGL263W",0,0,0,0,0,0,0,0,0,0,0,0
"YGR057C",10,2,2,0,3,1,1,3,9,5,4,4
"YGL074C",1,1.5,0.5,0.5,1,0,0.5,1.5,0,2.5,1,1.5
"YGR007W",10,6,19,2,5.06,4,8,19,8,12,17,15
"YGR241C",18.5,21.5,18,15,14.5,13,17,23,19,23,17,17.5
"YGR127W",4,5,5,5,2,1,5,2,5,6,4,5
"YGL219C",5,8.5,11.5,3.5,7,4.5,9,6,11,10.5,9,11.5
"YGL061C",2,4.5,5,1,0,0,6,1,3,4,3.17,3
"YGR083C",46,46.5,38,9,11,12,37.25,44,29,34,44,38
"YGL038C",9,13,14,4,0,5,15,18,15,11,11,10
"YGL047W",5,0,4,4,1,2,3,5,6,8,7,4
"YGR244C",50,47,54,51,41,35,32,39,31,35,34,32
"YGR289C",1,3,10,27.5,27.5,21.5,0.5,1,0,1.5,2,0
"YGL089C",1,0,1,1,0,0,0,1,0,0,1,1
"YGL180W",6.5,7.5,6,22,19,15,5,9.5,10,12,7,5
"YGR146C",28,33.5,31,28,18,18.5,9,7,14,10,10,15
"YGL149W",0,2,1,0,0,0.5,2.5,3,2,1,1,2.5
"YGL242C",13,10,5,3,0,0,9,7,7,10,5,10
"YGR106C",27,38,41,2,9,4,36,28,24,32,36,41
"YGR004W",7,7,5,3,3,2,4,9,2,3,5,3
"YGR209C",18,14,17,20,18,18,12,18,6,18,19,7
"YGR052W",1,1,1,16,7,11,1,0,2,1,1,1
"YGR158C",13,7,9.17,4,2,1,9,18,6,16.5,16,13
"YGR003W",13,13,12,4,2,4,9,9,10,14,12,12
"YGR219W",2,4.5,3,2,2,0,7,2,3,4,6.5,5
"YGL247W",4,2,2,2,5,5,1,6,4,3,5,7
"YGR170W",24,25,34,29,14,10,27,25,15,31,28.25,35.5
"YGR246C",10,4,9,8,3,12,11,5,4,11,14,10
"YGL183C",1,0,0,1,2,2,0,0,0,0,0,1
"YGR160W",18.5,28.75,31.58,2,2,0.5,22.5,32.5,25.08,26.25,39.75,34
"YGR204C-A",0,1,0,0,0,1,0,1,0,0,0,1
"YGR039W",1,2,7,0,0,0,1,0,1,0,3,3
"YGL059W",1,2,4,4,2,1,6,6,3,5,3,1
"YGL123W",289.03,285.75,319,20,19,18,309.25,377.75,276.5,321.5,408,400
"YGL099W",31,19,23,10.5,3,4,18,34,16,24.5,52,39.12
"YGR102C",5,10,9,3,2,1,8,5,6,3,5,7
"YGL233W",9,18,20,9,5,10,17,30,22,24,26,21
"YGL072C",1.5,1.5,2.5,0.5,2,1,1,3.5,0,2.5,2,2.5
"YGL056C",25,22,31.17,7,8,12,26,24,17,27,25,31
"YGR104C",1,4,4,2,5,0,5.06,3,4,2,5,4.06
"YGR240C",306.31,303.67,326.56,169.68,112.25,110.33,317,396.17,281,324.85,405.5,358.78
"YGR243W",0,1,1,10,6,5,0,0,0,2,0,1
"YGR275W",4,3,7,4,0,1,2,4,3,3,6,7
"YGL088W",198,195.83,211.92,392.33,273.5,359.67,176.5,196.5,157.33,191.5,199.83,197
"YGR020C",28,22.5,26,4,4,8,16,28,24,28,31,25
"YGR100W",21.12,25.5,26.12,24.38,15.38,14.5,19.12,19,20.12,18,20.12,29.25
"YGR231C",29,25,24,6,4,6,23,28.5,23,20,26,18
"YGR215W",7,11,7,1,0,1,5,5,8,4,11,9
"YGR018C",2.25,2.5,2.33,0.5,0,0.5,2,1.5,4,4,4.5,3.5
"YGL152C",1,3,2.5,1,2,0,1,3,2,2.5,1,3
"YGL212W",3,2,2,4,1,1,4,1,2,4,3,5
"YGL066W",9,12,8,7,2.07,7,11,11,10,10,6,10
"YGL060W",12,8,3,5,3,2,8,18,11,7,9,11
"YGL185C",5,6,3,6,5,1,4,7,7,5,11,3
"YGR145W",37,31,42,9,3,5,32,36,29.06,33,51,38
"YGL011C",25,25,27,26,12,6,31,45,28,21,27,19
"YGR147C",5,11,9,3,4,2,8,12,6,16,10,11
"YGR036C",2,7,7,3,0,2,6,9,4,4,10,6
"YGL122C",27,26.75,27,27,13,16,21,28,24,33,32,44
"YGL261C",0.17,0.75,0.75,0.1,0.12,0.29,0,0.14,0.45,0.42,0,0.1
"YGL041C",0,0.5,2,0.5,0,0,2,2,1,1.5,1.5,0.5
"YGR099W",4,1,6,2,1,2,7,7,8,5,12,11
"YGR046W",6.1,10.45,8.23,11.54,4.04,1,4.25,10.72,12.07,14.25,12,7.36
"YGL188C-A",0,0,0,0,0,1,0,1,0,0,0,0
"YGR216C",17,8,8,3,4,2,4,9.17,9,7,8,7
"tG(UCC)G",28,38.33,25.63,7.92,5.33,6.33,27.17,26.33,15.67,15,9,14.33
"YGR047C",9,13,6,6,10,14,13,14,6,20,16,12
"YGR238C",7,6,8.17,10,6,11.25,9.06,9,8,12,12.17,9
"YGR282C",145.3,149.5,153.63,168,100.55,117.25,124.9,153.07,126.5,132.15,169.38,135.13
"YGL132W",1.5,1.5,1.5,0.5,0.5,0.5,1,1,0,2,2.5,2
"tA(AGC)G",0,0,0,0,0,0,0,0,0,0,0,0
"YGR169C",9.06,6.5,9,3.12,2,2,8,2,7,6,7,10
"YGR063C",5,4,3,3.5,3.5,2.5,2.5,5,3,4,2.5,4.5
"YGR256W",3,3,2,141,70,103,4,2,2,3,4,6
"YGL036W",28,32,38,36,36,29,24,38,27,28,25,31.5
"YGR192C",2106,2006.67,2096.67,825.17,621.04,621,2140.53,2515.83,2029.25,2572.7,3179.16,2979.92
"YGL191W",15,18,16,41,28,26,10,11,10,14,12,13
"YGR051C",0,0,1,0,0.25,2,0,0,0,0,0,0
"YGR013W",9,12,14,12,3,4,10,14,8,9,12,11
"YGR123C",20,22,34,2,3,3,19,33,23,15,28,30
"YGL209W",11,20,22,0,0,1,4,13,9.67,5,1,6
"YGL163C",22,9,21,20,12,20,23,17,11,17,22,23
"YGR296C-A",0.11,0,0,0,0,0,0,0,0.06,0,0.05,0
"YGL178W",43,42,48,28,12,11,34.83,36,35,34,39,32
"YGL092W",68.5,59,69,12,7,28,72.5,93,72,102.75,94,84
"YGR132C",19,19,23,19,9,8,17,21,21,16,14,14
"YGL208W",6,4,6,6,6,9,5,6,8,5,4,9
"tL(GAG)G",1,2,1,0,1,0,1,0,2,0,0,1
"YGR059W",1.25,1,2.11,0,2.25,0,0,1,1.25,0.1,0.25,2.11
"YGR114C",2,2,3.67,0.33,0,0.33,1.67,3.33,2,1.67,3.33,1.67
"YGR128C",40,33,35,6,1,2,45,44,40,59,64,52
"YGL246C",8,7.5,11,5,2,5,11,17,6,10,12,20
"YGL190C",23,25,11,4,2,5,23,30,25,27,32,29
"YGR033C",12,5,3,4,5,3,13,11,8,8,6,10
"YGL112C",15,11,16,9,3,0,20,19,20,17,29,17
"YGL001C",19,23,24,12,12,3,19,15,25,19,18,9
"YGR168C",8,9,8,5,3,7,4.17,4.17,6,5,8,4
"YGL093W",11,12,11,7,2,5,15,15,16.08,12.75,22.5,9
"YGR120C",8,4,11,2,3,0,6,9,8,7,5,5
"YGR027C",125,105,131,7,8,7,160,184.75,115,168,184,149
"YGL259W",0,1.5,0.5,1,2.5,1.5,0,0.5,1,0,1.5,0
"YGR294W",0.28,0.33,0.5,0.15,0.62,1.29,0,0.14,0.25,0.75,0.58,0.05
"YGR124W",89,91.5,83.1,15.5,9,15,71.5,101.5,67.5,83,122,106
"YGL103W",124.14,126.92,124,24.5,13,11.5,127.42,133.08,110,159.83,161.83,138.25
"YGL062W",68.25,56.42,64.5,52.5,59.75,46,47.75,61.36,49.67,66,72.57,64.25
"YGR049W",19,19,13,21,9,13,12,11,11,6,9,7
"snR39",21,34,44,20,10,15,29,38,20,44,39,23
"YGR076C",5,3,6,2,1,4,2,7,2,2,3,2
"YGL161C",7,11,8,6,1,3,9,18,9,5,12,12
"YGR062C",0,2,4,1,1,1,2,3,6,5,5,2
"tV(AAC)G1",0,0,0,0.11,0,0,0,0,0,0,0,0
"YGL237C",2,4,0,3,3,1,1,4,0,6,4,3
"YGR024C",10,5,10,4,2,1,7,13,10,10,7,12
"YGR184C",73,68,66,58,38,36,74.06,99,64.25,62.5,111,88
"YGR292W",3.5,4,5.5,117.42,99,91.42,1,2,0.5,2.5,1,1
"YGR151C",2,2,3,0,0.5,0.5,4.5,3.5,4,2.5,4.5,3.5
"YGL034C",1,0,0,0.2,0,0,0,1,0,0,0,0
"YGL067W",21,10,16,7,4,7,6,18,17,15,18,18
"YGR072W",7,10,8,5,4,0,11,16,14,10,5,17
"YGL229C",3,2,2,1,3,4,3,6,2,8,6,4
"YGR055W",23,21,26,48,39.75,36,31,33,34,42,25,24
"YGL044C",7,8,4,2,1,2,8.75,13,8,10,5,14
"YGL054C",17,15,15,2,1,2,13,11,9,12,12,16
"YGL119W",11,10.64,16.21,6,6.14,9,14,14.14,11,12,14.14,14
"YGR068W-A",1,0,0,0,0,0,0,0.5,0.5,0.5,0,0.5
"YGR206W",3,2,3,3,3,0,6,3,5,5,2,5
"YGR121W-A",0,0,0,0,0,0,0,0,1,1,0,0
"YGL130W",12.5,9,14,24,18,20,7.25,8,8.5,9,5,12
"YGL042C",4.5,7,6.5,1,0,0,3.5,9.5,3.5,6.5,5.5,5
"YGR090W",120,103,101,23,19,16,86,82,76,78,120,107
"YGR221C",9,8,6,5,4,1,5,8,6,5,5,9
"YGR143W",13,9,21,22,8,17,14,18,12,21,19,19
"tR(UCU)G1",0,0,0.39,0,0,0.25,0,0,0,0,0,0
"YGL218W",3,0.5,4.5,0.5,1,2.5,2,2,2,2.5,2,2.5
"YGL198W",4.5,1.5,3,2,1.5,1,2,4,3.5,2,5.5,3
"YGL083W",10,17,11,5,6,3,17,16,13,18,21,24
"tC(GCA)G",0.25,0,0.25,0,0.25,0,0.25,0,0,0,0.25,0
"YGR071C",5,10,10,2,4,1,7,10,8,10,14,13
"YGR259C",7.5,5,7,2.5,1,2.5,6.5,9.5,6,8,11,12.5
"YGR058W",6,1,1,10,0,9,3,7,4,4,5,4
"YGL195W",238,248.67,215,51,36,45,257,309,236,241.5,349,312
"YGL192W",3.5,5,2,4.5,1,4.33,5.5,8,3.83,3.5,4.5,6
"YGL206C",195,179,226,52.5,33,33,180.25,215,192,160,211,182
"YGR060W",129,111.75,144,39,35,39,127,195,126,114,166,147
"YGL257C",8,6,12,4,4,8,9,10,8,15,8,13
"YGL236C",8,13,13.5,7,8,1,9,7,13,11,6.5,8
"YGR138C",24,29.5,25.6,26,16,29.5,34.5,36.5,35,12,15.5,21
"YGR015C",4,6,2,1,0,0,2,3,3,0,6,2
"YGL023C",20.62,19.4,16.81,7.79,3.64,2.77,11.98,25.96,9.23,19.25,22.97,19.44
"YGL144C",6,10,10,2,2,1,6.5,8.5,13,12,8.07,13
"YGL071W",11,21,25,9,8,2,20,22.5,22,25,33,34.5
"tK(CUU)G3",0,0,0,0,0,0,0,0,0,0,0,0
"YGR080W",14,16,5,2,1,2,13,12,8,5,9,9
"YGL116W",11.25,9.17,7.11,5.25,3,3.67,15,14.33,12,15.96,9.11,14
"YGR035C",0.25,1.88,2.25,3,0,1,1.17,1,1,3.25,4.25,2
"YGL201C",15,14.5,13.25,4,2,7,22,27,19,24,31,31.5
"YGR212W",7,4,4,9,3,3,6,8.08,9,3,2,6
"YGR154C",5,4,3,2,2,1,3,1,3,5,2,0
"YGL241W",12,9,18,2,1,1,12,18,10,13,13,20
"YGL262W",0,0,0,0,0,0,0,0,0,0,0,0
"YGR247W",2,2,1,2,3,2,7,4.5,0,4,4,4
"YGR199W",9,15,14,2,2.5,2,29,18.08,15,21,20,19
"YGL260W",0,0,0.45,0.33,0,0,0,0,0,0,0,0
"YGR179C",2,7,3,0.5,1,1,3,3,3,4,4,7
"YGR011W",2.5,1.5,1,0.5,0,0,2,0,1,1,1.5,2.5
"YGL111W",23.04,20,26,11,8,12,19,27,27.25,31.12,38.88,27
"snR39B",64,94.75,76,51,53,42,49,56,56,72,71,74
"YGR073C",1.5,4,1,0.5,0,1,1,1.5,0,1.5,0.5,3.5
"YGR155W",126,132.12,141,49,35,30,113.5,161,133,136,167.5,174.1
"YGL114W",16,10,15,43,34.07,39,18,21.5,10,16,16,16.17
"YGL255W",22,23,16,35,21,36,11,9,7,21,17,11
"YGR066C",0,1,1,14,21,24,2,1,0,0,1,2
"YGR233C",51,53,58.75,12,7.33,2,45,70,37,63.5,63,53.5
"YGR092W",10,12,16,23,24,18,14.5,14,16,9,13,26
"YGL041W-A",2,1,2,0.5,1,0,2,4.5,2,3,4.5,4
"YGR171C",11,12,5,3,3,1,9,8,10,5,14,11
"tW(CCA)G2",1,2.33,4.33,2.33,2.67,2.17,2.67,3.83,3.33,3.17,4,4.83
"YGL171W",19,13,18,7,4,9,26,22,23,26,22,38
"YGL029W",6,8.67,11,0,1,0,5,12,8,6,8,6
"YGR040W",11,9,7,5,2,1,9,17,12,10,17,14
"YGR220C",10,6.5,12,2,4,1,11,11,6,8,7.5,9
"YGR268C",5,2.5,5,8,4,5,3,1.5,2,3.5,4,3.5
"YGL147C",131.5,153.83,148.75,5.5,4.5,3,133,182.5,139,178,209.5,205.5
"tK(CUU)G1",0,0,0,0,0,0,0,0,0,0,0,0
"YGR144W",0,1,2,2,2,0,0,1,0,3,1,1
"YGR178C",59,52,56,32,22,31,56,78.07,55,60,86,67
"YGR113W",1,4,2,1,0,2,4.07,5.25,5,7,0,5.07
"YGL203C",39,31,24,7,6,9,31,37,24,18,44,30
"YGL048C",25,36,29,12,19,19,23,36.75,36,39,40,38
"YGR207C",13,14,9,6,3,1,11,13,9,7,11,11
"YGR258C",27.75,20,24,14,15,18,19,26,25,20,32,32
"YGL091C",6,5,11,3,5,3,12,6,6,5,8,10
"YGR093W",11,15,11,3,3,6,15,19,13.25,11,23,9
"YGR119C",19,22,22,7,2,3,23,27,23,32,37,34
"YGR213C",1,6,3,3,5,2,3,2,4,2,0,2
"YGR061C",169,170.1,188,95,75,65,133,170,114.17,114,144,164
"YGL182C",0,1,0,0,0,0,0,0,0,0,0,0
"YGR139W",0,2,0,1,0,2,0,0,0,0,1,0
"YGR121C",9.5,10.96,6.6,6.29,5.65,4.75,13.75,17.83,21.25,15.75,13.33,23.79
"YGL043W",17.5,12,12.5,2,0,5,8.5,22.5,9.5,13.5,19.5,17
"YGR280C",23,21,27,8,2,6,23,14,15,26,31,25
"YGL085W",5,6,2,8,5,3,4,2,4,3,7,2
"YGL031C",165.5,134.1,159.25,14.5,14.5,11,187,176.5,142.5,183.75,179,219.5
"YGR117C",9,7.25,18.5,5,1,5,7.25,15,10,7,6.25,9
"YGR254W",473.5,512,562.8,476.33,368.86,391.5,424.83,434.33,372.5,437.5,532.11,536.33
"YGR235C",15,17,19,8,6,2,17.5,24,17.05,12,19,16
"YGL124C",12.47,5.98,8.71,6.38,10.77,2.71,8.5,8.04,9.25,10.97,8.17,8.17
"YGR236C",0,0,0,5,4,8,0,0,0,0,0,0
"YGL164C",14,16,8.75,1.5,4,6,13,11.5,4,6,7,9.5
"YGR293C",0,0,0,0.55,0,0,0,0,0,0,0.75,0.05
"tL(CAA)G1",3.29,3.8,5.26,4.49,3.1,3.1,3.54,2.4,2.89,3.14,4.13,3.15
"YGR264C",86,77,101.5,9,9.25,1,113.5,90.5,92,101.75,138.5,111
"YGL234W",68,69,70,20,17,17,49,54,47,66,69,84
"YGL109W",1.5,2,1,0.33,1,0.5,1,2,1,1.5,2,3
"YGL238W",55,52.25,41.5,14,20,19,61,72,39.5,63,73.67,59.5
"YGL041C-B",0,0.5,0,0,1,0,0,0.5,0,0.5,0,0.5
"YGR056W",23,17.75,20.67,14,9,8,14,19,24,16,31,20
"YGR201C",0,3,4,20,15,16,5,2,3,3,6,1
"YGR239C",1,2,1,1,3,0,3,4,1,2,6,4
"YGR169C-A",8,8,6.25,1,1,0,4,8,5,6,2,7
"YGR185C",73,61,56,8,10,8,59,70,56,59,76,64
"YGR189C",143,139,151,139,107.75,101,149,179,143,111,115,138
"YGR022C",1,0.5,1.5,0.5,1,2.5,0.5,1,1,0.5,0.5,2
"YGR290W",0,0,0,1.5,2.5,0.5,0.5,0,0,1,0,0
"YGL205W",2,4,4,7,5,3,2,4,4,1,3,3
"tK(CUU)G2",0,0,0,0,0,0,0,0,0,0,0,0
"YGL221C",26,26.17,16,11,10,9,20,24,19,20,20,20
"YGL108C",3.5,3,1,1.33,1,1.5,2,4,3,2.5,3,6
"YGL069C",2,4,6,1,1.5,1.5,2.5,1.5,6,5.5,5.5,5.5
"YGL135W",204,169,199,17,9,14.5,188.5,229.5,171.33,224,250.5,220
"YGR253C",23,22.5,25.5,7,4,7,26,28,22,34,33,28
"YGL053W",7,6.5,10.5,4,2,4,3.5,5,7.5,3.5,4.5,12
"YGL101W",1,0,0,3,0,0,3,3,4,7,4,6
"YGR271C-A",8,10,14,1,0,1,4,10,9,9,6,11
"YGR267C",23,24,17,7,7,7,15,24,15,24,20,21
"YGR234W",250,259,288,97,101,90,269,292,235,239,278.5,256
"YGL251C",12,23.93,19.14,12,3.18,6,10,7.18,9.75,9,13.18,10
"YGL141W",19,15.5,20,12,13,7,18.5,15,18,12,15.07,18
"YGL245W",219,201,213,28,7,17,181,168,171,187,206,229
"YGL007W",1,0,1,0,3,1,0,0,0,1,2,1
"YGL005C",4,3,12,0,2,1,5,5,6,3,2,4
"YGL215W",102,91,121,76,51,45,76,81,63,98.5,145.55,93
"YGR173W",15,9,13,5,2,3,9,13,9,19,18,20
"YGL249W",0.5,0.5,1,0,2,1,1,1.5,3,0.5,3,2
"YGR161W-C",2,3,1,4,0,0,2,1,1,1,0,0
"YGR229C",31,36.5,37.5,13,7,4,37.5,52,45,51.5,61.5,48
"YGR070W",23,25,32,78,48,60,16.5,16,14,11,13,15
"YGR135W",24,25,23,10,8,7,15,28,15,15,33,31
"YGL014C-A",0.5,2,1.5,0.5,0.5,0,2.5,0.5,0,1,2.5,3
"YGR225W",2,1,1,4,2,3,0,0,0.5,2,4,1
"YGL258W",2,1,0,1.5,0,1,0,1,0,1,1,0
"tT(UGU)G1",0,0.33,0,0.33,0.33,0.67,0.33,0,0.33,0.67,1.33,1.17
"YGL139W",34,25.75,23,5,6,5,19,29,32,30,29,23
"YGL172W",12,17,7,5,3,5,9,22,13,14,16,21
"YGR088W",6,3,3,140,93,112,0,5,2,2,2,6
"YGL126W",10,11,11,3.5,3,7,5,7,13,3,11,13
"YGR140W",13,16,11,7,6,9,13,24.5,11,17.5,14,24
"YGR129W",3,8,7,0,0,1,3,3,2,6,6,2
"YGL027C",31,23,32,7,4,5,42,32,33,34,34,37
"tL(CAA)G2",3.43,3.8,4.43,4.49,3.27,3.1,2.54,2.4,2.01,3.43,4.13,3.15
"YGL231C",16,14,19,11,9,13,13,19,11,14,14,12
"YGL019W",9,14,18,4,1,6,14,16,14,9,25,20
"tR(UCU)G3",0,0.12,0,0,0,0,0,0.5,0,0,0,0
"YGR017W",10.25,9.5,11.33,2.5,3,1.5,3,17.5,13,15,17.5,12.5
"YGR107W",0,0,0,0,0,0,0,0,0,0,0,0
"YGL039W",7,8,7,12.75,5,7,2,12,1,7,4,4
"tL(CAA)G3",3.43,3.8,4.43,4.49,3.27,3.1,2.54,2.73,2.01,3.93,4.13,3.15
"YGL123C-A",70.53,79.75,68,5,5,4,74.25,97,63.5,83.5,95,86
"YGL002W",3,6,8,4,1,2,6,8,6,6.5,5,5
"YGR044C",8,4,6,28,21,17,22,12,15,11,19,12
"YGR193C",20,21,26.25,4,6,4,17,20,13,15.5,14,23
"YGL033W",0,0,1,1,0,0,0,2,1,1,1,0
"YGR165W",16,17,20,4,1,2,9,17,9,16,11,11
"YGL030W",106,110,127,11,9,6,117,153,117,146,143.5,158.5
"YGL128C",3,4,4,2,4,2,2,0,4,7,7,2
"YGL063C-A",0.5,1,1,0,0,0,0,0.5,0,0,0,0.5
"YGL007C-A",0,0,0,0,1,1,0,0,0,0,0,0
"YGL175C",2,2,3,5,1,2,4,3,2,4,5,4
"YGL223C",9,10,10,0,1,2,5,5,6,7,3,20
"YGR190C",6,5.5,6,1,2.5,3,3.5,6.5,5,9,7.5,6
"YGL004C",6,3,4,6,1,5,1,4,1,8,5,5
"YGL148W",51,40,40,3,2,8,38,59,47,41,70,58
"YGR281W",86,107,93.5,50,55,47,81,103.08,110,110,108.81,90
"tH(GUG)G2",4.98,5.04,4.43,7.04,3.13,2.86,2.43,2.57,1.71,3.29,4.57,3.21
"tF(GAA)G",1.98,1.98,0.81,0.33,0,0.33,0.17,1.79,1,2.17,1.64,1.08
"YGR078C",11,10.12,7,4,2,0,13,9,10,19,16,19.1
"YGL133W",34,38,32.75,47.5,48,28,40,42,38,39,40,41
"tV(AAC)G2",0,0,0,0.11,0,0,0,0,0,0,0,0
"YGR295C",15.37,25.03,27.18,18.33,16.24,17.39,16.04,19.35,22.68,14.5,13.93,10.73
"YGR048W",10,7,7,6,4,3,9,7,8,12,8,11
"YGR065C",12,6,10,15,9,4,8,9,7,5,6,8
"YGL051W",2.25,4,2.5,0.5,1,1.5,5,4,2,4.33,4.5,3.5
"YGL220W",9,9,3,2,1,1,7,12,3,9,11,7
"YGR019W",27,23,21,43,40,44,12,18,24,17,31,19
"YGL010W",1,1,1,4,2,2,0,0,0,4,4.17,2
"YGL090W",5.5,4,8,2,3,2,5.5,6,1,2.06,8.07,3.5
"YGR054W",81,66,90,15,18,15,77,81,75,77,114,106
"YGR174W-A",0,0,0,0,0,1,0,0,0,2,0,0
"YGL032C",9,6,9,4,1,0,3,2,2,7,5,9
"tE(UUC)G2",0.92,1.49,0.38,0.12,0.44,0.12,0.57,0.12,0.58,0.07,0.71,0
"YGL179C",3,4.64,2.21,9,6.14,4,5,9.14,5,7,4.14,7
"tE(UUC)G3",15.08,22.67,19.78,8.41,3.69,9.28,12.69,20.87,9.49,8.81,9.18,7.42
"YGR002C",5,6,7,10,3,6,3,8,9,3,14,12
"YGL134W",3,3,6,6,3,1,3,8,2,3.5,7,7
"YGL235W",1,1,0.5,0,0,1,1,0,1,1,0.5,1
"YGL006W",26,18,23,27.5,17,17,32,34,36,29,25,15
"YGR028W",8,6,14,3,3,4,2,6,7,8,11,5
"YGR283C",16,12,14,12,5,4,10,13,9,15,15,15
"YGR249W",4,5,4,6,8,5,4,2,4,3,8,3
"snR82",168,152,180,158,89,110.5,189.75,185,154,158,156,132.5
"snR7-L",97,91.83,93.5,371,248.33,387.92,96,111.33,87,141.5,140.83,133.42
"YGL232W",17,16,13,4,0,0,11.17,16,12,11,17,19
"YGL157W",28,19,27,10,3,9,13,21,19,24,22,28
"YGL118C",0,0,0,0,0,0,0,0,0,0,1,0
"YGR012W",7,7,4,5,0,3,8,7,14,8,12,13
"YGR242W",1.5,3.5,2,0,0.5,1,1,2,0,0,0,2.5
"YGR014W",48,54,57,37,17,22,68,80,64,50,81,76.5
"YGR038C-A",2.21,2,1.76,2.26,2.6,1.21,1.52,3.28,0.65,3.17,4.42,4.94
"YGR161C-C",0.59,0.5,0.27,0.31,0.66,0.78,0.07,0.48,0.21,1.44,0.76,1.83
"YGR027W-A",15.42,14.75,15.27,15.8,10.97,8.65,11.6,11.84,10.59,14.69,15.24,14.26
"YGR109W-A",1.75,1.5,1.5,2.25,1.25,1.75,1.25,1.5,1.25,1.5,3.5,2
"YGR027W-B",160.32,158.52,171.7,173.42,111.17,114.99,123.75,156.77,116.39,162.99,180.6,165.71
"YGR038C-B",40.11,36.33,39.49,44.33,30.74,30.82,27.21,32.72,22.59,33.05,48.16,49.71
"YGR161C-D",131.6,135.23,139.59,151.69,119.41,101.18,61.73,76.34,68.18,119.93,146.93,126.26
"YGR161W-A",67.91,68.81,67.19,84.46,61.05,58.22,42.2,47.24,37.58,31.59,39.33,38.38
"YGR109W-B",18.64,24.75,25.33,24.04,16.23,15.49,20.87,29.48,21.39,20.39,31.48,21.5
"YGR161W-B",205.68,204.65,221.21,238.82,169.91,171.24,139.51,146.64,123.92,93.51,121.97,114.12
"YLL050C",40,33,39.5,3,6,9,46.88,41,38.67,42,57.5,55
"YLL032C",5,12,9,5,5,3,10,10,10,13,11,14
"YLR466W",1.42,1.86,1.72,0.99,0.76,1.06,2.17,2.49,1.54,3.02,2.49,3.47
"YLR054C",5.17,4.33,3.17,2.58,2.17,3.17,5.33,5.17,3.07,5.5,5.46,2
"YLR437C",3,2,1,0,0,1,6,2,6,6,8,6
"YLR217W",23.5,16.5,13,25,16,18.5,12.75,8.5,3.5,8.5,13.5,8.5
"YLL056C",2,1,1,1,1,2,4,0,2,1,2,1
"YLR128W",3,3.67,2,2,0,1.67,2,1,2.33,1,3.33,6
"YLR279W",2.05,0,0.37,0.08,1.08,0.33,0,0.33,0.56,0.33,0.75,1
"YLR075W",226.19,250.15,215.28,46.99,33,38.5,227.5,279.12,216,245.87,300.96,290.23
"YLR052W",11,7.16,7,8.17,5.17,2,7,12,13,14,12,13
"YLR159C-A",2097.19,2614.79,2357.23,2818.07,1742.26,2012.32,1723.34,1990.42,1332.74,2248.57,2297.65,2048.33
"YLR025W",10.23,12.72,10.15,13.13,9,7.13,9.22,9.07,8,12.07,14.29,17.07
"YLR049C",8.58,5.62,3.77,13.82,15,19.72,11.17,12.58,7.75,7.46,8.46,9.04
"YLR308W",0.11,0.33,0.28,0.11,2,0.83,0.33,0.71,1.12,0.82,0.33,2.4
"YLR032W",26.03,30.31,28.9,22.38,15.82,16.65,30.2,36.36,21.4,28.18,27.81,38
"ETS2-2",2.96,3.9,2.66,1.83,1.82,2,3.74,2.46,3.7,0.84,2.9,2.69
"YLR251W",2.5,0.11,2.61,9.17,5.31,11.17,3.37,1.5,0.11,2.11,1.15,3.11
"YLR321C",6.14,3,6,0,1.5,3,7.5,15.5,7.75,9.64,8.64,8.5
"YLR327C",4,2,5,167,111,156,1,1,2,1,6,0
"YLR154C-H",2097.62,2615.63,2357.79,2818.1,1742.96,2012.77,1724.37,1991.47,1333.23,2248.9,2299.47,2049.32
"YLR247C",37.34,28.8,32.64,14.62,8.62,14.91,42.86,39.4,25.55,38.82,41.45,38.35
"YLR167W",309.37,268.33,315.83,27,20.83,16.17,355,399.75,309.17,377.17,950.84,389.42
"YLR220W",10.33,12.61,18,13.72,8,5.67,17.58,13.15,6.61,9.56,12,17
"YLR455W",7,9,5,4,7,4,5,5,3,7,5.5,4
"YLR282C",1.28,0.5,0.25,0.61,1.18,0.5,0.5,2,0.12,0.5,2.71,0.25
"YLR094C",7,9.67,7.18,8.18,6,6.33,8,5.33,14.25,14.29,11.17,9
"YLR272C",11.11,15.19,25.1,16.11,19.05,17.75,25.4,31.56,19.66,25.31,28.84,23.77
"YLR264C-A",30,26.17,31,9,6,7,27,31,24,38,37,25
"YLR338W",1.5,3,4,4.5,2.5,3,1.5,6,3.5,2.5,4.5,4.5
"YLR181C",6.21,8.18,7.71,3.42,5.41,6.44,8.71,12.23,13.25,7.4,9.92,7.4
"YLR458W",0,0,0,1,1.5,0,0.5,0.5,0,0.67,0.5,0
"YLR180W",72.32,78.08,71.32,44.58,24.49,27.08,51.41,61.8,58.08,61.34,68.27,80.12
"YLR250W",23,14,14,15.11,10,12,12,16.18,14,12,17,17.11
"YLR222C-A",1.11,0.5,3,1,1,1.5,0.65,1,0,2,1,0
"YLR424W",5,9,7,4,2,2,8.17,2,4,5,11,5
"YLR253W",17,17.82,20.17,9.62,4.33,5.23,9.11,17.7,12.12,19,23.53,22
"YLR390W-A",93,71,71.83,96,72,58,70,83,49,85.75,96,81
"YLR233C",6.81,2.33,5.83,2.23,3.5,0.83,9.19,9.78,9.64,10.71,8,4.3
"YLR347W-A",1,3,4,1.5,0.5,0.5,3.5,4.5,2,3.5,2.5,2
"YLR117C",10.66,11.29,10.11,6.24,5,6.29,11.14,10.65,8.53,20.17,15,11.72
"YLR110C",481,536,503.5,124,75.17,75,729,868.5,635.5,754,926.75,937.5
"YLR072W",10.11,17.17,16.78,10.74,6.11,7.52,13.82,13.25,13.17,9.58,12,14.86
"YLR069C",37.1,27,36.15,9.48,8.07,15,13.41,29.59,20,29.15,34.87,43.47
"YLR403W",35,21,25,10,9,4,36,39,35,29,41,27
"YLR008C",11,11,10,2.07,1,2.07,4,11,8,14.04,21,21.15
"YLR231C",8.83,7.83,13.2,1.39,1.22,0.85,5.33,5.42,7.5,8.17,7.28,3
"YLR264W",16,22.15,26,5.29,3,3,14,19.33,11.1,15,26,34.5
"YLR164W",0.22,1.07,0,1.94,0,0,2.5,0.5,0,2,0.17,2.01
"YLR079W",9,6,8.33,33.17,16.29,16.17,8.23,17.17,9,9.17,11.5,11
"YLR103C",9.85,5.1,4.39,0.26,6.41,3.5,8.26,12.54,4.39,9.49,6.06,9.24
"YLR170C",2,1,1.5,0,0,1.25,3.5,1.56,1,0.61,2.27,2.5
"YLR228C",7.92,5.01,6.06,12.69,10.52,9.96,12.1,11.58,5.24,14,18.96,10.25
"YLL036C",11,14,16.5,13,7,5,9,18.5,15.5,11.5,17,18.5
"YLR467C-A",0.47,0.52,0.21,0.21,0.11,0.21,0.74,0.46,0.43,0.39,0.33,0.6
"YLR198C",12.25,16.12,19,2.5,1,1,15,24.5,18.5,24.25,29.62,24.25
"snR61",11,8,4,12,4,4,8,2,4,4,4,7
"YLR411W",4,0,0,2,0,1,0,1,0,4,3,2
"YLR056W",76.31,76.28,90.4,14.33,12.07,19.4,92.67,109.42,79,78.17,100.08,81
"YLR429W",38,36.5,35.5,25,18,19,35,54,35.5,45,62,56
"YLL060C",4.06,5,2,6,5,6,0,2,2,2.08,2,3
"YLR310C",43.87,49.48,51.47,23.83,19.77,17.44,60.32,68.56,53.32,57.72,61.96,66
"YLR342W",817.5,747,803,256.75,181,171,765,906,735.67,740,877.5,782.54
"YLR017W",20,12,26,4,1,7,20,23,22,15,31,21.33
"tL(UAG)L2",0,0.33,0.25,0.5,0,0,0.29,0,0,0.83,0.33,0.5
"YLR304C",215.09,202.93,217,153.56,101.97,121.83,132.94,139,126.67,98.96,106.71,98.42
"YLL052C",2.5,3,2,5,0,4,2,1.5,0.5,3,1,1
"YLR027C",43.31,79.24,65.03,15.93,10.78,13.25,48.03,61.53,50.47,52.56,59.22,41.44
"YLR214W",9.17,16,15,8.81,4.67,7.15,38.46,33.67,32.58,35.28,45.76,51.4
"ITS2-2",1612.67,1531.31,1527.41,847.99,644.21,663.33,1634.59,2020.52,1601.67,1608.91,2114.17,1817.06
"YLL062C",4,3,1,5,2,2,4,0,6,2,6,4
"YLR378C",62.63,66.13,49.54,14.04,14,14.5,72.54,75.13,83.5,64.68,84.71,81
"YLR023C",26,18,18,14,7,9.92,16,27,23.15,29,34,29.33
"YLR425W",8,11,13,14,11,8,16,18,19,18.17,19,20
"YLR073C",15.15,10.65,6,4.39,4,7,15,25,7,11.15,24,24
"YLL008W",53,58,63.33,13,10,13,59,71,39.5,56,91.5,75
"YLL063C",0,1,1,2,0,1,3,2.25,1,0,1,3
"YLR449W",49.5,53,68,29,18,11.5,56.25,69,54,46.33,66.5,64.25
"YLL046C",0,0.5,0,3.5,4.5,2.5,1,0,0,0,0.5,0
"YLR089C",40.43,37.17,31.79,22.87,19.67,15.94,29.17,32.93,29.92,44.86,51.74,46.79
"RDN18-1",431240.57,413893.76,449599.66,452427.93,336922.61,362362.19,395207.41,465689.46,376485.25,398438.24,497770.13,455889
"YLR020C",21,23.71,17.88,9.17,8,9,16.17,24.08,11,26,31.08,19.08
"YLR190W",18.6,15.24,12.83,8.5,5.11,6.31,29.57,41.21,32.43,30.5,42.76,37.63
"YLR045C",6.39,9.57,7.53,10.35,6.61,6.11,31,24.92,20.8,28.39,39.66,29.33
"YLR285W",9.29,7.11,5.65,4.12,1.75,1,15.61,11.28,6.36,16.11,9,9.57
"YLR322W",1.14,0,0,0,0,0,0.5,0.5,0.5,1.64,0.64,0.5
"YLR276C",47.15,39.75,47.17,6.58,5.33,4.56,42.17,43.06,36.06,38.06,46.93,47.31
"YLR346C",1,0,0,0,0,0,0,0,0,0,0,0
"YLR156W",0,0,0.15,0,0.12,0.19,0.25,0.58,0.79,0.25,0.22,1
"YLR135W",8.84,10.43,9,10.19,12.02,8.37,8.93,9.81,9.6,10.52,8.66,7.56
"YLR261C",0.5,2.5,4.5,1.5,1,0,2,2.62,3,2.25,1.57,5.07
"YLL066C",1.71,2.2,2.27,1.9,1.23,1.02,2.53,3.71,2.59,1.56,2.81,2.06
"YLR077W",16.49,9.2,13.48,7.07,7,2.2,14,12.44,11.15,18.15,26,17
"YLR144C",77.18,64.91,13.87,7.33,7,12.29,10,14.31,14.77,69.35,73.08,26.3
"YLR414C",16,13,21,32,12,15,13,24,27,15,19.25,19
"YLR030W",1.33,1.13,6.13,2.62,2.12,2,1.52,0.48,0.12,1.25,0.43,1.35
"YLR301W",23.33,22,18.32,3.08,3.08,3.25,17,25,16.08,18,22.25,25.11
"YLR252W",1.5,1.1,0.5,3,2,5.13,1,2.5,0,1.67,1.33,0.13
"YLR427W",9,12,18,14,4,8,10,18,18,15,24,11
"YLR200W",8.28,4,5,3,1,2,7,6,6,6,11.28,5
"YLR150W",307,292.19,294,25.67,18.33,18.33,283.83,316.44,248.44,310,339,316.83
"YLL021W",42,41,24,26,20,17,75.25,58,66,41,57,52
"YLR078C",7.17,12.17,5,8.33,5.17,7,9,13,10.17,8.17,9,1
"YLR153C",146.6,153.02,178.54,64.75,36.33,55.44,184.55,187.36,148.44,144.64,173.88,160.51
"YLR404W",1,1.5,6,1,1,1,5,3,0,4,2,3
"YLR014C",66.06,77.28,70.58,41.02,30.17,23.34,42.62,50.88,40.87,60.78,70.75,69.65
"YLL005C",14,5,11,2,2,8,4,7,8,9,8,9
"tQ(UUG)L",1.11,1.43,0.51,1.25,0.96,0.95,0.98,0.57,0.25,0.22,1.27,0.1
"YLR262C",6.5,5.5,4.5,1.78,1.07,0,4,4.62,5,5.25,5.74,6.07
"YLR296W",1.33,0.36,0.79,0.58,0.33,0,0,0.82,0,0,0,0.65
"YLR234W",3.71,5.67,3.7,0.9,1.75,2.7,9.75,9.77,6.5,8.6,12.68,7.26
"YLR096W",48.28,40.53,48.84,30.34,23.18,23.2,51.96,75.93,53.29,52.11,69.33,67.7
"YLR271W",2.97,3.15,4.48,5.34,8.86,8.23,3.72,1.65,0.17,3,2.98,2.29
"YLR033W",13.1,14.62,10.22,4.22,4.48,1.26,9.44,11.89,9.22,22.33,15.44,17.62
"YLR278C",35.92,39.47,29.68,29.62,29.71,31.11,37.07,49.68,33.55,28.54,61.52,43.42
"YLL055W",4,1,2,6,8,7,2,2,3,2.17,3,1
"YLR266C",6.4,5.43,11.39,4,5,3,8.62,6.12,6.42,5.58,3.31,9.46
"YLL030C",0,0,0,0,0,0,0,0,0,0,0,0
"YLR323C",1,5,7,0,0,4,8,2,3.5,3,5.25,3
"YLR007W",11,11,16.25,5,10,10,15,14,5,10,18,13
"YLR406C-A",0,0,0,0,0,0,0,0,0,0,1,0
"YLL015W",38,55,61,33,23,19,41,41,35,40,43,50
"YLR343W",4,9,3,2,2,1,5,3,3,2,5,6
"YLR269C",5.5,7.75,3,1.61,4.11,1.11,3.11,5,4,6.79,9.87,4
"tN(GUU)L",0.6,0.8,1,0.4,0.1,0,0.9,0.4,0.35,0.5,0.4,0.4
"YLR210W",11.67,5.67,4.17,4.83,4.17,3.33,6.61,9.94,3.88,4.67,13.65,8.17
"YLR058C",52.33,57,67.62,183.81,138.33,128.17,50.94,47.33,41,56.29,61.17,72.17
"YLR145W",0.64,4.44,5.15,2.56,2,1.35,6.22,0.39,6,4.43,4.19,5.59
"YLR080W",7.22,2.42,4.33,10,3.09,4,5.33,3.33,4,5,5.5,2
"YLR443W",9.5,12.5,14.5,12,4,2.5,7.5,9,17,9.5,3,11
"YLR325C",94,104,89,16,10,9,93,120,90,123,127,120.75
"YLL006W",7.25,8,8,5,5,1.05,6.75,5,12,10,5.06,10
"YLR074C",17.12,24.15,15.21,6.06,7,6,16.4,13.37,8,14.06,23.08,26.1
"RDN5-5",2097.19,2614.54,2357.23,2818.07,1742.26,2012.32,1723.34,1990.42,1332.74,2248.57,2297.98,2048.33
"YLR311C",0,0,0.11,1,0,1.11,0,0.17,0,0,0.33,0
"YLR191W",3.42,7.67,10.17,3.67,7.42,6.4,3.75,6.83,5.33,2.1,15.04,5.03
"YLR235C",0,0,0,0,0.5,0.17,0.62,0.55,0.58,0.22,1.62,0.5
"YLR364C-A",0,0,0.5,0,0,0.5,0,0,0,0,0,0
"ITS2-1",1610.89,1529.28,1525.45,846.16,643.21,662.41,1632.76,2018.34,1599.94,1606.82,2111.71,1814.96
"YLR288C",5.36,9.2,2.44,1.4,4.33,1.67,3.18,3.41,3.45,3.92,3.45,10.42
"YLL001W",21,12,15,13,14,11,19.92,16.5,16,24,22,20
"YLR409C",62,38.17,55,5.25,6,2,76,65.25,54,65.12,90.07,81.67
"YLR099C",7.17,11.61,8.84,6.17,3.2,6.28,7.78,18.33,18.51,10.15,17.08,11.33
"YLR131C",13.49,9.62,18.58,15.3,11.22,10.62,18.66,16.81,14.69,15.56,22.03,22.91
"YLR362W",11,11,12,8,8,11,12,15,10,7,19,9
"YLR256W",21.37,12.39,23.67,23.35,22.29,22.08,35.87,32.71,32.24,41.39,61.06,42.79
"YLR068W",10,4,8,3,0,1.11,2.29,10,8,8,13,8.17
"YLR101C",4.6,7,6.5,2.11,1,3,11.95,7.11,10.5,5.61,7,11.12
"YLR341W",1,2,0,0,0,1,2,2,2,0,4,2
"YLL054C",9,10,16,5,4,2,9,10,10,10.33,5,8
"YLR186W",13.28,19.22,18.33,3.35,1.28,6.4,18.28,28,17.44,16.17,31.11,19.21
"YLR143W",21,21.33,15.33,4,1.17,1,17.33,20,10.33,10.36,23.42,22.28
"YLR368W",8.48,24.16,14.85,12.61,1.66,6.24,8.99,13.67,10.55,15.87,19.28,18.33
"YLR393W",5,7,6,5,0,0,3,4,4,2,5,5
"YLR176C",6.17,4.17,6.89,8.28,7.33,9.57,11.67,6.77,7.24,5.69,7.31,6.57
"YLR126C",1.33,2.17,14.53,1,1.17,13.46,6.33,4,12.33,2.28,3.17,15.77
"YLR099W-A",2,2.23,1.17,0,0,1,2.17,1,3,3,4,0
"YLR423C",5,5,5,7,3,3,2,2,2,2,1,4
"YLR357W",14,8.5,14.5,6.75,4,7,26.5,25,10.75,12.5,30,16.5
"YLR197W",61.95,63.62,75,7.67,6,3,88,109.5,76.92,103.36,116.62,106.58
"ETS1-1",2285.05,2167.64,2286.52,2506.45,1879.02,1932.53,2468.46,2922.58,2165.31,2601.63,3321.38,2856.27
"YLR187W",25.14,24.02,24.97,12.14,7.74,11.86,26.36,20.98,20.46,21.97,20.76,31.52
"RDN5-2",2098.62,2615.38,2358.29,2818.1,1742.96,2012.77,1724.5,1991.97,1333.73,2249.4,2299.47,2050.32
"YLL034C",39.75,32,52,5,10,6,32,40,31,33,48.06,44.5
"YLL023C",16,9,11,19.12,22.11,26,10,6,5,11.25,10.56,5.12
"YLR065C",6,6,12.19,1.17,0.1,4,12,9.29,13.1,9.19,8.26,15.1
"YLL031C",28,18,21.75,6,7,2.7,32,26,24,32,45,40.25
"YLR419W",30,34,32,7,9,8,41,30,39,32,39,40
"YLR149C-A",1,0,1,0,0.5,0,1.5,2,1,1,2.07,4
"YLR294C",4,3,13,10.5,2.5,6,4.5,6.5,8.04,10.5,5,9
"YLR405W",3,9,4.17,2,0,1,10,10,11,5,14,17
"YLR157C-C",2097.19,2614.92,2357.23,2818.07,1742.26,2012.32,1723.34,1990.36,1332.74,2248.57,2297.62,2048.33
"YLR463C",0.8,0.17,0.49,0.2,0.17,0.22,0.15,0.84,1.02,0.32,0.5,0.48
"YLR026C",8.11,12,8,3.19,5,2.62,10.33,7.39,9,9,15.74,11.15
"YLR267W",5.92,3.22,2.68,7.79,7.22,3.44,2.79,7.11,4.36,6.03,7.3,4
"YLR093C",12.28,14.39,7,3,1,1.7,6.78,9.56,7.96,6.56,7.43,12.17
"YLR085C",6.79,6.37,7,1.87,3,0.29,13.46,11.87,8.58,6.17,6,6.58
"YLR246W",917.8,1366.29,1033.47,2701.28,435.29,472.15,680.89,948.93,462.03,916.6,950.12,1001.25
"YLR433C",14,10,11,10,9,6,9.17,5,6,8,8,8
"YLR227C",5.67,2.39,11.46,7.17,2.84,3.33,6.81,5.32,6,6.12,12,3.17
"YLR012C",0.12,0,0,3,0,3,0,0,0,0.33,0.1,0
"YLR111W",0,0,1.07,0,0,0,0.33,0,1,0,0,0.33
"YLR152C",7.72,6.07,3.44,5.34,6.5,8.5,4.11,2.61,2.17,2.22,4.12,2.29
"YLR370C",12,10,18,4,7,10,15,9,10,13,13,20
"YLL026W",232.5,235,225,1137.53,860,813,147,155,128,135.75,154,139
"YLR289W",9.61,13.29,12.06,6.21,2.9,4.24,4.65,6.74,2.83,9.52,7.71,4.95
"YLL066W-B",0,0,0.12,0.12,0,0,0,0,0,0,0,0
"YLR114C",24.15,21.5,32.67,7.44,4.93,5.33,24.5,29.83,21.2,20.53,29.88,34.89
"YLR213C",0.55,1.39,1.85,8.17,1.15,2.42,4.75,2.48,0.6,8.34,4.99,2.4
"YLR146C",9.56,10.31,6.44,3.83,0.22,0.13,8.44,4.78,10.53,5,5.31,10.58
"YLR445W",0,0,0,0,0,0,0,0,0,0,0,0
"RDN18-2",438599.9,422042.41,457529.58,461088.42,342835.91,366934.55,402221.96,472260.4,383240.85,405634.27,506782.83,464192.05
"YLR169W",1.5,2.5,2.12,0.61,0.17,1.25,1.67,1,0.24,2.28,2.11,6
"YLR202C",1.15,2.05,0.5,2.88,1.33,2,0.93,1.75,3.65,2.5,2.92,0
"YLL053C",4.5,5,7,2,1,2,1,1.5,2.5,1,2,2
"YLR333C",44,57,67,2,5,6,64,68,48,49,64,67
"YLR082C",7.06,9.21,4.16,4.17,1.77,1.9,6.27,4.56,2.67,8.1,8.87,6.77
"YLR193C",3,0.28,7,5,1,3.17,4.26,4.33,3.17,3.17,4.17,7.1
"YLL043W",23,23,17,12.25,5,8,17,33,25,20,23,26
"YLR337C",22.58,22,33,34.58,23.5,24.08,21.5,30,25.5,16.5,31.5,24.17
"YLL066W-A",0.72,0.37,0.21,0.21,0.08,0.31,0.62,0.58,0.58,0.27,0.35,0.47
"YLR039C",21.44,13.75,19.98,9.76,7.25,6.1,15.99,17.94,21.1,23.16,21.46,18.46
"YLR457C",2,2,1,6,8.5,1,4.5,2.5,1,4.67,0.5,3
"YLR377C",0,1,0,0,0,0,0,1,1,2,2,1
"YLR104W",6,14,6,2,2.17,2,8,6,8,3.03,3,7
"YLR319C",9,11.04,11.5,3.25,5,4,18,12,7,14.25,20,18
"YLR184W",0,1.11,0.65,0.33,0.33,0.17,0.67,1.33,0.06,0.29,0,1
"YLR317W",1,1,4,0,0.5,0.5,2,3,3,1.5,1.5,1
"YLL003W",9.5,5,10,5,2,1,14.67,12,13.5,10,17.56,15
"YLR004C",2,2.11,3,0.04,2.08,3,5,2.06,5.08,0,2.06,3
"YLR407W",13,12,7,7,4,3,10,10,11,12,15,18.17
"YLR336C",27,21.12,17,24.5,10,14,22,33,19,18,33,37
"YLR430W",78,67.62,86,39.25,20.25,26.5,65,86,75.25,75.75,81,86.25
"YLR436C",25,19,25,15,12.17,6,29,39,20,24.2,39,30
"YLR347C",55,47,56,24.5,17.5,22.5,53.5,72.5,42,63.5,61.5,60
"YLR324W",13,15.1,13,10,4.25,6,13.05,17,11,9,13,11
"tV(AAC)L",0,0.17,0.17,0,0,0,0,0,0,0,0,0
"YLR460C",1,1.5,0.5,1.5,2.5,3.5,2,3,0,1,0,1.5
"YLR113W",24.7,32,33.07,18.67,10,10.39,21.39,37.17,37,33,51.6,38.12
"YLR046C",4.33,0.42,3.15,2.15,2,1.5,5,8,4,7.47,2.23,5.17
"YLR125W",2,0,2,0,0,0,2,0,1,2,1,1
"YLR196W",39.33,53.44,51.17,13.44,4.78,4.56,41.5,52.89,33.22,58.48,58.37,53.6
"YLR363W-A",1,7,4,1,0,1,6,3,3,4.06,2,5
"YLL061W",3,2,8,12,7,8,3,6,7,9,10,5.25
"YLR119W",1,2.08,2.29,1,0,0,0,3.33,0,4,2.37,4
"snR57",1,3,1,2,0,0,2,1,1,2,1,1
"YLL020C",4.5,1.5,3,3.61,3,1,2,1,2.17,1.5,4,3
"YLR163C",25.58,6.44,21.33,9.44,5.09,3.39,15.44,13.44,15.07,10.89,17.88,22.85
"YLL014W",8,5,8,0,1,3,4,6,6,13,7,9
"YLR129W",68,55.34,53.17,8,13.17,10,70.29,72.19,57.5,68.04,81.48,75.31
"tD(GUC)L2",0,0,0.38,0,0,0,0,0,0,0.06,0,0
"YLR173W",6.33,10.37,14.08,9.19,6.36,10.26,4.1,6.64,5.68,4.1,5.72,8.49
"YLR090W",12.5,15.39,16.67,5.22,0.83,1.33,8.33,11.9,13.28,12,11.58,17.31
"YLR286W-A",0.5,0.5,1.75,1.83,1,0.5,4.5,7.5,5.5,8.5,7,6.5
"snR55",51,63,53,50,27,28,46,47,37,45,29,33
"YLR259C",396.33,350.65,396.95,281.04,252.24,234.15,206.95,215.58,215.11,256.79,278.17,257.45
"YLR219W",10.42,15.3,11.6,13.29,8.88,18.99,23.88,14.04,22.74,16.91,25.07,17.71
"YLR401C",26,23.25,29.5,7,7,9,25,39.5,29,35,46.5,38.25
"YLL058W",10,4,10,5,6,7,3,5,9,6,3,15
"YLR177W",14.28,16.94,11.27,33.7,31.72,27.42,13.77,13.58,8.05,20.86,13.68,16.47
"YLR415C",1,1,1,1,0,0.5,0.5,0,0,1,0,0
"YLR467W",3.95,3.69,3.35,1.62,1.87,1.99,3.61,6.71,3.89,5.44,6.31,5.33
"YLR302C",1.48,0.67,0.97,0.65,1,0.65,0,1,0.11,0.67,1.17,0
"YLR185W",66.57,68.12,70.63,9.17,6.17,10.1,57.12,74.96,59.17,77.4,81.11,80.17
"YLR060W",75.1,80.28,82,22,9.3,13,96,98.25,90,91.17,123.65,117.22
"YLR313C",5.07,5.56,5.08,5.23,3.33,1.44,5.08,6.38,4.67,3.33,8,6.33
"YLR303W",81.5,69.5,58.15,85.75,69,80.03,56,50.65,54.5,67.5,53.33,62.5
"YLR154W-B",28014.15,29038.84,28754.02,27627.04,19992.98,21516.95,24155.66,30607.9,22275.69,25591.52,31514.13,29636.98
"YLL029W",21.05,26,27,25,16,13,28,25,26,28,29.25,38
"YLL047W",0,0.5,1,3.5,3.5,2.5,1,0,0,0,0.5,0
"YLR285C-A",3,0,2,1,0,0,3,6,5,6,4,4
"YLR001C",19,20,18,13,2,7,18,12,15,14,17,13
"snR79",45,54,41,44,18,30,28,26,24,36.33,34,43
"YLR465C",0.05,0.1,0.25,0.31,0.04,0.12,0.25,1.13,0.55,0.47,0.64,0.42
"YLR015W",6,6,16,8,2,1.69,7.1,16.21,8.17,7.07,10.38,7
"YLR432W",72.33,58.5,49.67,32.83,21.17,13.5,72.5,103,56.17,80.83,115.33,104.83
"YLR081W",1.1,2.07,2.18,0.42,0,0.33,1.5,4.5,2.4,0.15,1.11,0.46
"YLR166C",14.4,13.65,15.24,9.36,7.83,2.47,12.43,13.83,17.16,17.33,13.18,16.11
"YLR383W",16,13,14,15,8,10,16.06,24.75,14,15,23,17
"YLR035C",8.42,9.08,8.46,7.15,4.17,9.29,1.29,7.87,3,7,10.33,7
"YLR044C",2829.06,2837.26,2956.79,1072.74,795.14,845.41,3032.74,3477.32,2756.33,2911.78,3628.61,3346.93
"YLR293C",114.15,110,139,40,19,19,137.5,135,95,126.92,145.29,140.83
"YLR399W-A",0,0,0,1,0.5,0.5,0,0.5,1,0,0.5,1.5
"YLR192C",28.36,38,33.46,7.17,6.17,8.4,25.05,22.67,17.39,33.33,40.07,33.5
"YLR300W",142.58,131.11,117,84.28,71.17,46,178.17,211.44,146.7,135.76,178.5,162.44
"YLR098C",11.58,16.43,20.69,17.25,10.21,7.75,12.25,18.62,25.04,23.6,21.24,23.31
"YLR448W",149.5,150.5,133.5,7,9,2,135,166.5,154.5,170,162.75,175
"YLR381W",4,4,5,3,3,2,4,13,10,5,8,8
"YLR280C",0.11,0.06,0,0,0,0.4,0.5,0.12,0.4,0,0.33,0.06
"snR44",67,77,80,111,72,96,70,64,55,58,65,58
"YLR367W",28.25,25.75,35.5,5,6,2,35.75,32,24.5,35.25,33,26.58
"YLR309C",33.11,33.16,32.01,27.48,21.15,18.52,21.83,32.18,30.2,22.49,32.57,24.08
"YLR299W",24.5,16.72,28.17,17.71,16.33,17.76,10.58,20.83,25.13,10,28.47,21.02
"YLR224W",21.15,16.2,13.14,8.31,9.29,6.75,23.54,21.63,16.39,21.29,21.2,19
"YLR029C",268.81,275.9,289.5,32,15.5,16,311.65,351.5,266,312.65,402.5,349.21
"YLR373C",10,12,10,8,6,7,17,21,20,21,17,14
"YLR092W",3.22,3.62,8.97,9.68,11.75,6.91,4.27,8.24,3.15,11.34,9.62,11.19
"YLL018C-A",1,3,4,1,0,0,3,4,0,2.5,7,5
"RDN25-2",811435.94,788614.12,838888.18,838695.17,630853.65,672342.45,747579.14,877446.65,704640.63,724611.82,897842.98,841155.81
"YLR066W",12,16,12,3,1,1,7.4,14,7.08,5,12,10
"RDN58-1",10604.51,12124.28,11235.6,21538.74,14995.72,19999.46,8818.21,10482.98,7826.16,11329.53,11548.47,10791.15
"YLR146W-A",3,2,1,0,0,1,2,3,2,1,1,2
"YLR175W",190.11,101.61,86.61,20.63,18.36,11.43,112.3,110.94,87.82,117.53,132.59,127.01
"YLR402W",0,1,0,0,1,0,0,1,2,3,3,1
"YLR158C",13.33,11.36,10.29,10,6.83,6.25,13,10.55,7.69,11.8,14.03,14.33
"YLL051C",18,22,20,36,32,24,22,37,14,19,15,23
"YLR314C",49,35.17,50,10.41,11,6.11,44,40.47,48,43,50,51.33
"YLR438C-A",3,5,8,2,0,0,8,12,10,6,8,9
"YLR209C",7.37,9.96,12.93,5.23,4.43,0.11,9.82,8.01,5.2,10.72,12.25,7.67
"YLR019W",23.79,28.35,22.22,49.84,43.67,49.56,22.65,31.16,16.17,15.6,28.89,29.67
"YLR123C",1,0.5,0.57,0,0,0.12,1,0,0.5,0.5,0.08,0.5
"YLR353W",3,6,4,4,2,1,9,8,10,9,20,12
"YLR361C",5.67,6,13,5,2,6.5,12.5,13,7,15,12,15.5
"YLL033W",1,2,1.17,3,0,1,1,8,3,2,1,2
"YLR389C",36,34.5,47,21,15,10,42,30,25.12,47.69,46.07,27
"YLR438W",8,11.5,11,6,9,12,29,19.5,18.5,38,36,36
"YLR290C",6,1.48,4.46,1.39,2,3.33,4,5,2.48,3.5,3.83,4
"YLR270W",20.11,14.36,15.17,31.89,24.33,21.78,14.32,11.48,8.17,9.44,20.15,17.5
"YLR194C",44.51,40.62,60.61,119.92,66.34,85.83,65.12,65.51,56.06,59.33,53.56,48.37
"YLR006C",11.99,14.28,10.31,11.33,6,7,14.08,20.59,10.56,13.26,22.71,13.39
"YLR223C",56.73,66.93,66.14,33.73,30.95,32.33,72.87,63.01,53.79,72.69,90.78,93.74
"YLR195C",13.8,11,16.17,7,2,2.28,11.17,20.5,15.31,19.17,10.11,19.28
"YLL016W",13,6.75,8,15.12,7.78,6.51,5.08,8.08,6,5.25,13.28,7.21
"YLL067W-A",0.72,0.37,0.21,0.21,0.08,0.31,0.62,0.58,0.58,0.27,0.35,0.47
"YLR398C",50,44,47,12.05,13,13,48.12,40,38,44,55,45.1
"YLR418C",9,7.67,23,10.25,3,3,12.5,13,10,9.25,14,13.25
"YLR010C",3,1,1,0,1,0,0,2,0,1,4,1
"YLR307W",0.61,1,1.49,3.08,3.15,1.15,2,1,1,0.24,2.31,1.28
"YLR356W",3,8,4,6,5,3,1,8,1,1,8,3
"YLR431C",3,7,5,4,3,4,5,4,8,7,10,9
"YLR109W",167,176,194.67,408.79,200,193,170.5,163.08,156,174.1,198,188.33
"tI(UAU)L",15.67,21,14.67,23.5,17.17,18.5,30,46,28.5,40,42.5,48
"YLR364W",1,2,2,1,2,2,0,3,2,5,5,5
"YLR106C",365.98,311.31,368.21,99.77,74.48,68.34,353.5,476.46,323.12,425.31,508.32,502.09
"YLR083C",59,47.88,50.11,31.6,25.39,22.93,46.01,71.63,49.94,57.13,71.67,68.3
"YLR274W",20.51,19.18,19.89,21.42,8.44,15.62,17.62,19.26,10.35,31.7,30.4,25.75
"YLR413W",133,127.5,133,10,7,7,107,133,85,157,223,201
"YLR412C-A",0,0,0,0,0,0,0,0,0,0,0,0
"YLR340W",306,303,309.5,28,21.5,11.5,333.94,340.5,287.5,373.5,406.5,402.33
"YLR055C",8.69,10,9.39,4.47,3.46,1.51,16.12,13.56,12.1,10.11,13.33,12.38
"YLR254C",2.1,4,3.44,2,1,2,3.11,7,1.11,5.11,5,3.25
"YLL017W",3,1,1,1,2,1,2,1,1,0,0,1
"YLR121C",31.25,27.72,33.53,25.22,20.86,22.98,39.61,30.81,25.94,27.58,36.09,33.44
"tA(AGC)L",0,0,0,0.33,0,0.17,0,0,0.17,0.25,0.33,0
"YLL042C",2,0,2,0,1,1,0,0,1,0,1,2
"YLR157W-D",0.33,0,0.42,0,0,0,0.25,0.58,0.4,0,0.13,1
"YLR211C",2.33,2,2.37,0.08,0.11,1.11,1.51,0.33,1.29,1.65,1.42,3.17
"YLR400W",3,2,2.5,0,0,1,1,1.5,3,2.5,3.5,3
"YLR105C",5.1,9.17,6.33,3.46,2.1,2.26,7.26,8.1,6,6,5,9
"YLR142W",4.17,13.28,4.29,114.46,70.82,89.15,8.41,14.46,11,8.12,12.68,8.15
"YLR376C",2,0,3,0,0,1,3,3,2,3,2,3
"YLR318W",3.56,5.17,3,5.07,4,2,3.33,1.46,4.17,4,5.5,6.52
"YLR239C",7.24,6.72,8,1.26,2.43,2.17,3.93,8.1,12.83,7.28,6,4.27
"YLR262C-A",15,12,13,2,2,6.33,15,14,22.42,17.36,21,21.19
"tE(UUC)L",22.82,33.5,26.45,13.58,7.54,14.28,16.35,22.87,10.33,12.98,14.32,11.42
"YLL037W",5,0,1.5,5,1,2,1,0.5,1.5,0.5,1,1.5
"YLR452C",32,35,33,10,6,2,13,18,9,16,21,18
"YLR372W",43,41,45,9,7,4,49,56,46,49,72,49
"YLR154W-C",90314.04,87673.07,93909.31,94168,70925.19,74559.47,82373.92,97271.26,77997.77,80862.03,102276.41,92502.3
"ETS2-1",3.63,1.87,3.02,2.47,2.5,2.85,4.83,3.04,3.67,1.29,4.1,3.24
"YLR363C",1,4,4,1,0,0,6,2,3,6,3,5
"YLR207W",11.72,22.66,18.9,3.31,3.78,6.08,21.3,14.35,23.82,21.26,17.84,18.81
"YLR312W-A",5.07,5.22,14.11,3.61,1.44,4.67,2.67,4.22,8.68,12.67,13.22,8.73
"YLR188W",30.67,16.27,25.08,8.53,10.05,6,25.65,34.06,23.34,23.17,31.69,22.83
"YLR011W",7.05,6.73,9.06,3.37,2.37,3.68,7.58,6.67,2.87,5.67,8.37,7.11
"YLR159W",0,0,0.15,0,0.12,0,0.25,0.58,0.79,0.25,0.15,1
"YLR328W",6,9,6,7,5,5,11,10,11,17,18.25,15
"YLR171W",1.5,0.5,2.5,0,0,1,2,1.56,2,0.5,2.16,3.5
"YLR241W",23.56,28.44,23.97,38.82,32.68,25.72,28.05,33.59,24.96,19.22,27.75,27.56
"YLR245C",3.35,1,1,1,0,2.42,1.08,3.15,0,3.37,4,3
"YLR360W",7.5,7,12,6,10,3.5,10.5,13,8,12,10,7.5
"snR30",883.11,832.64,877.41,1705.31,1252.88,1674.08,780.36,983.01,706.11,1028.06,1144.06,995.72
"YLR205C",6.81,3.17,9.96,27.37,18,15.77,7.33,5.34,3.13,2.78,4.15,5.33
"RDN25-1",739767.04,719117.06,764693.13,767060.25,577320.7,613142.2,684189.42,800125.77,644825.56,662236.79,818970.4,768649.68
"YLR161W",0,0,0.4,0,0.12,0,0.25,0.83,0.79,0.25,0.11,1
"YLR287C",15.47,10.17,14.33,1.33,6.28,5.67,16.08,16,18,20.33,21.56,16.25
"YLR366W",0,0,0,0,0,0.5,1,0,0,0,0,0
"YLR410W",71.33,81,79,41,30,34,71,82,53,64,85,89
"YLR230W",3.5,4.25,2.5,0,0.62,0.56,5,4.56,3.75,7,5.11,8.5
"YLR097C",4.31,3,6.4,3.55,4.29,1.39,4,7.58,5.31,7.29,3.15,6.44
"YLR397C",28,14,23,6,4,4,18,28,19,32,35,31
"YLR120C",62.87,57.31,70.31,14.44,28.15,17.46,71.15,63.15,69.17,49.15,51.28,55.15
"YLR335W",40,35,46,23,15,29,45.28,58,52.07,38,49.33,45
"YLR399C",18,17,8,15,15.5,11.5,23,27.5,15,38,38.5,28.5
"YLL044W",70,62,61.58,6,5.25,3.25,57.75,82.87,59.83,72.44,100.42,74.83
"YLR453C",3,3,7,3,2,1,4,4,1,5,9,0
"YLL057C",1,4,2,8,8,3,2,4,0,1,2,1
"YLR388W",46.75,55.5,65,3,1,6,49.5,58.5,44,70,74,63.5
"YLR249W",1337.25,1318.92,1356.54,307.54,194.61,207.3,1411.78,1575.52,1342.32,1446.16,1767.02,1763.19
"YLR151C",6.17,8.69,6.56,10.38,8.88,9.1,10.19,8.76,3.46,6.53,10.89,11.38
"YLR260W",796.79,869.18,871.6,604.69,398.7,434.29,543.81,677.35,394.98,700.2,749.12,877.01
"YLL010C",18,15,18,8,3,5,16,18,10,15,25,11
"YLR133W",11,11.17,8.17,4,10.17,10.17,10,9,14.33,14.22,12,4.21
"YLR329W",11.43,14.6,13.25,7.07,4.25,9.25,14.11,8.57,8.61,14.62,10.67,16.22
"snR6",72,102,107,172,102.5,106.5,101,103,85,163.5,150.04,162
"YLL011W",19.06,24.17,39,4,1,2,30,25,27,31.75,35.89,30.17
"YLR384C",73,78,73.5,20.75,15.22,11,87.5,83,72,89.06,92,108.5
"YLR203C",31,27.25,39.89,18.98,13.67,11.83,24.5,30.73,28.67,19.83,27.98,28.92
"YLR156C-A",2097.53,2615.31,2357.17,2818.1,1742.37,2012.68,1723.75,1990.85,1332.69,2248.61,2297.68,2048.86
"YLR394W",6,4,10,1,3,1,9,5,7,7,6,7
"YLR021W",4,3,4,2,0,0.17,7.5,5,7,4.67,3.5,7
"YLR331C",3,4,4,0.5,0.5,0,3,1,7,2.5,2.5,3
"YLR450W",30.5,32.5,21,22,9,5.5,32.25,38,29,29.5,22.39,43.25
"YLR140W",0.5,1,0.36,0.17,0,0,1.17,0.5,0,1,2,1.25
"YLR157W-E",0,0,0.07,0,0.12,0.07,0,0,0.06,0.25,0.06,0
"YLR390W",2,2,3,2,1,2,2,3,1,4,1,5
"YLR291C",15.38,18.5,26.96,2.66,10.17,0.5,22,22.78,18.01,22.22,30.29,18.61
"RDN5-4",2097.19,2614.67,2357.23,2818.07,1742.26,2012.32,1723.34,1990.36,1332.74,2248.57,2297.94,2048.33
"YLR408C",0,0,0,2,1,1,0.17,1,0,0,2,3
"YLR240W",40.93,42.98,49.92,36.13,30.92,20.35,43.23,43.56,23.86,51.76,53.12,49.34
"YLR018C",19.03,9,12,10.17,4.27,6,9,12.17,13,16.5,11,18
"YLR344W",100.83,72,70.5,11.5,3,8.5,78.5,105,88,75.67,91.5,89.5
"YLR412W",9,6,7,5,1,1,7,5,7,9,12,5
"YLR447C",43,43,59,21.5,13,16,43,51,55,60,56,51
"YLR361C-A",3,3,1,1,1,0,0,4,0,2,1,2
"YLR112W",0,0.22,0.07,0,0.07,0.07,1,1,1,2,2,1
"YLR435W",12.5,8.5,20,2,3,2,11.5,12,10,19,21,16
"YLR084C",17.19,19.85,17.5,4.61,5.45,9.04,29.42,36.78,31.22,33,46.73,36.4
"snR34",159,152,164,154.5,100,120,152,156,116,148.5,142,126
"YLR091W",2.48,5.48,4,0.17,1,2,7.31,2.5,2.53,1,6.59,1.15
"YLR275W",1.11,1,4.17,0,1.17,3,3,2,6,4.67,0.5,10
"YLR102C",6.83,1,9.9,1.33,0.83,4.17,1.83,5.67,3.96,4,1.83,3.61
"YLR263W",68.57,67.27,71.81,72.59,41.71,44.67,54.43,44.03,47.77,68.82,76.73,82.27
"YLR379W",13.5,12,16.5,3,6,2.5,9.5,19,9.5,12.5,20,17
"tL(UAG)L1",0,0.33,0,0.67,0,0,0,0.33,0,0.33,0.33,0.42
"YLR459W",12,7,14,2,2,2,11,10,12,12,13,19
"YLR316C",5,3,7.12,0,0.5,3.83,5.11,7.07,6,4.5,7.5,4
"YLR277C",24.9,13.95,13.31,7.37,6.05,3.69,21.09,20.54,16.14,12.32,31.18,21.12
"tP(UGG)L",2.39,1.94,1.54,1.68,0.72,1.25,2.19,1.27,0.1,2.66,2.02,2.61
"YLR229C",8.5,19.54,18.81,1.44,1.94,5.17,10.15,14.17,14.06,21.5,23.26,15.25
"YLR120W-A",0.5,3.5,0.5,4,1,0,3.5,1,0.5,3.5,0.5,0
"YLR048W",201.06,202.83,209.81,20.53,7.49,9.58,202.58,259.73,207.41,227.22,273.15,242.18
"YLL059C",0,0,2,1,0,0,1,1,0,0,0,0
"YLR238W",8.23,6.3,6.12,2.76,0.25,4.17,8.6,5.69,8,3.76,7.09,10.83
"YLR283W",3.57,2.67,1.25,2.89,2.55,1.98,5.78,3,0.42,3.11,2,2.4
"YLR298C",4.17,7.79,1,5.25,6.25,10.5,6.07,3.17,2.38,3.62,3.11,4.25
"YLR232W",0.5,1.5,3.12,0,1.22,0.75,0,1.11,1.5,0.5,0.95,0
"YLR086W",30.04,19.65,17.4,8.22,11.28,2.28,41.4,42.07,24.33,33.92,35.39,43.65
"YLR053C",3.29,2.15,2.6,2.73,0.72,1.68,2.52,1.54,1.9,2.39,2.34,3.14
"YLL041C",9,11,11,45,33,32,10,7,12,3,3,5
"YLR330W",29.25,31.25,46.25,18,20.25,13.12,36.32,43.25,44.25,46.38,41.12,46.25
"YLR244C",36.05,34.31,46.22,11.66,6.12,7.15,33,45.81,30.79,56.4,44.34,37.56
"YLR299C-A",0.5,0,1,0.5,0,0.5,1.25,0.5,0.5,0,0,0.57
"YLL019W-A",1,1,0,1.5,0,0,1.5,2,1,1,0.5,2.5
"YLR258W",21.3,19.1,22.78,152.86,108.69,110.84,21.39,26.3,15.67,17.38,23.73,24.33
"YLR174W",3.5,1.11,3.61,10.09,9.61,12,3.67,3.17,2,2.78,3.17,2.42
"YLR444C",0.5,1.5,1.5,5,0,0.5,1.5,2,2,1.5,0,2
"YLR315W",2,0,0,0.11,0,1,0,2,0,1,0,3.12
"YLR374C",0.5,0,1,1,1,0,1.5,0,0,1,0.5,2
"YLR154W-F",15862.16,16016.99,16114.45,16151.92,11951.72,13158.31,14430.31,17309.35,13621.12,14919.69,18911.32,16970.01
"tR(ACG)L",1.59,0.9,0.4,0.4,0.4,0.19,0.4,0.65,0,1,1.6,1.1
"YLR172C",17.29,30.28,28.39,12.56,12.5,8.17,25.83,35.61,19.28,28.28,521.97,6407.82
"YLR273C",7.98,4.69,8.83,7.15,3.67,6.92,4.33,3.16,5.42,3.1,8.5,4.44
"tK(UUU)L",1.9,4.15,2.76,3,2.17,1.71,2.74,3.57,1.29,3.88,4.36,2.6
"YLL012W",17,23.33,19,63.83,42.33,39.75,20,25,21,27,16.5,21
"YLR022C",12.07,7,18.4,1.06,1,2.13,8.57,23,10,13.84,13.5,9
"YLR382C",22,17,19,23,16,14,23,10.95,15,12,17,20
"YLR041W",0.5,2,0.5,0,0.5,2.5,1,1,0.5,0.5,1,0
"YLR466C-A",0.47,0.52,0.21,0.21,0.11,0.21,0.74,0.46,0.43,0.39,0.33,0.6
"YLR268W",12.5,10.67,15,15.65,8,10.48,13.25,16.17,5.5,11.57,18.58,20.5
"YLR420W",7,15,31,6,10,5,12,20,9,18,13,16
"ITS1-1",1452.01,1378.21,1388.9,1017.08,805.23,813.67,1478.86,1689.42,1320.75,1512,1895.14,1751.22
"YLR137W",4.14,1.33,2.91,1,1.56,2,5,7,6.33,1.17,9.23,4.06
"YLR087C",73.14,94.66,103.34,60.25,37.29,31.76,80.26,113.08,76.59,93.21,100.5,69.86
"YLL049W",4.5,3,4.25,0,0,3,1,5,4,2,3,4
"tL(CAA)L",3,4.8,4.9,4.2,3.1,3.1,3.4,2.73,1.72,4,3.8,4.98
"RDN37-1",1181558.29,1144554.21,1225524.16,1240252.4,929231.23,995493.54,1088208.75,1276285.63,1029036.04,1072002.02,1327981.7,1235192.6
"YLR426W",3,2,4,2,2,0,2,5,4,3,5,2
"YLL035W",20,20,14,7,5,8,19,19,9,25,19,22
"YLL009C",6,7,3,0,1,3,4,7,2,13,8,8
"YLR036C",5.29,2.5,6.5,1.17,1.67,3.33,5.33,1,5.75,3.87,2.67,0.83
"YLR118C",158.59,8.18,10.17,4,3.33,4,10.07,18.83,11.17,10.23,6.33,152.71
"ETS1-2",2284.83,2168.19,2286.52,2506.52,1879.09,1932.62,2469.17,2922.8,2165.27,2601.13,3321.31,2856.45
"YLR406C",46,46,38.5,3,2,1,54,57,61,59,77,51.5
"ITS1-2",1765.61,1656.91,1695.57,1236.43,975.9,983.43,1799.75,2044.05,1603.36,1817.23,2297.86,2121.98
"YLR136C",1.29,2.33,2.46,0,3,1,2.1,2.75,0,1,6.29,1
"YLR385C",2,0,1,0,0,0,3,1,1,5,3,1
"YLR281C",0.11,0.06,0,0,0,0.4,0.5,0.16,0.4,0,0.33,0.06
"YLR138W",64.83,47.61,44.17,25.33,23.48,27.28,41.5,43.33,41.17,59.72,52.61,55.42
"YLL019C",29.5,32.5,28,34.11,11,16,20.5,30,21.17,27.5,35.5,24.5
"YLR284C",1.06,1.44,3.42,4.12,1.89,2.22,1.11,2.79,0.33,3.11,3.44,3
"YLR295C",14,11,15,2.5,7.5,3,4.5,7.5,16,13.72,16,14
"YLR307C-A",1,0,0.08,24,11,13.62,0,1,0,1.33,0,3
"YLR349W",2,1.5,2,2,0.5,0.5,1.5,1.5,1.5,0.5,2.5,1
"YLR248W",47.67,50.17,59.92,72.56,56.03,56.81,37.88,43.97,43.33,44.33,33.12,33.09
"YLL006W-A",0,0,0,0,0,0,0,0,0,0,0,0
"YLR127C",15.44,14.37,19.72,13.54,12.4,11.56,12.81,17.32,15.84,19.54,21.47,20.23
"YLR002C",40.06,39.62,26.18,10.69,7.06,11.78,35.56,40.85,27.5,35.4,50.33,55.78
"YLR168C",5,7.11,5,15.17,11.87,10.43,6.1,9,5.42,4.19,10.62,6.76
"YLR342W-A",2,0,2,0,1,2,2,3,2,3,1,2
"YLR031W",3.17,1,3,2.5,0.33,0.11,2,0.25,2.17,0.11,2,0
"RDN5-3",2097.53,2615.06,2357.17,2818.1,1742.37,2012.68,1723.75,1990.85,1332.69,2248.61,2297.68,2048.86
"YLR189C",12.59,19.08,21.17,20.78,21.29,11,16.86,22.89,26.42,23.04,22.59,18.61
"YLR358C",3,0.5,1.5,3.5,1,0,2.5,3,5.5,2.5,4,1.5
"YLR134W",38.27,35,36,21.65,15.29,15,42.33,40.15,44.94,37.46,44.4,45.9
"YLR051C",10.75,17.78,19.69,6.44,3.61,6.02,8.93,10.33,10.5,16.68,21.53,11.94
"YLR466C-B",0,0,1.12,0.12,0,0,0.5,0,0,0,0,0
"YLR215C",6.5,6.78,4.39,2.17,2.22,2.61,8.17,6.09,7.33,9.39,9.26,1.83
"YLR206W",21.73,31.7,31.11,33.26,23.82,26.5,25.48,37.69,28.68,32.08,34.62,22.67
"tI(AAU)L2",0,0,0,0,0,0,0,0,0,0,0,0
"YLR201C",6.32,3.05,8.72,3.22,3.67,3.97,8.33,6.42,6.83,6.5,4.92,7.5
"YLL018C",101,112,106,15,7,9,111.5,121,107,105,142,122
"YLL025W",0,1,0,1,0,0,0,0,0,0,0,1
"YLR392C",9,9.75,10,6,2,4,9,4,3,7,4,5
"YLR063W",5.5,6.83,6.17,2.17,1.54,0,8.17,8.17,7.23,6.33,11.08,8.17
"tA(UGC)L",9.44,14.46,12.64,16.91,8.65,8,10.42,6.96,3.1,12.53,9.2,10.38
"YLR124W",1,0,0,1.56,0,0,0,0,0,1,0,0
"YLR350W",7,11,11,14,10,13,8,14,4,6,11,9
"YLR312C",2.93,3.67,0.44,4.33,7.11,9.11,2,0.11,2,3.11,1.11,1
"YLR204W",6,6.33,8.42,1.15,2,2.33,3,7,1,5,4.56,4.33
"YLL007C",8,6,6,0,1,2,0,6,7,11,7,5
"YLR141W",1.69,3.25,2.18,0.42,0.22,3.15,4.42,2.27,0.27,0.27,1.18,0.06
"tD(GUC)L1",0.12,0.85,0.38,1.45,0.46,0.5,0.12,1.75,0.46,0.92,0.12,0.25
"YLL038C",4,4,1,1,0,0,6,4,7,3,8,11
"YLR257W",51,59.17,66.23,93.72,57.96,70,55,58.17,55.3,69.42,66.5,65.83
"YLR108C",114.24,133.52,123.24,94.75,62.46,64.64,73.61,78.51,61.12,104.39,96.88,117.1
"YLR163W-A",0.5,0,2,0,0.5,0,2,1,0.5,2.5,3.06,0.62
"YLR416C",0,1,1,1,1,0.5,0,0,0,0,0,1
"YLR375W",7.5,12,11,13,5,4,11.5,15,11,14,19.5,17
"YLR287C-A",73.31,95.33,97,20.5,11.83,12.5,80,103.5,69.57,110,94.89,105.94
"YLR154W-E",10659.09,12148.4,11288.86,21567.08,15017.3,20016.31,8881.3,10541.12,7881.57,11394.87,11637.39,10865.74
"YLR155C",13.33,11.44,10.29,10,6.83,6.25,13.05,10.55,7.69,11.87,14.25,14.49
"tS(AGA)L",3.7,2.12,2.31,1.6,1.4,0.9,1.51,1.12,1.27,1,1.1,0.8
"YLR003C",15,13,6,2,2.11,1,15.25,17.18,12.33,20,15,14
"YLR221C",13,12,11,2.29,2,2,10.25,10.33,11,19,16,21
"YLR355C",205,201,207,85,61,73,203.17,272,191,249,304.57,256
"YLR464W",0.89,0.54,0.27,0.12,0.11,0.38,1.29,1.65,1.32,1.47,1.34,1.23
"YLR446W",6,5,6,9,3,10,7,6,7,9,6,5
"YLR237W",44.89,34.03,40,19.78,27.79,31.01,14.67,13.06,16.44,15.48,14.22,27.99
"YLR441C",211.83,208.5,230.25,20,16.5,18.5,212.5,261.5,212.5,270,311,289.5
"YLR178C",10,5,11,59.33,42,53.43,12.43,14.04,9.29,10.33,11.1,17.58
"YLR028C",58.98,42.05,44.33,73.79,45.62,43.58,37.6,49.51,53.17,54.3,54.67,60.77
"YLR043C",30.11,22.28,13,2,1,1.28,22.61,21,12,29.28,32,31
"YLR218C",0,1.33,2.28,2,1,0.33,0,0,0,2.11,1.61,3.11
"YLR243W",148.54,170.98,176.3,120.48,77.88,80.83,113.69,136.82,87.11,138.51,148.13,172.7
"YLR148W",8,8.48,14.33,2.44,3.31,4,14,14.67,15,16.1,12.19,21
"YLR162W-A",24202.52,24971.51,26560.21,23439.64,17648.21,18506.07,21031.85,24897.82,19187.05,21132.73,25437.48,25046.41
"YLR462W",0.72,0.42,0.47,0.2,0.1,0.22,0.65,0.77,0.5,0.5,0.55,0.22
"RDN37-2",1265856.72,1228120.04,1313250.13,1331123.05,996158.79,1069256.42,1163003.78,1365397.19,1099505.17,1147220.11,1421622.11,1321379.48
"YLR095C",22.32,19.67,12.65,9.49,2.59,6.85,19.87,27.05,18.3,22.09,24.15,17.79
"YLR199C",1576.1,5.5,1683.69,1605.28,1189.78,6.17,1431.3,1701.35,1441.6,1455.13,16.5,1673.74
"YLR154W-A",50996.79,48714.1,53172.68,51603.47,38980.66,41106.17,45771.61,53979.58,44595.89,45043.67,55908.46,52094.1
"YLR154C",2,5.33,3,0.1,1,1.26,9,7.17,3,9.33,2.29,5
"YLL064C",0.11,0,0,0.2,0,0.11,0,0.12,0.17,0.11,0,0.1
"YLR461W",0,0,0.38,0.1,0.27,0.11,0,0,0.17,0.11,0,0
"tL(UAA)L",0.79,0.14,0,0.43,0.43,0.86,0.14,0.14,0.14,0.29,0.43,0.14
"YLR265C",7.76,4.67,9.44,4.33,2.32,5.67,5.08,5.74,3,9.51,3.15,3.15
"YLR428C",2.5,0.5,0.5,0,0,0,2,2,0.5,3,1,3
"YLR242C",0.33,3.65,3.74,0.33,2.17,1.43,2.96,4,2,1.33,3.67,6.17
"YLR351C",13,16,20.25,3,7,2,17.17,14,15.07,24.5,21.33,26
"YLR306W",1,3,1.17,0.22,0.11,1,1.07,0,0.19,3.15,2,0
"YLR130C",17.32,29.22,24.22,18.31,8.51,12,17,15.67,16,15.22,37.48,27.21
"YLL028W",29,30,34,21,21,18,25,14,19.33,17,40,26
"YLR183C",4.17,2.17,5.67,4.22,2.3,0.62,12.67,16.62,10.07,8.62,20.78,10.82
"tR(CCG)L",1,0,1,0,2,1,1,1,1,0,3,5
"YLR042C",0,3,0,0.25,1,1,0,1,1,1.33,2,2
"YLR396C",7,9,8,3,2,4,6,9,7,12,12,12
"YLR122C",0,0.5,0.57,0,0,0.12,1,1,0.5,0.5,0.08,0.5
"YLR326W",5.13,3.13,2.31,3.04,1,1,1.04,5.3,2,1.18,2.04,6
"YLR024C",12.52,15.53,22.53,6.42,6.42,2.58,20.07,27.14,19.27,16.28,18.48,19.24
"YLR442C",12,12,14,15,6,5,16,27,20,12,22,19
"YLR380W",25,13,17,9,10,13,20.25,23,24,17,25,34.17
"YLR061W",65.5,60.06,62.62,5.5,4.5,3.5,67.5,82,61.5,90.83,78,81.4
"YLR386W",11,10,11,1,4,6,15,25.04,16,22.06,18.07,12
"YLR387C",13,15.5,17,4,4,3,13,14,16,17,17,17
"YLR422W",33,26.25,36,26,14,26,37,44,28,41,43,29
"YLR354C",120,114,120,18,18,19,126,135,92,103,121,94
"YLR434C",0.5,0.5,1,0,0,0,0.5,0,0,1,1,1
"YLL039C",108.75,105,108.5,191,140,152,78.5,83,70,95.33,99.17,98
"YLR149C",4.49,4.15,2.14,27.67,15.5,7.17,4.42,3.07,2.67,3.82,1.25,0.33
"YLR208W",29.43,39.67,32.17,10.17,4.29,9.22,24,29.5,25.1,32.33,46.43,41.5
"RDN5-6",4211.08,5264.06,4727.22,5670.21,3505.23,4045.59,3466.48,4004.99,2677.54,4525.68,4627.92,4115.62
"YLR115W",21.49,18.46,17.67,9.07,4.96,6,23.67,20.25,20.85,22.4,32.5,24.56
"YLR005W",8,9.33,15,1,4,4,9.17,9,6,10,11.06,16
"YLR147C",1.54,2.36,2.19,1.22,1,0,5.33,6.19,2.53,2.07,7.19,3.24
"YLR076C",121,113,122,20.72,19,20.5,110.5,132.42,119,127.59,158.96,145.2
"YLR162W",8549.84,8423.88,7943.18,9324.14,6853.48,7895.63,7482.87,9217.9,6851.55,7972.4,10167.15,8818.11
"YLR451W",14,11.5,15.5,15,11,7,12,26,18.5,22.5,34.5,21
"YLR212C",1.42,8.67,2.33,0.61,0.74,0.33,9.67,9.67,3.89,7.17,8.71,6.07
"YLR454W",87,72,73,30.5,11,23,71.5,89,84,59.06,70.14,64
"YLR437C-A",1,1.5,1,1,0,0,2,1.5,1.5,2,1,2
"YLR064W",19.44,15.96,17.81,5.33,14,6.94,16.17,17.67,13.17,16.17,19.5,11.33
"YLR132C",4.31,8,5,2.29,3.15,3.29,1.6,5.4,4.15,2.26,6.38,5.94
"YLR182W",13,14.12,15.57,28.39,22.83,37.44,24.24,19.65,16.33,26.9,28.1,26.22
"YLR038C",8,8,7,8,1,5,0,10.08,5.17,6,4,1
"YLR107W",9.08,8,8,3,7,7.29,12.54,17.08,9.15,9,11,16.15
"YLR139C",15.67,20.22,11.08,6.04,2.8,7.54,5.32,11.44,10.46,154.65,19.6,12.76
"YLR305C",68.83,59.78,56.35,16.04,11.12,8.43,81.82,81.56,57.55,59.83,94.3,84.22
"YLR339C",102.5,93,103.5,9,3.5,5.5,107.94,100,92.5,105.5,130.5,131.33
"YLR062C",64.5,58.92,61.62,5.5,4.5,3.5,67.5,82,61.5,90.83,77.5,77.25
"YLR334C",1,0,0,0,0,0,0,0,1,1,0,1
"YLL002W",2,1,1,0,1,0,4.5,7.07,6,4,10,5
"YLR070C",5.17,2.17,5.58,7.31,6.31,5.72,1.17,3.6,2.44,1.41,4.65,1.13
"YLR157C",13.33,11.44,10.29,10,6.83,6.25,13,10.55,7.69,11.87,14.15,14.49
"YLR226W",10.25,8.28,8.33,4.33,2.5,2,8.98,12.31,12.28,9.67,18.75,9.11
"YLL048C",143.25,132,140.25,40,26,21,123.12,162,106.62,133,141.56,155
"YLL024C",749.13,708.5,748.33,305.25,219.5,223,698.92,766.92,649.75,705,835.75,765.33
"YLR009W",23.5,36,20,2,3,3,36,34,23,39,49,38
"YLR057W",22.33,24.33,22.33,8,6,4,10.56,19,22.37,15,25.17,25.39
"YLR348C",8.31,8.53,6.48,14.44,11.08,5.44,7.99,9.72,9.58,13.99,13.66,10.34
"YLR439W",14,10,17,6,2,4,13,16,14.75,12,23,15
"YLR236C",0,0.1,0.08,0,1,1.17,1,0.05,2.08,1,2.79,1.83
"YLR345W",14,13,11,7,10,11,9,11,7,4,8,12
"YLR050C",7,9,12,9,4,5,13,10,9,6,10,10
"YLR332W",16,21.12,20,7.5,5.5,6,12,8,22,19.5,21.5,17
"YLR369W",14,20,17,26.09,17,16,9.38,12,4,17,12.1,13.18
"YLL065W",0,0,0,0,0,0,0,0,0,0,0,0
"tX(XXX)L",2,2.25,1.75,1.5,0.75,0.25,2,1.45,1,2,2.25,2.5
"RDN5-1",4225.07,5278.72,4740.1,5684.22,3511.74,4050.89,3478.13,4015.23,2685.41,4533.29,4642.04,4130.21
"YLR417W",13,8,6,2,8,5,4,6,12,3,5,15
"YLR179C",57.62,48,59.54,27.33,18,10,45.46,48.67,28,57.13,59.46,56.67
"YLR013W",0,0,0,0,2,0,0,0,0,0,0,0
"YLR116W",16.72,16.94,24.94,12.35,6.54,10.22,14.33,17.83,20.86,21.11,30.28,25.58
"YLR371W",39,24,23,23,18,14,27,31.03,29.5,35,35.25,29
"YLR222C",44.08,40.1,37.17,11.65,7.53,4,48.57,47.17,35.06,56.62,63.33,48
"YLR365W",0,0,0.5,0,0,0,0,1,0,0,0,0
"YLR440C",14,17,14,7,2,6,15,11,15,12,17,13
"YLR059C",3.33,10.17,10,5.17,1.17,1.33,8.48,17.21,8,11.17,14.17,15.17
"YLR165C",1.63,3.63,4.05,2.33,3.33,0.56,6,0.87,1.56,0.15,3.72,1
"YLR421C",15,13,24,2,4,3,7,22,15,16,21,18
"YLL027W",5.5,9,3,10,5,9,4,6,8,5,8,9
"YLR292C",13.08,14,5,3,1.44,4.11,13.22,13.94,10.17,7,11,15.11
"YLR034C",20.42,12,10.17,8.17,4.15,7,18.18,20.58,7.07,9.08,21,16.23
"YLR016C",3.62,3.28,6.27,4.77,2,1.5,5.5,5.67,6.46,6.96,8.41,9.33
"YLR255C",0,0,1,1.11,2,1.17,0,1.17,0.24,1,0,0.17
"YLR297W",2,1.22,0.11,5,3.15,2.11,4.15,0,0.22,1.11,2.22,5.11
"YLR225C",12.17,11.67,15.29,25.96,20,16.33,12.79,9.25,14,12.33,14.8,13.56
"YLR047C",7.15,10.47,8.17,6.36,2,3.28,16.17,10.27,7.33,5.05,7.17,10
"YLL022C",7,8,3,3,2,5,10,7,7,14,8,8
"tI(AAU)L1",0,0,0,0,0,0,0,0,0,0,0,0
"YLR395C",8,11,6,7,9,8,7,5,7,11,5,7
"YLL067C",3.88,2.99,3.34,2.36,0.62,1.68,3.81,4.08,3.84,1.56,3.99,3.64
"YLR359W",38,22,38,9,10,4,27,21,33,29,34,44
"YLR456W",3,0,1,0,0,0,0,1,1,4,0,1
"YLR067C",9.33,13.63,8.5,9.31,2.67,4.33,18,17.43,10.41,15.5,19.65,13.5
"RDN58-2",15892.28,18164.52,16836.75,32295.74,22477.11,29991.9,13210.49,15705.47,11725.02,16976.65,17303.56,16168.65
"YLR040C",5.5,5,6.5,5,1.5,5.67,4,4,4.5,3.5,4,3.56
"YLL013C",47,41,63.67,32.5,23,25.05,33,44,38,52,72.25,55.78
"YLR320W",30.67,27.49,27.63,18.66,18.69,14.44,19.84,32.08,29.44,23.59,38.38,38.02
"YLL045C",158.5,156.5,139.58,16,10.75,8.75,163,204.87,173.5,183.44,234.58,206.33
"YLR352W",12,13,5,9.08,8,8,11,6,10,5,5,11
"YLR160C",13.33,11.36,10.29,10,6.83,6.25,13,10.55,7.69,11.8,14.03,14.33
"YLR071C",36.29,28.51,34.55,15.26,12.56,10.95,27.32,43.68,42.02,31.12,32.46,33.23
"YLR286C",31.85,28.08,29.8,14.57,13,9.67,114.9,139.36,111.65,120,196.44,176.05
"YLR037C",0,1,2.29,3,4.15,2,0,0,0,0,2.15,2
"YLL004W",6,1,9.5,4,0,0,11,9,8,14.25,16,6
"YLR100W",73.07,90.03,91.98,40.15,26.95,38.55,77.75,78.25,66.96,78,76.76,79.89
"YLR088W",16,16,18,1,4.17,3,11.29,14,13.33,15.33,25.59,15.36
"YLR216C",124.5,116.63,111.81,183.9,143.62,164.09,75.75,82.94,55.99,60.74,73.12,75.98
"YLL040C",87,111,103.5,26,22,31,81,101,77.12,84,90,97.5
"YLR154C-G",27316.71,26335.21,27742.44,28526.81,21588.8,22771.43,26013.12,30360.14,24508.93,24854.91,32789.87,28712.91
"YLR410W-B",176.98,177.01,185.64,199.98,144.53,154.1,121.12,132.71,109.08,88.88,108.98,108.29
"YLR410W-A",52.15,50.36,51.06,63.2,47.66,45.58,32.28,38.38,33.56,26.69,29.94,29.53
"YLR157C-A",2.44,2.06,2.88,2.4,0.77,949.79,1.72,1.38,0.74,2.72,2.9,2.34
"YLR256W-A",4.53,8.61,4.13,4,2.2,4.16,1.96,5.81,1.25,7.75,5.19,7.15
"YLR035C-A",186.22,189.34,214.27,204.62,143.78,151.22,123.04,137.89,113.09,185.85,226.7,209.18
"YLR227W-A",2.36,3.26,3.1,3.33,1.8,2.24,2.21,2.58,1.25,1.66,4.07,4.24
"YLR157C-B",79.32,85.55,88.74,78.05,51.83,999.43,59.87,68.53,47.72,64.63,80.17,77.56
"YLR227W-B",169.39,160.76,161.51,160.31,102.37,105.24,111.49,141.58,99.23,128.16,174.2,156.1
"YPL071C",4,3,10,2,4,4,7.5,9.5,3,5,8,7
"YPL208W",7,9,3,4,2,3,14,11,10,11,5,8
"YPL102C",0,0.5,0,0,0,0,0,0.5,0,0,0,0
"YPL217C",86.5,66.5,64,19,10,12,85,99,79.62,81,114.5,101
"YPL197C",52.53,48,57.25,8.5,3.5,3.75,54.5,55.92,44.75,51.75,61,60.5
"YPR139C",16,18,19,1,6,2,15,16,11,15,13,12
"YPR169W",29,26.75,31,9,4,13,30,35.33,23,22.75,40,31
"YPL257W",2,2,0,1,1,1,3,1,0,1,3,3
"snR41",80,75,78,59,32,27,57,68.5,60,50,66,79
"YPL009C",34.5,43,45.75,15,14,18,32,40,45.5,32.5,46.75,31.43
"YPL183C",56.5,53,56,3,3,1,47,60,34,63.25,81,68
"YPR065W",14,11,12,20,8,9.17,18,21,16,27,29,32
"YPR099C",1.5,4,4,1.5,0.5,1.5,2,3.5,2,3.5,3.5,2
"YPR032W",21,18.17,23,14,13,11,12,23,11,13,26,15
"tM(CAU)P",0,0,0,0,0,0,0,0,0,0,0,0
"YPR194C",5,7,15,11,16,10,10,7,17,10,13,14
"YPL084W",30,31,24,14,7,8,34,22,35,29,16,30
"YPR101W",1,2.17,2,0,0.25,1,6,4,8,4.25,3.31,3
"YPL179W",49,47,57,28,20,15,56,61,46,47,77,44
"YPL224C",8.25,6,6,6,7,6,8,4,10,10,13,7
"tG(GCC)P2",0,0,0,0,0,0,0,0,0,0,0,0
"snR17b",803.67,773.5,814,787.5,544,602,669.5,794.5,650.67,687,726,697.83
"YPR204W",2.9,2.44,2.42,1.77,0.7,2.31,3.43,3.61,3.25,2.56,3.86,3.59
"YPR103W",16,16,19,11,5,7,16,16,22,28,27,21
"YPR155C",11,4,9,4,3,2,14,7,2.12,4,5,7
"YPL250W-A",48.08,50.75,59.25,8.5,5.25,5.75,65.5,63.25,54.25,59.75,66.5,52.75
"YPL244C",12,8,9,4,0,3,7,13,12,15,11,12
"YPR141C",6.04,6.12,6.18,3,2.21,1,7.24,3,5,9,11.88,10
"YPL275W",0.5,0.5,1,20,16.25,15.5,0.5,0.57,0.5,1.5,0,2
"YPR156C",11.5,21.56,11.81,14,9,9.56,17.98,18.5,21.06,12,16,22.12
"YPL240C",464,404.75,383.25,703,460.5,496,241.5,299.75,236,252.5,292.38,265
"YPR188C",13,9,18,3,8,7,7,7,7,4,9,10
"YPL111W",12,15,13,59,26,43.5,18,22,13.5,18,31,18
"YPR119W",10,7,6,4,1,3,19,13,14,18,16,10
"YPL192C",3,1,1,2,1,1,3,1,2,1,0,0
"YPL059W",12,8,14,5,5,4,11,12,6,10,10,10
"YPL218W",54,34,41,10,4,3,37,50,33,35,45,43
"tI(AAU)P1",0.17,0,0,0,0,0,0,0,0,0,0,0
"YPL264C",0,1,0,2,3,2,1,4,0,1,2,4
"YPL198W",93.53,100.5,89.08,10,5,7.75,96,101.92,83.25,105.75,118.5,97.83
"YPL006W",42,35.25,46.25,29,13,21,26,34,25,27,34,16
"YPR161C",18,27,18,15,7,9,16,13,17,27,18,16
"YPL145C",47,52,52,16,16,15,56,72,44.5,52,84,69
"YPL092W",13,7,15,42,23,27,9,9,5,3,8,4
"YPR181C",98,95.5,80,42,24.5,26,101,102.07,84,88,107,133.5
"YPR171W",8,13,10,3,2.17,4,12,13,10,6,10,13
"YPR122W",23,18,32,14,11,13,19,29,24,27,40,22
"YPL091W",39,28,30,13,5,5,31,29,20,24,30,28
"YPL137C",53,53.65,59.58,21,16,16.05,37.07,56.5,35.5,63.33,60.5,56
"YPL014W",5,4,2,14,4,11,6,1,9,7,3,3
"YPL164C",12,8,7,16,11,12,11,6,3,9,10,10.5
"YPL163C",14,19,15,5,4,5,28,28,30,24,30,22
"YPR069C",45,29,63,20,11,10,45,38,36.5,57,73,60
"YPL038W-A",0.5,0,0.5,1,0.5,0,0,0,1,0,0,0
"YPR072W",32,23,22,18,6,10,25,30,14,23,36.75,22
"YPR067W",3,7,6,2,2,2,2,5,4,5,12,8
"YPL175W",5,15,12.1,19,12,14,8,13,8,11,14.62,13.29
"YPL088W",20,21,32,14,10,16,30,27,27,14,16,20
"YPL125W",37.17,29.17,26.33,32.17,14.17,17,24,31.5,38,43.5,43,48.17
"YPL090C",200,187,185.5,13,5,7.5,212,231.5,183.5,209.25,299.5,236
"YPR120C",4,5,2,2,4,1,7,8.5,9,4,6,7
"YPR198W",11,20.11,20.68,2,1,2,9.17,10.5,10.5,12.61,15.11,11.5
"YPR053C",3.5,2,4,4.5,1,0.5,8.5,2.5,1.5,10,6.5,5
"YPR106W",1.12,4.47,3,1.12,6,5,4,5,5,5,3.1,6
"YPL250C",0,1,2,7,6.5,9,0,1,1,0,2.5,0.5
"YPL051W",1,5,2,1,1,0,3,8,8,4,3,3
"YPR013C",3,1,4,1,2,2,2,4,0,2,4,2
"YPL121C",0,0,0,1,0,0,0,0,1,1,0,0
"YPR068C",3,2,4,1,0,0,3,5,5,5,2,2
"YPR160W-A",0.5,1.5,1,10,10.5,7.5,1,1,1,1,1,0
"YPR202W",1.98,0.61,0,1.11,0,0,1.26,1.68,0.31,0.5,0.2,1.56
"YPL270W",20,25,24,28,26,11,19,15.03,19,23,23,27
"YPL248C",13,5,7,3,2,11,5,7,5,4,5,9
"YPR058W",5.5,3.5,8,0,2.5,0.5,7.5,9,6,5,14,5
"YPL004C",29,28,29,64,40,42,39,44,32,45,47,41
"YPR110C",42,27,41,3,3,11,47,61,35,55,74,55
"YPL042C",9,17.5,13,6,9,9,14,10.33,11,14.29,12,13.5
"YPR149W",37,43,38,49,40,37,39,46,39,42,68,46.17
"YPL172C",6,10,15,4,2,4,9,9,4,6,6,4
"YPR009W",11,5,9,2,0,0,11,10,10,6,6,7
"YPL039W",0.5,3,6.5,8,4.5,9,5,2,1,4,4,9
"YPR051W",2.5,7,1.5,0,0,0,3,1,1.5,1.5,4,1
"YPR134W",6,5,1,3,1,1,3,4,2,2,2,2
"YPR118W",25,19,32,2,2,0,21,26,27,18,28,24
"YPR019W",29.5,15.5,19,15,9,7,25,30,20,25,34.5,21
"YPL213W",5,5,6,3,4,4,4,6,0,2,4,6
"YPR121W",1,4,7,9,1,3,4,8,4,4,1,2
"YPL054W",2,1,3,1,3,1,0,1,0,2,0,0
"YPL123C",7,12,8,14,6,10,7,2,5,6,4,3
"YPL144W",0,0,2,0,0,0,3.5,3,1,5,4,6
"YPR036W-A",4,0,3,19,12,17,7,8,11,7,5,10
"YPL140C",7,5,10,8,4,10,10,8,8,10.25,12,16
"snR70",73,76,84,94,60,77,77,104,64,94,85,81.5
"YPL202C",15,13,8.5,14,10,13,12,11,18,14,24,29
"YPL114W",0,0.5,0,0.5,0,0,0,0,1,1,0,1.5
"tI(AAU)P2",0,0,0,0,0,0,0,0,0,0,0,0
"YPL045W",14,10,13,8,7,6,25,15,9,11,14,16
"YPL267W",3,0,2,3,3,1,5,2,2,6,0,4
"YPL133C",6,4,4,4,1.17,7,3,4,6,8,7,8
"tA(AGC)P",0,0,0,0,0,0,1,0,0,0,0,0
"YPL263C",28.25,32.67,35,4,5,2.6,30,29,25,27,32,33.81
"YPL097W",13,16,6,2,1,2,10,10,2,10,11,15
"YPR130C",5,4.5,3.5,0.5,1,2,4,3.5,5.5,2.75,5.5,8.5
"YPR177C",1,0.5,1,0,0.5,1,0.5,0,0.5,0,2,2
"YPR124W",18,10,14,8,9,8.5,22.5,36.5,22.5,43,48.5,48.5
"YPR157W",3.12,0,2.08,8,2,4,0,1,2,0,1,1
"YPR004C",15.5,18,12,8,0,3,18,20,13,20,14,14
"YPR080W",1733.5,1675.67,1839.93,492.5,326.17,357,1880.5,2213.92,1759.58,1878.37,2447.58,2233.42
"YPL162C",5,5,2,8,10,3,6,4,4,3,8,5
"YPL200W",0,0,0,0,0,0,0,0,0,0,0,0
"YPR057W",3,4,7,1,3,1,7,11,6,7,12,9
"YPR100W",1.5,7,6,1.5,1.5,1.5,5,5.5,3,4.5,4.5,4
"YPR033C",51,51,51,13,9,14,44,75,50.5,62.5,64,61.5
"YPR174C",1,1,4,4,1,4,4,4,7,1,6,2
"YPR151C",2,1.5,2.5,5.5,2,2,0,0.5,2,0,1,1
"YPR180W",7,8,12,2,1,1,5,13,10,7,7,3
"YPL210C",36,30,38,3,11,5,31,46,35,35,55,46
"tC(GCA)P1",0.25,0,0.25,0,0.25,0,0.25,0,0,0,0.25,1
"YPL155C",6,9,3,2,1,5,8,12,12,8,10,5
"YPL225W",19,21,20,18,11,9,7,28,22,26,13,30
"YPL081W",46,59,50.5,3.5,0,2,54.5,72.5,47.5,49.5,62.5,48.5
"YPL266W",19,11,16,13,6,4,20,26,15,19,26,25
"YPR002W",0,5,1,25,13,22,1,2,3,3,3,4
"YPL127C",5,4,3,7,3,3,17,15,15,9,13,11
"YPR108W",29,28,32,8,9,5,29,30,26,40,29,33
"YPR172W",16.17,10.2,21,17,7,10,7,9,7,6.17,6.17,11
"tF(GAA)P2",0.98,0.98,0.81,0.33,0,0.33,0.17,0.79,0,1.17,1.14,1.08
"YPR200C",0,0,1,1,0,0,1,0,0,0,0,0
"YPL058C",72.5,78,79.6,150,101.5,93,33,46,30,27,61,46
"YPL073C",0.5,0,0.5,0.5,0,0,0.5,0.5,0.5,0.5,0,0.5
"YPR197C",1,1.11,3.68,0,0,0,2.17,0.5,1.5,2.61,1.11,0.5
"YPR088C",26,22,31,8,8.5,8,30,42.5,25,25.5,31.5,38.5
"YPL254W",14,5,9,5,3,2,10,7,10,7,13,16.5
"YPR010C-A",5,6.5,10,1,1,1,6,1,4,3,2,3
"YPL223C",0,1,1,86.5,69,63,1,5,1,3,0,0
"YPR056W",10,7,4,1,0,1,6,4,5,6,10,10
"YPR006C",12,6,7,4,5,5,6,6,4,4,12,6
"YPR129W",18,16.5,17.5,4.5,2,4,20,23.5,10.5,9.75,12.5,19.5
"YPR199C",4,4,2,6,9,7,4,5,4,4,6,12
"YPL062W",0,2,0,0,0,0,0,0,0,0,0,0
"YPR113W",16,19,16,16,8,10,16,26,17,21,14,19
"YPL166W",1,1,2,1,0,2,0,3,3,3,0.5,1
"YPR020W",10,10,5,8,6,6,6,11,3,6,4,5
"YPL160W",206,205,215,18,15,7,195,247,147,224,253.5,252
"YPL147W",4.17,6.5,4,10,9,11,3.17,4.33,4,2,4.17,2
"YPL107W",3,5,3,4,1,4,4,4,2,6,6,1
"YPL169C",23,19,18,26,22,24,25,28,21,33,37,36
"YPR169W-A",2.29,1.67,2,0.67,0,0,1.67,4.33,1.67,1.67,2.67,2
"YPR170W-A",2.33,3,3.33,0.33,0,0.5,5,4.83,3.17,3,3.5,4
"YPR014C",0,0,0,0,0,0,2,0,0,0,0,1
"YPR049C",13,14,17,16.33,15,13,13,13,12,12,17,19
"YPL087W",13.5,19,8.25,10,9,13,8,5,9,10,8,10
"YPR115W",28.25,36,45,31,25,21.17,24,38,36,30,29,49.5
"YPL184C",21,31,22,15,4,8,21,17,11,22.5,32,26
"YPR111W",4,4,5,2,1,6,4,9,4,5,3,9
"YPR203W",0.17,0.21,0.27,0.25,0.14,0,0.61,0.81,0.31,0.1,0.25,0.51
"YPR189W",40,28,36,7,5.25,5,32,43.11,30,22,49,32
"YPR034W",15,12,23,0,3,3,17,18,18,22,27,27
"YPL189W",3,2,4,3,0,1,2,3,1,3,1,1
"YPL246C",22,19,21,8,5,4,9,22,15,15,13,18
"YPL020C",15,12.5,21,6,10,9,20,14,15,14,15,19
"YPL255W",0,2.25,4,0,0,2,10,5,4.25,6,6.75,5
"YPL196W",3,5,3,3,10,7,1,7,4,7,0,7
"YPR135W",9,8,7,2,3,3,15,16,7,13,18,19
"YPR044C",58.33,58.5,61.5,7,2.5,1.5,62.08,68.58,50,47.75,71,64.83
"YPL061W",232,249.75,263,14,8,12,227,252,217,258,327,260
"YPL238C",6.5,8,13,3.5,0,2.5,10.5,10.5,6.5,8.5,9.5,13
"YPL052W",6,10,3,8,9,6,8,10,11,8,13,3
"YPR112C",52,52,46,10,12,13,44,65,35,52,68,59
"YPL186C",0,1,1,11.5,7.5,8.5,2,1,2,0,1,1
"YPR148C",17,31,41,27,14,18,25,24,30,23,23,21
"YPL276W",1,1,0.5,10,11.25,11.5,0,0,0,0.5,1,0.5
"YPL280W",0,1,0.33,3,1.5,2.33,0,0,0.33,0.5,0,0.33
"YPR143W",10,17.5,9,0.5,3.5,2,11,7,11,6.5,17,11.5
"YPL261C",0,0.5,1,0,0.5,0,1,0,0,1,1,0
"YPL034W",0.5,5,3.5,1,0.5,0,1,3,1,1.5,3.5,1
"YPL116W",10,11,5,9,9,9,12,13,12.5,9,19,9
"YPL131W",376.25,366.5,373,30,13,18,451.5,464.5,405.5,440.25,569,465.75
"YPR017C",4,2,4,1,1,0,1,0,1,3,3,4
"YPL012W",84,97,93,12,6,11,86,129,92,116,140,128
"YPL017C",6,6,7,9,3.5,6,5,13,6,5,9,6
"YPL010W",20,20,24,8,6,7,19,20,21,21,22,28
"YPR173C",23,24,29,15,7,8,26,42,24,20,23,20
"YPL233W",5,5,4,0,1,1,4,2,6,0,9,8
"YPR024W",34,31.5,33,10,7,7,33,34,21,45,48,41
"YPL152W-A",0,0,0,0,0,1,0,0,0,0,1,0
"YPL187W",1,4,3,2,0,0,0,0,0,0,0,0
"YPR191W",40,50,38,97,76,81,43.75,38,35,30,29,36
"YPR170C",0.96,0.67,0.67,0.33,0,0,0.67,1,0,0.67,0.67,1
"YPR123C",5,1,1,3,1,2.5,3.5,7.5,4.5,14,12.5,6.5
"YPR142C",3,2.5,2,0.5,0.5,1,4,3,2,3.5,4,3.5
"YPL063W",34,30,28,4,6,2,37,32.5,23,31,46,44
"YPR007C",0,1,3,3,1,1,0,5,0,2,1,2
"YPR084W",13,10,11,6,1,11,7,4,7,10,10,12
"YPL149W",5,3,6,2,2,2,7,1,5,4,8,7
"YPL089C",45.5,54,67,49,40,36,54,72,46,45.5,52,54
"YPR166C",5,4,7,0,0,0,3,4,5,5,5,7
"YPR167C",4,4,2,0,5,1,4,6,1,5,6,6
"YPL231W",728.25,712.5,747,290,195,192,655,740,617,561,725,696.5
"YPR025C",3,9,6,6,3,8,3,6,10,7,8,7.12
"YPL098C",10,7,8,5,4,0,12,6,4,5,12,4
"YPR147C",5,8,12,3.5,0,2,12,9,6.5,10.5,6.5,8
"YPL129W",22,11,10,1,0,3,17,18,17,21,17,14.5
"YPR153W",1,2,0,0,0,1,2,1,2,0,2,1
"YPR164W",20,31,30,13.5,8,6,33,26,32,35,36,38
"YPL026C",17,14.75,25.25,9,8,2,11.5,8,14,8,11,19.2
"YPR001W",3,3,4,33,16,16,0,4,2,1,2,3
"YPL282C",0.11,0,0,0.14,0.48,0.33,0,0.77,0,0,0.17,0
"YPR178W",8,2.5,6,3,1.5,3,3.5,1,4.5,6,7,6
"YPR061C",1,1,4,3,1,4,0,1,1,2,4,2
"YPL180W",15,13,19,9,3,5,10,17,6,21,21,10
"YPL142C",62,55.42,62,2.5,1,2.5,63,70,47.5,69.25,76,72.5
"YPL019C",141,137,124,15,18,15,77,135,92,107.75,142,153
"YPL258C",2,1,2,0,4,3,0,1,0,1,1,4
"YPL022W",22.17,15.25,26.5,18,9,13,24.5,23,24.17,23,32,34
"YPL279C",5.5,4,2.5,1.33,0.5,2,8,5,3.5,6,9,10
"YPL044C",6,7.5,7,1.5,2,1,8,7.5,3.5,10.5,7.5,10.5
"YPR193C",0,1,0,6,11,4,0,1,1,1,0,3
"YPL001W",6,4,10,2,4,0,2,8,3,5,6,7
"YPR083W",6,5,5,4,3,1,2.25,5,5,3.33,4,3
"YPR195C",3,0,0,4,0,0,1,3,2,2,0,0
"YPL057C",28,38,45,23,16,12,31,43,43,19,36,33
"YPL211W",16,13,12,1,3,0,6,18,8,23.5,29,9
"YPL041C",4,5,1,2,1,1,1,3,5,6,2,5
"YPR003C",9,15.25,12,20,14,12,2,11,6,7,8,4
"YPL181W",18,19.5,17.5,18,16.5,16,13,15.5,16.5,18.5,18,22
"YPR168W",0,0,1,0,1,2,5,2,2,2,1,2
"YPL185W",0,0,1,1.5,0.5,1.5,0,0,0,0,1,1
"YPL040C",17,17,15,5,5,4,12,14,17,10,16,19
"YPL070W",18,17,15,26.33,18,15,15,15,12,13,15,14
"YPR159W",57,70,65,43,36,35,44,82,68,47,90,72
"YPL002C",9,1,5,5,9,1,3,4,4,7,4,6
"snR51",10,6,7,9,9,5,9,11,8,13,9,10
"YPL227C",15,2,14,5,2,2,16,12,9,18,11,11
"YPL067C",5,9,8,16,14,9,6,8,2,3,6,8
"YPL236C",5.11,3,2,4,0,2,4,3,2,5,1,6
"YPL151C",12,14,17.75,2,7,2,8,11.5,9,21,17,13
"YPL234C",10,19,17,5,6,1,10,14,10,12,25,15
"YPL015C",13.67,13,17,9,7,11,13,19,20,13.5,22,15.25
"YPR035W",141,126,138,46,44,58,158,167,159,150,215,151.5
"YPR037C",6,2.5,5.83,1.83,2.08,1,2,5,3.83,6.5,5,4.5
"YPR184W",29,34,43,219,151,181,45,28,27,21,26,40.33
"YPL135W",10.5,6.5,10.5,31.5,22.5,28.5,10,8,8,15,8,14
"YPL215W",9,5,4,7,4,2,7,7,6,6,11,13
"YPL112C",13,17,8,8,4,6,6,13,11,17,10,12
"tK(UUU)P",1.9,4.15,2.76,3.5,2.17,1.71,2.74,3.57,1.29,3.71,4.36,2.6
"YPR146C",4,4,0,2.5,0,0,2,3,0.5,1.5,2.5,2
"YPR087W",4,2,5,1,1.5,0,0,5.5,2,1.5,4.5,3.5
"tW(CCA)P",1,2.33,4.33,2.33,2.67,2.17,3.67,3.5,3.33,3.5,4,4.83
"YPL154C",87,86,86,71,48,42,68,75,68,65,80,69
"YPL136W",3,2.83,4,2,1,1,2,2.5,2.5,2.33,2.5,2.5
"YPR094W",3,3,0,0,1,1,5,4,0,0,0,3
"YPR074C",271,258.5,274.1,58,52,46,238,253,221,222.33,257,297
"YPL056C",2,1,2,2,1,1,3,3,0,4,2,2
"YPL189C-A",3,0,1,8,0,5,1,2,3,1,4,0
"YPR082C",0,7,3,2,1,3,4,2,4,4,4,4
"YPR133C",23,21,19,10,10,7,11,17,12,17.07,25,20
"YPL047W",3,8,2,3,3,2,4,1,6,1,5,4
"YPL077C",4,0,1,1,2,2,2,0,1,1,5,1
"YPR016W-A",4.5,2,0,1,1,2,2,2,1,1,4.5,2.5
"YPL272C",3,1,4,14,17,11,3,1,5,2,2,1
"YPR050C",1.5,4,1.5,0,0,0,2,1,1.5,0.5,1,1
"YPR108W-A",1,0.17,0,0.17,0.17,0.33,0.17,0,0.17,0.33,1.17,2.92
"YPR070W",13,7,12,9,3,3,13,15,6,10,8,13
"YPL176C",23.86,23.5,34.24,23.75,12.96,15.57,27.07,32.29,18.29,20.82,20.75,29.45
"YPL220W",160,158,166.5,15,11,12.5,164,191.5,145.83,186,205,181
"YPL065W",1,5,7,1,2,1,3,5,0,2,5,6
"YPL074W",6.5,8.5,8,9.25,2,4,10.5,12,13,18.5,11,18
"YPL032C",48,22,33.25,19,14.67,17,65,49,45,45,66,57
"YPL167C",6.5,7,8,10,6,4,11,15,14,4.25,12,10
"tN(GUU)P",1.6,1.8,2.5,0.4,0.1,0,2.57,0.4,2.1,3.5,0.4,0.4
"YPR185W",15,22,11,5.07,6,6,18,15,11,15.17,17,17
"YPR160C-A",6.5,6,7.5,39,32,37.5,1.5,1.5,4.5,0.5,4.5,3
"YPL038W",3,1,1,2,2,0,2,6,3,5,2,8
"YPR145W",110,142.74,136.17,20.17,17,13.33,145.5,155.67,129.58,113.08,157.25,144.38
"YPL165C",1,2,2,7,3,2,3,3,5,1,0.5,1
"YPL193W",11,9,16,6,4,2,6,8,12,11,13,10
"YPL003W",11,8,7,2,8,7,4,6,3,2,8,3
"YPL178W",6,13,12,3,4,1,8,9,7,12,13,13
"YPL013C",6,7,9,1,0,4,4,8,3,9,5,5
"YPR012W",0,1,1,0,1,0,1,0,0,1,0,1
"YPR042C",12.5,21,8,16,7,19,17,26,17,15,18,19
"YPL103C",8,7,6,3,6,0,4,4,6,9,10,12
"YPR028W",35,30,38,14,14,12,33,32,30,32,38,47
"YPR039W",0,1,0.33,0.83,0,0,0,0.5,0.33,0,1,2
"YPR089W",21,20,23,14,10,7,29,31,26,17,29,37
"YPL075W",17,24,18,39,29,30,26,31.5,18,36.5,29,28.5
"YPR196W",4,4,2,2,1,1.5,2,3,0,2,2,7
"YPR077C",1.5,0,0,1.5,0,1,0,0,0,0,1,0
"YPL024W",5,10,4,3,1,2,8,5,5,3,7,5
"YPR008W",22,22,33,18,8,12,28,31,29.25,36,48,46
"YPR071W",5,6,6,0,0,2,3,4,6,5,3,4
"YPL182C",4,0.5,1.5,1,3,1,3,0.5,2.5,1.5,3.5,2.5
"tC(GCA)P2",0.25,0,0.25,0,0.25,0,0.25,1,0,0,0.25,0
"YPR062W",25.5,25,24,21,11,18,22,20,16,22,27,25
"YPL277C",1.5,4,4.5,12,9,3.5,2.5,1.5,0.5,4,2,2
"YPR125W",13,18.5,24.5,2,1,2.5,17,28,12,21.5,26.5,29
"YPR131C",8,7,12,9,2,1,5,6,4,7,10,8
"YPL221W",52,60,61,26,19,17,58,76,52,47,54,51
"YPR073C",17,17,12,4,1,4,8,9,13,12,14,16
"YPL262W",45,66,57,58,49,42,41.33,62,40,30,44.25,55.33
"snR45",95,123,98,100,57,85,74,111,75,113,115,107
"YPR036W",78,54,71,9,7,9,62,84,62,62,79.75,82
"YPL031C",7,13,8,5,1,4,11,13,12,7,13,15
"YPL237W",34.5,31,37,6.5,4,9.5,35.5,39.5,34.5,31.5,40.5,49
"YPL053C",18,18,17,21,13,14,10,21,18,27.5,16.5,17
"YPR109W",5,4,7,4,2,0,8.17,3,4,3.5,2,7
"YPR159C-A",0,0,0,0,0,0,0,0,0,0,0,0
"YPL122C",9,19,15,2,5,0,8,16,6,15,11,14
"YPL085W",141,104,137,41,23,24,107,152,100.25,105,145,146.75
"YPR104C",23,9,12,3.67,7,2,14,16,18,19,19,23
"YPR186C",6,6,12,2,0,4,8,8,4,5,12,5
"YPR201W",3,0,4,2,1,1,1,2,0,1,2,0
"YPL138C",4,2,5,5.5,1,2,6,6,6,3,5,1
"YPR030W",6,10,14,74,46,47,8,7,6,5,12,6
"YPR190C",32,28,28,24,15,15,25,39,33,26,37,47
"YPL043W",52,33.5,48,5.5,14,6,54,36.5,39.5,46.5,53.5,77.5
"YPL108W",3,2,1,0,0,1,3,2,2,2,5,4
"YPL105C",42,51,40,16,11,8,46,56,44,47,59,53
"YPL168W",11,3,2,5,1,4,3,7,2,5,10,4
"YPR018W",11,12,11,6,6,6,16,27,7,10,20,21.75
"YPR132W",118.5,117.92,123.5,14,8,7,117.5,146.5,105.5,153.5,150,164
"YPL222C-A",0,1,0.5,0,0,0,0,0,1.5,0,0.5,0
"YPR137W",22,21,28.5,4,8.5,4.5,27,50,32,36.5,36,49
"YPL219W",4,4,2,0,4,6,4,5,2,5,6,6
"tS(UGA)P",3.83,3.25,3.92,4,2.08,1.25,2,2.96,1.33,3.33,7.17,7.03
"YPL029W",14,16,14,3,2,2,9,12,12,14,25,11
"YPL113C",0,2.5,5,0.5,1,0,5,0,3,2,0,4.5
"YPL190C",45,38.5,50.75,14,17,5,53.25,48,43,43,60,60.5
"YPL241C",1,1,1,0,1,1,3,1,3,2,0,2
"YPL281C",4.28,2.17,4.17,51.83,47.33,35.6,0.83,1.77,0.5,0.75,2.17,0.92
"YPL023C",15.5,15,22.75,23,16,14,26,25,22,25.25,27,30
"YPR043W",48.33,49.5,54.5,6,2.5,1.5,54.08,57.58,38,43.75,60,56.83
"YPR116W",2,4,1,1,0,2,4,2,5,2,6,1
"YPL252C",5.5,3,5,1.5,1,2,5,0.5,3,5,7,4.5
"YPR047W",10.5,10.08,9.83,10,4.33,2.33,7.5,8,11.78,10.25,10.59,13.5
"YPL119C-A",1,0,2,0,1,2,1,1,0,0,1,2
"YPL194W",7,5.5,5,5,0,3,4,5,3,2,6,5
"YPL157W",9,6,7,1,4,5,5,9,11,7,18,4
"YPL177C",19,15,23,19,18,15,18,16,10,19,24,29
"YPR165W",52,54,52,11,5,20,55,61,53,65,71,71
"YPL037C",99,109,99,13,7,8,86,87,73,85,98,113
"YPR093C",1,3,3,5,5,9,2,1,3,4,2,6
"tG(GCC)P1",0,0,1,0,0,0,0,0,0,2,0,0
"YPR066W",2,2,2,1,0,0,3,4,1,3,6,3
"YPL247C",8,5,12.25,39,33,32,6,7,8,4,10,7
"YPL101W",9,9.5,7,7,6,6,8,13.5,12,15,15,10
"YPL064C",4,9,6,2,2,4,4,4,7,5,10,8
"YPL256C",41,37,38,11,4,6,37,49,49,32,46,40
"YPL099C",2,2,7.25,2,2,2,5,4,4,4,3,3
"YPR023C",14,12.17,10,14,5,9,14,17,12,20,16,24
"YPL093W",90,98,85,12,12,11,113,130,72,105,118,126
"YPL134C",4,4,7,0,1,2,6,3,3,4,7,7
"YPL153C",0,7,6.25,13,8,11,10,9,8.25,7.25,11,11
"YPL222W",10,9,4.5,11.17,8,7,5,4,8.67,2,7.5,6
"YPR075C",13,5.5,9,12,15,15.5,8.5,13.5,12.5,11,10.5,17.5
"YPL118W",20,27,28,22,15,21,16,20,20,17,24,25
"YPL239W",13,20,22,11,8,3,16,23,17,19,17,22
"YPR136C",5,5,3.5,1,0.5,0.5,2,8,2,4.5,4,9
"YPL033C",0,2,0,0,0,0,0,0,0,0,0,0
"YPR045C",13,9,15,5,3,3.5,7,17,6,9,10,13
"YPR038W",2,0.5,0.83,0.83,1.08,0,1,0.5,1.83,1.5,1.5,3.5
"YPR011C",4,6,9,1,1,2,7,5,5,5,3,4
"YPL100W",4,2,3,4,4,4,2,8,5,3,8,5
"YPL076W",2,7,5,2,3,1,2,4,3,2,3,7
"YPL027W",0,0,2,0,0,0,0,0,1,0,1,0
"YPL271W",9,6,7,4,4,1,5,6,6,4,9,6
"YPL128C",10,15,7,0,1,5,11,17,19,16,20,22
"YPL139C",9,6,5,5,3,3,13,9,9,9,3,11
"YPL005W",6,0,2,0,3,1,2,3,0,0,1,3
"YPL148C",2,4,0,1,1,0,3,1,2,0,5,4
"YPL080C",5,8,13,0,1,1,2,3,0,4,5,7
"YPL265W",20,18,24,6,7,7,26,33,23,25,20,20.5
"snR59",1,0,2,0,0,0,0,0,1,0,0,0
"YPR052C",2.5,2,4,2.5,0,0.5,6.5,9.5,2.5,11,8.5,7
"YPR145C-A",0,0,1,0.33,2,1,0,0,0,1,0.17,0.5
"YPL096W",3,5,4,6,1,2,5,1,3,7,3,8
"YPR078C",5.25,2.75,3,8,4,5,4.25,6,2.5,1.5,4,2.5
"YPL104W",15,14,16,6,4,4,13,9,10,13,14,16
"YPR074W-A",0,0,0,0,0,0,0,0,0,0,0,0
"YPL283W-B",0.06,0.38,0.25,0.06,0.06,0.25,0.38,0.38,0.19,0.44,0.38,0.42
"YPR162C",5,4,6,10,2.17,2,4,11,7,3,6,6
"YPL030W",10,12,14,3,0,5,18,19,14,12,25,19
"YPL069C",4,6,1,1,2,0,6,3,5,4,8,5
"YPL188W",17,14,9,10,6,9,16,8,8,12,5,15
"YPL201C",0,0,1,16,22,11,0.25,1,0,1,0,0
"YPL207W",50,45.75,43,16,13,12,32,38,31,37,53,48
"YPR021C",11,13,19,10,11,10,13,13,5,6,13,15
"YPL253C",1,3,5,2.17,3,3,5,4,7.17,5,9,10
"YPR040W",8,8,7,8.5,6,6,8,3,7,3,6.5,10.5
"YPL143W",63,57.42,62,2.5,1,2.5,64,71,48.5,71.25,78,72.5
"YPL132W",8,7,7,3,0,5,2,6,7,8,3,12
"YPL171C",1,0,0,57,43,51,2,2,0,0,1,1
"YPL126W",89,81,77,16,9,8,71,89,75,89,119,89.5
"YPR063C",20,18,16,1,1,2,13,14,12,15,14,23
"YPR187W",17,29,20,2,0,2,22,26,16,31,36.5,24
"YPL007C",6,11,10,1,0,2,6,9,6,3,5,6
"YPL209C",2,3,4,1,3,0,1,2,2,3,1,0
"YPR182W",0,1,1,1,0,1,3,1,2,2.25,2,2
"YPL242C",23.11,29,19,22,22,11,35,42,36,53,40,50
"YPL205C",5,1,0,2,1,0,3,1,3,2,3.5,5
"YPL278C",1,1,1.5,2,1.5,1.5,0.5,1,1.5,1,0.5,0
"YPR086W",19,21,34,21.5,14.5,17,19,20,15,20.75,22.67,34
"YPR117W",54,61.5,54,20,16,21,42,41,32.25,35,34,26
"YPL096C-A",3,2,1,0,0,0,3,1,2,1,1,0
"YPR092W",1,0.5,2.5,1,1,1,2,0.5,3,3,2,2.5
"YPL086C",28,25.25,28,7,2,2,23,27,11,13,29,29
"YPR005C",3,5,14.25,9,12,5,5,6,3,4,2.75,2
"YPR046W",1,2,2,1,0,0,1,3,1,1,1,1
"tK(CUU)P",0,0,0,0,0,0,0,0,0,0,0,0
"YPL269W",4,4,1,5,2,4,3,2,3,7,4,5
"YPL135C-A",2.5,2.5,2.5,9.5,4.5,4.5,4,3,4,4,2,4
"YPR105C",20,13,12,11,8,5,11,23,19.11,27,34,30
"YPL158C",11.5,11.5,9,23,14.5,20,15,24,16,15.5,25,24
"tE(UUC)P",5.13,5.27,2.64,1.5,2.57,0.64,1.7,3.7,2.65,2.23,1.25,3.29
"YPL094C",25,19,20,4.5,7,3,18,29,22,22,24,24
"YPR176C",7,11,4,1,0,5,8,4,11,6,6,9
"YPL191C",4,1,3,2,2,1,5,2,2,0,2,2
"YPR204C-A",0.06,0.38,0.25,0.06,0.23,0.25,0.38,0.38,0.44,0.44,0.38,0.38
"YPR163C",67,55,71,9,14,16,80,96,74,73,97,65
"YPL229W",2,6,2,1,2,1,2,3,3,2,7,6
"YPR160W",55,71.5,85.5,626,474.5,456,45.5,37.5,45.5,48.5,54.5,53
"YPL049C",21,25,15,7,3.17,10,31,32,12,22,26,25
"YPL066W",21,10.25,18,21,15,9,19,21,13,20,24,21
"YPL183W-A",3,8,6,1,2,2,2,2,2,6,5,3
"YPL235W",21,28,41,9,7,5,26,35,25,27,33,42
"YPL141C",23,15,17,28,35,32,19,31,23.75,19,28,24
"tF(GAA)P1",0.98,0.98,0.81,0.33,0,0.33,0.17,0.79,0,1.17,2.14,1.08
"YPR144C",25.32,27.08,28.29,6.22,3.06,2.5,23.17,24.56,17.11,19.07,40.51,34.69
"YPL249C-A",52.08,53.75,61.75,8.5,5.25,5.75,66.5,65.25,55.25,62.75,70.5,54.75
"YPR128C",6,5,10,4,4,2,2,11,5,5,4,8
"YPR054W",3,5,4,1,0,0,6,5,1,4,5,5
"YPL156C",4,2,4,3,1,2,1,8,6,5.11,6,7
"YPL173W",3,9,10,3,1,3,6,13,9,9,18,12
"YPR098C",5,4,2,6,2,5,4,5,3,6,2,6
"YPL260W",27,25.5,27,19,17.5,14.5,21,26,16,18,31,20
"YPL251W",0.5,0,1,0.5,0,1,2,0.5,1,1,1,2.5
"YPL016W",18,10,8,22,10,20,27,15,18,21,28,20
"YPR095C",11.52,23.33,16,12.38,13,5,23,29,22,18,10.17,21
"YPR079W",5,4,8,2,3,2,5,3,6,6,7,5
"YPR010C",151,155.5,165.25,40,26,20,149,190,146,151,220,202
"YPL046C",0,1,2,1,2,2,2,0,2,7,2,3
"YPL021W",0,0,0,2,2,1,0,0,0,0,0,0
"YPL268W",27,18,16,9,7,10,11,17.5,22,20,19,25
"YPL283C",3.11,4.89,3.72,2.32,0.9,2.8,3.85,6.38,4.35,6.27,5.64,6.74
"YPL206C",8,8,10,12,8,10,5,9,6,8,14,12
"YPR055W",22,16,22,20,6,13,13,14.12,15,25,15,17
"YPR138C",31,29,33,28,11,12.1,33.5,28,25,32,39,29
"YPL243W",26,40.5,33,9,2,3,34,37,28,27,46,38.75
"YPR127W",8,9,8,53,34,41,7,6,4,6,10,6
"YPL095C",5,5,8,2,3,2,5,7,6,12,5,6
"YPR027C",1,1,4,1,1,2,2,1,1,2,0,1
"YPL232W",26,23,17,12,7,10,27,27,29,26,25,30
"YPL124W",3,1,5,2,0,2,1,1,2,7.33,4,2
"YPR041W",41,41.75,46,8,8,4,50,57,55,59,82,74
"YPL083C",8,13,6,1,2,1,6,3,9,4,10,5
"YPL048W",63,51,66,14,12,18,62,68,56,57,93,81
"YPL120W",5,4,6,3,0,0,4,6,5,7,7,6
"YPL117C",56.17,33.67,35.75,27,21,27,41,40,32.71,46.08,55.12,53.31
"YPR126C",3,3.5,5.5,0,0,1.5,5,5,4,4.5,4.5,7
"YPR091C",16,28.5,21.5,6,3.75,7,17,32.5,18,15,30,20.5
"YPR059C",0.5,0.5,5,0,0.5,0.5,3.5,2,2,2,3,1
"YPL214C",5,8,6,7,2,5,7,9,3,10,12,6
"YPL203W",14,9,12,20,16,6,17,12,10,18,18,13
"YPL273W",36.5,40.5,40.5,4,6.5,3,33,41.5,33.5,32.5,39,46.5
"YPR081C",6,12,8,3,6,5,10,11,6,8,11,10
"YPL011C",11,13,11,4.5,7,3,11,10,9,15,14.25,9
"YPR097W",25,37,36,7,10,6.25,21,33,24,25,39,38
"YPL274W",16,17,17,11,10,13,16,11,18,8,7,14
"YPR158W",5,7,1,9,13,4,4,1,2,2,3,6
"YPL050C",35,26,24,4,1,7,40,43,37,32,39.5,38
"YPR114W",19,13,20,7,6,5,19,26,21,24,35,18
"YPL110C",50.73,51.47,69.2,75,29.21,51.15,34.07,37.41,36.49,40.28,33.42,34.53
"YPL161C",12,6.25,9,1,3,1,6,8,6,8,6,8
"YPR022C",19,27,26.43,19.5,15,6.25,37,34,20,27,20,34.33
"tT(UGU)P",0,0.17,0,0.17,0.17,0.33,0.17,0,0.17,0.33,1.17,0.92
"YPR175W",4,10,7,3,5.17,2,13,12,15,12,14,10
"YPL068C",5,14.07,9,4,2,4,6.07,12,6,5,9,8
"YPL055C",2,4,8.25,7,2,3,5,7,12,7,8,9
"YPL079W",92,99.5,103.5,2.5,5,6.5,114.5,144.57,116,114,125,117.5
"YPL150W",18,9,19,17,11,12,22,23,11,21,15,12
"YPR192W",0,2,1,0,2,0,1,0,1,1,0,3
"YPL226W",168,143,144,33,30,30,155,188,132,192,226,224
"YPL115C",31,20,23,14,12,13,42,37,37,27,46,52
"YPL283W-A",0.05,0,0,0,0,0,0,0,0,0.11,0,0
"YPL170W",7,5,6,15,5,9,9,11,10,4,7,8
"YPL245W",8,9,6,4,7,5,13,7,6,12,21,9
"YPR140W",13,13,16,10,12,7,8,12,12,10,18,16
"YPR048W",17,12,6,0,0,0,9,10,9,12,10,15
"YPR102C",144.5,148,136.5,16,8,6,148,172.5,152,161.5,187.5,198.5
"YPL036W",16.5,14,15,34.5,32,30.5,21.5,25,18,20,30,29.5
"YPR015C",3,3,3,3,4,2,1,1,0,3,3,1
"YPR133W-A",8,4,11,0,0,1,4,13,7,6,12,9
"YPL146C",29,24,27,9,3,3,35,31,27,33,42,41
"YPR107C",4,4,4,3,2,2,4,5,8,6,0,5
"YPL035C",0.5,2,1.5,3,0.5,0,0,1,0,0.5,0.5,2
"YPL082C",46.08,49.08,72,29,28,17,72.33,78,82,72.5,91,80.83
"YPR064W",1,2,0,2,2,2,0,0,2,0,0,0
"YPL216W",7,11,5,10,1,5,8,8,10,6,15,11
"YPL152W",5,2,5,4,3,2,5,4,4,3,3,6
"YPL230W",4,6,4,1,5,3,1,6,4,1,4,4
"YPL159C",4,3,8,7,2,2,10,10,5,10,12,11
"YPR183W",23,25,32,8,6,6,24,35,14,25,31,27.17
"YPL204W",37,28.5,32,23,17,15,39,50,41,40,59.5,59
"YPL109C",4,7,3,4,8,5,6,3,4,4,3,2
"YPL249C",19,26,23,16,15,5,20,25,22,18,21,14
"YPR154W",10,15,10,22,18,18.11,15,17,11,11,16,8
"YPR026W",16,12,23.5,53,36,56,15,13,8,7,15,9
"YPR076W",2,0.5,0,2,1,2.5,0.5,1.5,0.5,2,0.5,5.5
"YPR170W-B",7.29,8.67,5,0.67,0,0.5,6.67,6.83,4.17,4.67,5.17,6
"YPR016C",38.5,29.25,21,9,6,9,44,30,23,34,58,49.5
"YPL060W",10,4,5,4,3,5,3,9,7,3,2,6
"YPR029C",27,17,27,7,6,6,19,31,24,16,34,29
"YPR002C-A",1.7,1.98,2.14,2.38,2.52,2.43,1.43,1.52,1.39,3.23,3.02,3.71
"YPL106C",497.28,470.08,499.75,111,107,121,347.17,391.67,355.17,386.75,499,479.25
"YPR085C",8,5,7.05,6,3,6,10,9,7,8,10,9
"YPL008W",9.17,10,11,10,7,8,18,22,14,17,23,12
"YPR152C",5,5,7,1,3,2,7,4,2,3,1,3
"YPL212C",22,22,31,3,4,7,18,24,20,28,31,25
"YPL119C",2,6,6,8,5,10,2,3,4,2,8,1
"YPL078C",24,28,27,23,16,15,25,32,18,24,22,22
"YPL195W",33.17,28,30,20,8,5.5,24,24,28.46,36.08,31.12,17.06
"YPL025C",0.5,0,0,1,0,0.25,0.5,1,0,0,0,0.25
"YPR060C",11,12.17,17.5,3,2,1,13,13,13,15,12,14.5
"YPL199C",10,10,10,2,0,2,11,6,6,10,11,11
"YPL228W",11,8,8,1.75,1,2,12,16,8,14,12,11
"YPL018W",7,5,11.5,3,1.5,2,4,6,9,13,4,8
"YPL259C",6,12,10,5,5,7,5,10,13,10,16,8
"YPR150W",1,2.5,0.5,7.5,3,3,1,0.5,1,0,0,1
"YPL072W",4.5,5,5.5,2.5,3,4,7,5,7.5,2.5,7,5.5
"YPL130W",2,0,0,0,2,1,0,1,0,0,0,0
"YPR179C",8,18,8,4,1.17,1,11,11,12,9,12,12
"YPR096C",0,0,0,0,0,0,0,0,0,0,0,1
"YPL028W",65,69.5,54,31,23.06,30,49.67,61.5,50,42,58,36
"YPL174C",8,14,6,5,1,6,10,18,16,16,13,12
"YPR031W",10,5,11,2,1,3,5,10,9,12,9.5,9
"YPL257W-A",2.11,1.62,2.2,1.75,0.6,0.98,1.5,1.67,0.6,2.11,1.3,2.47
"YPR158W-A",3.06,3.54,2.5,7.25,6.17,6.31,2.17,2.05,0.79,2.04,3.17,4.17
"YPL257W-B",76.64,82.45,85.47,73.18,49.87,50.58,58.89,67.66,46.33,64.68,76.73,75.52
"YPR158C-D",202.88,200.91,211.69,209.67,140.62,135.33,137.4,168.51,123.11,170.03,218.85,194.12
"YPR137C-A",19.32,17.57,18.3,19.23,12.79,11.14,12.7,16.77,12.85,18.15,19.34,19.37
"YPR137C-B",70.82,60.92,63.55,64.14,41.38,41.21,43.09,54.75,39.52,55.93,60.14,62.66
"YPR158W-B",44.04,42.69,46.56,59.98,43.15,43.53,28.6,37.3,27.59,45.13,54.63,56.29
"YPL060C-A",6,10.5,5.5,8.67,3,6.17,7.33,7.5,7,4.5,8.33,9.83
"YPR158C-C",15.05,18.25,19.13,16.04,13.5,10.06,12.29,11.82,11.86,13.5,22.31,12.62
"YMR172W",8.5,10,18.5,4,4.5,3,8.5,8,6,7,10,5.5
"YMR027W",28,19,22,11,18,14,18,21.5,18,10,26,17
"YML089C",0,0,0,0,0,0,0,0,0,0,0,0
"YMR290C",40.5,43.5,46.42,3,4,1.5,42,62.5,41,52,57,71
"YMR139W",6,5,5,7,7,7,7,9,8,13,8,9
"YMR191W",21,11,21,52,53,57,12,19,6,6,11,18
"YMR244C-A",1,3,1,0.5,0,0.5,2,1.5,1.5,3,3,4.5
"YMR091C",16,17,10.08,2,1,1,26,16,17,18,19,21
"YMR173W-A",18,17,18.5,63,45,53,24.5,24,18,15.5,17.67,15.5
"YMR180C",3,10,3,8,5,6,3,8,5,3,7,7
"YML020W",8.5,14,9,11,7,6,11,10,10,15,13,11
"YML088W",23,14,16,16,12,15,23,17,14,15,21,20
"YML077W",5,9,7,4,1,1,8,5,4,5,7,3
"YML125C",28,30,27.25,11,5,9.25,24,34,19,26,42.5,30
"YMR318C",52,53,50,14,10,10,50,54,27,45,51,59
"YMR115W",18,13,10,12,11,4,8,14,6,7,15,12
"YMR266W",32,28,43,12,9,11,44,60,44,60,74,66
"YML057W",17.5,25,23.75,23,21,14.5,18.5,27.5,25,22.5,19,17
"YML055W",10,7,7,2,1,0,11,2,5,10,10,10
"YMR105C",20,21,18,158,92,109,19,20,14,20,23,17
"YMR268C",6,4,5,2,3,0,2,6,7,12,14,9
"YML133W-B",0.31,0.23,0.26,0.06,0.15,0.35,0.26,0.43,0.34,0.31,0.4,0.25
"YML090W",0,3.5,0,1.5,1,0,0,1,0.5,0.5,0,0
"YML101C",1.33,2,1,1,0,1,1,0.5,4,5,4.5,2.5
"YMR012W",122,149,165.5,21,15,14,133,167,128,151,196,176
"tY(GUA)M2",0.57,1.85,0.82,2.49,0.82,1.15,0.38,0.65,1.07,1.85,2.35,1.42
"YMR202W",80,59,85,25,15,15,55,61,58,44,72,61
"YMR083W",48,75,63,29,25,19,54,53,41.5,52,61,58
"snR76",13,29,28,18,10,14,19.5,19,16,14.75,25.25,13
"YMR017W",0,0.62,0,4,4,2,0.12,1,0.12,0,0,1.12
"YML085C",25,21,27,8,7.1,5,43,52,41,41,60,55
"YML013W",11.5,9.5,4.5,1,4,0.5,13.5,14,11.5,9,17.5,12.5
"YMR224C",16,11,10,5,2,6,6,12,9,7,5,8
"YMR059W",2,3,1,0,2,0,6,3,2,1,1,3
"YMR072W",9,11,9,3,3,3,16,19,9,15,16,20
"YMR304W",28,25,32,19,16,16,27,30,21,41,20,41
"YML087C",1,1,0,5,1,5,2,5,1.07,1,4,3
"YMR195W",1,3,2.08,0,1,0,4,1,4,5,4,2.5
"YMR240C",7,3,1,8,5,2,4,3,5,9,5,1
"YMR308C",102.5,91,90,25,19,18,88,113,89,108,143,115
"YML001W",14,11,12,5,3,1,13,21,7,11,15,8
"YML114C",11,11,13,8,7,6,17,17,14,14,28,28
"YMR319C",36,23,28,45,40,33,31,41,30,41.25,48,46
"YML075C",92,104,107,30,25,24,96,112,100,77,87,85
"YMR075W",22.75,8.5,6.25,13.34,12.5,7,12,14.08,10.5,8.5,17.5,11.27
"YML129C",3,3,1,2,3,0,5,3,1,4,1,4
"YML073C",118.5,137.5,133.5,16,11,9,162.5,175.5,123.5,153,182,173
"YMR149W",23,16,13,4,5,4,17,23,18,28,20,28
"YMR233W",5,4,5,2,0,1,3,4,4,1,8,2
"YMR048W",2,2,1,1,1,1,4,6,2,5,2,3
"YML030W",6,5.1,7,1,2,1,8,8,1,6,4,6
"YMR118C",0.49,0.7,0.32,10.28,17.5,10,1.22,2.05,1.27,4.07,1.4,2.77
"YMR260C",56,59,61,17,9,8.5,64,53.5,37,48,54,64
"YMR135W-A",0,0,0,0.5,0.5,1,0,0,1,1,0,0
"tM(CAU)M",1.2,1.2,2,2,0.6,0.6,0.8,0.8,0.2,2.2,2,1.6
"YML056C",100.67,119.67,130.33,40,40.5,34.33,100.17,124.5,85.67,94,120.67,111
"YML064C",4,6,9,5,3,3,3,11,5,2,5,4
"YML132W",6.62,4.04,7.68,8.52,6.55,6.34,3.54,5.33,4.44,2.85,3.04,5.22
"YML113W",6,10.07,6,1,1,4,6,15.17,7,10,19.5,10
"YML058W-A",1,3,0,5,1,1,0,1,1,0,1,1
"YMR136W",9,8,11.25,30.25,26,25,7,6,8,6,13,8
"YML091C",22,19.5,26.5,37.55,34,24,15,22.17,13.5,13.5,10,12
"YMR199W",6,8,11,4,6,4,14,19,6,11,11,7
"YMR286W",4,9,8,2,0,0,6,6,2,8,5,8
"YMR025W",4,3,1,2,2,2,2,1,1,3,3,4
"YMR112C",5,4,4,3,2,0,4,5,4,3,4,3
"YML127W",6,11,6,6,5,8,16,17,17,8.1,21,23
"YML005W",8,5,6,6,4,0,6,8,7,12,9,12
"YMR160W",9,7,9,9.07,2,4.25,6.25,3,5,9.25,9,6
"YMR046W-A",0.33,0.17,1.33,0.27,0.33,0.33,0.5,0.5,0,0.33,0.33,0.33
"YMR096W",7,2,5,63.5,39,52,2.44,5.71,5.44,3,3,3
"YML133C",1.86,2.46,3.49,1.61,1.01,0.84,2.74,2.3,2.15,2.14,3.1,2.83
"YMR246W",109,118,131.5,24,17,9,113,173,111.5,155,248,212
"YMR052C-A",0,2,2,1.5,0.5,1.5,2,3,0,0.5,0,2
"YMR120C",16,19,15,81,71,68,13,9,8,10,10,8
"YMR052W",1,5,3.05,2,2,1,4,5,1,2.5,1,2.5
"YML100W-A",1,0,0,1,1,0,0,0,0,0,0,0
"YML049C",30,23,34,5,9,3,34,30,32.5,27.75,32,30
"YMR065W",1,4,4,2,0,2,2,4,7,7,5,6
"YMR098C",15,14,24,8,4,5,19,10.12,14,12,13,14
"YMR302C",36,36,38,28,18,19,23,31,24,23,31.5,27
"YMR075C-A",3,1,0.5,0,0.5,1,0.5,2.5,1.5,4,3,2
"YML060W",5,8,3,0,1,2,10,5,6,9,9,3
"YMR080C",47,43,60,14,5,11,63,67,42,61,71,76
"YMR156C",2,2,3,3,1,3,1,2,3,5,2,1
"YMR294W",4,6,6,2,1,0,4,8,4,7,4,6
"YMR167W",16.25,12.25,23.25,4.5,3,4.25,9.5,12,16,17,17,17
"YMR242W-A",0,0,0,0,0,0,0,0,0,0,0,0
"YMR079W",40,35,37,13,9,7,29,22,35,49,37,42
"YMR275C",27,16,26,12,13,16,18,30,26,19,31,26
"YMR100W",8,12,12,4,4,4,16,14,18,15,13,20
"YMR030W-A",0,0,0,0,0,0,0,1,0,1.1,1,1
"YMR161W",2,6,2,2,2,5,8,6,7,5,3,1
"YMR183C",24,11,23,1,5,3,26,35,29,19.5,22,23
"YML021C",5,4,6.12,3,4,3,3,5,5,8,5,6.25
"YML074C",83,66,74,7,12,11.5,81,49,56,60,73,60
"YMR157C",5,4,7,2,1,2,6,7,6,6,4,12
"YMR110C",26,20.17,26,53,40,57,18,16.25,15,8,13,11.5
"YMR097C",7,9,10,4,6,6,6,4,2,5,6,3
"YMR111C",6,9,10,4,5,1,2,6,5.17,6,2.11,4
"YML011C",2,2,2,0,2,0,3,4,4,3,3,3
"YMR064W",18,14,13,8,8,6,16.5,15,16,13,19,14
"YML082W",21,8,11,1,5,6,16,16,12,18,29,30
"YMR300C",26,29,33,13,9,15,25,25,20,22,33,30
"YMR262W",4,7,5,4,1,2,1,4,3,3,5,9
"YMR031C",17.5,11,19,43,17,22,18,19,23,20.5,26,27
"YMR016C",21,22,26,11,6,4,23,34,32,33,38,39
"YMR066W",7.14,7,9.14,5,6,5,3,7,12,7,10.5,11
"YMR007W",2,2,2,1,0,0,1,0,0,1,0,1
"YMR201C",2,8,7,5,2,1,4,4,4,2,3,1
"YMR232W",2,4,2,2,0,0,1,4,2,2,1.17,3
"YMR200W",10,15,26,19,22,12,13,16,17,18,20,22
"YMR297W",146,118,126,62,48,54,104,125,95,91,111,114
"YML026C",103,121,117.5,10,6,12,118.5,147,126,156,179,174
"YML023C",10,3,7,3,6,1,13,15,6,21,16,11
"YMR143W",99,88,98,11.5,5.5,6.5,115,111,86,116.5,121.5,119.5
"YMR073C",2,1,5,2,1,2,3,4,3,2,1,2
"YML069W",27,20,24,29,13,15,33.25,30,20,21,27,26
"YML050W",3,5,5,0,2,2,2,2,4,4,2,4
"YML099W-A",2.5,2.5,1,1,0,0,2,1,2,3.5,5,1.5
"YMR211W",3.5,6,7,4,1,0,9,3.25,6,7.5,14.5,8
"tF(GAA)M",1.14,0.14,0.14,0,0,0.75,0,0.12,1,0,1.14,0.25
"YMR283C",7,7,5,1,3,3,6,8,6,9,9,7
"snR74",3,3,2,2,1,5,1,5,3,2,3,4
"RNA170",0,0,0,0,0,0,0,0,1,0,0,1
"YML078W",30,28,27,5,2,3,26,28,16,28,26,28
"YMR142C",139,151,145.5,12,7,9.5,172.5,183,152,182.7,205,202
"YMR203W",44,30,37,12,7,8,43,39,54,58,61,62
"YMR077C",5,5,4,3,0,0,2,4,3,5,5,3
"YMR245W",1,3,2,0.5,0,2.5,1,3.5,0.5,6,6,3.5
"YMR284W",5,4,14,20,8,11,6,4,7,7,7,6
"YMR089C",74,52,44,19.25,18.5,11,30,43,35.42,47,57.5,47.5
"YMR134W",6,4,4,1,1,2,5,4.07,5,8,6,4
"YMR290W-A",2.5,1.5,2.42,0,0,0.5,3,2.5,4,3.5,4,6
"YMR095C",3,3,4,4,2.25,2,1,5,0,0,1,6
"snR83",320,257,355,325,227.83,273,275,342,246,215,231,210.5
"snR73",12,16.5,14.5,16,9,10.5,16.5,16.5,9.5,11.5,18,17
"tH(GUG)M",4.98,5.48,4.43,6.81,2.97,1.86,2.43,2.57,1.71,2.29,3.57,2.71
"YMR099C",27,38,31,9,8,13,37,40,28,24,33,31
"YMR132C",1,5,1,0,0,1,4,1,4,6,4,3
"YML115C",19,23,22,3,3,6,25,20,21,24,27,27
"snR11",153,173.67,178,286,193,235,142,174.11,129,168,172,143
"YMR086W",30.5,30,28,27,18.5,28,33.5,46.5,38.5,33.5,51.5,46.5
"YMR044W",13,9,7.12,6.12,4,7.12,10,23,12,13,15.18,20.12
"YMR222C",3,3,3,2,1,0,3,5,3,5,8,8
"YMR272W-A",0.5,0.5,1.5,0,0,0.5,0.5,0.5,0,0.5,3.5,1.5
"YMR321C",5.5,3.5,5.5,0,1.5,0,9,3.5,2.5,4.5,4,7.5
"YML131W",10,10,14,57,33,27,2,6,3,2,7,5
"YML038C",20,13,19,3,6,3,14,27,16,12,27,20
"YML122C",0,0,2,0,0.1,0,0,0,0,0,0.5,0
"YMR036C",11,7,7,18,13,28,8,7,8.5,8,10,8
"YML012W",28,22,37.5,6,9,3,35,39,23,37,37,33.5
"YML100W",40,31,29,51,48,36,39,47,49.5,39,42,45.25
"YMR312W",10,4,2,3,2,3,4,6,5,10,2,10
"YML112W",7,3,10,3,3,2,2,3,10,6,4,5
"YML099C",18.5,20.5,17,3.4,3,11,16,22,15,21.5,20,25.5
"YML123C",405,407,389.5,59,34,45,411,510.58,360.5,395.75,573,516.75
"tV(AAC)M3",0,0,0,0.11,0,0,0,0,0,0,0.25,0
"YMR141C",0,2,2,0,0,1,2,3,5,3,1,0
"YMR324C",0.33,0,0,0,0,0,0,0,0,0,0,0
"YMR207C",24,27,29,7,3,10,26,35,33,23,32,32
"YMR236W",8,8,8,5,2,1,7,8,7,13,9,15
"YML034C-A",1.5,0,0,0.5,0.5,0,1.5,0.5,0.5,1,1.5,1
"YMR204C",5,4,2,4,4,4,5,3,0,0,4,5
"YMR011W",106,142,143.5,46,25,32,63,114,114,90,82,80
"YML008C",113.5,117.75,124,30,16,20,74,111,78.75,69,92,95.5
"YMR109W",43.5,34,27,29,21.06,17,49.5,45.5,44,41,36,54
"YMR004W",8,9.5,10,9,7,5,15,17,12,13.33,8,14
"YMR158C-A",0,0,0,0,0,0,0,0,0,1,0,1
"YMR216C",25,23,28,13,12.75,10,29,25,29,29,48,40
"YMR159C",0,0,0.5,0,0.5,0,0.5,0.5,1.5,0.5,0.17,1.5
"YMR307C-A",3,8,6.5,2,0.5,0.5,15,15,7,13,7.5,15.5
"YMR272C",20.5,17.5,13.5,11,14,4,19.5,18.5,19,29.5,34.5,16.5
"YMR106C",4,4,7,1,2,3,7,6,11,2,7.08,7
"YML092C",25,17,20,5,9,7,12,23,22,18,22,19
"tV(AAC)M2",0,1,0,0,0,0,1,0,0,0,0.25,0
"YML104C",18,11,21,6,7,5.75,27,15,20,26,24,16
"YML058W",22,26,16,11,6,7,31,23,24,19,41,28
"tW(CCA)M",1,2.33,4.33,2.33,2.67,2.42,2.92,3.5,3.33,3.58,4,5.08
"YMR148W",11,4,6,2,1,2,5,2,4,3,3,2
"YMR168C",9,6,9,5,6,2,7,3,4,12,10,11
"YML063W",324.44,360.4,375.78,28.11,17.5,18.5,419.92,429.83,363.67,412.19,477.6,468.06
"YMR008C",75.5,89,105.5,62.5,47.5,42,68.5,73,81.5,45.5,61,50.5
"YMR294W-A",9.5,8,6.5,7,12,8,6.5,9,9.5,6,8.5,5.5
"YMR177W",7,6,7.05,4,1,2,7,8,14,8,5,10
"YMR213W",10,12,10,2,4,1,6,9,6,14,11,7
"YMR192W",19,14,18,7,9,3,12,20,6,9,16,19
"YMR326C",0,0,0,0,0,0,0,0,0,0,0,0
"YMR014W",25,19,15,8,5,0,18,28,21,22,26,22
"YMR020W",7,9,17.17,62.5,41,33,6.17,11,12.17,7,11.17,9.38
"snR86",522.5,489.17,552.5,1281.5,1018,1364.46,429.75,523,409,414.5,514,385
"YMR208W",34,21,30,14,9,5,20,28,30,32,24,26
"YML098W",4,8,2.5,0,2,0,4,7,2,6,5,6
"YMR133W",3,3,2,5,2,0,3,1,2,1,1,2
"YML028W",127,134,109,150.5,107,118.75,110,117,102.5,101,134,90.5
"YMR285C",10,16,14,4,2,1,15,7.25,11.5,10,14,11
"YMR040W",2,1,5,1,2,1,2,0,3,1,1,0
"YMR094W",3,3,3,2,0,3,2,6,5,1,5.25,4
"YMR189W",35,27,42,109,86,72,22,25.75,22,38,33,38
"YML128C",6,13,13,209,148,136,5,11,10,7,11,11
"YML022W",20,18,16,3,0,0,20,18,11,16,23,27
"YMR299C",6,5,5,1,0,0,5,3,5,5,3,4
"YMR227C",7,15,9.33,9,8,5,5,14,6,8,12,10
"YMR119W",12,9,13.5,7.5,4.5,4,13,13.62,8.5,13.5,10.5,10.5
"YMR255W",4,8,6,7,6,9,4,14,7,7,6,10
"YMR024W",18,20,17,3,6,5,15,14,12,24,20,17
"YML054C",12,9,14,274,195.6,196,4,4,10,2,5,6
"YMR317W",5.5,13.5,9.5,9,8.5,8.5,10.5,12.5,5.5,8.5,5.5,21
"YMR084W",0,0,0,1,1,2,1,2,1,1,1,0
"YMR274C",4,1,3,1,0,0,3,3,3,3,1,6
"YMR215W",9,12,16,8,7,4,29,30,30,36,34,40
"YMR277W",32,24.33,20,13,11,6,49.25,51,27,50,56.5,45
"YMR033W",15,15,8,3,2,5,15,22,15,19,16,22
"YML094C-A",1.5,1,1,1.5,1,0,2,5,1,2.5,1.5,2
"YML041C",5,4,4,2,0,0,0,5,6,4.14,8,3
"YMR305C",93,81.5,109.5,9.5,11.5,9,73,90,67,51,58,64
"YMR315W-A",2,0,1,0,0,0,1,0,0,0,1,1
"YMR237W",47,37,24,13.07,7,14,22,41,30,24.17,44,38.25
"YML095C",4,0,2,3,0,3.1,2,1,2,2,4.1,1
"YMR018W",2,0,1,0,1,1,1,0,1,0,3,1
"YMR163C",6.17,4,2,3,2,2,8,8,7,6,1.11,3
"YML027W",1,2,7,0,3,2,7,10,5,8,10,5
"ZOD1",0,0,0,0,0,0,0,0,0,0,0,0
"tD(GUC)M",0.58,0.33,0.12,3,0.08,0.25,1,1.33,0,0,1.25,0
"YMR162C",28,38.92,32,15,7,6,26,33,38,36.25,42,24
"YMR158W",7,8,6,1,3,3,4,6,4,3,5,4
"YMR210W",11,8,8,13,15,11,4,11,5,11,10,11
"YMR316C-A",1,2,3,1,2,1,4,3.5,3,3.42,0,3
"YMR241W",49,41,44,13,12,9,46,42,29,39,54,54
"YMR205C",276,294.5,279.5,68,58,55,259,324,261,262.25,311.75,299
"YMR235C",38,34,48,5,7,4,55.25,37,32,48,52,43
"YMR047C",46,37,47,33,17.06,19,62,65,48,44,49,65.5
"YMR259C",32,40,29,12,17,12,39,35,29,38,55,55
"YMR175W-A",0,0,0,0,0,1,0,1,0,0,0,0
"YMR281W",1,5,1,2,5,2,5,8,8,6,2,4
"YMR261C",51,37,55.5,44,22,26,50.5,53,39,28,45,45
"YMR026C",6,10,8.11,3.5,1,2,7,9,7,6,6,3.11
"YML010W",61.33,50.5,60.83,17.83,13.17,15.67,61,72,55.61,50.17,64.67,63.33
"YMR150C",7,3,3,4,3,5,2,5,7,3,7,8
"YMR067C",8,9,10,8,4,2,7,14,16,5,16,19
"YMR179W",5,6,8,5,4,7,11,7,14,10,9,11
"YMR126C",2.58,2.33,2.8,8.08,2,3,7.1,2,4.75,4.35,8,1
"YML032C",5,10,15,1,3,6,14,22.25,9,14,15,24
"YML018C",23,22,22,7,6,5,22,19.5,16,26,28,39
"YML081W",38.17,36,35,22,15.1,22,40,49,29,55,39,44.17
"YMR003W",1,5,3,2,1,1,0,3,2,0,0,3
"YMR221C",27,17,17,6,7,4,18,22,19,26,21,28
"YMR257C",5,11,6,4,3,2,6,10,7,5,10,13
"YML068W",1,1,6,10,2,1,7,5,8,6,5,3
"YMR117C",2,1,3,0,0,0,3,4,2,2,2,3
"YMR060C",5,9.5,8,3,1,4,6,5,10,10,6,6
"YMR144W",2,0,2,1,0,0,7,6,4,1.5,1,7
"YMR068W",4,1,3,3,5,5,2,2,2,2.5,2,5
"YML097C",5,8,11,5,3,1,14,18,17,14,13,20
"YMR182C",15,7,9,2,9,4,7,5,9,2,13,12
"YMR295C",20.5,18,12.5,26,20,16,14.5,18,21.5,14,21.5,25.5
"YMR181C",9,7,16,13,10,14.5,6,5,13,11,13,15
"YML080W",13,16,15,1,1,1,16,16,9,18,20,14
"YMR194C-B",0,0,1,0,1,0,3,1,1,1,1,1
"YMR140W",10,6,5,13,13,8,15,16,13,6,6,8
"YMR058W",6,7,12,3,2,5,36,45,33,64,96,74
"YMR076C",7.5,12,13,12,4,11,22,26,22,15.25,17,23.5
"YMR239C",11,18,17,9,5,4,21,22,16,16,23,28
"tG(GCC)M",0,0,0,0,0,0,0,0,0,0,0,0
"YMR242C",149.5,140,151.5,11,3.5,7.5,147.5,160.5,111.5,164,202,179.5
"YMR306C-A",1,0,0,1,1,0.5,0,0,0.5,1,0,0.5
"YMR193C-A",4,1,0.5,1,0,0.5,3,6,7,5,3,5
"YMR114C",2,4,5,2,3,1,9,7,2,4,4,5
"YMR009W",13,15,12,7,10,7,18,17,21,9,15,17
"YMR088C",24,20,18,6,2,5,18,20,18,19,28,21
"YMR253C",6,3,6,1,1,1,4,6,3,6,5,5
"YMR103C",5,4,6,22,18,11,0,3,2,1,5,2
"YMR254C",1,1,0,0,0,0,1,0,0,0,0,0
"YMR303C",83.5,98,86,36,28,18,107,117.75,103.5,123.25,135,121.75
"YMR316W",8,13,13,8,11,4.17,22,23.5,18,22.42,18,19
"YML017W",22,16,22,8,5,6,24,27,19,24,27,22
"YMR104C",21,19,30.08,122.71,83,98,17,14,16,12,7,12
"YMR309C",117,124.67,124,12,10,8,123,151,115,140,166,169
"YML133W-A",0.05,0,0,0,0,0,0,0,0,0,0,0
"YMR155W",4,4,8,3,2,0,5,5,1,5,7,3
"YMR313C",11,12,9,5,2,2,13,17,12,8,12,12
"YMR028W",1,6,7,3,2,3,6,10,11,9,3,7
"snR72",2,1,5,1,2,2,3,4,1,4,2,3
"YMR154C",5,2,6,3,2,4,3,6,9,8,8,8
"tY(GUA)M1",0.57,1.85,0.82,2.49,0.82,1.02,0.38,0.65,1.07,1.85,1.35,1.42
"snR75",6,3,2,5,5,4,4,5,4,4,5,2
"YML096W",14,10,11,3,1,6,7,7,12,8,20,12
"YML016C",35,21,41,64,54,47,30,31,26,27,36,37
"YML006C",19.25,12,17,5,8,7,15,19,18.5,22,23,14
"YMR178W",6,14,10,13,7,8,11,5,7,10,12,10
"YML109W",16,15,14,15,13,11,11,13.5,15,14,10,10
"YML015C",8,5,12,7,2,4,15,15,3,11,8,4
"YMR197C",10,6,7,10,8,6,9,11,5,1,8,2
"YML014W",11,8,8,2,2,1,4,7,5,8,11,8
"YML106W",57,43,38,7,7,9,59,51,50,55,60,65
"YML025C",16,13,17,8,2,1,7,9,12,7,14,15
"tS(AGA)M",2.2,1.9,2.31,1.6,1.4,0.9,1.51,1.12,1.27,1,1.1,0.8
"YMR172C-A",1.5,1,2.5,0,1.5,1,1.5,1,1,0,2,1.5
"YMR193W",8,6,9,6,3,4,6,10,2,9,10,10
"YML052W",3,3,3,8,5,7,24,10,17,20,9,23
"YML079W",9,9,18,2,6,2,16,9,7,5,10,14
"YML101C-A",0.33,1,2,0,0,0.5,1.17,2,1,1.5,3,3
"YML047C",0,0,0,0,0,0,0,0,0,0,0,0
"YMR174C",2,1,2,1,2,2,2,1,1,0,2,1
"YMR218C",34,19,35,9,5.17,6,17,40,17,15,34,28
"YMR315W",29,33.5,32,18,14,17.5,19,24.25,25.5,16.42,15,15.25
"YMR001C",13,11,18.25,6,5,3,22.25,24.5,11,19,22,18
"tV(AAC)M1",0,0,0,0.11,0,0,0,0,0,0,0,0
"tE(UUC)M",23.5,27.75,22.12,17.67,12.96,13.67,25.75,16.33,13.62,27.33,22.17,35.46
"YML121W",12,12,3,2,2,3,5,12,9,8,13,9
"YMR085W",2,2,3,4,4,2,2,0,2,3,0,2
"YMR105W-A",1,0,0,0,0,1,1,1,0,3,4,0
"YMR122C",0,0,0,0,1,0,0,0,1,0,0,0
"snR78",2,0,0,1,0,0,1,0,0,1,0,0
"YMR217W",119,127,127,13,13,18,119,166,113,160,156,179
"tA(AGC)M2",0,0,0,0,0,0,0,0,0,0,1,0
"YMR298W",16,5.17,5,2,4,3,10,10,7,10,4,17
"YMR057C",0,0,0,0,0,0,1,0,0,0,0.5,0
"YML042W",7.05,14,6.99,45.5,36.13,35.25,1.07,5.43,5.5,8.73,4.13,5.2
"YMR320W",0,0,0,0,0,0,0,0,0,0,0,0
"YMR287C",13,10,11,3,4,2,10,14,9,10,13,10
"YMR289W",8,11,9,3,2,6,17,9,4,6,13,14
"YML048W",26,31,34,20,16,12,29,33,27,36,39,47
"YMR250W",19,15,19,156.07,106.17,100.12,15,18,13,18.25,15,18
"YMR230W-A",0,0,0,0,0,0,0,0,0,0,0,0
"YMR124W",38,26,43,62,38,45,41,37.5,30,36,40,43
"YMR311C",9,15,14,9,9,8,8,7,13,11,15,7
"snR77",91.5,101,106,73,40,58,71.5,82,55,80,66.5,93
"YMR322C",0,0,0.33,2.5,1,1.33,0,0,0.33,0.5,0,0.33
"YML119W",6,7,6,4,3,7,6,9,7,7,3,14
"YML043C",14,16,14,7,3,5.33,15,28,18,25,26,14
"YML046W",14,17,17,1,0,4,15,12,13,13,11,20
"YML004C",27,20,22,25,17,29,15,28,29,24,23,22
"YMR071C",12,9,9,3,2,2,8,6,10,9,20,11
"YMR229C",207,184.5,206,39,21,27,224,278.5,185,216,271,271
"YMR063W",4,2,3,0,3,2,1,3,2,3,4,5
"YMR301C",17,13,18,7,4,4,18,19,26,14,20.25,28
"YMR276W",40,24.5,27,8,7,8,30,29,27,30,28,39
"YMR002W",17,25,18,18,7,12,17,18,19,34,17,18
"YML081C-A",6,6,12,3,0,1,9,7,2,11,8,2
"YML019W",6,5,4,0,2,0,6,0,7,9,10,9
"YMR176W",35,21,42,15,22,18,20,27,30,16,24,30
"YMR158W-B",0,0,0.5,0,0.5,0,0.5,0.5,1.5,0.5,0,0.5
"YML108W",5,6,3,0,1,1,4,4,2.25,7,11,7
"YMR198W",2,3,3,3,3,2,3,5,4,2,4,4
"YML094W",6.5,4,4.5,6.5,2,2,5,6,2,6.5,7.5,6
"YMR006C",4.5,10,9.5,7.5,2.5,5,15.5,23,17.5,13.5,36,28.5
"YML003W",2,2,2,4,5,2,10,1,3,3,2,1
"YML057C-A",2.5,2,4.5,3,4,2.5,1.5,1.5,0,1.5,3,5
"YML009C-A",4.33,2,1.33,0.33,0.67,0.67,3.5,5,1.5,1.67,2.17,2.33
"tQ(CUG)M",11,14,11,9,5,6,6,7,10,7,17,14
"YML093W",44,64,45,7,9,7,53,64,43.5,60.5,79,59
"YMR116C",340,313,288,19,16,16,297,385,329,348,378,394.5
"YMR196W",25,35.5,39,75,41,42,37,27,34,32,37,37
"YML053C",3,4,4,3,1,0,6,4,1,6,9,5
"YMR151W",0,1.11,0,0,0,0,0,0,1,0,0,0
"YML009C",1,5,5,3,0,1,2,0,1,3,3,2
"YMR070W",16,14,16,8,6,10,11,14,15,26,22.11,18
"YMR219W",23,27,25,39,31,32,40,27,34.75,39.17,37.5,52
"YML037C",2,2,1,3,0,3,4,2,7,3,4,2
"YMR280C",14,9,7,20,16,11,5,7,10,5,9.17,7
"YMR170C",12,6.5,5.5,142,102.5,129,8,3,8,3.5,3,2.5
"YMR123W",14,6,15,6,3,2,7,9,3,11,10,8
"YML012C-A",2.5,0.5,1.5,0,1,0.5,2.5,2,2.5,1,1.5,2.5
"YMR019W",8,12,15,6,6,7,7,22,13,15,14,16
"YMR206W",0,0,0,14,14,11,0,0,0,2,0,1
"YMR165C",25.5,22,33,22.04,7,19,20,22,16,22.1,14,25
"YMR010W",19,19,15,5,7,4,16,20,19,15,22,26
"YMR184W",7,7,5,2,2,5,5,9,4,4,13,6
"YML126C",116,128,114,27,19,20,108,127,104,91,111.5,112
"YMR244W",0,0,0,5,1,0,1,1,0,1,1,0
"YMR279C",17,18,16,7,6,3,12,9,15,10,11,8
"YMR316C-B",0.5,0.5,1.5,0,0,1.5,0.5,0.5,1.5,1.5,1,1
"YMR107W",0,0,0,81,49,60,0,0,0,0,0,1
"YML054C-A",0.24,0.5,1.43,2.04,0.52,0,1.13,0.13,0,0.13,0.27,0.4
"YMR043W",23,16,8,7,3,1,17,26,16,16,26,23
"tA(AGC)M1",0,0,0,0,0,0,0,0,0,0,0,0
"YMR270C",13,4,6,4,6,1,8,8,9,18,11,7
"YMR175W",0,1,0,6,4,9,0,1,0,0,0,0
"YML009W-B",6.33,2.5,1.83,0.83,1.17,0.67,4.5,6,2,2.17,3.17,4.33
"YMR035W",0,4,4,2,4,4,3,2,6,2,2,2
"YMR108W",144,131,122,17,13,10,110,125,102,131,176.5,149
"YML002W",6.25,4,14,11,13,14,8,11,14,12,13,8
"YML111W",34,30,34,22,6,8,25,22,17,22,31,37
"YMR278W",20,24.75,20,46,37.25,21,10,18,12,19,21,16.5
"YMR185W",12,10,14,9,8,6,16,16,9,12,16,13
"YMR304C-A",14,15.5,13.5,1.5,3.5,2,8,18,11,7,10,14
"YML084W",2.83,1.61,1.04,0.64,1.68,0.28,1.62,0.85,0.58,0.52,2.25,1.69
"YMR258C",8,5.17,11,7,7,4,14,8,6,12,6,10
"YMR023C",1,2,1,4,4,3,4,3,6,3,1,3
"YMR291W",20,14,16,19,10,17,14,17,15,17,21,7
"YMR041C",4,2,3,3,1,6,2,7,1,4,5,3
"YMR029C",3,9,14,17,15,10,9,7,11,8,6,8
"YMR092C",39,26,32,17,17,21,29,23,18,32,34,20
"YMR138W",2,2,2,0,1.5,0,1,0,3,3,1,2
"YMR122W-A",38,47,49,98,75,63,63,65,47,35,53,52
"YMR053C",5,5,7,14.5,10.5,5.5,2,3,9,6,3.33,5.5
"YMR220W",27,23,31,8,12,7,24,27.5,20,23,19,23
"YMR087W",4,2,3,1,1,0,1,5,4,5,7,5
"YML031W",15.5,21,17.5,1,3.5,4,27,40.5,20.5,21,33,23.83
"YML118W",7,6,6,10,7,8,8,4,5,6,3,2
"YML120C",12,19,9,67.5,47,50,6,16,10.25,10,12,7
"YMR078C",10.22,8.61,7.11,5.11,1.06,3,18.5,17,19,11.75,14.2,13
"tL(CAA)M",3.43,3.8,4.43,4.49,3.77,3.1,2.54,2.4,2.01,3.43,4.13,3.15
"YMR042W",0,2,1,0,1,0,4,1,3,2,1,6
"YMR251W",2,2,0,1,1,1,0,3,0,2,1,0
"YMR223W",13,13,7,6,3,6,7,17,8,10,18,10
"YML007C-A",0,0,0,2,2,3,0,0,1,0,0,0
"YMR256C",8,8,7,7,4,6,8,6,5,3,7,1
"YMR214W",16,15,19,4,3,3,20,13,13,11,25,21
"tP(UGG)M",2.89,2.44,1.54,1.48,0.72,1.25,2.76,1.27,0.6,3.02,1.88,3.11
"YMR055C",1,1,2,2,1,0,5,3,3,1,2,4
"YML117W",43.33,31,40.25,143.5,74.92,69,50.72,66,58.1,41.25,48.75,42.5
"YMR271C",1,3,6,17,5,8,0,1,0,2,0,2
"snR24",33,43,44,15,20,15,47,28,14,40,35,34
"YMR226C",51,52,56,22,14,18,35,47,38,51,51,52.75
"YML110C",11,26,26,9,8,11,25,17,28,27,20,24
"YML047W-A",0,0,0,0,0,0,0,0,0,0,0,0
"YML007W",34,40,42,25,7,11,34,30,29,36,54,34
"YMR190C",22,19,23,26,24,14,20,27,25,33,32,22
"YMR225C",2,3,4,0,1,0,2,9,6,3,4,2
"YMR264W",13,7,7,4,7,3,12,10,4,9,14,15
"YMR037C",20,15,11,7,7,4,13,27,16,12,27,15
"YML024W",154.5,165.5,174.67,15,14,16.5,146,184,122,203.5,194,193.5
"YML083C",0.5,0,3,4,7,3,0,1,1,1,0,1
"YMR182W-A",0,0,0,1,0,0,0,0,0,0,0,0
"YMR030W",4,6,5,6,4,4,4,4,3,2,1,2
"YMR187C",7,4,9,3,5,4,5,2,3,7,3,4
"YMR238W",25,40,36,18,11,14,34.5,55,44,35,34,35
"YML061C",15,13.25,17,7,2,1,13,17,16,10,15,12
"YMR130W",6,11,9,3,1,2,11,8,15,13,9,10
"YMR005W",18,15,17.5,4,4,9,13,19,16,14,24.5,20
"YMR054W",40,34.5,39,20,26,14,44,58,46,48,60,57.07
"YMR209C",7,11,8,2,1,2,9,14,14,4,11,15
"YML102W",6.33,4,5,6,5,4.5,6.17,8.5,8,6.5,9.5,6.5
"YMR194W",33.5,36.5,31,6,3.5,4,36,50.5,38.5,41.25,42.5,56.5
"YMR252C",3,2,1,1,0,0,3,6,4,5,3,5
"YMR164C",6,12,7,11,4,6,6.07,9,3,11,12,10
"YMR074C",27,25,11,3,2,2,17,13,6,10,16,14
"YML065W",10,14,18,9,5,7,11,21,16,15,16,11
"YMR243C",56,56,45,8,1,6,43.5,41.5,38,45,48,72.5
"snR85",35,31,33,57,33,31,22,28,19,32,17,22
"YMR145C",116.75,129.75,128.38,161.12,112,114.38,92.5,107,72.42,68,108.62,48
"YML071C",14,15,21,5,4,8,19,20,18,15,25.25,17
"YMR015C",60,42,57,20,13.5,10,44,61,41,32,42,44
"YML070W",25,32,34,14,9,16,19,39,27,24,35,31
"YMR125W",44,41,45,8,7,12,52,48,40,46,55,53
"YMR325W",0,0,0,0,0.48,0.33,0,0,0,0,0.17,0
"YMR141W-A",2,1,0,1,0,0,3,3,1,5,5,5
"YML072C",177,150,163,40,36.6,41,173.33,219,166.5,157,213,186.96
"YML105C",16,14,16,5,4,2,13,15,8,26,17,15
"YMR119W-A",3,3,5.5,2.5,1.5,0,1,2.5,0.5,0.5,1.5,0.5
"YMR069W",3,1,0,2,1,1,1,4,2,3,4,2
"YMR293C",3,4,5,4,2,3,3,5,2,4,5,13
"YML124C",32,27,31,11,7,5,32.5,44,21,40,34,26
"YMR090W",3,1,5,35,24,21,5,3,1,1,3,2
"YML029W",15,23,17,3,6,3,11,13,11,16,17.5,7
"YMR171C",15,16,16,85,58,54,19,17,17,11,23.5,14
"YMR102C",22,13,24,7,5,5,22,31,22,16,29,31
"YMR188C",7,7,8,10,7,9,8,18,8,8,10,6
"YMR269W",7,11,5,2,2,0,8,2,4,5,6,9
"YMR128W",60,39,51,16,12,15,49,59,36,52,58,54.5
"YMR039C",21,17,17,10,10,7,23,15,17,15,20,18
"YMR230W",76,78.5,70.5,18,10.5,9,60,97.75,57.5,104.5,93.5,81
"YMR267W",13,16,16.17,6,1,4,15,11,7,13,20,26
"YMR247C",57,52,47,23,15,15,36,49,36,45,45,38
"YMR152W",15,13,8.5,13,7,6,12,17,8,8,10.5,17
"YMR251W-A",12,20,12,26,14,22,17,13,11,13,23,14
"YMR146C",70,81,92,14,12,16,67,81.5,65,83,95.11,103.75
"YMR228W",1,2,6,5,1,0,5,8,4,4,3,8
"YMR032W",4,4,1,4,3,3,9,12,6,4.1,12,7
"YMR013C-A",0,1,1,0.5,0.5,0,0.5,0.5,1,1,1,0.5
"YMR001C-A",0,0,0,0,0,0,0,0,0,0,0,0
"YMR031W-A",0.5,0,0,0,0,0,1,0,0,0.5,0,0
"YMR153W",10.5,10.5,7,8,3,2.5,7.5,12,14,10.5,13.5,10
"YMR056C",0,1,0,0,0,2,0,1,1,1,2,1
"YMR282C",12,4,11,4,5,5,10.25,8,5,5,12,8
"YMR234W",9,10,6,2,2,5,8,5,4,7,10,11
"YMR323W",3.17,1.17,1.67,32.67,27.67,22,0.33,0.67,0.5,0.5,0.67,0.67
"YMR062C",22.75,13,15,6,2,4,11,11,17,13,19,14
"YMR247W-A",0,0,0,0,0,0,0,0,0,0,0,0
"YMR038C",15,10,20,6,4,5,24,21,22,17,25.75,25
"YMR049C",62,60,57,15,12,4,68,90,57,64,105,88
"YMR272W-B",2.5,0,1,2,2,0,1,2,0,0,0,2
"YMR147W",6,5,0,1,1,2,3,3,2,1,2,5
"YML067C",12,15,13,2,2,2,14.25,14,21,13,12,18
"tK(CUU)M",0,0,0,0,0,0,0,0,0,0,0,0
"tR(UCU)M1",0,0,0,0,0,0,0,0,0,0,0,0
"YML107C",4,8,3,2,1,1,6,6,4,5,12,8
"snR54",1,3,1,0,0,1,1,0,0,2,0,0
"YMR231W",17,10,12,8,3,8,18,20,13.5,16,23,23
"YMR081C",2,0,4,7,4,9,1,2,4,2,1,5
"YML051W",17,18.75,27,23,25,20,27,24,17,17,39,33
"YMR314W",28,23,19,7,9,1,27,21.75,20,30,26,23
"YMR113W",4,9,9,3,4,3,3,4,5,11,8,6
"YML031C-A",0.5,1.25,0.5,0,0.5,0,0,2.5,0.5,1,1,0.83
"YMR263W",3,2,6,0,1,3,7,5,3,3,4.5,3
"YML034W",12.5,23,8.75,8.5,7.5,7,19.5,16.29,13.5,18.25,26.5,20
"YMR131C",49,69,61,9,5,4,62,71,42,53,87,61
"YMR310C",18,16,14,4,0,2,14,13,17,17,21,15
"YMR034C",1,2,4,3,2,4,3,1,1,5,1,0
"YML103C",38.14,45,44.14,16,12,15,54,78,53,76.58,66,62
"YMR306W",13,9,3,9.5,8,9.5,16.5,4,5.5,5,13,9.5
"YMR169C",6,4.5,4.5,206.04,141.25,149,5,1,3,4.5,3,0.5
"YMR186W",546.5,589,526.25,359.25,243.5,233,485.5,607.5,473,545.25,671.25,626.5
"YML059C",60,52,59,4.5,8,6,56,61,63,49,40,42
"YML086C",37,32,41,12,8,9,36,31,22,37,38,39
"YMR013C",10,18,16,5.5,3.5,2,3.5,10.5,3,9,10,13.5
"YMR127C",2,2,2,3,2,5,2,8,3,6,3,9
"YMR153C-A",1.5,3.5,1,2,0,0.5,0.5,2,2,1.5,0.5,2
"YMR212C",29,24,34,2,3,1,25,31,25,35.17,41,26
"YMR296C",59,54,51,12,8,7,49,72,59,48,76,60
"YMR101C",1,2,3,5,3,2,0,0,0,0,1,3
"YMR166C",7,11,13,3,1,2,7,15,7,6,10.5,9
"YMR061W",8,15,13,3,4,2,14,19,7,10,8,20
"YMR288W",13,7,19,4,3,1,11,13,13,11,10,24
"YMR265C",2,4,6,3,2,6,3,6,4,5,6,15
"YML116W",5,4,5,5,0,2,3,6,7,9,4,9
"YML130C",92,103,78.75,90,82,80.75,48,61,40,67.11,80,53
"YMR273C",24.5,16,31,21,22,18.12,28,35,25,36.25,30,29
"YMR292W",1,4,4,0,3,1,2,2,9,5,3,7
"YMR137C",5.5,4,6.5,10,2,6.5,2.5,6,3,7.5,0,8
"YMR013W-A",12,16.5,14.5,16,9,10.5,16.5,15.5,9.5,9.5,18,17
"YML076C",13,12.67,22,12,8,15.5,19,15,13,13,12,5
"YMR082C",0,0,0,0,0,0,0,0,0,0,0,0
"tR(UCU)M2",0,0.42,0.14,0,0,0,0,0.2,0,0.2,0.2,0
"YMR022W",3,8,10,7,1,3,6,11,6,2,9,5.12
"YML062C",8,8,5,9,2,0,8,7,9,9,3,8
"YMR086C-A",0.5,1.5,1,1,0.5,1,1.5,2.5,1.5,2.5,0.5,5.5
"YML035C",57,51,40,16,9,8.5,26.25,38,33.5,31,45,56
"YMR173W",24,17,21.5,81.75,52,57,20.5,23,22,17.5,23.67,14.5
"YMR194C-A",0,0,1,1,0,0,0,1,0,1.17,0,1
"YMR093W",28,18,19,5,4,4,23,21,30,34,36,36
"YML036W",5,6,9,0,2,1,6,9,6,6,3,5
"YMR307W",128,117,122.5,30,12.5,15.5,205,276,183,204,235.5,239.25
"YML116W-A",2,2.5,4.5,5.5,6.5,8,7,4,8,2,2.5,5
"YMR021C",4,5,6,5,1,6,2,5,3,3,9.75,5
"YMR135C",10.83,7,7,13.5,12.5,13,4,5,5,14,5,5
"YMR121C",28,23.33,17,1,1.5,2,25.5,32.5,26,23,35.5,35.5
"YMR129W",50,48,46.07,15,11,9,62,68,51,50.75,63,64
"YML066C",2,1,0,1,1,2,4,4,4,5,1,5
"YMR045C",322.84,303.85,340.33,319.78,233.4,231.78,206.02,224.63,184.09,270.33,316.76,296.05
"YMR050C",124.61,127.33,148.97,140.05,105.78,101.64,86.55,100.99,76.96,124.94,149.08,139.68
"YML045W",89.56,84.25,92.31,94.06,64.26,66.6,61.11,70.35,56.04,82.25,104.28,93.08
"YML040W",1.85,1.14,1.92,1.16,0.96,1.6,1.33,1.09,0.48,0.88,2.26,2.48
"YML045W-A",6.06,6.45,3.87,5.35,3.22,5.01,4.51,6.35,4.33,8.35,8.26,6.66
"YMR046C",99.13,88.26,103.82,95.32,69.34,71.12,67.43,74.19,56.71,76.97,91.04,86.46
"YMR051C",1.14,0.86,1.43,1.69,1.39,1.28,0.59,0.56,0.5,0.71,1.56,2.33
"YML039W",115.22,116.53,123.68,100.44,74.06,71.11,83.97,92.44,68.67,92.98,119.06,109.39
"YBR225W",8.67,12,12,8.5,7,5,7.5,11,12,7.5,11.5,5.5
"YBR182C-A",0,0,0,0,1,0,0,0,0,1,0,0
"YBL055C",18,12,11,5,7,6,19,22,10,8.03,13.05,12
"YBR293W",10,6,3,1,0,1,6,7,5,7,5,7
"YBR223W-A",0,0.5,0,0,0.5,0,0,0,0,0.5,0.5,0
"YBR115C",86.75,80.25,83,15,9,10,65,62,70,61,61,58
"YBR031W",262.5,251.5,254.5,34.5,27,22,262.5,291.5,254.5,217,320.5,310
"YBL108C-A",0.17,0,0.5,0,0.12,0.14,0,0,0.25,0.11,0,0
"YBR116C",0,1,1,20.5,15.5,19.5,0.17,1.83,0,0,0.5,0.83
"YBR241C",3,8,2,9,8,10,4,7,3,2,1.25,6
"YBR182C",4,7,9,17,6,9,7,9,3,4,1,6
"YBR134W",0,1.5,0.5,0,0,0,2,0,0,0,1,0
"YBL037W",13,21,12.58,11,9,8,15,19,10,11,12,16
"YBR019C",5,4,5.17,2,1,2,8.25,3,6,4,6,3
"YBR022W",4,8,1,3,1,0,4,3,4,7,3,2
"YBR121C-A",3.5,5.5,4,0,0,0.5,4.5,8,4,5,7,7
"YBR119W",3,6,5,5,2,4,6,8.5,6,5,4,1
"YBL022C",76,74.06,73.25,28.72,21.33,16,67.93,71.82,51.25,64.11,71.63,76.07
"snR161",13,18,12,15,19,16,21,18,14,25,15,16
"YBR243C",4,10,8,2,4,3,18,12,16,12,6,8
"YBR234C",35,33,32,13,8.5,10.5,24,18,27,24,26.5,25.5
"YBR179C",14.17,20,10.5,18.17,13,7.17,9,17,18.17,11,15,19.17
"YBR247C",39,32,28,9,4,5,47,36,22,29,36,37
"YBR124W",1.5,0,0,0,0,0,1,0.5,0.5,1,0,0
"YBL086C",1,4,7,5,10,3,2,8,11,8,11,7
"YBL065W",0,1,0.5,1,0.5,0,0,1.5,0.5,0,0.5,0.5
"YBR227C",14,17.5,13.5,4,2,7,11,13,11.5,8,10,14
"YBR218C",102.5,94,94.5,52.5,39.5,46,91.5,106.5,104.5,87,108,85
"YBR244W",0,2,3,0,1,1,2,2.12,4.12,3,0,1
"YBR160W",25.5,14,13,14,11,11,13,17,18,12,15,14
"YBL080C",2,8,4,1,0,1,4,5.11,2,6,9,6
"YBR083W",21,34,37,9,7,9,12,22,12,22,18,15
"YBR294W",7,10,7,13,9.5,5,9,9,7,8,6,10
"tI(AAU)B",0.17,0,0,0,0,0,0,0,0,0,0,0.5
"YBR091C",2,2,2,0,3,1,0,1,2,1,5,2
"YBR284W",3,4,4,4,6,4,3,1,2,2,3,0
"YBR158W",37,24,22,7,4,5,44,55,43,71,72,56
"YBR111W-A",3,4,3.17,3,0,1,3,4,1,0,2,2
"YBL071C",8,10.5,5,1,0,0,3,10.5,8.5,7,7.5,9.5
"YBR126W-B",6,3,6,0,3.5,1,5.5,5.5,5.5,5,6,4
"YBR229C",38,36,35,12,4,4,26,29,31,19,30,31.5
"YBR042C",7,2,6,2,1,2,12.25,20,6,6,11,7
"YBR150C",3,7,16,11,7,8,7,6,8,8,8,12
"YBR298C",0,4,3,13,8,11,2,4,2,3,2,4
"YBR143C",81,72.5,83,16,19,17,67,72,80,74,111,73
"YBR014C",8,6.5,12,5,2,3,7,8,9,7,11,6
"tS(AGA)B",2.2,1.9,2.31,1.6,1.4,0.9,1.51,1.12,1.1,1,1.1,1.8
"YBR259W",8,8,10,4,1,1,13,5,3.25,8,5,7
"YBR060C",13,8,9,4,4,4,11,22,14,21,21,21
"YBR180W",1,1,3,0,2,1,3,4,3,3,1,3
"YBL034C",23,11,18,24,16,25,28,22,13,28.5,27,26
"YBR212W",18,12,11,17,12,14.12,14,14,22,17,23,22
"YBR071W",9,7,10,20,16,14,8,14,9,10,12,11
"YBL074C",6.5,3,2,2,1.5,3,5,3.5,1,4,3,6.5
"YBL107C",12,8,12,5,1,2,8,12,2,7,8,7
"YBR097W",16,12,18,10,5,4,15,14,19,16,26,12.07
"YBR136W",27.5,25,30.07,18,10,15,34,42,21,36,36,34
"YBR039W",26,29,27,22,19,14,22.5,26,23,23,25,33
"YBL089W",4,10,9,3,1,1,5,5,7,6,4,8
"YBL067C",38.67,29.5,29,7,13,8,30,32,23,30.5,45.5,29
"YBR270C",1,1,10,2,2,6,1,4,3,2.25,5,3
"YBR087W",8,11,6,1,3,2,15,12,6,8,14,14
"YBR121C",114.5,118.5,117,13,14.2,2.5,123.5,141,127,139,158.25,171
"YBR026C",28,29,26,19,11,19,25,17.33,20,21,12,11.12
"YBR197C",6,7,3,1,2,2,2,7,5,7,7,2
"YBR027C",0,0,2,0,0,0,1,1,0,2,1,0
"YBR177C",23.5,23.83,24.5,25,28,25.5,25,29.33,22,24.5,30,24
"YBR176W",5.17,5,6,2,2,1,3,3,2,4,5,4
"YBR230W-A",0,5,1,1,0,0,2,1,1,1,2,1
"YBR090C",3,1,3,0.5,0.5,1,0.5,4,4,3.5,4.5,4
"YBL071C-B",0,0,0,0,0,0,0,0,0,0,0,0
"YBR064W",2,0.5,3,0.5,1,1.5,0,1,0.5,1.5,1,3
"YBR044C",11,9,8,6,4,6,10,9,12,8,7,16
"YBL068W",18,14,23,6,3,2,11,16,18,16,26,17
"YBR216C",7,11,12,4,3,0,13,9,8,8.5,8,7
"YBR271W",15,11.12,7,6.17,2,2,16,17.12,13,11,12,17
"YBR084W",89,99,105.25,11,5,6,109,95.33,85,122,130,115
"YBR065C",12,11,5,13,3,7,7,13,8,9,6,13.17
"YBR245C",43,27.12,23,15,20,13,33,48.12,31,43,44.17,42.25
"YBR085W",2,7,1,2,0,0,3,1,4,0,5,2
"YBR059C",38.12,49,49,29,15,23,40,44,38,37,43,40
"YBR068C",64,58,90,72,68,62,81,99,86,105,125,140
"YBR285W",0,0,3,7,2,5,0,1,0,0,2,1
"YBR041W",21,27.83,24.5,3,3,8,26,20.5,15,21.67,25.33,22.12
"YBR252W",3,5,3,1,1,1,6,6,12,11,5,6
"YBL082C",5.5,9,5.5,5.61,3,1,4.5,6,9.5,7,16.61,12.61
"YBL002W",1,5,4,1,0,0,30,34,26,32.5,34,39
"YBL098W",8,6,10,7,6,6,10,18,10,7,10,6
"YBR117C",2,5,4,142.5,94.5,110.5,1.17,1.83,0.17,4,3.5,4.83
"YBR214W",15,10,16,81,80,71,21,17,14,4,18,24
"YBR169C",37.25,22,36,247,165.25,156.5,19,17,19.25,11,21.25,17
"YBR207W",8,25,8,6,3,5,17,14,18.17,7,23,15
"YBR155W",33.25,24,16,1,2,3,23,19,10,14,25,21
"YBL106C",12,9,17,2,3,5,8.25,15,4,9,7,9
"YBR237W",16.5,9.75,13.5,9,8,7,12,19.5,14,9.07,8.25,17.5
"YBR193C",9,4,4,4,3,1,6,6,3.17,5,6,8
"YBR149W",49,29,39,24,19,20,28,39,30,38,39,30
"YBR013C",0,0,0,0,0,0,0,0,0,0,0,0
"YBL063W",8,9,4,9,10,14,9,12.25,7,11.5,12,12.11
"YBL029C-A",2,4,3,7,4,1,4,3,1,4,7,2
"YBR147W",2,1,2,5,8,9,1,1,0,0,1,0
"YBR246W",15,10,20,4,2,2,12,10,8,15,15,10
"YBR002C",9,10,10,2,3,0,10,8,11,9,15,17
"YBR023C",78,95,100,25,12,17,76,67,95,74,77,78.5
"YBL088C",34,36,23,18.25,12,4,29.07,34,31,21.03,52.25,41.07
"YBL064C",15,11,21,74,69,58,16,15,6,8,9,10
"YBL007C",68.33,80.25,73,35,8,18,63,113,73,69,102,89.5
"tL(UAA)B2",0.29,0.14,0,0.43,0.43,0.86,0.14,0.14,0.14,0.29,0.43,0.14
"YBL093C",18,11,16,5,2,8,15,14,12,16,25,29
"YBL091C",24,22,27,3,3,4,30,29,17,25,32,22
"YBR142W",60,39,60,5,6,6,40,57,47,58,57,65
"YBR047W",1,0,0,0,0,0,0,1.5,0,0.12,0,1.17
"YBR238C",51,44.25,58.1,7,7,10,41,59,37,52,47,63
"YBR067C",79,84,90.5,95,70,68,21,22,23,31,34,34
"YBR010W",14,12.5,14.5,34.5,18.5,25.5,48,63.5,38,58.5,64.83,72.5
"YBL054W",35,28,31,2,4,3,27,31,17,26,27,29
"YBR209W",0,0,0,0,0,0,0,0,0,0,0,0
"YBL060W",8,5,7,1.17,2,4,13,9,13,11.17,11.17,8.17
"YBR089W",3,3.5,2,6.5,5,1,8,8.5,8,4.5,10.33,6
"YBR025C",106.5,120,143,38.5,23,20,117,129,90,116,127.33,131.5
"YBR040W",0,0,0,0,0,1,0,0,0,0,0,0
"YBR230C",8,8,11,11,9,3,9,8,2,6,9,5
"YBL027W",180,179.5,211.92,10.5,13.5,12.5,223,219,192.5,220.5,256,269.75
"YBL100C",17,12.5,12.5,3.5,4,3.5,14,12,13,7.5,17,12
"YBR261C",10,17,10,3,1,0,5,10,10,10,13,20
"YBR034C",47,47,41,6,7,3,47,46,44,50,62,53
"YBR101C",17,13,11,21,24,20,15,24,12,16,21,13
"YBL010C",1,0,2,0,0,0,4,3,5,2,5,1
"YBR053C",5,10,9,7,2.25,5,11,10,7,1,9,5
"YBL059C-A",6,4,3,0,2,1,3,1,3,3,3,8
"YBR255C-A",4,0.5,1,3,2,0,0,0,1,4,3,4
"YBL042C",80,49,69,4,6,7,55,54,48,35,68,53
"YBL039C",68.1,67.6,72,5,3,2,66.5,87,74,65,86.5,93.5
"YBR217W",3,2,2,1,0,0,3,1,0,0,3,1
"YBR200W-A",0,0,0,0,0,0,1,0,0,0,0,0
"YBL003C",7.12,1.5,0,7.5,4.5,3,21.5,34.5,22.5,30.5,32,29.5
"YBR069C",49,43,55,3,7,6,51,54,40,46,58,59
"YBR056W-A",0,0.5,1,1.5,2,2.5,0,1,0,1.5,1,1.5
"YBR009C",8,8.5,12,12,8,16.67,52.5,60.5,33.5,43,45,61
"YBL038W",11,9,11,4,0,6,7,6,7,10,14,9
"YBR056C-B",0,0.5,1,1.5,2,2.5,0,1,0,1.5,1,1.5
"YBR081C",36,19,28.17,18,5.17,12,33,34.17,25,29,33,38.64
"YBR007C",8,17,10,16,9,7,8.12,16,11,15.38,18,8.17
"YBR146W",14,14,22,6,2,5,14,9,19,14,17,20
"YBR171W",10,9,19.07,4,2,5,12,25,13,27.25,17,13.5
"YBL028C",11,5,9,0,0,0,8,7,6,14,12,13
"YBR135W",5,5,8.25,5,9,8,9,10,10,7,12,14
"YBR264C",9,7,13.5,4,0,2,12,10,6,7,5,8
"YBR043C",10,9,12,5,4.25,0,10,13,5,11,12,11
"YBL059W",7,1,2,1,0,1,3,4,4,2,3,4
"YBR131W",7.25,6.5,6.07,3,6,0,8.5,7,3,5.5,8.55,5.06
"YBR233W-A",0,2,3,0,1,0,2,2,1,4,5,2
"YBR092C",91.5,87,104.5,9,1,4.5,74,73,54.5,55.5,66.5,59.5
"YBR126C",53,57,37.07,76.5,53,61,33.5,48,43,31,57,64
"YBR057C",8,7,12,4,2,3,5,6,12,16,14,16
"YBR086C",78,68,70,30,22,21,91,107,81,96.5,116,110
"YBR174C",0.5,1.5,1,0,0.5,0,0,1,0.5,1,0,0
"snR56",3,3,4,5,2,5,4,3,4,7,3,5
"YBR281C",32,35,35,19,17,14,18,29,19,17,26,25
"YBL103C",9,8,11,3,4,2,12.5,4,8,8,14,7
"tG(GCC)B",0,0,0,0,0,0,0,0,0,0,0,0
"YBR159W",27,20,21,5,4,1,17,23,19,17,30.25,26
"YBR118W",1699.58,1694.25,1821.06,517.5,349.5,367,1874.5,2220.12,1783.46,1897.08,2477.83,2227.74
"YBL004W",145,138,190,17,12.5,12,134,179,169,198,217,179
"YBR163W",14,7,9,3,6,6,4,13,11,11,14,11
"YBL013W",1,0,2,0,0,0,0,4,2,2.03,1,3
"YBL112C",0.55,0.6,0,0.1,0,0.35,0.65,0.45,0.3,0.6,0.6,0.45
"YBR231C",3,0,5,1,1,4,2,3,2,4,5,5
"YBL066C",15,22,15.5,19,12.5,12,19,19.5,12.5,25.1,23.5,17.5
"YBR008C",7,7,12,13.33,5,7,9.07,5,5.5,6,8,14
"YBL015W",6,8,12,73,56,65,7,3,9,4,5,6
"YBR038W",11,10.25,12,5.25,5,5,29,21,25,28,36,36
"YBL018C",6,5,2,1,0,3,3,3,3,4,2,6
"YBR253W",5,3,3,1,0,0,3,4,2,3,3,7
"YBL068W-A",2.5,1,0.5,0.5,1,1.5,2,2.5,4,2.5,0,2.5
"YBR058C",13,20,19,19,13,10,28,16,16,22,25,31
"YBL084C",5,10,7,2,4,3,6,11,10,13,11,14
"YBR224W",0.5,0.5,0,0,0,0,0,0,0,0,0.5,0
"YBR077C",2,2,4,1,2,5,2,11,4,8,2,2
"YBL087C",80,76.5,88,7,4,5.5,86.88,107.5,93,113,114.83,113
"YBR098W",3.5,2,5,1.5,1.07,1,2.5,4,5,8.5,3,4.5
"YBR239C",10,10,12,27,17,21,6,10,7,9,12,10
"YBR168W",7,9,5,3,2,4,4,7,2,4,4,5
"YBL046W",7,9,8,5,5,4,16,10,10,5,6,4
"YBR003W",17,10,12,10,3,3,6,16,12,13,30,23
"YBR215W",16,13,18,13,7,14,11,21,11,25,19,19
"LSR1",2478.83,2394.5,2727.35,5990.67,4760,6238.67,2446.25,3005,2324,2968.75,3411.92,2830.42
"YBL025W",0,1,1,1.75,1,0,1,5,4,2,0,1
"YBR105C",24,19,15,8,11,7,21,17.5,4,19,15,23
"YBR200W",15,9,12,8,2,3,14,15,13,19,8,12
"YBR190W",2,0.5,1,0,0,0,1,0,0,2,3.5,0.5
"YBR248C",15,19,22,3,3,3,18,16,24,20,30,27
"YBR145W",2.17,2,6.07,5,1,4,4,5,2.17,3.25,3,3
"YBL047C",113,115,112,38,32,35,129,149,99,101,152,123
"YBR099C",0.5,0,1,0.5,0,0,0.5,1,0,0.5,1,0
"YBL014C",17,22,21,7,3,5,12,23,16,19,27,33
"YBR062C",4,7,2,1,4,3,8,7,4,3,6,6
"YBL092W",213.5,208,225,24,18,20,211.5,265,212,282.75,268,293
"YBR240C",1,4,3,11,10,5,2,1,1,2,0,2
"YBR251W",2,5,10,4,2,2,3,5,5,8,4,13
"YBR199W",21,24,25,17,14,15,20,26,26,16,21,30
"YBR128C",0,1,3,0,1,2,0,1,0,0,3,0
"YBR139W",24,28,26,56,47,54,28,34,21,28,20,31
"YBL070C",0.5,0,0.5,0,0,0,0.5,1.5,0.5,1,2.5,0.5
"YBR054W",66,65,49,38.75,27,35,29,36,39,23,41,18
"YBL039W-B",1,1,1,0,1,0,0,3,0,1,1,0
"YBR072W",13,10,16,444,295,393,16,14,12,16,26,19
"YBR111C",11.17,21.17,25,8,3,7,18,14,14.17,13,16.17,16
"YBL001C",16,28,18.75,7,8,6,16,19,15,28,21,21.12
"YBR110W",12.42,14.67,12.33,5.17,5.67,5,9.75,15.5,10,19.5,9.5,9.33
"YBL111C",0.97,1.77,1.35,1.01,1.22,0.62,3.01,3.29,2.44,1.55,1.1,1.68
"YBL036C",14,11,30,4,3,0,8,19,12,16,20,16
"tR(UCU)B",0.25,0.67,0.27,0.25,0.25,0,0.12,0.1,0,0.22,0.47,0
"YBL094C",2,1.5,0,0.5,2,0.5,1,2,1.57,1.5,1.5,2
"YBR033W",3,6,14,5,8,4,2.5,9,7,3,10,10
"YBL073W",0.5,0,0,0,0.5,0,3,2.5,0,0,0,0.5
"YBR096W",11,12,11.5,1,4,4,17,10,14,19,8,10
"YBL053W",0,0.5,2,2,0.5,1.5,0.5,3,0,1.5,2.5,3.5
"YBR030W",5,11,8,1,2.25,0,6,13,4,15,14,13
"YBL076C",159.5,182.25,184.5,16,15.56,10,159,189.5,183.5,175.5,242.33,223.5
"YBR256C",29,21,14,15,12,15,11,14,10,17,20,21
"YBR162W-A",8,8,12,3,3,1,10,9,4,13,13,14
"YBL077W",18,14,22.5,2,0.5,1,12,18.5,18.5,19,22.33,14.5
"YBR156C",8.5,6,6,9,6,3,11,9,14,7,7,11
"YBL012C",0.5,0,1.5,0.5,0.5,0.5,1,3,2,1,3.5,5
"YBL008W-A",0,0,0,0,0,1,0,0,0,0,0,0
"YBR297W",5,5,3,0,1,0.5,4,3,2,4,5,2
"YBR189W",184.5,176,181.5,7.5,5,7,210,230.5,221.5,204.5,254.25,238.5
"YBL096C",2,1,1.5,0,0,0,1.5,0.5,1,0.5,2.5,1
"YBR011C",186.25,189,181,36.67,30.75,29,181,179,184,199.17,242.67,215.67
"YBL041W",25,28,29,16,7,2,17,26,17,23,24,28
"YBL081W",28,19.5,18,12,7,6.5,21.25,31.5,16,23.5,29.33,28.4
"YBR089C-A",5,6,3,5.5,2.5,5,3.5,14,8,15,16.5,12
"YBR103C-A",0.5,0,1,0,0.5,0,0.5,0,0,0,1,0
"YBR296C",11,11,16,3,1,0,5,7,7,8,15,4
"YBL040C",12,18.25,15,3,0,2,10.06,11,11.5,17.31,13.56,17
"YBR165W",3,1.5,5.07,1,0.25,4,5,6,2,1,9,6
"YBL026W",7,8,8,2,5,2,8,2,6,11,8,9
"YBR082C",64,61,72,24,11,19,50.75,54,59,76,68,58.25
"YBR280C",5,7,2,10,13,16,8,8,7,5,5,3
"YBR061C",4,7,7,1,0,0,4,12,13,10,7,8
"YBL016W",23,21,27,6,1,5,18,22,10,10,21,14.5
"YBR175W",4.5,4.5,7,1,0.5,1,4,7,0.5,7,3,2
"YBR029C",18,26,21,6,2,3,25.12,22.17,29,19,25,25
"YBL057C",13,8,11,1,2,0,1,7,12,7,13,10
"YBR298C-A",0,0,0,0,0,0,0,0,0,0,0,0
"YBR192W",17,10,9,6,6,7,13,11.5,11,14,22,9
"tQ(UUG)B",7.25,4.33,4.62,11.75,2.6,5.88,3.62,3,0.94,4.62,4.46,3
"YBR302C",6.62,4.04,7.78,8.52,6.55,6.34,3.54,5.33,4.44,2.85,3.04,5.22
"YBR254C",6,0,5,1,0,1,1.5,3,5,3,4,7
"YBR204C",6,5,6,3,1,5,7,5,3,4,8,4
"YBR220C",13,14.5,10.5,7,5.5,2.5,12.5,17.5,5.5,11,12,16
"YBR222C",23,32,27,80,66,71,15,14,16,16,20,12
"YBR290W",10,7,4,7,7,10,8,7,12,10,12.75,10
"YBR162C",45.5,45,50,9,16,7,100,108,100,97,125,92
"YBR167C",1,2,4,3,2,1,0,2,4,2,3,1
"YBL033C",9,8,10,6,5,2,10,9,6,12,10,6
"YBR228W",6,4,3,3.5,4,0,4,6,3,4,6,4
"YBR263W",65,68,81.5,21,12,14,65,67,57,49,61,58
"YBR250W",5,1,0.25,4,3,0,5,2,1,3,2,4
"YBR272C",13,10,6,8,9,8,8,13,6,11,5,13
"YBR120C",4,2,4,1,0,4,3,7,2.17,4,3,5
"YBR084C-A",168.67,181.25,183.83,21.5,15.5,12.5,203,195,170.5,214.5,202,227.5
"YBL062W",2,5,3,3.5,4,5.5,3,5.5,3,3,4,7
"YBR301W",0.11,0,0,2.15,1.5,1.14,0,0.14,1,0.14,1.25,0.05
"YBR076W",0,0,5,3,1,1,1,3,1,0,5,3
"YBR210W",6,2,2,1,1,1,3,3,5,3,5,2
"YBR106W",56,72,74.75,8,10,10,67,71,64,75,88.75,74
"YBR005W",5,8,7,3,2,1,20,12,14,14,10,16
"YBR153W",8,5,9,2,1,1,10,5,5,9,10,7
"YBR132C",4,11,7,19,17,14,13,9,4,7,17,6
"YBR166C",15,18,13,12,8,7,8,14,8,13,17,17
"YBR221W-A",0,3,4,3,2,4,0,0,1,3,0,1
"YBR131C-A",0.5,0,0,0,0,0,0,0,0,0.5,0,0
"YBR161W",12,2,4,6,1,7,3,4,5,4,1,3
"YBR109C",24,26,31,12,3,2,21,33,23,16,24,20
"YBR255W",5,10,13,10,5,9,9,19,10.17,10,16.5,8
"YBR205W",18,28.5,23,5.5,3,2,28.5,21.5,14.5,23.5,25.5,22
"YBR296C-A",0,0,0,0,0,0,0,0,0,0,0,0
"YBL043W",0.2,2,0,5,4,4.2,1,0,0,0.33,0,2
"YBR130C",12,13.75,14,3,1,4,17,15,8,9,17,8
"YBR206W",4,4.5,6,2.5,0,0,3.5,6.5,7.5,5.5,8.5,4
"YBR122C",6,12,13,6,3,2,11,6,7,11,13,13
"YBR295W",23,35,26.1,106,73,61,19,31,16,18,27,25
"YBR004C",12,19.25,18,20.25,17,8,9,13,12,18,6,9.12
"YBR202W",15,16,18,9,2,10,33,28,24,27,35,44
"YBR001C",17,17,19,35,31,23,13,16,18,8,12,23
"YBL113C",2.45,4.1,2.49,3.22,1.75,2.24,5.57,6.61,4.2,2.21,4.31,7.75
"YBR288C",9,7,8,9,9,7,7,13,13,11,16,15
"YBR282W",4,2,5,2,1,1,2,6,6,3,11,7
"YBL072C",209.83,213.67,225.5,23.5,15.17,12,237.33,259,209,243.03,285.5,258
"YBR103W",4.5,6,11,9,2.5,7,14.5,10,11,9,10,9
"YBR107C",3,4,2,1,2,1,1,0,4,5,4,3
"YBL024W",60,43,39,10,4,2,65.5,58,52,63,59,62.75
"YBR012C",0,0,0,0,0,0,0,0,0,0,0,0
"YBR188C",4,1,2,1,0,0,3,8,3,3,3,7
"YBL075C",8,6,7.5,482.5,355,413,5,6.11,11,10.29,14,4.25
"YBR102C",13,15.25,14,18,12.08,7,23,16,16,17,15,18.24
"YBR006W",6,3,6,9,9,7,5,7,5,3,3,1
"YBL051C",29,30,27.25,22,19,23,18.5,21,32,23.1,38,50
"YBR196C",299.75,296,344,143,126,118,283,313,302,304,332,360
"YBL031W",1,2,1,1,1,1,5,4,3,1,4,0
"YBR141W-A",0,1,0.5,0,0,0,1.5,0,0.5,1,0.5,0
"YBL006W-A",0.5,1,0.5,0,0.5,0,1.5,0,2,1,1,1
"YBL100W-C",1,1,0,0,1,0,1,2,1,1,3,1
"YBR236C",14,20,15,9,7,6,7,19,10,16,17,14
"YBR276C",32,26,32,20,20,15,34,30,26,20,35,26
"YBR036C",33,33.25,29,13,5,5,31,35,29,28,31,45
"YBR045C",1.5,4,4,3,2,5,4,1,2,1.17,2,2
"YBR291C",11,4,1,11,3,6,6,9,4,4,7,4
"YBR137W",12,5,5,1,2,1,8,2,9,11,6,8
"YBR079C",166,136,146,30,17.2,23,152,194,152.5,150,221,189.5
"YBR017C",42,33,40,14,18,17,38,36,35,44,53,38.25
"YBL044W",0,0,0,0,0,0,0,0,0,0,0,0
"YBL023C",12,13,8,69,32.5,44,20,20,12,15,25,22
"YBR127C",166.5,169.5,171.5,42,31,35,155,179,135,152,197,182
"YBR152W",5,5,4,2,2,0,4,6,6,7,2,9.07
"YBR035C",16,11,14,7,9,2,11,18,8,15.5,19,16
"YBR289W",7.5,10,7,9,4.5,9.25,9,10,11,12.5,15,16.5
"YBL017C",66,55.5,75,42.75,35,25,84.67,76.25,68,67.12,87,67
"YBR157C",11,5,8,10,8,16,3,6,3,7,7,4
"YBL104C",17.54,11.5,21.08,3.08,0.08,1.5,16.36,27.11,14,20.04,23.61,9.03
"YBL109W",0,0,1,0,0,0,0,0,0,0,0,0
"tL(UAA)B1",0.29,0.14,0,0.43,0.43,0.86,0.14,0.39,0.14,0.29,0.43,0.14
"YBR072C-A",0,0,0,0,0,0,0,0,0,0,0,0
"YBR300C",0,0,0,0.55,0,0,0,0,0,0,0.75,0.05
"YBR195C",4,6,5,5,1,2,7,7,3,5,10,8
"YBR233W",0,3,4,3.5,3,1,2,6.5,2.5,2,5,8
"YBR262C",3,4,4,4,2,0,2,7,0,6,5,5
"YBR020W",0,3,2,1,1,2,1,4,1,4,4,1
"YBR085C-A",9,14,12,26,8,16,18,12,10,11,13,11
"YBR123C",4.5,7,8,9,8,6,11,11.5,6.5,7,9,7
"YBR221C",73,63,62,21,7,11,59,73,54,67,85,71
"YBL029W",4,4,5,9,5,5,3,2,2,5,5.06,2
"YBL045C",49.1,49.1,57,31,13,24,31,47,42,32,48,43
"YBR191W-A",10,9.5,13,1,0,0,9.5,16.5,13,12.5,19,14.5
"YBR154C",18,26,34,6,7,4,29,29,21,25,28,34
"YBR278W",0.5,0,0,2,0.5,0,0,0,1,1,1,1
"YBR273C",12,11,9,9,6,3,17,15,12,8,9,10
"YBR032W",0,2,1,1,0,0,0,1,1,1,2,2
"YBR048W",124.5,115,132.5,12.5,7,10,131.5,155.17,135.25,147,168.5,173.83
"YBR104W",12,4,7.1,1,3,1,15,8,7,10,14,12
"YBL079W",64,65.33,73,32,26,16,74,89.5,78,106,103.07,91
"YBR265W",7,12,13,5,1,2,12,17,7,16,11,17
"YBR249C",94,68,95,7,8,5,61,63,55,66,64,82
"YBR203W",23,13,21,126.5,83,78.67,14,12,10,14,15,10
"YBR184W",2,1,2,1,2,0,1,1,4,2,1,1
"YBR170C",11.17,6.5,15,10.17,6,6.17,21,7,12.42,13.5,30,12.17
"YBR173C",14,6,15,3,1,4,2,10,11,10,6,8
"YBR133C",18,21.5,19.5,7,10,7,21,22,24,20,30,17
"YBR275C",23,21.25,27,15,5,8,38,43,32,37,45.17,48
"YBL108W",0.14,0.29,0,0.12,0.14,0.34,0.39,0.14,0,0,0,0
"YBL113W-A",0.75,1.23,1.51,1.2,0.16,0.35,0.95,2.08,2.48,1.01,1.65,2.27
"YBL085W",22,24,27,17,13,18,48,33,36,41,49,48
"YBL052C",9,9.5,8,9,5.5,4.5,14.5,15,7.25,15.5,17.5,23.5
"YBL009W",8,6.25,6,8,1,2,15,10.5,12,10,16,12
"YBR283C",58,59,71,33.17,27,29,68,97,67,87,95,89
"YBR094W",14,12,23,3,5,5,14,15,11,22,15.75,14
"YBR258C",4,2,4,1,3,1,3,1,3,1,2,3.5
"YBR201W",5,7,7,0,0,1,9,8,9,3,5,5
"YBR070C",4,6,1,3,0,1,10,5,6,1,9,11
"tE(UUC)B",3.28,1.29,2.17,0.83,1.04,0.2,8.62,10,1.71,1.74,1.58,1.41
"YBR198C",21.5,27.25,39.5,14.5,13.32,12.5,28.25,48,22.5,32,43,44.25
"YBL056W",30,24,20,11,12,7,30,39,28,28,34,32
"YBL099W",119,100,97.5,38.5,26,24.5,101,101,84.67,91.5,117,84.06
"YBR257W",7,5,7,4,1,0,6,10,2,4,6,5.25
"YBR126W-A",11,3,12,0,4.5,2,5.5,7.5,5.5,10,8,5
"YBR242W",15,20,13,11,4,7,12,4,17,9,15,12
"YBL008W",14,10,11,6,6,2,13,20,12,17,19,16
"YBR181C",191,183,206,13,6,9.5,219.5,236,185.5,213.5,274.5,246
"tC(GCA)B",0.25,0,0.25,0,0.25,0,0.25,0,0,0,0.25,0
"YBR052C",16,15,12,9,1,11,18,15,9,7,15,13
"YBR093C",64.5,68.67,52,7,4,6.5,38.67,33,17,38.17,51.83,45.83
"YBR049C",6,8.1,9,0,8,4,27,23,21,21,34,29
"YBR056W",15,21,21,20,12.2,13,20,23,9,19,9,5
"YBL030C",92,95,109,37,39,25,79,90,65,63.5,66,88
"tT(AGU)B",0,0,0,0,0,0,0,0,0,0,0,0
"YBR141C",3,7,5.5,1,2,0,12.5,8,9.5,5,9.5,10
"YBR226C",1.5,2.5,0.5,1.5,1,2,2.5,0,0.5,1.5,1.5,1.5
"YBL005W",19,25,22,7.33,8,7,14,16,17,26,35,36
"YBR151W",23,20,26,28,19,22,15,23,13,27,22,21
"YBR144C",0,0,0,0,0,0,0,0,0,0,0,0
"YBR178W",0.5,0.83,0.5,0,0,1.5,0,0.33,0,0.5,0,0
"YBR138C",1,2,5,9,4,3,7,0,3,5,4,3
"YBL090W",7,7,12,7,1,3,9,3,6,3,8,6
"YBL105C",47.5,40,47,21,18,22,37.17,57,46.33,32.17,48.67,51
"YBL102W",9,10,11,2,2,2,6,11,9,8.5,12,8
"YBL011W",18.5,11,22.83,2.75,6.5,4.5,38,38,40,21,42,31.33
"YBR095C",4,6,6,3,3,1,6,9,1,9.12,3,5.17
"YBR196C-B",0,1,0,0,1,0,1,0,0,0,0,0
"YBL048W",2,2,3,3,1,2,0,1,0,0,0,1
"YBR066C",5,11,9,1,3,1,6,5,4,8,6,2
"YBR292C",0,0,0,0,0,1,0,0,1,0,1,1
"YBR018C",1,2,0,1,1,1,0,1,1,0,1,0
"YBR194W",5,3,4,0,0,1,2,5,6,1,3,2
"YBR076C-A",1,4,4,1,2,1,4,2,2,1,4,5
"YBR108W",12,17,11.1,22,18,17.12,13,19,16,17,16,25
"YBR046C",8,5,10,12,11,19,5,5.25,3,1,4,10
"YBR235W",33,22,23,11,8,11,15,20,20,17.5,21,30
"YBR274W",7,12,14.5,4,3,1.5,15,14,10,12,14.5,14
"YBL006C",4.75,5.25,2.5,1.25,2,2,3.75,1.25,6,9.25,8.25,9.25
"YBR186W",4,2,4,7,4,0,4,3,3,2,5,0
"YBR277C",0.5,0,0,0,0.5,0,0,0,0,0,1,0
"YBR185C",5,8,10,4,3,0,6,3,3,7,11,6
"YBL078C",0,0,0,6,8,3,2,3,2,0,3,2
"YBR037C",4,3,8,4,0,1,5,5,2,2,4,7
"YBR015C",53,51,70,18,14,9,47.12,65,62,56,67,48
"YBR016W",0,0,5,2,0,0,2,6,2,3,7,5
"YBL107W-A",0,0.17,0,0,0,0,0,0,0,0,0.33,0
"YBL071W-A",3,4.5,5,1,1,0,2,0.5,4.5,3,5.5,0.5
"YBR269C",0,5,4,2,1,5,4,4,2,7,4,4
"YBR266C",4,4.5,4,1.5,0.5,1.67,2.5,9.5,4,7.5,8,6.5
"YBR055C",28,24,17,6,3,3,9,25,12,17.25,23,20
"YBR088C",6,4.5,3,11.5,7,2,14,13.5,13,6.5,20.33,13
"tV(UAC)B",1,2,1,1.5,2,0.5,2.5,0.5,1,2,1.5,2
"YBL019W",10,3,5,3.33,5,4,8,4,9,6,5,5.12
"YBR112C",32.5,32.75,29.17,18.5,13.5,11,62.5,66,44.5,38.5,64.42,58.82
"YBR164C",7,12,10,3,0,5,7,14,8,10,14,19
"YBR148W",2,2,2,2,0,0,4,1,0,1,3,4
"YBL020W",12,15,14,6,2,1,12,15,15,11.25,20,20.12
"YBR208C",63,63,47,40,27,31,48,60,46,45,63,88
"tD(GUC)B",0.25,0.58,0.12,0.25,0.33,0,1.38,0.52,0.25,0.22,0.47,0.74
"YBR172C",44,47,28,39,15,20,44,47,41,38,43,41
"YBL097W",5,5,8,0,5,0,21,6,17,10,13,7
"YBR050C",0,0.5,0.5,0.5,2.5,0,1,1.5,1,0,2,2
"YBR183W",8,7,8,43,26,32,3,3,3,2,4,4
"YBR213W",2,4,1,1,3,3,3,2,0.5,1,3,2
"YBR113W",3.5,1.5,2,2.5,1,0.5,3,5.5,2.5,3,5.5,4.12
"YBL091C-A",0,2,3,1,0,1,6,3,2,2,3,3
"YBR196C-A",1,1,0,0,0,0,0,0,1,0,0,1
"YBR286W",139,139,146,107.67,86,95,143,157,122,153,167,161.5
"YBR268W",4,4,6,2,1,0,1,3,2,6,5,9
"YBR058C-A",6,9,7,3,2,1,5,5,3,5,8,7
"YBR287W",42,43,31,22,10,15,53,60.75,46,40,62,47
"YBL083C",1.5,4,1.5,1.5,1,0,1.5,2,2.5,3,4.5,1.5
"YBL061C",22,36.75,27,34.5,19,25.5,15,38.5,24,33,38,42
"YBR267W",21,23.17,13,9,4.5,5.17,19.5,33.17,18,31.5,35.5,26.5
"YBR114W",29,25,24,26,12,10,17,36,28,29,30.25,37
"YBL032W",13.6,8.1,14,5,8,1,16.5,20,13.33,23.5,20,23
"YBR219C",2,1.5,1.5,0,0.5,0.5,1.5,1.5,0.5,2,0,0
"tF(GAA)B",0.5,2,0,0,0.5,0,0.5,0.46,0.5,0.5,1,0.62
"YBR299W",4.67,2.79,5.93,100.67,80.83,70.83,1.12,2,0.96,2.17,1.33,1.79
"YBR191W",138,148.5,165.5,8.5,6,8.5,146,198,136,188.5,201.5,190.5
"YBR125C",13,7,9,9,3,3,18,11,12,19,17,13
"YBL069W",10,4,8,0.5,3,3.5,9.5,16,8.5,8.5,17.5,8
"YBR223C",2.5,8,3,2,2.5,1,4,8,1,5.5,6,4
"YBR074W",42.75,35,29,12,3,7,28,41,25,32,43,37
"YBR201C-A",1,2,1,6,4,7,1,0,0,2,2,3
"YBR187W",7,13,8,3,2,0,16,24,7,19,27,18
"YBL021C",3,0,2,0,2,0,3,2,2,1,1,0
"YBL049W",6,5,3,7,6,4,0,6,3,2,1,3
"YBL035C",9,11,7,4,4,3,17,19,13,13,12,17
"YBL095W",4,3.5,2.5,1.5,2,1.5,3.5,4.5,3.57,3,3,7
"YBR073W",38,44,57,49,32,35,44,40,30,31,43,41
"YBR109W-A",1,0,0,2,0,0,0,2,1,0,1,1
"YBR260C",12.5,15,18,11,6.5,5,13,9.83,14,15,21,22
"YBR279W",10,11.5,13.5,16,11,9,19,23.5,17.5,18,20.25,22.25
"YBR211C",2,2,4,3,2,5,3,5,1,5,4,2
"YBR078W",196,170,193.5,64,50,46,233,264,225,227.5,266.75,281
"YBR063C",11,6.67,7,5.5,4,4.5,6,3,4.5,12.5,11,9
"YBR028C",10,11,11,6,0,1,11,14,7,19,18,14
"YBL039C-A",2,4.5,4,1,0,0,1.5,5,4,1,2.5,5
"YBR129C",2,1,3,1,0,1,3,5,4,5,6,6
"YBL050W",5,6,7,5,4,6,3,5,8,9,8,16
"YBR051W",1,0.5,0,0.5,1.5,0,0,1,0,0,0,0
"YBR080C",29,32,32,8,10,9,32,29,31,32,36,36
"YBL058W",42,25,26,13,8,14,25,32,22,19,30.75,30
"YBL101C",38,33,57,106.17,78,77,37,35,34,36.17,51.17,35.17
"YBR140C",77,86.33,96,28,26,30,91,111,84.67,88,95,111
"YBR021W",13,15,11.5,11,5.2,6,14,10,9,12,19,6
"YBR232C",0,0,1,0,0,0,1,0.5,0.5,0,1,1
"YBR024W",4,8,8,3,3,2,4,10,3,9,4,3
"YBL005W-B",320.97,313.94,363.63,345.42,248.84,246.26,201.92,239.77,202.24,277.61,334.73,303.83
"YBL100W-A",47.2,48.24,50.28,56.42,43.28,41.6,28.84,33.35,28.54,18.22,22.15,22.49
"YBR012W-B",116.97,132.21,132.09,150.8,116.56,111.94,67.87,77.14,63.82,112.05,139.29,130.85
"YBR012W-A",3.76,4.04,2.24,6.92,5.8,5.77,2.31,1.94,0.5,2.28,3.03,4.05
"YBL005W-A",100.66,87.53,107.76,92.65,68.01,69.33,65.12,73.65,60.54,78.8,89.21,91.2
"YBL100W-B",220.23,211.9,246.16,243.04,184.34,185.96,150.84,151.65,131.07,86.77,109.02,101.29
"YNR017W",12,21,19,3,2,0.33,10,27,18,25,29,25
"YNL105W",1,1,2.5,1,0.5,1,0,1,0,0,0.5,0.5
"YNR069C",2,3,7,3,7,5,3,11,0,7,3,3
"YNL306W",16,18,18,6,1,11,14,13,11,15,11,13
"YNL288W",12,13,15,10,9,5,16,18,12,8,15,19
"YNL191W",15,13,9,12,9,6,8,12,9,8,13,4
"YNL150W",3.5,7.5,5,2,1.5,1.5,10.5,2.5,6.5,8,8,8.5
"YNL097C",4.5,2,8,6,5,3,9,3,10,6,8.5,3.5
"tN(GUU)N1",0.6,0.8,0.5,0.4,0.1,0,0.4,0.4,0.35,1,0.4,0.9
"YNL137C",27,26,18,10,1,6,16,26,16,23,36,23
"YNL331C",4,1.75,3.25,4.5,4.75,6,4.5,4,3,3.45,2.83,4.33
"YNL030W",11,20.5,18.25,11,5,14.33,53.33,55,45.17,55.33,63.83,51
"YNL297C",30,25,33.5,12.5,8.5,6,34.5,44,49,30.5,52,44.5
"YNL102W",22,24,21,3,7,4,39,39,30,32,55,33
"YNR026C",18,28,21,1,5,2,22,13,15,12,17,10
"YNL152W",4,3,6,4,6,3,7,15,4.67,4,13.5,10
"YNL140C",4.5,3,5,1,0,1,1.5,3,4,2.5,4,4
"YNL099C",10,12,1,1,3,1,9,8,3,7,6,14
"YNL182C",20,24,42,1,4,1,40,36,15,50,52,42
"YNL180C",25,16.5,13,21.5,8,8.5,20,31,19,16,15,20
"YNR001C",22,37,30,195,159,159,20,21,24,19.75,20,15
"YNL091W",51,46,53,29.11,23,29.33,58,64,44,49,69,79
"YNL157W",10,7,10,8,6,7,11,16,11,11,6,19
"YNL315C",19,17,17,7,6,7,12,17,11,14,15,13
"YNL221C",25,28.25,26,13,6,9,30,28.5,22,32,41,38.67
"YNR052C",8,10,12,5.05,5,3.33,18,28,13,10,20,19.25
"YNL061W",59.5,66,76.58,22,16,11,57.06,71,60.5,68.5,89,76.06
"YNL284C",8,9,11,4,2,3,10,14,10,10,12,9.25
"YNR040W",3,2,3,3,1,1.5,2,9,5,8,6,3
"YNL246W",7,9,8,2,1,2,19.5,13,5,13,15,13
"YNL097W-A",0.5,0,0,1,2,1,1,0,0,0,1.5,1.5
"YNL121C",52,57,60,14,9,7,62,52,46,65,61,71
"snR191",80,86,71,99,75.75,77,98,93,72,88,83,100
"YNL043C",3,7.5,3.5,3,1.5,0.5,6,5,4.5,4.5,5.5,5.5
"YNR055C",23,27,27,14,9,5,22,29,22,26,31,28
"YNL039W",18,15,22,14,10,9,27,20,11,27,24,22
"YNR036C",8,12,7,5,3,4,6,6,12,13,13,14
"YNL304W",3,1,2,0,0,0,1,3,1,4,1,1
"YNL119W",18.5,16,18,3,2.5,4.5,10,17,9,14.5,19,16.5
"YNL034W",2.5,1.5,1.5,0,0.5,0,1,6.5,4.5,1.5,4.5,2.5
"YNL187W",4,5.28,5,1,5,2,4,9,3,3,10,7
"YNL310C",4,2,1,4,4,3,3,4,3,7,3,4
"YNL277W",5,4.5,5,21,15.5,22,1.5,5,9.5,4,5.5,3.5
"YNL126W",2,4,5,3,2,0,11,13,9,6.25,6,6
"tL(UAA)N",0.29,0.14,0,0.43,0.43,0.86,0.14,0.14,0.14,0.29,0.43,0.14
"YNL210W",2,0,2,1,0,0,2,1,0,2,2,5
"YNR041C",16.5,8,10,3.5,1.5,3,7,7.5,7,2.5,11.5,3.5
"YNL193W",11,9.23,9.15,4.33,4.17,2.06,9.06,8.17,8.06,10,2,9.06
"YNL301C",59,49,64,3,6.5,1,68.5,69.5,61,73,91.5,89
"YNL263C",5,6,11,5,0,5,15,18,13,10,12,10
"YNL059C",22,25,19,9,12,7,27,29,25,25,26,29
"YNL028W",0,0.5,0,1,0,0,0,0,0,0,0,0
"YNL044W",13,15.5,12.5,4,3.5,1.5,12,10,17.5,9.5,11.5,12.5
"YNL026W",9,16,10,6,2,4.33,8,10,7,10,19,10
"YNL067W",86.5,76,89,14.5,11.5,14,91.5,104,80.5,111,124.5,120
"YNL205C",0,0,1,0.5,0,0.5,0,2,0.5,0,1,0
"YNL104C",85,99,94.5,59.5,59,52.5,70,111,73,118.5,120.17,133.5
"YNL169C",13.5,13.5,12.5,14.5,12,12.5,14.5,16.5,11,3,14,15
"YNL268W",52,52,33,19,12.5,15,38,48.5,45.5,51,56,45
"YNL162W",88,86,89,5,6,3,89.5,106.5,72,96,118.5,115.5
"YNL257C",21.25,16,11,10,1,4.17,18,25,17,19,13,8.5
"YNL229C",19,16,16,6,4,4,16,17,12,12,13,14
"YNL042W-B",1.19,1.14,0.94,0.84,0.53,1.29,2.05,1.3,0.22,1.67,2.51,1.47
"YNL248C",49,36,28,6,10,7,36,48,40.25,56,59,46.75
"YNR045W",6,2,5,8,6,7,4,6,5,6,5,7
"YNR051C",31,39,35,7,4,5,41,33,32,37,51,48
"YNL190W",97,96,102.67,84.83,50,75,115,123.83,99,72,154,141.5
"YNL194C",1,3,2,10,4,3,0,1,1,0,1,3
"YNL080C",11,8,5.25,0,4,7,9,16,13,8,13,10
"YNR005C",2.5,1,0.5,1,0,0,1,2.5,2,1,1.5,0.5
"YNR064C",0,5,0,4,3,2,2,2.25,1,3,3,3
"YNL145W",14,20,21,4,1,0,11,9,10,18,27,22
"YNR068C",2,4,3,3,3,4,5,4,3,0,1,3
"YNL323W",22,20,15,5,8,4,21,15,14,13,18,18
"YNL003C",6,6,2,1,1,5,5,15,7,10,14,12
"YNL199C",15,12,16.5,4,4,9,17,21,17,16,21,17
"YNL048W",11,12,19,4,2,2,12,15,16,11,18,11
"YNL072W",1,2,3,0,0,0,2.06,5.5,3,5,8,2.06
"YNL224C",12,9,15,11,7,5,15,17,10.67,16.15,11,9
"YNL067W-A",1,0,0,0,0,0,1,0,0,0,0,0
"YNR032W",6,7.5,8,0,1,1,4,5,8,9,4,4
"YNL206C",13,14,15,7,2,3,16,13,11,7,13,17
"YNR062C",3,1,1,2,0,6,5,5,2,4,3,3
"YNL203C",0.5,0,0.5,0.5,0,2.5,0,0.5,0.5,0.5,1.5,1.5
"YNL273W",8,8,9,6,6,4,12,16,21,15,20,13
"tI(AAU)N1",0.17,0,0,0,0,0,0,0,0,1,0,0
"YNL213C",6,7,7,5,3,1,3,4,6,3,9,7
"YNL055C",114,124,124,97,65,71,126,133,94,127,178,171
"YNL170W",3.5,3,0.5,3.5,2.5,4.5,3,3.5,4,1,2,2.5
"YNR013C",66,45,59,23,23,26,52,60,30,57,58,56
"YNL269W",1,0.11,0,2,3,2,0,1,0,0,0,1
"YNR020C",5,5,3,1,1,0,5,3,3,4,4,8
"YNL041C",10,8,14,5,9,3,8,12,11,15,13,14
"YNL234W",5,11,1,6,12,7,2,4,5,7,8,9
"YNL165W",9.25,6,3,18,15,22,10,3,4,5,5,10
"YNL116W",7,4,4,7,5,7,6,11,13,9.25,4,7
"YNL008C",15,4,10,7,2,0,11,10,6,15,9,6
"YNL309W",3,4,3,3,1,0,4,6,1,7,11,6
"YNR015W",14,17,15,7,1,2,9.06,21,12,19,20,17
"YNR075W",5,5,7,3,1,4,8,8,4,3,6,7
"YNL025C",6,3,6,7,10,2,3,6,3,0,5,3
"YNL058C",8.5,7.5,7.5,32,23,17,21.5,21.5,10,9.5,21.5,18.5
"YNL313C",44,28,47,7,5,5,47,46,30,45,64,54
"YNL122C",8,9,4,3,1,0,3,6,5,2,3,4
"YNL094W",17,22,23,10,8,10,14,21,15,18,23,32
"YNL001W",15,12,8,1,2,2,13,14,5,7,8,12
"YNL317W",13,6,9,12,11,4,5,13,11,16,6,8
"YNL035C",9,7,7,3,3,6,6,7,7,5,12,12
"YNL007C",56,49,42.5,81,74.75,83,26,41,28,40,39,42
"YNL162W-A",3,0,4,0,0,0,0,1,0,2,4,2
"YNR039C",12,12,13,8,3,6,11,17,7,10,10,19
"YNL103W-A",2,0.5,0.5,1,0,0.5,0,2,0,0.5,0.5,1.5
"tL(CAA)N",3.57,3.94,4.57,4.63,3.55,3.43,2.83,2.54,2.01,3.43,4.28,3.15
"YNL052W",19.5,10,20,21,12,15,14,17,10,14,17,13
"YNL120C",2.5,2,2,0,0.5,0.5,1,0,1,3.5,2,1.5
"YNL002C",24,27,28,13,5,4,34,39,26,35,50,40
"YNL311C",8,14,16,7,1,1,9,10,11,8,10,15
"YNR007C",2,2,4,13,12,11,2,3,6,4,2,5
"YNL291C",12,12,20,4,5,2,16,16,8,15,13,14
"YNL195C",4,1,3,4,1,1,1,2,0.5,1,3,2
"YNL087W",31,34,44,15,12.17,8,55,82,60,63,85,77
"tF(GAA)N",0.5,1,0.5,0,0.5,0,0.5,0.5,0.5,1,1,0.62
"YNL217W",17,12,15,8,7,7,12,13,11,18,18,16
"YNL029C",7,10.5,7,3,0,2,5,8,3,9,7,8
"YNR028W",8,5,5.5,1,4,1,11,25,7.25,5,7,9.2
"YNL009W",1,2,2,19,10,10,1,1,1,0,0,2
"YNL024C-A",7,8,5,2,0,1,1,4,3,7,4,5
"YNL334C",2,1,5,1.5,0.5,0,3,3,1.5,1,3.5,2
"YNL319W",1,0,0,0.5,0,0,0,1,0,0,0,0
"YNL295W",10,10,18,9,5,5,16,14,3,12,17,8
"tN(GUU)N2",0.6,0.8,0.5,0.4,0.1,0,0.4,0.4,0.1,0.5,0.4,0.4
"YNL192W",84,92,99,55,43,53.05,100,133,100,80,99.05,100.06
"YNL149C",4.5,8.5,5,1,0.5,1.5,8.5,3.5,4.5,8,7,3.5
"YNL071W",68,76,71,15,7,12,58,68,43,60,70,61
"YNL089C",4,4,2,2,0.5,0.83,3.5,3,1.5,3.39,6.33,3.5
"YNL308C",37,37,54,12,7,8,56,66,38,48.75,59,60
"YNL239W",40,28,42,19,8,15,28,37,28,28,22,29
"YNL275W",12,8,6,1,1,1,6,13,5,7,12,5
"YNR071C",0,0,0,0,0,0,0,0,0,0,0,0
"YNL226W",1,0.5,0,0,0.5,0,0,1,1,1,0.5,0.5
"YNL040W",28,23,31,9,5,7,24,24,27,14,28,29
"YNL117W",0.25,1,1,32,21,30,0,1,0,1,0,0
"YNL050C",12,12,5,0,1,2,13,5,7,8,10,13
"YNL086W",0,2,5,2,2,0,0,2,3,3,3,3
"YNL017C",0.08,0,0,0,0,0,0,0.11,1,0,0,0
"YNR070W",0,0,0,0,0,0,0,0,0,0,0,1
"YNR067C",32,23.58,25.75,8,8,3.33,88.75,111,77.75,85,118.75,99
"YNL305C",3,6,8,6,6,8,1,3,5,2,2,8
"YNL015W",4,4,4,13,8,8,12,8,5,7,9,9
"YNL146C-A",3,2,1.5,0,0.5,0,0,1,3,2,2,1
"YNL063W",1,2,7,1,0,1,10,3,3,9.33,2,4
"YNL294C",15.25,26,20,33,24,29,16,16.5,25.25,18,11,25
"YNR046W",10,10,10,3,1,0,19,13,9,15,14,13
"YNL167C",16,17,18,14,12,8,21.25,33,29,18,32.25,29.5
"YNL280C",30,18,26,6,2,2,25,30,33,21,22,34
"YNR002C",3,1,1,10,15,15,1,1,2,0,0,2
"YNL036W",3,5,4,18,9,12,8,8,5,8,11,4
"YNL075W",15,11,12,4,6,0,15,16,9,19,21,22
"YNR058W",2,2,2,2,4,5,4,0,2,3,5,2
"YNL054W",16,21.5,23,10,12,9,21.06,26,17,28,18,19.06
"YNR006W",12.5,10,11.5,14,8,5,20,18.5,12,10,18.5,15.5
"YNR042W",4.5,2,2,1.5,0.5,0,2,0.5,1,1.5,1.5,1.5
"YNL261W",16,10,15,3,5,6,7,10,3,13,15,10
"YNL188W",7,2.75,7.42,5.17,1,2.92,10.62,12,11,19.58,12,11.62
"YNL146W",0,0,1,0,0,1,2,0,2,0,1,1
"YNL228W",6.22,1.67,3.5,1.5,2,1.57,5.5,2.5,3.5,3,8,2.5
"YNL211C",2,0,0,0,0,0,0,4,0,2,2,1
"YNR021W",46,43,44,7,2,3,42,54,34,38,37,37.5
"YNL201C",34,38,26,3,4,6,38,47,24,47,66,50
"YNR033W",20,20.25,26.5,27,14,17,19,25,27,25,24,33
"YNR034W",3,1,1,3,2,1,3,2,3,5,2,3
"YNL272C",9,13,18,6,4,5,14,12,15,12,11,10
"YNL245C",4,5,7,2,1,1,8.5,3,4,8,13,5
"YNR074C",0,0.25,0.25,0,0,0,0,0,0.25,0.25,0,0
"YNL123W",52,46,48,10.22,6,13.17,36,52,40,54,54,50
"YNR016C",557,543.5,550.5,122,86,73,585,716,585.5,650,806,751
"YNL223W",4,3,3,3,0,0,3,5,2,8,3,3
"YNR032C-A",4,4,4,2,0,2,4,2,1,1,1,2
"YNL133C",1,3,4,2,4,2,3,2,4,4,2,1
"YNL178W",278,257,272,26,12,11,287.75,308,238.75,331,424.75,338.75
"YNL065W",49,42,28.08,4,4,2,38,29,32,34,47,47
"YNR043W",53,56,63,72,39,48,45.25,48,40,33.75,39.25,41
"YNL021W",24,16,17,9,7,7,11,13,5,23,15,17
"YNL124W",26.33,30,19,17,7,8.05,20,22,13.08,25,44.05,30
"YNL312W",1,2,8,1,2,0,11,18,6,5,9,12
"YNL143C",6.25,3,7.12,6,2,3.25,0.2,2.79,0.12,0.62,4.5,3.5
"YNL251C",27,17,31,5,4,11,11,25,28,26,30,23
"snR40",254.25,277.42,289,149,107.5,85,189,269.5,160.75,218.75,202.75,217
"YNL299W",14,15,15,7,5,5,15,16,7.75,15,18,11
"snR19",838,769.5,906.5,1126.5,952,1076.5,794.5,972,772.17,898,1078.58,928
"YNR049C",2,4,3,0,0,3,3,8,3,5,9,4
"YNL163C",46,36.28,41,14,20,12,35,47,43,46,53,41
"YNR073C",0.5,1,0.5,211.5,134,168.5,0,0,0,0,0,0.5
"YNL127W",16,14,16,15,12,6,12,20,9,13,14,24
"YNL118C",20.06,32,21,10,6,4,21,30,21,33,32,43
"tT(AGU)N2",0,0,0,0,0,0,0,0,0,0,0,0
"YNL189W",34,39,51,16,17,14,54,43,46,52,60,59
"YNL290W",10,13,5,4,6,4,17,22,12,10,23,25
"YNR025C",0,1,2,1.5,2,0.5,1.5,4,4,1,2.5,2.5
"YNL250W",18,12.25,16,11.11,9,9,17,17,14.17,12,29.11,19.11
"YNL314W",4,2,3,3,3,3,3,3,5,3,2,4
"YNL227C",12.22,7.17,9.5,3.5,2.5,3.57,13.5,10.5,10.5,8,14.5,9
"YNL218W",10,11,9,7,2,1,6,6,7,4,4,5.5
"YNL004W",25,17,32,6,10,2,21,25,17.75,20,21.75,26
"YNR023W",10,8,8,9,6,7,10,2,14,7,10,10
"YNL092W",5,2,4,1,3,2,4,2,0,0,2,3
"YNL324W",1.5,0.5,0.5,0,0,0,1.5,0.5,0.5,0.5,0.5,0
"YNL233W",18,16,17,11,11,13,24,28,19,23,22,19
"YNL155W",15,17.75,19,6,5,6,13,10,10,8,20,19
"YNL020C",14,12,9,3.25,2,1,17,11,10,16,17,12
"YNL076W",17,19,18,27,19,23,16,22,7,16,16,13
"YNL200C",7.11,5.67,7.49,31.13,27.3,18.91,2.68,5.25,9.22,3.06,6.21,7.97
"YNL177C",17.25,13,16,6.5,3,3,7,7.25,19,8,11,11.25
"YNL077W",3,6,2,12.11,8,16,2,2,2,3,2,1
"YNL293W",7,5,9,15,23,7,13.06,11,14,16,11,10
"YNL098C",29,25,16,6,10,8,18,23,24.25,17,37,31
"YNR004W",3,1,2,1,0,0,3,2,3,1,1,1
"YNL049C",25,27,25,9,16,10,19,21,19,25,30,23
"YNR019W",25,19,22,9,9,8,43,41,38,36,42,39
"YNL031C",34,32,30.5,35.5,31.5,37.5,83,80.5,63,86.5,82.5,105.5
"YNL019C",1.5,2,1,2.5,1,1,1,1.5,1.5,0.5,3.5,3.5
"YNL214W",3,1,2,3,1,1.05,2,1,2,1.05,3,2
"YNL006W",6,9,11,8,8,11,8,10,8,10,6,11
"YNR030W",36,32.83,31,5,7,12,30,29,26,19,34,30
"YNL038W",2,7,1,0,1,0,4,7,5,4,6,9
"YNL090W",4,6,2,2,0.5,0.83,3.5,7,1.5,4.39,8.33,3.5
"YNL151C",17,9,10,0,0,4,13,11,15,13,17,21
"YNL254C",8,14,4,6,9,3,7,9,4,8,9,7
"YNR008W",20,10.17,21,3,0.25,2,23,22,15,11,15,16
"YNR038W",21,25,31,6,8,4,24,38,30,32,45,34
"YNR003W-A",0,2.5,1,0,0,0,2,2,0.5,0,0,1.5
"YNL307C",26.25,35.75,31,7,9,9,32,43,33.25,31,36,63
"YNL131W",23,12,29,7,3,6,20,20,16,18,23,29
"YNL265C",4.5,4.5,1.5,4.5,4,1.5,3,5,7,5,3.5,5
"YNL175C",17,17.5,23.5,8,2,2,26.5,30,23,29,39.5,31
"YNL042W",9,7,10,9,4,0,7,7,4,9,13,11
"YNL022C",14,13,9,8,4,8,14,25.25,12,25,21,11
"YNL056W",5,2,3,6,1,6,6,10,7,7,14,10
"YNL011C",3,4,6,5,1,6,2,7,3,3,5,4
"YNL329C",21,16,25,14,11,11,24,21,20,20,20,23
"YNL074C",17,31,23,33,22.83,16,17,26,16,22,29,34
"YNL093W",0,1,1,2,5,6,2,0,0,0,1,3
"YNR047W",14,21,26.5,30,16,26,24,29,24,19,31,32
"YNL183C",17,22,23,11,10,6,19,24,24,24,24,26
"YNL057W",1.5,2.5,0.5,5,7,1,3.5,2.5,3,3.5,1.5,3.5
"YNL238W",37.17,37.11,29,17,10,8,23,37,27,44.08,55.17,43
"YNL154C",31,29,31,22,16,20,40,61,36,36,37,58.5
"YNL267W",25,20,28,12,7,11,25,40,36,32,40,42
"tP(UGG)N2",2.39,2.28,1.88,1.68,1.06,1.5,2.09,1.61,1.43,2.33,2.02,2.94
"YNL014W",9.5,3,8,15.5,16,24,0,9.5,5,1.5,3,4.5
"NME1",201,211.75,213.75,352.5,250.5,350,174.75,209.5,161,262,251,224
"YNL078W",15,17,18.5,11,16,10,12,11,10,9,17,16
"YNL209W",490.5,441.75,468,61.75,41.5,37.5,465.75,543.25,402.42,545.1,620.08,585
"YNL253W",7,4,4.17,4,2,4,5,6,5,6,6,7
"YNL173C",11.07,11.07,13.07,15.07,8.14,9.05,14.14,12.07,11,14,11.12,12
"YNL066W",15,17,15,7,3,4,38,68,55,73,76,66
"YNL321W",17.58,21.5,21,8,8.5,7,24,29,13,19.33,26.08,25
"YNR054C",10,21,16,6,7,5,12,14,7,19,21,18
"YNR072W",1.83,1.5,0.25,19,13.08,11.5,1.83,1.5,0.83,0.83,1.5,2.17
"YNR076W",0.11,0,0,0.2,0,0.11,0,0.12,0.17,0.11,0,0.1
"YNR031C",21,21,25,9,5,5,20,32,25,36,33.5,41
"YNL110C",25,20,25,2,1,0,33,30,17,16,30,27
"YNL232W",5,13,10,2,1,3,11,7,7,7,8,14
"YNL262W",33.5,34,38,8,6,7,48,53.5,39.17,49.07,43.25,62
"YNL142W",13,6,4,3,5,4,8,12,9.5,10,27,21
"YNL129W",7,1,5,1,1,1,4,4,6,6,2.25,1
"YNR014W",3,7,4,1,1,2,3,0,3,1,5,6
"YNL005C",27,25,22,14,21,3,16,21,15,16,36,23
"YNL174W",6,5.5,9.5,3,1,1,8.5,8,5,8,12.5,7
"YNL335W",1.5,2.5,1,15,10.5,9,1,2,0.67,1,1,1
"YNL240C",8,8,10,4,3,1,14,4,17,7,14,4
"YNL318C",1,0,1,0.5,0,0,0,0,0,0,0,0
"YNL256W",28,33,21.5,13,7,8,25,27,25,26,34,23.5
"YNL012W",5.5,4,3,12,13,11,1,3,4,4,7,3
"YNR029C",9,7,12,7,0,2,12,10,6,10,8,8
"YNL130C-A",1,0,0,0,0,0,0,0,0,0,1,0
"YNL107W",5,4,5,2,5,1,3,5,5.17,6,3,10.22
"YNR065C",70.33,73.33,95.67,191.83,125.5,146.03,21,31.33,29.67,28.33,28.33,32.67
"YNL332W",2.25,2.25,1.58,4.46,4.17,3.42,0.25,0,0.5,0.6,0.12,0.29
"YNL023C",23,35,24,9,8,9,19,20,21,24.17,26,22
"YNR056C",6,7,8.5,17,12,9,2.5,4,0,9.25,10,9
"YNL186W",50,53,61,21,7,8,51,53,39,63,78,67
"YNL153C",8,14,10,0,1,3,9,11,5,5,15,10
"YNL130C",30,26,22,2,3,5,24,27,27,23,29,25
"YNL088W",44,29,41,18,12,12,68,84,52.5,49,62,43
"YNL216W",13,11,16,1,1,3,29,21,15,20,35,24
"YNL276C",1,0.5,1,5,5.5,7.57,0.5,0,0.5,1,1.5,0
"YNL108C",4,3,5.5,2,2.5,1,5.5,6,2,3,3.5,3.5
"YNL252C",19,12,14,6,6,3,10,12,10,9,22,12
"YNL181W",6,17,17,1,3,5,7,18,9,16,19,13
"YNL197C",21,20.17,16.33,10,4.17,6,27,32.17,26,27.67,41,32.17
"YNL064C",120,109,134,75,47,57,96,120,90,125,150,129
"YNL202W",0.5,1,2.5,3.5,0,3.5,0,0.5,1.5,1.5,4.5,2.5
"YNL283C",9,8,8.1,3,1,5,17,16,10,8.17,17.17,20
"YNL147W",6,6,6.5,1,1.5,2,8,12,9,13.07,9,10
"YNL286W",4.33,1,7,4,6,4,2,9,10,9,5,9
"YNL337W",0,0,0,0.24,0,0,0,0,0,0,0,0.14
"YNL322C",27,19,25,12,10,5,32,32,16,29,35,25
"YNL158W",4,1,10,6,3,1,1,2,6,6,6,5
"YNL168C",15,8,9,2,7,1,6,12,10,10,11,7
"YNL259C",1,2,3,1,0,0,1,1,0,4,0,4
"YNR022C",9,6,10,4,2,2,3,7,6,10,14,4
"YNR077C",0,0,0,0.11,0,0,0,0,0,0,0,0.14
"YNL068C",14,25,22,11.04,9,6,23,30,27,31.5,36,34
"tI(AAU)N2",0.08,0,0,0,0,0,0,0.11,0,0,0,0
"YNL037C",37,39,35,58,47,31,34,34,22,31,38,22
"YNL085W",58,61,80,21,6,15.33,59,80,63,72,72,61
"YNL051W",3,1,8,3,3,2,7,7,6,7,4,6
"YNL148C",3,2,2,1,1,0,0,2,0,2,2,3.25
"YNR075C-A",0,2.33,0,0,1,0,0,0,1.33,0,0.33,0
"YNL255C",27,43,30,8,5,4,34,34,29,36,43,48
"YNL070W",6,8,13,0,0,0,4,8,4,7,14,4
"tD(GUC)N",2.83,0.5,0,0.25,0.25,0,0.25,0,1,0,0,1.25
"tT(AGU)N1",0,0,0,0,0,0,0,0,0,0,0,0
"YNL271C",76.61,63.08,85,74,41.17,37.1,70,66.27,55,63,79,79.58
"YNL198C",0,1,0.5,0,1,0,1,0,0,0,1,1
"YNR018W",27,31,27,11,5,4,28,30,22,20,29,29
"YNL327W",35,40,39,14,13,11,150,155,131,147,201,159
"YNL236W",25,17.5,26,8.5,4.5,7.5,21,19,17.5,15.5,19.5,24.5
"YNR001W-A",0,0,0,0,0,0,0,0,0,0,0,0
"YNL053W",12,12,11,4,5,7,9.06,16,11,7,14,16.06
"YNL281W",48,34,56,18,7,9.5,30,31,25,34,34,31
"YNL279W",4,2.08,3,3.07,1,0,4.06,5,1.19,4,3.22,6
"YNL156C",17.12,21.5,13.27,9,4.35,11,16.38,16.07,13,16.5,8.72,15.11
"YNL260C",1,4,3,1,1,0,4,1,5,1,5,4
"YNL222W",1,5,3,4,2,0,3,0,5,3,2,6
"YNL235C",2,1.5,1,1.5,0.5,0.5,2,2,1.5,0.5,2.5,4.5
"YNR059W",4,2,5,3,0,2,4,7,4,6,7,4
"YNR044W",32,32.17,33,13,10,6,12,23,12,17,23,17
"YNL225C",5,5,10,1,1,4,9,8,4,7,11,5
"YNL215W",6.5,9,11.5,7,4,3,9,12.5,6,11,12,10
"YNL326C",7,10,11,3,1,6,5,4,1,4,7,5
"YNL100W",6,9,9,8,5,7,5,5,8,6,5,9
"YNR009W",1,0,2,0,2,0,8,9,1,13,7,11
"YNR066C",32,36,36,85,89.5,95,13,18,9,11,16,12
"YNL339W-A",0.05,0,0,0.5,0,1,0,0.5,0,0.07,0,0.5
"snR66",71.75,79.5,105.5,61.5,47,51.5,75.5,74.25,48.5,94,86.5,99.75
"YNL266W",1.5,2.5,1.5,1.5,2,1.5,1,2,4,4,2.5,2
"YNL292W",16,11,15,4,2,1,17,19.5,15,11,20,10
"YNL242W",13,17,27.25,31,12,19.1,20,23,13,15,23,18
"YNR057C",1,2,4,11,8,13,1,1,1,3,2,4
"tG(UCC)N",14.67,20.05,12.6,3.96,2.67,3.67,13.33,13.17,8.17,7.5,4.5,7.17
"YNL067W-B",0,0,0,0,0,0,0,0,0,0,0,0
"YNL166C",13,9,16,10,8,2,17,15,12,15,15,9
"YNL111C",36,22,24,20,19,12,15,26,15,17,16.75,18
"YNL069C",204,199,195,27,12,23,196,244,156,233,249.5,253.5
"YNL277W-A",0,0,0,0,0,1,0,0,0,1,0,0
"YNL128W",4.11,1.25,4.08,3.17,1.67,2.5,2.57,2.88,1.5,1.75,3.5,5.65
"YNL300W",5,2,0,0,1,0,4,9,5,10,8,5
"YNL179C",2,1,2,0.5,0,0.5,0,0,1,0,0,4
"YNR050C",11,14,22.5,7,5,5,13.5,17,15.25,19,13,11
"snR49",157,150,159.5,307,202.75,271.5,116,144,138,132,137.5,137
"YNL138W",36.04,48.25,49,10,8.04,6,43,48,39,45.17,54.75,54
"YNR048W",7,3.5,10.25,3,1,0,10,11,9,5,3,10
"YNL302C",99.5,108.17,93,7,3,7,93.5,110,91.5,117.25,119.5,126.5
"YNL045W",37,45,46,37,31,25,27,20,25,21,37,24
"YNL125C",13,16,16,18,13,19,13,19,8,9,15,14.5
"YNL207W",16,18,15,6,6,2,17,14,17,27,23,24
"YNR011C",17,9,17,12,7,6,13,18,17,11,24,9
"YNL241C",75.89,54,46,70,37,61,79,92,55,48,80,80
"YNL112W",69.33,63.5,65.83,24.5,7,8,101.5,141,79.5,127.5,215,170.06
"YNL249C",7,6,2,2,3,4,5,4,6.17,4,4,3
"YNL270C",3,3,2,12,6.5,7,0,0.5,2,2,1,2
"YNL115C",17,7,19,15,9,12,9,13,9,13,10,19
"YNL073W",7,7,11,9,5,7,16,19,11,11,15,18
"YNL082W",9,5,6,0,2,4,9,6,6,11.25,10,11
"YNL097C-B",0,0,0,1,0,1,0,0,0,1,0,0
"YNR034W-A",5,6,1,148,95,109,0,0,2,3,0,2
"YNL296W",1,2,0.5,0.5,0.5,0,0.5,0,1,1.5,1,1.5
"YNL138W-A",1,3,0,1,0,0,0,2,1,0,2,2
"YNL196C",0,1,2,14,5,10,3,1,0,0.06,0,0
"YNL109W",2,1,2.5,1,0.5,1,4.5,3,2,1,2.5,3.5
"YNL101W",26,24,27,17,18,13,21,37,24,26,26,19
"YNR012W",16,13,12,5,7,3,14,16,18,10,20,16
"YNL114C",8.5,4.5,10,0.5,0.5,1.5,5,8,5.5,5.5,6,6.5
"YNL237W",4,2,3,8,4,5,7,4,4,3,3,8
"YNL084C",17,12,19,7,2,6,11,17,16,15,18,20
"YNL289W",4,4,1,1,0,0,11,7,8,8,7,6
"YNL171C",1,1.5,0,4,3,3,1,0,2.5,1,1,1
"YNL208W",36,35.75,44,40,24,22,34,38,35,28,48,32.5
"YNL010W",37,30,21,6,3,9,39,42,23,36,44,25
"YNL134C",26,27,33,38,24,35,20,27,14,16,20,16
"YNR053C",62,54,61,19,11,10,61,81,30,90.5,97,104
"tP(AGG)N",0,0,0.5,1,0.5,0,0.5,1,0.5,0.5,0,1.17
"YNL231C",19,22,22,20,13,10,29,21,11,22.1,26.12,25
"YNL230C",5,6,7,3,1,4,12,10,2,5,5,4
"YNL339W-B",0.31,0.23,0.26,0.06,0.4,0.35,0.26,0.5,0.34,0.31,0.4,0.43
"YNL258C",9,14,15,4,2,3,17,11,11,13,8,11
"YNL328C",1,1,1,0,0,0,0,1,1,1,0,0
"YNL081C",4,5,13,2,3,2,6,8,9,7,12,8
"YNR037C",7,6,5,1,2,3,1,7,2,2,5,4
"YNR063W",3,8,4,4,3,0,5,4.07,4,3,4,2
"YNL339C",3.73,4.16,3.63,2.57,1.23,3.91,3.61,7,4.38,6.1,5.6,6.67
"YNR060W",3,5,1,4,1,1,5,8,9,10,16,18
"YNL287W",97,77,86,31,22,27,89,92,93,98,94.75,102.75
"YNL095C",10.33,12,7,1,0,6,7,11,11,14,12,10
"YNL096C",68,65.75,72.5,7.5,4.5,2,77.69,89,80.5,82.25,101.5,108
"YNL282W",5,4,3,0,2,0,3,2,1,2,4,1
"YNL047C",8,8,2,3,6,3,18,10,11,6,17,7
"YNL139C",36.5,36,34.17,15,9.12,8,50.5,43,47,42.5,41,39
"tP(UGG)N1",1.19,1.14,0.94,0.84,0.53,1.29,1.05,1.3,0.22,1.67,1.51,1.47
"YNL298W",21,15,21,9,4,9,27,21,23.17,20,27,19
"YNL113W",11.5,11.5,15,1.5,3.5,2.5,12,12,7.5,13.5,12,9.5
"YNR003C",13,17.5,12,1,2,2,14,14,7.5,11,14,15.5
"YNL316C",4,7,8,2,0,4,8,5,6,5,5,5
"YNL016W",57,47,51,7,4,7,77,70,54,64,77,87
"YNL330C",8,9,6,3,1,5,10,15,9,7,12,11
"YNR010W",5,4,1,0,0,0,1,2,5,1,2,6
"YNL172W",10,23,15,55,37.5,31,23.5,20.25,15,14,28,20.5
"YNL132W",79,62,68,8,10.5,13,75,88,55,68,102,103
"YNR027W",7,14,14,1,1,2,8,14,5,9,10,8
"YNL083W",6,11,1,5,3,3,4,5,5,3,10,5
"YNL013C",1,0.5,0,0.5,0.5,1,0,0,0.5,0,0,0
"YNL164C",5,9,2,2,1,2,14,10,7,5,5,6
"YNL274C",16,5,17,40,45,55,8,8,5,6,10,6
"YNL176C",18.5,19,18,21.33,16,12,25,24,19.83,15.55,26,19.6
"YNR061C",7,9,4,2,1,2,6,2,4,8,5,2
"YNL303W",7,7,9,0,1,0,6,14,5,7,12,13
"YNR035C",29,33,22,17,5,7,25,25,27,26,28,34
"YNL160W",103.5,114.5,119,53,33,47,68,89,91,59,84,50
"YNR024W",0,2,4,2.5,3,1.5,1.5,4,2,2,4.5,4.5
"YNL024C",3,3,3,0,0,0,5,8,4,5,9,4
"YNL018C",3.5,3.5,0.5,0,0.5,0,2,3.5,1,1.5,3.5,1.5
"YNL033W",1.5,2,1,2.5,1,2,1,1.5,2.5,0.5,3.5,3.5
"YNL141W",38,37,40,1,2,1,28,37,33,42,46,35.75
"YNL320W",4,5,6,1,1,1,6,8,9,5,4,9
"YNL204C",1.57,0.07,0.07,3.57,1.14,1.72,4.14,2.07,0.83,2,3.12,4
"YNL106C",11,17,16.5,12,10.5,10,15,19,10,11.11,14,15.75
"YNL338W",0.5,0,1.12,0.12,0,0,0,0,0,0,0,0
"YNL161W",23,23,27,28,16,24,21,31,18,24,26,27
"YNL247W",49,64,49,14,8,9,66,69,54,70.75,86,79
"YNL285W",16.33,20.55,12.6,4.17,2.67,3.81,13.33,13.67,8.17,7.75,5.42,7.58
"YNL062C",27,15,18,1,6,3,18.25,27,19,28,20,25.25
"YNL325C",8.5,4.5,9.5,8,1,0,8.5,9.5,6.75,3.5,8.5,6
"YNL046W",2,5,5,4,0,1,4,9,3,9,7,3
"YNL032W",15,8,13,4,4,4,6,5,4,10,10,7
"YNL135C",46,37,56,16,9,16,40,44,46,54.5,62,46
"YNL212W",8,11,20,15,9,9,22,26,16,16,20,17
"YNL243W",35,32,29,29,23,19,33,54,25,34,50,38
"YNL103W",18,23,30,21,12,13,19,28,19,26,30,39
"YNL144W-A",0,0,0,0.5,1,0.5,0,0.5,0,0,0,0
"YNL333W",4,6,3.5,1.5,2.5,2.5,3.5,1.5,1,0,1.5,1
"YNL027W",10,20,7.5,11,4,8.25,19,18,13,16,20,13
"YNL278W",6,5,5,8,7,3.11,19,12,12,12,12,12
"YNL144C",5,13,1.25,25.5,20,23.5,2,4.5,1,4,0,6
"YNL159C",6,6,7,2,2,4,5,4.5,11,3,7,3
"YNL220W",47,42,36,18,10,12,30,28,25,25,45,33
"YNL184C",0.5,1,0,0,0.5,0,0.5,0.5,0.5,0.5,2.5,0.5
"YNL336W",7.39,7.51,12.26,12.77,11.97,8.41,5.06,8.49,7.32,3.67,3.99,3.6
"YNL264C",11,7,8,3,2,0,12,10,11,10,10,10
"YNL136W",6,9,10,3,3,3,10,7,8,8,8,8
"YNL185C",6.5,6,10,0,1.5,2,5.5,4.5,3.5,1.5,17.5,5.5
"YNL219C",23,21,14,7,9,7,24,29,27,24,26,31
"YNL079C",56,65,74,13,17,12,47,64,56,51.5,57,62
"YNL244C",38,37,48,13,8,6,49,64,48,43,34,55
"YNL054W-B",193.38,197.18,218.99,176.72,147.7,133.64,117.37,147.91,95.31,165.26,186.15,159.9
"YNL284C-B",256.15,240.22,269.46,254.53,179.12,169.23,172.92,204.62,161.48,244.9,285.99,254.85
"YNL284C-A",31.59,30.59,32.61,39.34,27.39,24.55,20.2,23.76,19.79,31.96,33.84,27.61
"YNL054W-A",21.06,22.25,22.97,21.23,15.28,11.22,15.35,16.25,12.64,18.29,20.53,19.93
"YJL160C",2,1,1,1,0,0,0.33,1,0,0,0,1
"YJL204C",14,10,10,11,3,5,12,2,10,7,17,11
"YJR105W",44,60.5,62,6,8,5,73,74,53,57,70,69
"YJR129C",5,3,6,0,1,1,3,7,6,9,10,7
"YJL139C",10,7,6,4,5,3,4,9,3,8,13,13
"YJL062W-A",3,6,8,0,2,2,2,7,5,7,5,4
"YJL110C",22,12,11,3,2,3,8,18,17,14,26,20
"YJR088C",6,6.5,10.5,1.5,1,1,10,7.5,7,11.5,12.5,7
"YJL213W",4,2,2,10,5,4,7,7,5,5,5,7
"YJR046W",18,11,13,10,6,8,6,14,12,14,17,14
"YJL020C",70,66,74.33,33.5,17,26.5,52.17,62.61,46.5,45.5,63.33,55
"YJL187C",12,12,8.25,7,5,9,31.08,25,19,22,40,22
"YJR131W",9.17,9.17,9.58,6.75,2.79,6.5,13.25,18.6,11.42,20.52,7.5,13.5
"YJL133W",10,7,11,8,17,12,10,11,17,13,27,17
"YJL086C",1,0,0,0,0,0,0,0.5,1,0.5,0,0
"YJR053W",6.5,4,6,2.6,3.5,2,9.5,7.5,7.75,11,5.75,9.5
"YJR044C",1,3,9,1,1,0,4,5,9,6,3,5
"YJR100C",9,4,5,2,0,5,12,4,10,3,6,9
"YJR012C",3,0,1,3.5,1,2,1,2,1.5,0,1,1
"YJR067C",6,1,4,3,3,0,2,2,4,5,4,7
"YJR146W",6.5,0.5,1,4,1,3,1,4,2,3,5,4
"YJR140W-A",0.5,1,0,0.5,0,0,0,0.5,1,0.5,1,0.5
"YJR130C",16,11,13,20,23,24,9,5,5,6,11,10
"YJR069C",11.5,5,7,2,0,0,11,13,9,10,9,4
"tV(AAC)J",0,0,0,0,0,0,0,0,0,0,0,0
"YJR120W",2,5,5,2,0,4,2,0,0,2,1,5
"YJL186W",34,32,43,22,11,17,37,37,36,36,37,39
"YJL008C",41.5,44,53,15.5,8,10.5,47.5,52.5,39.5,49.5,58,65.5
"YJL061W",35,21,27,4,9,7,33,29,11,26,23,23
"YJR085C",16,14,13,4,7,3,13,16,14,13,18,15
"YJR040W",16,16,12,6,4,7,17.27,18,14,13.25,12,18
"YJL189W",47,54.5,37,4.5,3,4.5,46.5,44,37,50.5,55.5,60.5
"YJR039W",11,11,9.5,5,2,6,2,5.5,8,5,6,10
"YJL202C",0,0.5,1.5,0,1,0.5,0.5,0,0.5,0.5,3,1.5
"YJL009W",7.5,6,5,0.5,3,1.5,9.5,3.5,7.5,9.5,5,5.5
"YJR005W",15,12,9,4,5,6,20,12.25,16,17,19,12
"YJL006C",6,2,5,5,3,5,6,5,3,4,6,3
"YJR150C",0,1,1,7,1,3,0,0,0,1,0,1
"YJR098C",3.25,3,2,2,4.12,3,10,5.5,11,4,6,4
"YJL103C",7,4,5,12.5,5.5,4,3,4,7,4.17,4,4
"YJL156C",13,12,12,9,5.5,10,13,20,12,17,17,20
"YJL185C",2,1,2,2,0,0,0,1,2,1,2,4
"YJL135W",0,0,0,0,0,0,0,0,0,0,0.5,0
"YJR138W",15,21,11,24,14,12,22,29,19,19,30,23
"YJL108C",6,5,6,3,4,3,4,11,4,4,10,7
"YJR037W",0,0,0,0,0,0,0.5,1,0,0,0,0.5
"YJR079W",2.5,5,4,1.5,2,1,4.5,2.5,3,3.5,2.5,3
"YJR049C",15,13,21,9,8,9,13,16,9,5,15,20.33
"YJR008W",2,7,12,39,37,46,5,11,2,7,5,4
"YJR023C",2.5,3,3.5,1,0,0,1.5,3.5,3.5,0,3.5,3.5
"YJR002W",37,26.75,36,19,8,8,36.5,41,33.17,52,52.29,64
"YJR145C",223.5,250,264.25,17,17.5,12,256,294,223.5,270,318.5,300.5
"YJR048W",21,20,25,13,11,8,14,9,14,10.5,9,10
"YJR009C",724.08,694.17,714.42,297.92,210.17,228.75,639.97,743,574.17,718.3,870.66,830.75
"YJL222W-A",0,0.17,0,0.5,0.14,0,0,0,0.17,0,0.17,0
"YJL173C",6,5,2,2,0,2,8,11,7,12,10,6
"YJR014W",21.75,22,23,3,1,6,18,26,20,15,19,15
"YJR135W-A",4,5,3,0,1,2,8,3,3,10,8,4
"YJR045C",369,415.5,376,215,147,162,269,304.5,225,281,343,309.5
"YJL176C",12.5,14.5,16.67,9.5,6.5,5.1,34,33,23.5,22.5,23.5,30
"YJL193W",6,3,5,0,1,0,2,4,8,12,4,10
"YJR128W",1,0,0,1,0,1.5,0,0,0,0,0,0
"YJL159W",423,458.25,438.5,477.25,355,381,344.5,422,338,291,428.5,362.5
"YJL030W",9,6,4,1,3,2,3,6,3,5,7,11
"YJL047C",10.5,24,23,11,9.17,13,16,29,9,8,12,9
"YJL194W",2.5,3.5,0,4,2,1,3,9,4.5,4,4.5,3
"YJL195C",0.5,0.5,0,1,0,0,1,3,0.5,1,3.5,1
"YJR108W",0,1,0,0,0,0,0,0,1,0,1,0
"YJL199C",0,1,1,1,1,2,0,0,0,1,0,0
"YJL216C",4,3,3,4,1,1,0,2,1,0,0,2
"YJL011C",4,4,5,1,1,2,1,3,2,6,1,7
"YJR060W",11,10,14,3,0,4,13,24.5,6,10,12,18
"YJR119C",5,7,7,5,3,1,3,4,1,10,7,3
"YJR092W",11,9,7,11,6,7,42,41,41,36,34,33.5
"YJL051W",7,6,12,3,2,2,7,13,13.5,11,7,11.17
"YJR071W",3.5,2,2.5,0.5,1.5,0.5,7,2,5.5,3,6,7
"YJR115W",3,0,1,3,3,2,0,0,0,0,2,0
"YJL010C",26,13,32,7,2,1,26,42,27,35,40,48
"YJL084C",33,26,31,12,13,15,20,40,19.5,22,37,27
"YJR030C",2,6,6,4.24,6,5,8,2.62,8,9,18.12,9.25
"YJL119C",0,1,0,0.5,0,0,3,0.5,0.5,0,0,0
"YJL221C",2.79,0.96,3.25,85.37,61.29,65.58,2.17,0.83,1,0,0.33,1
"YJR140C",26.5,18,23,7.5,5,6,21,31.5,21,24.5,30,29.5
"YJR161C",10.21,7.21,8.8,13.47,7.81,7.91,2.81,9.98,4.89,2.78,6.34,8.44
"YJL136C",105,94,104,6,5,17,93,117,77,118.5,116.5,117
"tR(ACG)J",0,0,1,0,0,0,0,0,0,1,1,1
"YJL146W",4,6,5,3,1,2,4.17,6,3,9,6,5
"YJL060W",18,14,13,8.25,5,1,11,15,9,8,11,8
"tW(CCA)J",1,2.33,4.33,2.33,2.67,2.42,2.92,3.5,3.33,3.42,4,4.83
"YJL117W",47,28,41,9,7,4,34,36,24,31,35,42.75
"YJL149W",3,8,11,17,12.5,14,13,11,5,6,9,11
"YJR063W",12,12,9,0,1,1,6,7,4,9,14,5
"YJL067W",3,1.5,1.5,3.5,1,1.5,1,2.5,0.5,2.5,2.5,2
"YJL164C",10,6,12,12,14,13.1,9,12,13,11,14,11
"YJL223C",0.11,0.83,0.12,0.2,0.14,0.4,0,0.77,0.45,0.64,0.83,0.1
"YJL079C",17,24,24,14,7,6,4,12,9.25,9.12,10,14.25
"snR3",177,203,244.75,509,356,432,195.5,217.75,160.67,219.5,226.67,213
"YJL156W-A",1,1,5,2,0.5,1,2,1,3,0,2,3
"YJL106W",2,2,1,7,5,5,3,2,2,6,3,4
"YJL171C",52,56,51,57.5,26,24,53,57,50,45.75,58,41
"YJL058C",4,2,6,2,2,2,6,7,4,4,10,7
"tL(UAG)J",0,0.33,0,0.5,0,0,0,0,0,0.83,0.33,1.33
"YJL132W",9,10,7,27,12,22,5,5,3,7,3,6
"YJL172W",72,69,84,25,14,18,86,98,90,94,91,98
"YJR114W",2,2,2.5,2.5,1.5,1,2.5,2,1.5,3,2.5,0
"YJL093C",17,10,8,16,12,18,11.08,17,13,14,18,12
"YJL163C",6,1,5,3,5,4,2,2,3,4,5,3
"YJR153W",3,2,2,1,2,2,1,3,5,4,2,7
"YJL179W",6,5,3,0,0,0,7,5,2,6,5,7
"YJR080C",15.5,12.5,9.5,0,3,2.5,7,17.5,14.5,10.5,9,14
"YJL037W",1,0,3,2,0,3,1,1,0,1,3,1
"YJL104W",6,16,6,4,1,5,12,8,12,14,11.5,12
"YJL050W",61.5,59,43.5,9,11,10,52,79,55,64,90,91
"YJL002C",26,26,55,11,3,6,44,53,39,39,51,42
"YJR084W",10,5,8,1,1,2,4,4,11,5,6,5
"YJL220W",0.12,0.62,0.42,7.04,5.46,5.92,0,0.17,0,0,0,0
"YJR034W",1,6,4,0,0,2,1,5,1,7,2,1
"YJR019C",2.5,4,3.5,4,1,0,1.5,7,3,2.5,3.5,2
"YJR093C",9,14,9,2,1,1,6,15,11,6,10,9
"YJL201W",8,7,3,2,1,2,4,7,5,8,12,11
"YJL161W",3,3,1,4,5,1,0,0,3,1,0,1
"YJR021C",2,1,2,2,1,1,3,2,2,0,4,5
"YJL070C",8,7,12,11.5,7,3,7,9,6,5.25,11,7
"snR128",243,264.5,259,263.5,176.06,176,245.56,295.67,190,295,322.5,290
"YJL029C",26,22,22,12,5,11,31,34,22,24,30.17,25
"YJR010W",9,6,9,13,6,4,9,10,11,4,5,11
"YJR151W-A",0,0,0,0,0,0,0,0,0,0,0,0
"tD(GUC)J3",2.25,8.42,1.75,2.25,2.75,1.5,1.38,0.89,0.5,0.22,0.85,0.75
"YJR144W",7.42,12.5,8.5,4.08,0.38,3.25,10.5,6,13.5,14.5,6.58,11.42
"YJL073W",19,24,20,10.75,17,15,26,27,17.25,32.12,20,17
"YJL022W",0,0,0.5,1.5,0,0,0.5,0.5,0,0.5,0,0
"YJR038C",0,0,0.5,0,0,1,0,0.5,0,0,0,0
"snR37",599,545,620,685,482,567,508,630,450,646,622,588
"YJR094W-A",35.33,38,39,6,5,3,35.5,48,35,37.5,36,33
"YJL052W",133.92,131.17,136.67,611.42,420.29,426.5,117.63,161.5,112.33,129.5,173.66,159.92
"YJR139C",59,59,59,8,10,7,63,58,55,60.5,60,63
"YJR158W",6.33,5.33,5.25,8,7.58,6,4.83,6,3.83,4.33,2,2.17
"YJL089W",1.57,2.14,4.28,12.61,5,7,0,1,5,3.29,6.2,3.31
"YJL077W-B",3,1,1,0,1,0,1,0,0,0,0,1
"YJL016W",22.5,18.5,23.75,18,18.5,19.5,19,20.5,21.75,17.5,16.5,27
"YJL127W-A",2,6,1,4,2,1,2,2,0,2,2,3
"YJR007W",46,39,43,10,3,5,40,53,24,42,51,52
"tA(AGC)J",0,0,0,0,0,0,0,0,0,0,0,0
"YJR096W",12,8,11,122,70.5,89,6,8,12,11,4,8
"YJL032W",2.5,0.5,1,3,3.5,0.5,1,0.5,1,2,0,1
"YJR065C",39,44,49,22,11,15,28,47,41,33,48,51
"YJL019W",8,9,3,2.5,1,2,18,16,10,11,17,15
"YJR082C",4,6,15,4,6,3,10,3,1,7,11,8
"YJL181W",5,3,1,2,3,4,0,4,3,2,4,6
"YJR095W",2,0,1,1,4,4,0,0,0,0,0,0
"YJR086W",7,2.5,2,2,1,2,2,1.5,6,7.5,5.5,2
"YJL077C",1,0,1.5,2,1,2.5,0,0.5,2.5,1,2.5,2
"tR(UCU)J2",0.25,0.25,0.27,0.25,0.25,0.25,0.12,0.1,0,0.22,0.47,0
"YJR006W",9,10,7,7,4,6,16,12,8,8,11,9
"YJR072C",21,14,21,2,3,6,14.17,25,11,19,25,28
"YJL118W",0,1.33,2.25,1.75,0,1,5,2.5,0.83,1,1,2
"YJL184W",1,3,6,1,2,4,3,6,3,6,6,1
"YJR133W",10,11,10,7,5,6,12,12,5,6,14,10
"YJR025C",14,15,17,1,7,2,7,10,6,5,10.25,9
"YJR018W",1,3,4,1,0.5,0.5,2,2.5,1.5,1.5,1.5,3
"YJL095W",22,18,20,7,7,8,24,22,17,20,27,23
"YJR147W",18.5,11.5,9,3,9,6,15,19,17.5,14,27,16
"YJL043W",0,0,0,1,1,0,0,1,1,0,0,0
"YJL107C",9.36,6.5,13.32,3,3.28,1.07,2.13,14.29,7.29,8.07,3,7.2
"YJL012C",110.17,101,126.25,21,13,13,99,119,100,99,141,126
"YJR121W",150,169,163,180,139.5,134,151,166,139,129,138,155.5
"YJL145W",14,10,13,1,0,1,13,18,9,13,15,14
"YJL153C",0,2,4,162,100,115,0,2,2,2,1,2
"YJL088W",2,5.5,2,36,19.12,36.5,0,5,4,0,1,2
"YJR064W",43,49.75,57.5,13,3,11,59,55,53,49,55,51
"YJL137C",1,1,2,10,16,13,6,5,9,6,4,7
"YJL074C",18,15,18,3,9,4,29,35,20,22,22,27
"YJL111W",37.11,40,50.75,7,4,9,36,69,45,56,48,52
"YJL158C",66.5,54,58.5,18.5,19,17,119.5,128,99,110,118.5,116.5
"YJR016C",96,110.5,100.25,7,6,19,85,107,84,105,161,141
"YJR099W",4,16,6,1,1,2,7,8,5,9,17,11
"YJL208C",12,16,18,1,0,1,24,11,11,18,21,27
"YJL048C",13,13,19,24,16,13,16,8,14,7,11,13
"YJL197W",25,36.5,27.5,19.5,8,10,25.5,34.5,33,31.5,41.5,38.83
"YJR074W",5,6,11,5,5,2,4,12,6,5,4,12
"YJL127C-B",4,3,2,0,0,2,3,3,4,2,6,4
"tD(GUC)J4",1,0.17,0.75,0.75,0.67,0.38,0,0.55,0.25,0,0,0
"YJL020W-A",5,4,3.83,1.5,2,0.5,2,1.5,1.5,1.5,3.5,2
"YJL078C",24,21,14,11.5,4,11,36,32.42,49.5,43.25,54.5,55
"YJL165C",20,27,27,25,20,24,27,42,28,20,31,23.96
"YJR117W",47,31,47,17,6,13,47.75,57,32,40,45,43
"YJR057W",4,7,8,2,0,1,5,9,2.5,3,5,3.5
"YJR160C",6,5,7.17,5.5,5,3,2.5,4,3.5,3.5,4,6.5
"YJL134W",9,10,11,4,0,3,11,15,5,6,11.5,21
"YJL219W",1.33,2.83,5.5,2.67,2.17,1.67,1.83,1.83,2.17,1.17,2.5,2
"YJL081C",22,21,23,6,4,2,18,17,15,22,24,21
"YJL054W",22,25,21,9,4,7,17,14,18,16,21,22
"YJR137C",41,40,44,19,10,13,31,45.5,34,36,36,43
"tK(CUU)J",0,0,0,0,0,0,0,0,0,0,0,0
"YJL038C",4,4,3,4,8,7,0,4,1,4,6,2
"YJR056C",10,12,8,3,9,7,8,9,5,4,5,7
"YJL072C",7,5,3,0,2,0,3,4,6,2,7,2
"YJR152W",1,1,4,3,2,5,1,8,0,4,2,7
"YJL142C",3,1,1.5,9.5,6,3,1,1,3.5,0.5,2,1.5
"YJL192C",22,28,20,4,5,1,15.08,20,17,24,26,33
"YJR001W",18.5,21,21,9,7,11,21,35.5,28,23,32,25
"YJR110W",6,9.5,6,6,1,4,3,9,7,4,10,5
"YJL190C",126.5,137.5,142.5,9,1,8,169,178.5,124.83,179.75,176,179
"YJL182C",0,0,0,1,0,0,0,0,0,0,0,0
"YJL099W",14,14,13,12,6,13,9,9,6,8,13,22
"YJL090C",9,9,4,7.07,3,1,8,8,8,15,16,8
"YJL055W",11,15,9,6,5,4,5,13,18,10,24,13
"YJL085W",13.5,7,10,3,1,2,8,11.5,9,8,9,5
"YJR109C",54,46,40,21,30,16,41,51,33,37,66,60
"YJL167W",118,97,94.75,47,28,26,81,98,85,77,87,97.05
"tM(CAU)J3",0,0,0,0,0,0,0,0,0,0,0,0
"YJL127C",6,11,8,22,4,13,5,12,8,10,16,11
"YJR004C",5,2,11,29,23,24,7,6,4,11,12,10
"YJL036W",12,9,10,10.5,5.06,9.25,9.06,11,15.25,17,14,6.68
"YJL150W",0,0,0,0,0.5,0,0,0,0,0,0,0
"YJL168C",13.93,12.13,19.89,7.34,2.37,6.96,13.77,18.22,7.92,16.5,18.49,20.55
"YJR036C",6.5,6.83,4.75,8.5,2.5,6,4.17,5,3,3.5,2.5,5.83
"YJL162C",8,5,10,4,3,4,5,5,8,10,10,6
"YJR106W",9,13,15,15,11,14,9,15,9,7,6,21
"YJR043C",4,5,1.5,1,2,1,10,11,5,5,7,3
"YJR066W",43,34,47.83,16,14.17,13.25,55,56,42,51,62.25,50
"YJL001W",22,8.25,12,4,6,3.1,13,19,21,15,27.1,23
"YJR061W",15,5,11,16,15,12,16,16,6,10,10,13
"YJL212C",29,33,25,8,7,6,7.08,23,19,23,33,26
"YJL024C",3,2,3,3,1,0,2,9,7,7,4,4
"YJR125C",16.5,17,16,7,4,2,20,18,21,17.5,19,22
"YJR051W",15,11,12,10,7,7,13,10,13,11,26,14
"YJR112W-A",4,3,3,1,1,0,1,7,2,2,5,4
"YJR050W",0,2,4,0,2,2,1,5,7,1,8,7
"YJR011C",0,4,1,2,0,1,2,3,3,3,0,2
"YJR136C",3,7,4,0,4,1,3,5,3,6,8,5
"YJL200C",66.5,71,73,23,23,28,51,39,45,39,36,45
"YJL188C",66,65.5,46,5.5,4,4.5,51.5,57,46,62.5,74.5,74.5
"YJL170C",0,1,2,0,0,2,3,2,3,1,0,3
"YJL129C",42.25,45.25,50.5,24,17,22.5,43.75,47,40.23,49.75,37,49
"YJR112W",4,1,3,1,0,0,0,2,5,5,4,3
"YJR103W",22.5,26,36,46,25,39,16,20,19,19,21,22
"YJL044C",11,20,12,8,3,1,12,14,14,13,14,12
"YJL157C",49,57,44,6,11,9,29,50,28,32,39.17,46
"YJR142W",16,9,7,4,1.06,1,9,16,8.33,12,13,12
"YJL034W",421,375,407,770.5,527.75,566,306,359.75,293,287,355.17,320
"YJL183W",17,11,14,3,3,2,24,32,13,37,41,23
"YJR031C",21,16.25,15,9,4,6,31,35,21,22.5,25,25.5
"YJL066C",5,4.5,4.5,10.5,5,3.5,4,6.5,4.5,1.5,4.5,5
"YJR077C",52,44,48,14,9.67,6,42,53,29,39,68,41.67
"YJL064W",1,1.33,0.5,0.5,0.5,0.5,3,0,1,2.5,0.5,1
"YJL136W-A",0,0,0,0,0,0,0,0,0,0,0,0
"YJR010C-A",2,7,6,1,0,2,1,2,1,1,6,8
"YJR033C",14,23,23,17,11,8,15,16,21,17,25,27
"YJL068C",9,10,16,4,4,6,10,11.5,12,10,14,16
"YJL112W",5,9,12,5,4,5,8,15,4,9,16,9
"YJL039C",45.18,55.52,59.29,15.29,16.56,9.88,72.11,81.53,51.12,61.07,87.24,105.42
"YJL180C",2,9,5,0,0,1,8,6,8,6,9,18
"YJL147C",4,3,3,3,2,1,1,5,2,3,2,9
"YJR116W",9,5,8,2,0,1,3,7,4,6,3,6
"YJL025W",7,4,21,3,5,6,8,12,7,11,9,13
"YJR062C",10,11.5,6,5,2,3,5,6,6,11,9,8
"YJR090C",21.5,29,33,18,13,10,27,30,31,28,49,45.75
"YJR035W",13,17,16,11,11,4,15,8,11,9,11,15
"YJL174W",27,13,21,5,8,9,20,26,22,26,20,27
"YJL203W",4,2.5,6.5,2,0,0.5,4.5,2,0.5,2.5,5,3.5
"YJL014W",59,44.83,48,14,4,13,32,68,54,59,57,54
"YJL027C",0,0,0,1,0,1,0,0,1,1,0,0
"YJR157W",0,0,0.5,0,0,1,0,0.5,0,0,0,0
"YJR149W",3,4,5,4,1,0,3,5,2,7,3,4
"YJR154W",3,1,2.25,35,17.06,25.12,2.75,6,1,2.5,4,3.11
"YJR075W",40,20,20,8,8,12,24,22.5,21,26,20,30
"YJR052W",6,3,6,4,5,3,6,8,6,12,12,7
"IRT1",2,2,4,3,1,1,1,4,13,6,4,4
"YJL026C-A",7.5,5.5,9,3,3.5,5,13.42,14,11.5,12,12.5,11
"tE(UUC)J",3.5,4.38,3.52,1.26,1.27,1.94,2.81,3.5,1.94,2.21,0.91,1.48
"YJR126C",23.5,26,20.5,38,15,32,18,30,23,18,24,23
"tL(UAA)J",0.45,1.14,0.5,0.43,0.43,0.86,0.14,0.64,0.14,0.29,0.43,0.14
"tG(GCC)J1",0,0,0,0,0,0,0,0,0,0,0,0
"YJL005W",57,59.33,47,56,41,45,68,61,51.17,55,58.29,51
"YJL206C",8,6,5,10,5,5,5,14.5,6,4,4,9
"YJL100W",5,7,8,4,2,6,6,8,4,3,11,10
"tT(AGU)J",0,0,0,0,0,0,0,0,0,0,0,0
"YJL047C-A",7,13,7.5,4.5,4,6,9,14,6,11.5,11.5,12
"tD(GUC)J2",0.25,0.25,0.12,0.25,0.38,0,0.19,0.64,0.5,0.22,0.47,0.35
"YJL222W-B",0.14,0.45,0,0.62,0.14,0.14,0.14,0.14,0.17,0,0.17,0
"YJR076C",23,10,22,13,5,6,24,22,23,25,23,28
"YJL217W",17,10,13,130,102,128,22,24,9,17,34,25
"YJR059W",31.5,32,28,45,23,25,27.5,31,27,37,33,36
"YJR124C",4,9,8,4,2,2,8,7,10,10,19,8
"YJL143W",14,10,7,6,2,3,10,6,8,11,13,13
"YJL059W",5,6,5,2,0,0,2,3,6,6,4,3
"YJR078W",16,8.5,8.5,10.5,6,4.5,8.5,9,3.5,7,9.5,14
"tM(CAU)J2",0.6,0.6,1,1,0.3,0.8,0.4,0.4,0.1,1.1,1.33,0.8
"YJL207C",40,32,43,9,9,3,48,47.5,39,34,53,47
"YJL144W",2,2,2,9,3,14,1,5,1,0,2,0
"YJL125C",16,6,22,7,6,0,21,15,14,19,23,30
"YJL198W",26,33.25,28,3,2,3,31,48,23,35,57,38.25
"tD(GUC)J1",0,0,0,0,0.06,1.17,0.06,1.12,0,0,0,1.35
"YJL122W",10,11,13,1,0,0,15,16,16,18,14,14
"YJL007C",0.6,0.6,1,1,0.3,0.8,0.4,0.4,0.1,1.1,1.33,0.8
"YJL225C",16.87,10.85,11.95,10.07,7.12,6.33,21.26,18.44,14.1,11.41,17.62,18.21
"YJL211C",0,0.5,0.5,0,0,0.5,0,1,1,1.5,1.5,1.5
"YJR073C",24,35,18,39,32.62,31,22,14,7,12,12,12
"YJR143C",47,45,42,15,6,7,66,92,59,67,87,82
"YJL131C",6,6,4,5,1,3,8,5,7,8,4,7
"YJL177W",88,113.25,106,6.5,5,10.5,86,104.5,77.5,89.5,116.5,132.5
"YJR032W",7,9,17,4,3,3,12,10,15,13,17,11
"YJR151C",7,13.5,14,19,11,15,10,7,6,9,11,12
"YJR024C",12,14,13,2.07,2,0,8.5,13,5,11,16,9
"YJL140W",16,19,13,5,2,7,13,20,17,12,33,22
"YJR068W",7,15,14,3,3,4,16,16,7,19,16,18
"YJR017C",7,9,9,2,3.5,0.5,4.33,5.5,4.5,2.5,7.17,10
"YJR058C",4,4.5,8,2,1,1,6,2,1.5,8,4,8.5
"YJR101W",12,8,14,2,1,5,10,19,9,6,16,12
"YJL026W",81.5,95.5,112.5,32,30.5,28.5,115.42,99,82.5,99.25,103,97
"YJL096W",4,12,7,2,2,2,8,13,5,3,7,17
"tM(CAU)J1",1.7,1.2,2,2.33,0.6,0.6,0.8,0.8,0.2,2.2,2.5,1.6
"tR(CCU)J",0,1,0,1,0,0,0,1,0,1,0,0
"YJR156C",2.58,2.42,1.25,3.08,5.83,3.92,0.25,0,0,0.33,2,0.25
"YJL063C",5,8,3,3,1,3,7,4,7,9,15,11
"YJR159W",1.5,4,1,27,15.5,15.83,1.5,3.5,1.5,0,3.5,2.5
"YJR094C",8,5,3,13.5,9,10,3,2,1,4,2,4
"tG(GCC)J2",1.5,0.5,0,0,0,0,0,0,0,0,0.5,0
"YJL028W",1,0,0,0,0,0,1,0,0,0,0,0
"YJL101C",18,22,23,17,11,11,12,15,15,24,16,14
"YJL056C",11,10.33,10,3,7.06,4,9.73,2,7,16,14.67,5.06
"tY(GUA)J1",0.57,1.85,0.82,2.99,0.89,1.02,1.44,0.65,1.07,1.85,1.35,1.48
"YJR041C",38,35,28,3,4,6,30,31,36,45,46,51
"YJL080C",186.17,179,187.17,28,25,21,176,256,177,194,245.75,189
"YJR091C",47,38.5,41,42,28,27,32,42.5,35,35.5,35.17,44
"YJR013W",9,4,9,3.5,1,4,6,12,6.5,9,11,6
"YJL222W",45.33,34.83,42.42,62.58,46,46.33,29,25.83,27.17,21.33,21.83,28.17
"YJL121C",24,19.5,21.5,3,1,3,18.5,27,19,22,22.5,21.5
"YJL138C",164.5,169.5,158,22.5,22.5,22,164,191.5,139.33,197.25,255.5,203.5
"YJR047C",4.5,7,1,6,4,1,3,3,2.5,2.5,4,2.5
"YJL151C",9,7.5,12,11.5,6.5,9.5,8,12.5,6,8.5,11.5,15
"YJL057C",5,11.25,7.25,76.75,50,82,4,5.25,6,10,6.07,4
"YJL218W",1,1,2,0,2,1,0,3,0,2,2,2
"YJR087W",5,2.5,3.5,0.5,0,0,2,4,4,3,6,2
"YJL130C",313.75,332.5,357,113.62,89.25,93.38,389.58,457.88,339.62,368.5,503.38,520.25
"snR190",845,793,797,1236,909,1061,752,919,770,950,1030,841.61
"YJL069C",20,23,26,2,7,4,27,38,21,38,41.33,38
"YJL045W",1,5,3,8,4,14,1,1,0,1,5,2
"YJL091C",15.5,7,12,4.5,2.5,3,6.5,17.5,10,14,12.5,11.5
"YJL033W",41,39,42.17,8,4,1,47,61.5,34,41,68,57
"YJR122W",4,5,9,3,5,8,6,11,5,6,5,12
"YJL041W",37,39,43.25,15,8,13,52,41,41,52,54,66
"tR(UCU)J1",0.25,0.25,0.52,0.25,0.25,0,0.12,0.1,0,0.22,0.47,0
"YJL065C",2,1.33,0.5,0.5,0.5,0.5,6,0,2,2.5,2.5,1
"YJR148W",47,39,44,9,16,4,42,43,32,49,52,67
"YJL123C",28,17,31,8,6,12,29,35,28,27,26,43
"YJL046W",9,6,1,3,2,2,5,3,7,7,9,3
"YJR123W",438.5,432,433.75,29,38,25,429,451,401.75,447.25,551.75,501
"YJR118C",5,1,6,0,0,0,4,8,6,5,6,6
"YJL071W",4,10,9,6,4,5,5,3,5,8,6,10
"YJR015W",22,30,34,13,4,6,20,25,28,19,20,18
"YJR102C",10,4,7,7,4,6,3,8,5,2,4,7
"YJL004C",9,1,5,1,0,0,8,5,4,6,5,6
"YJL155C",6,8,14,18,18,22,8,9,17,7,8,12
"YJL154C",43.5,47,39,21,25,14,48,52.25,49,47,57,43
"YJR107W",14,7,10,11,5,3,8,9,8,8,16,10
"YJL035C",4,2,4,1,1,1,1,3.75,5,4,1,4
"YJR089W",11,12,9,13.5,3,5,10.25,19,17,13,11,21.33
"YJL042W",20,24.25,31.25,31,16,12,43,71,36.5,43,52,64
"YJL169W",3,1,2.5,0,0,1,2.5,3,2,1,0.5,1.5
"YJL115W",7,7,5,3,3,2,6,9,9,3,14,8
"YJR003C",8,8,9,0,1,1,7,13,13,8,17,12
"YJL116C",7,7,11,0,1,4,2,5.42,4,5,6,5
"YJL053W",8,6,11,1,3,3,12,10,10,2,9,9
"YJL124C",11,11,19,3,5,1,9,13,11,13,23,14
"YJR104C",68,73,70,46,41,40,55,77,80,70,86.5,83
"YJL105W",2,2,2,2,1,2,0,2,3,3,3,2
"YJL215C",0,0,1,2,0,0,1,1,0,0,1,0
"YJR070C",32.5,15.5,18.5,0.5,2.5,2.5,45,31,39.5,45,38,48
"YJR097W",5,2,1,1,0,2,1,6,2,4,3,2
"YJL126W",6,5,5,1,1,5,5,8,5,2,5,2
"YJL214W",4,3,1,2,2,0,4,1,2,0,1,2
"YJL166W",6,8,7,16,7,8,8,8,10,2,5,8
"YJL023C",2,3,7.5,3.5,5,1,5.5,2.5,2,5.5,5,10
"YJL094C",13.5,16.2,14.17,18.17,15,18.17,12.33,15.17,31.17,15.17,16.17,20
"YJR054W",13,16,10,5,3,7,16,22,7,9,22,17
"YJR141W",8,3,5,1,3,0,1,2,4,4,4,3
"YJL191W",37.5,43,51.5,46,27,21.5,59,72,45,57.5,69,53
"YJR135C",4,2,2,0,0,1,1,3,3,3,1,2
"YJL049W",5,1,7,2,4,4,4,7,5,6,7,5
"YJR155W",2,3.5,0.5,55.25,36.5,51,2,2,0,2.5,3,2.25
"YJL109C",163,156,140,16,17,7,127,196,135,164,196.5,192.5
"YJL013C",4,5,8,1,7,3,4,5.05,8,6,10,5
"YJL141C",22,21,19.5,84.5,56.06,45,12.06,19,13.5,16.5,10,20.56
"YJL133C-A",0,0,3,6.5,8,4,1,1,0,1,1,0
"YJL178C",15,9,12,6,1,0,10,19,6,8,12,15
"YJR022W",1.5,0,1.5,1,0,0,0,1.5,0.5,0,0.5,0.5
"YJL062W",11,7,19,11,6,4,8,17.14,17,7,17,16.17
"YJL197C-A",0,0.5,0.5,0.5,0,1,0.5,0.5,1,0.5,1.5,0.83
"YJL082W",53,43,51,388,282,283,35,16.75,23,18,18,25
"YJL120W",0,0.5,0.5,0,0,0,0.5,1,0.5,0,1.5,1.5
"YJL098W",33,38,40,19,13,8,39,57,47,47,42,44
"YJL152W",8,4.5,11,7.5,3.5,2.5,11,6.67,6,7.5,8.5,9.25
"YJR162C",0.17,0,0,0.24,0,0,0,0,0,0,0,0.14
"YJL196C",7,10,11,0,0,5,19,16,17,18,24,17
"YJL003W",2,2,0,2,1,0,3,2,1,3,3,1
"YJL015C",1.5,1.5,1.5,2,1.5,3.5,0,1.5,0.5,0.5,1.5,3
"YJL075C",5,8.5,3.5,1.5,3,2.5,5,5.5,8,5.5,5,6
"YJR020W",0.5,0,0.5,1,0,0,1.5,0,0,2.5,0.5,0
"YJL205C",3,0,1,1,0,0,1,0,0,0,2,4
"YJR113C",9,13,11.5,4.5,3.5,4,12.5,7,5.5,8,11.5,10
"YJR111C",5,5,3,5,0,1,3,2,5,6,11,4
"YJR055W",2,2,1,1,0,1,2,1,1,1,3,2
"tY(GUA)J2",0.38,1.58,0.96,1.46,1.29,1.62,0.38,0.25,0.88,1.58,0.75,0.96
"YJL148W",17,36,26,2,1,2,36,26,18,28,31,36
"tS(AGA)J",2.2,1.9,2.31,1.6,1.4,0.9,1.51,1.12,1.1,1,1.1,0.8
"YJL097W",14,5,6,0,2,1,12,11,8,12,12,10
"YJL031C",5.5,8.5,4,9,10.5,0.5,8,5.5,3,8,7,3
"YJR132W",31,39,32,5,6,3,26,37,27,25,43,30
"YJL092W",15,7,17,17,9,7,43.58,30,24,29,39,34
"YJL083W",2.52,9.46,9.14,7.17,7.81,3.75,8.78,10.03,9,8.8,13.93,7.67
"YJL175W",1.5,1.5,2,0.5,0.5,1,1,3.5,0.5,0.5,2.5,4
"YJL225W-A",0.25,0.42,1.16,0.89,0.1,0.42,0.85,0.81,0.12,0.45,1,0.69
"snR60",7,13,7.5,4.5,4,6,9,15,6,11.5,11.5,12
"YJL102W",12,12,12,9,14,4.17,8,18,15,17,9,13
"YJL077W-A",0,0,0.5,1,0,0.5,0,0.5,1.5,0,1.5,0
"YJL052C-A",0,0,0,0,0,0,0,0,0,0,0,0
"YJR083C",1,4,6,0,0,0,7,11,6,8,2,4
"YJL128C",27,28,32.5,32,32,21,30.1,31,28,21,40,25
"YJR005C-A",0,0,1,1,0,0,0,0,0,0,0,0
"YJR042W",23,16,21,6,8,5,20,32,17,20,23,29
"YJL209W",10,7,14,3,4,7,12,14,12,10,13,14
"YJL087C",15.5,12,12,4,0,4,13,25,13,10.5,21.67,14
"YJR127C",20,21,32,27,14.06,28.5,23,25.05,22,26,35,23
"YJL210W",2,1.5,3.5,3,2,3.5,1,3,1,1.5,4.5,5.5
"YJR134C",19,17,18,4,5,5,17,23,18,18,18,16
"YJL076W",76,79,102,40.5,21,12.5,75,80.5,87,77.5,84.75,94
"YJR027W",113.62,105.56,106.18,95.21,65.89,66.97,65.55,89.14,62.74,81.94,104.56,97.3
"YJL113W",5.42,10.67,7.92,9,5,4.33,7.33,7.67,6.08,5.67,12.5,8
"YJR026W",2.11,1.28,2.09,1.66,0.89,0.94,1.65,0.87,0.48,0.67,2.02,2.25
"YJR028W",19.06,17.15,18.84,19.51,12.98,11,13.2,16.03,12.59,17.27,19.88,19.42
"YJL114W",0.67,0.33,0.33,0.67,0,0.33,0.67,0.67,0,0.33,0.33,0.33
"YJR029W",159.52,148.78,166.61,151.8,103.12,96.92,117.62,142.19,113.35,155.36,174.02,158.93
"YKL103C",28,30,30,41,32,26,26,35,27,26,35,31
"tL(UAA)K",0.29,0.14,0,0.43,0.43,0.86,0.14,0.14,0.14,0.29,0.43,0.14
"YKL131W",0,0,0.5,0.83,1.5,0,0,1,1,0,0.5,0.5
"tV(AAC)K1",0,0,0,0.11,0,0,0,0,0,0,0,0
"tT(CGU)K",0,1,0,4,0,1,0,2,2,2,1,0
"snR69",74,68,79,52,50.6,40,59,76,48,76,56,71
"YKR004C",1,2,2,0,1,0,1,3,2,0,2,1
"YKR092C",25,28,25,6,3,1,56.75,47,29.67,36,44.5,41
"YKL002W",3,4,9,4,5,5,8,10,4,7,15,7
"tA(AGC)K1",0,0,0,0,0,0,0,0,0,0,1,0
"YKL173W",30,27,28,4,7,4,27,22,18,13,23,31
"YKL061W",1,1,1,1,0,3,2.5,3,1,1,4,0
"YKL139W",9,8,7,10.25,6,7,13,12,7,17,13,12
"YKL180W",155,138.5,142,15.5,10,9.5,171,172.5,139.5,188,213.5,224.5
"YKL004W",25,14,15,12,6,6,31,29,24,28,35,36
"YKL143W",22,25,28.5,12,7,4,22,27,13,19,24,23
"YKL062W",23,24,24,49,30,26,18,18,9,18,14,15
"YKL172W",41,50,52,10,5,6,26,64,53,37,54,58
"YKR014C",15,6,15,7,9,16,17,16,11,15,16,12
"YKL149C",1,6,5,2,0,1,11,2,3,5,5,4
"YKR099W",24,22,19,3,5,5,26,35,22,30,39,33
"YKL110C",12,15,9,3,3,1,10,18,7,10,11,15
"YKL094W",12,6,19,8,4,7,19,10,15,12,15.67,23
"YKR094C",95.58,89.67,87.33,5.5,4.33,3.83,91.33,110.5,91,119.67,140.83,109.67
"YKR058W",4,1,3.5,51.75,48,32.5,2,6,5,4,6,3
"YKL183C-A",0.25,0,2,0,0,1,0,0,0,0,0,0
"YKR052C",1,1,5,8,1,4,0,3,0,4,3,4
"YKL157W",74,89,87,36,19,19.25,72.25,91,82.5,68,71,60
"YKL068W-A",1,0,4,2,3,2,1,5,2,3,6,4.25
"YKR062W",13,13,12,8,5.5,3,15,8,10,11,9,13
"YKL091C",7,2,6,10,7,10,0,3,3,3,5,5
"YKR073C",0,0,1,1,0,1,0,1,1,0,0,2
"YKR087C",7,9,7,2,3.25,2,1,3,4,8,5,6
"YKL070W",4,10,6.12,7,3,3,4,8,2,4,4,8
"YKR038C",12,12,20,10,7,9,9,23,10,10,23,15
"YKR048C",61,41.5,43.5,16,6.5,12.5,56,39.5,44,37.5,47.56,46.5
"YKL096W-A",123.75,124.75,120,127,75,89,119,138,100,138.5,151,149
"YKL014C",69,77,72,12,11,5,65,93,66,85,96,86.67
"YKR082W",50,30,29,15.25,8.1,5,33,49,29.67,43,46,43
"YKR045C",4,1,4,1,0,0,3,2,2,4,5,4
"YKL018C-A",2,6,2,1,1,0,2,3,1,6,2,2
"YKL126W",17,28,38,14,14,15,37.75,37,24,22,37,27
"YKR072C",35.33,32,36.5,18,17,18,29,42,42.6,35.6,48,45
"YKR075W-A",4.5,3.5,5.5,12.5,7.5,8.5,1,0.5,1,0.5,1,1
"YKL074C",8,8,10,8,1,12,8,8,11,14,14,15
"YKL087C",14,10,12,3.1,5,5.1,5,3,10,9,5.1,4
"YKL018W",6,10,7,5,1,3,2,13,6,7,7,6
"YKL135C",14.5,21,20.5,9.5,12,9.5,26,22,16,16.5,23,19.5
"YKL112W",12,14,13.5,0,1.5,2,12,23,16.5,11.5,19,22.17
"YKR085C",11,6,6,1,0,0,2,9,7,4,14,12
"YKR102W",3,4,2,17,7,9,4,8,3,3,3,3
"YKL217W",2,4,1,46,38,29,2,2,2,3,2,3
"YKR044W",8.75,13,12.75,17,10,4,19,14,12,9,19,18
"YKR080W",17,9,23,21,17,25,16,14,11,14,12,16
"YKL065W-A",0,0,0,5,1,4,0,1,0,0,0,0
"YKL156C-A",5.5,1.5,4,0.92,0,0.5,8.5,6,7.5,7.5,6.5,8
"YKR068C",12,13,11,4,3,4,10,9,7,9,4,8
"YKR027W",20,10,14,14,4,3,6,18,9,13,13,8
"YKL081W",192,163,168,22,22,10,177.5,203.5,142,148.29,250,219
"YKR022C",6,3,3,6,4,2,5,2,4,4,3,6
"YKL083W",6,12.5,6.5,1.5,2.5,2,7,9.5,7.5,10,10.5,6
"YKL198C",13,12,15,10,3,5,13,22,14,18.75,20,20
"YKR007W",4,3,9,2,1,3,7,3,4,1,4,4
"YKR078W",5,7,5,2,2,0,8,4,10,6,11,6.25
"YKR001C",49,50,43,13,13,14,51,67,47,62,67,80
"YKR025W",14,11,11,1,1,0,13,20,10,18,25,17
"YKL124W",5,4.5,2.5,5.5,5,6,1.5,2.5,6,6.5,3.5,7
"YKR095W",60.75,61,73.5,17,18,20,48,87,64,80,91,93
"YKL129C",33,30,35,26,18,9,21,25,20,19,26.33,21
"YKL100C",20.5,16,30,9.5,7.5,4.5,13,18.5,27.5,21,17.5,24
"YKL041W",8,5,6,3.1,1,4.1,10,4,6,7,8,10
"YKL221W",3,1,3,10,10,4,0,3,1,4,0,1
"YKL031W",0,0,0,0,0,0,0,1,1.5,1,1,0
"YKR074W",13,8,10,1,2,2,6,9,5,6,8,2
"YKL138C",9,8,6,2,1,1,7,9,2,4,8,6
"YKL063C",5,9,11,1,1,2,4,17,7,5,13,8
"tK(UUU)K",2.4,4.15,2.76,3,2.1,1.71,2.74,3.5,1.29,4.27,4.36,2.6
"YKL024C",28,19,18.12,3,3,1.5,17.12,28,13,32.5,20.5,23.5
"YKL086W",0,0,0,10,5,5,0,0,0,0,1,0
"YKL073W",40,44,41,9,4,8,31,41,46,42,30,34
"YKR006C",7,11,13,4,5,3,8,4,7,6,12,6
"YKL034W",10,8,17,4,2,8,14,11,17,7,10,13
"YKL118W",0,1,0,0,0,0,0,0.5,0,0,0,0
"YKL104C",98,121,120.5,98,74,84,111,115.5,110,87,115,109
"YKL191W",19,22,21,17,8,18,24,33,29,39,33,35
"YKR042W",211,206,216,82,63,66,172,206,133,177,235,230.5
"YKR013W",15.5,24,22,9,1,3,32.5,36,27,26.5,34.5,23
"YKR101W",3,6,2,4,6,6,4,5,0,4,3,4
"YKL039W",41,21,50,44,33,29,23,28,18,27,30,33
"YKL214C",3.5,7,6,2,0,3,5,6,6,8,4,5
"YKL155C",12,22,17.62,9,2,7,11,22,8,15,18,23
"YKL116C",11.5,9,10,7,2,1,11.5,12.5,10,12,18,17
"YKR089C",20,22,18,7,5,4,13,20,11.5,14,19.06,32
"YKR018C",29,35.5,39,15,17,10,26,33,17,41,21,34
"YKR079C",28,33,19,17,12,16,31,33,18,35,32,33
"YKL153W",222,223,232.5,93.5,65,62,195.5,219.5,180.5,246,258.67,226.5
"YKL027W",17,19,14,5,4,4,9,14,14,23,24,15
"YKL100W-A",1.5,0,1,0.5,1.5,0.5,1,0.5,0.5,1,0.5,2
"YKL035W",38,34,42,54,33,46,52,57.75,44,59,61.5,65
"YKL084W",3,3,2,0,0,0,1,4,1,7,3,2
"YKL207W",11,6,14,4,7,1,16,13,11,19,15,12
"YKR066C",16,19,19,28,11,26,22,19,21,26,12,16
"YKL117W",45,41,45,12,6,12,39,45,33,35,41,49
"YKL140W",16,9,13,10,6,4,17,19,11,17,16,25
"YKL007W",15,19,20,4,7,7,12,12,12,16,13,20
"YKL051W",10,9,7,11,9,12,11,10,7,6,10.17,9.12
"YKL022C",8,9,11,9,6.1,10,15,14,6,18,9,15
"YKL021C",19,25,20,5,3,2,24,19,19,15,27,17
"YKL148C",27,38,32,78,60,47,34,34,30,11,20,23
"YKL038W",45,42.25,37,49,51,41.75,47.5,43.25,33,35,49,36.25
"YKL125W",9,12,15,3.1,7,7.1,12,12,11,18,23.43,23
"YKL048C",4,8,7,7,5,6,10,3,5,7,9,5
"YKL053W",0.5,2,1.5,0,0.5,0,1.5,0.5,1,0,1.5,0.5
"YKR093W",119,88,121,13,10,11,135,144,134.5,97,140.56,119
"YKL201C",11.5,19,13.5,16,11.5,19,14.5,8.5,10.5,12.25,7,13.5
"YKL123W",2,1.5,0.5,1.5,1,1,0.5,0.5,0,0.5,0.5,1
"YKL224C",0,0,0,0.5,0,0.5,0,0,0.5,0,0.17,0
"YKL077W",39,27.5,32,13,3,4,39,51,29,22,36,38
"YKR103W",8,7,6,5,4,3,3,10,4,9,4,8
"YKR104W",1,3,1,0,0,0,0,1,0,2,2,1
"YKR024C",24,36,23,8,2,6,32,40,29,29,43,51
"YKR056W",23.5,30.5,30,19,15,9,24,37,28,36,32,41
"YKL203C",45,50,35.5,13,6,11,51.5,54,33,44,53,50
"YKR054C",51,59.5,67.12,17,16.5,11.5,102.38,116.17,80.5,76,93.42,81.38
"YKR057W",34,29,29,1,0,4,34,51,33,49,42.5,44
"YKL133C",2,2,1,8,6,10,3,1,3,1,2,1
"tH(GUG)K",4.98,4.98,4.43,6.81,2.97,1.86,2.43,2.57,1.71,2.29,3.57,2.71
"YKL122C",10,13.75,14,7,3,2,11,12,18,11,14,9
"YKR100C",5,11,16,5,7,6,13,20,8,11,16,22
"YKR083C",3,3,2,2,1,1,1,2,0,0,4,2
"YKL225W",0,0,0,0,0,0,0,0,0,0,0,0
"YKL189W",4,1,0,4,4,5,5,4,2,5,5,3
"YKL113C",5,6,3,5,1,0,12,13,8,16,6,12
"tV(AAC)K2",0,0,0,0,0,0,0,0,0,0,1,0
"YKL213C",30,32,24,27,18,17,29,28,36,35,39,31
"YKL154W",8,6,7,0,2,1,6,7,3,6,8,6
"YKR063C",5,8,13,8,1,4,13,12,6,8.75,17,14
"YKL163W",49.5,54,44.5,219.5,174.5,170.5,14,22,12,15,16.5,12
"YKL174C",17,10,16,5,3,4,10,18,12,11,18,10
"YKL134C",10,11,5,5,3,6,10,8,7,12,14,12
"YKR011C",3,3,2.5,4,6,3,3,3,6,0,4,4
"YKL005C",7,12,7,13,8,6,12,12,7,5,15,9
"YKL069W",6,4,5,0,0,0,6,5,9,8,4,12
"YKL006W",71,83.5,89,5.5,4.5,6,90.5,108,90.5,105,114.5,119
"YKL187C",4,3,2,105,64,63,1,3,2,2.25,1,1
"YKL111C",4,1,1.5,1,0.5,0,2,3,0.5,0.5,4,2
"YKR035W-A",6.5,4,7.5,2,2,0.5,7.5,5.5,5.5,8.5,8.5,4.5
"YKL182W",893.58,868.75,917.5,383.5,238,245,842.75,982.75,745.5,787.5,1029.85,917
"YKL099C",14,7,13,6,5,2,13.17,12,18,15,15,19
"YKL179C",18,14,11,15,7,5,10,22,17,21,18,18
"YKL047W",9,2,5,1,1,3,8,13,5.17,2,16,6
"YKL049C",3,3,2,1,0,2,4,6,3,3,2,7
"YKL220C",1,4,4,1.5,1,4.5,2,1,2,4,3,2
"YKL183W",4,8,8,2,0,1,8,6,10,7,7,12
"YKL181W",51,66,56,12,2,9,63.83,74,61,77,87.83,71.83
"YKL088W",21,10,13,9,8,6,12.75,12,15,14,12,24
"YKL209C",103,85,70,16,13,8,96,61,55,82,69.6,93
"tL(CAA)K",3.71,4.09,4.72,4.77,3.84,3.27,3.11,2.69,2.01,3.43,4.42,3.15
"YKR019C",6.81,8.58,3.12,5.12,4.4,2.12,3,2.57,4.12,1,4.56,7.5
"YKR012C",2.5,3,3,1,0,0,1.5,3,1,1.5,3.5,1
"YKL166C",15,11,9,2,0,1,7,5,13,13,11,13
"YKL016C",19,19,33,16,10,17,15,18,16,21,21,15
"YKR086W",18,7,14,10.25,6,7,17,10,15,14,19,26
"tR(ACG)K",1.46,0.4,0.4,0.4,0.4,0.12,0.4,1.15,0,1,1.6,0.6
"YKL141W",10,13,10,17,11,11,8,11,6,4,7,12
"YKL065C",19,28,21,16,10,19,16,22,12,23,13,21
"YKL013C",15,10,18,11,8,14,11,17,17,15,20,15
"YKL040C",12,8,9,8,3,2,10,13,5,6,9,8
"YKR061W",26,30,24,28,23,16,20,18,26.17,16,19,17
"YKL096W",26,29,27,13,8,8,44,52,52,44,52,49
"YKR050W",11,19,22,18,13,14,9,14,13,11,16,20
"YKL170W",3.5,2.5,5,2,0,1,2,4,2.5,3.5,4,4
"YKR046C",34.25,45.5,52,46,36,35,39,27,37.5,30.5,33.56,34.25
"YKL210W",97,84.75,108,11,14,13,130,122,120,92,131,102
"YKR002W",14,17.25,10,5,12,6,15,18,9,8,15,16
"YKL015W",27,19.25,24,13,4,6,18,30,20,25,36,25
"snR87",0,8,1,9,8,3,3,2,2,2,5,6
"YKL009W",20,37,29,8,4,2,34,48,26,40,49,41
"YKL108W",5,4,2,1,1,1,8,11,6,7.5,13,5
"YKR097W",1.25,2,3,7,2,5,4,2,1,0,6,2
"YKL071W",2,6,3,2,1,1,1,5,6,2,3,7
"YKL075C",4.5,7.5,2.5,2,0,2,7.75,6,4.5,6.5,6,6.5
"YKL206C",7,8,8,9,4,2,11,7,8,9,6.1,9
"tD(GUC)K",0.5,1.58,0.12,0.62,0.83,1.12,0,0.5,0.62,0.5,0.56,0.5
"YKL195W",34,27,30,13,10,8,22,23,18,18,25.5,29
"YKL130C",9,9,2,2,4,1,4,2,5,6,8,7
"YKL064W",36,40,38,54.5,33,34,33,37.5,28,34,42,34.5
"YKR026C",15,6,12,7,6,6,22,15,10,17,22,13
"YKL076C",1.5,1.5,0.5,2,0,0,3.5,3,0.5,2.5,2,2.5
"YKL188C",6,4,5,15,7,6,3.42,3,2,2,6,4
"YKL196C",18,14,25,13,12,8,18,24,16,28,23,22
"snR42",140,121,111,184,109,122,120,124,119,148,134,95
"YKR105C",5,4.5,2.5,7.5,5.5,6.5,0,2,4,4.5,1.5,3
"YKL109W",15,33,37,115,96,64,13,22,11,13,24,21
"YKR071C",37,37,44,24,21,15,34,36,26,37,52,39
"YKL168C",4,11,11,14,3,2,3,7,6,8,11,9
"YKL102C",1,3,4,2,0,1,1,0,0,1,2,2
"YKR090W",15.67,12.67,9.67,8,8.67,7,20.58,21,14,15,23.33,19.67
"YKR036C",14,9,13,2,6,4,15.5,9,10,7,12,18
"YKL202W",4.5,2,5.5,3,1.5,2,1.5,1.5,2.5,1,1,1.5
"YKR084C",18,13,20,4,2,0,13,20,17,19,24,12.75
"YKL216W",23,30,38,8,7,3,25,45,26,32,41,38
"YKR055W",3,2.5,3,2,3,1,2,4,2,5,9,3
"YKL219W",7.38,4,6.88,6.12,2.5,1.5,5.5,6.12,3.62,4,6.12,4.25
"YKL020C",30,32,19,28,17,13,32,38,33,35,26.75,29.5
"YKL178C",1,1,1,0,0,2,3,0,0,1,0.5,1.5
"YKL067W",10,12.5,18,30,32,27,10,11,17.75,11.5,10.5,7.5
"YKL097C",0,0,0,1,0,1,0,0,0,0,0,0
"YKL095W",6,5,5,3,3,1,6,5,4,5,3,8
"YKR031C",28.5,28,25,20,16,15,37,45,39,43.12,58.06,45
"YKL036C",1,0,0,1,0,1,1,1.5,1,3,2,1
"YKR088C",10,10,12,0,4,3,9,13,8,12,10,7
"YKL151C",8,10,7,38,21,30,6,8,9,5.5,6,8
"YKL105C",19,23,25,24,13.5,11,28,24,21,22,25.5,18
"YKL169C",2.5,2.5,7,2,0,1,3,4,2.5,2.5,4,3
"YKL150W",31,34,21,78,53.75,69,29,31,17,18,25,28
"YKL023C-A",4,4,6,1,0,1.5,7,5,10,12.5,7.5,11.5
"YKL138C-A",3,2,2,0,1,1,2,2,3,6,2,1
"YKL082C",21,29.5,21.5,4.5,2.5,3,22,34.5,30.5,30,32.5,27
"YKR070W",11,12,11,2,2,2,12,12,6,10,10.5,15
"YKR021W",21,18,22.25,12,9,18,20.75,11,17,19,23,20.75
"YKR016W",26,20,37,14,9,13,20,23,18,26,20,13
"YKR033C",0,1,1,1,1,0.5,0.5,0,0,1,0,0.5
"YKR059W",202,199,188,28.5,20.5,23,186,224.5,162.5,230.25,275,236.5
"YKR069W",7,3,7,6,6,11,2,5,4.5,8,5,3
"YKR053C",4,7,4,3,2,0,1,3,8,3,1,6
"YKL218C",8.33,17.5,7,12,2,6,4,9,11,4,6.17,8
"YKL167C",3,3,7,4,0,0,4,3,5,2,11,5
"tE(UUC)K",0.71,1,0.64,0.12,0.43,0.24,2.14,1.07,0.57,0.14,0,0.29
"YKL142W",23,13.5,22,11,3,12.75,14,20,10,13,22,19
"YKL011C",4,2,1,2,0,1,3,5,5,4,5,4
"YKL160W",14,14,12,2,5,3,22,16,20,16,13,15
"YKL144C",3,6,5,1,0,0,6,10,3,4,9,11
"YKL055C",2,4,4,2,1,1,4,5,1,3,4,4
"YKR043C",25,31,25,7,2,4,31,30,27,24,33,46
"YKR039W",47,57.75,68,16,7,13,73,88.5,69,85,98,92
"YKL019W",5,11,10,8,4,3,12,14,4,14,9,9.5
"YKL184W",28,27,23,7,2,3,27,19,25,25,26,24
"YKR029C",5,14,6,11,8,3,5,3,12,11,13,9
"YKL176C",31,23,22,8.17,14,19,27.25,41,31,26,48.17,45
"YKL033W-A",20,26,18,6,1,7,12,19,21,24,22,12
"YKL090W",8,10,8,3,4,4,3,6,1,3,7,4
"YKR041W",0,0,1.5,1,0,0,1,0,1.5,0,0.5,1
"YKL010C",51,49.25,44,28,31,22,39,62,42,33,51.5,42
"YKL032C",16,13,14,4,8,8,26,25,21.5,33,39.33,33
"YKR051W",3,2,6,4,5,0,5,7,3,6,8,8
"YKR098C",9,9,17,4,3,9,5,6,7,6,3,8
"YKL175W",17,22,19,14,8,8,16.83,17,18,24,23,20
"YKL120W",37,30,33,2.33,2,2,21,29,30,35,48,35
"YKL222C",11,15,10,6,5,9,5,5,4,15,13,11
"YKL092C",5,15,11,4,1,5,22,16,16,17,21,19
"YKL068W",42,44.5,44,13,6,5,45.92,60,54,70.5,77.67,72.17
"YKR009C",4.07,9.07,3.32,40.07,31.14,26,3.14,5.07,6,4,5.07,6
"tA(AGC)K2",0,0,0.5,0,0,0,0,0.5,0,0,0,0
"YKR028W",34,32.5,40.12,18,12.1,12,38.62,64.17,48,44,58.5,51
"YKR076W",10,12,10,14,12,16,4,10,6,7,8,9
"YKR106W",3.5,7,6,0.9,2,3.5,3.5,2,0.5,3,3.5,2
"YKL197C",17,11.5,18,10.5,13,9,18,20,16,18,17,15
"YKL152C",402,401,435.5,173.2,108,121.7,352,410.5,343.5,450,478.67,428.5
"YKL093W",4.5,6.25,3.25,13,7,7,2.25,5.25,3.5,2.5,2.25,2
"YKL080W",52,56,50,10,2,12,58,43,45,56,61,64
"YKL185W",48,59,63,69,46,39.25,49,53,37,53,42,45
"YKR081C",35,33,32,2,2,2,33,30,31,33,54,37
"YKR035C",6.5,4,7.5,2,2,0.5,7.5,5.5,5.5,8.5,8.5,4.5
"YKL101W",44,44,50.25,54,40,46,66,82,65,81,86,67
"YKR008W",11,10,8,7,4,2,9,21,14,21,23,14
"tW(CCA)K",1,2.83,4.33,2.33,2.67,2.17,2.67,3.5,3.33,3.33,5,6.08
"YKL056C",149,195.5,190,49,28,45,180,178,140,202,218,216
"YKL156W",12.5,11.5,20,2.92,0,0.5,25.5,20,34.5,24.5,27.5,25
"YKL162C",3,4,1,1,4,0,3,0,0,0,1,1
"YKL192C",28,27,28,4,11,9,26,31,20,14,17,17
"YKR064W",10,10,11,5,4,2,9,10,15,15,7.5,10
"YKL017C",6,8,10,5,5,5,1,4,3,5,7,7
"YKL204W",21,31,30,12,10,15,26,25,28,19,29,25
"YKL190W",12,5,12,5,4,0,9,7,8,2,5,4
"YKL211C",15,20,13,5,3,1,17,21,17,31,32,21
"YKL115C",1.5,2,0,0,0,0,0.5,1.5,0,0,1,0
"YKL107W",2,0,1,28,11,25,0,2,0,1,1,3
"YKL127W",24,23,11,2,1,2,26,30,23,33,32,25
"YKL165C-A",1,1,0,0,0,0,0,0,1,1,0,0.25
"YKR049C",2,2,2,3,7,5,7,4,3,4,1,8
"YKL052C",4.5,3,3.5,0,1.5,0,4.5,4.5,4,0,3.5,1.5
"YKL053C-A",6,3,4,2,3,4,3,7,2,4,7,5
"YKL121W",12,11,11,20,21,15,13,6,7,8,10,13
"tN(GUU)K",0.6,1.8,0.5,0.4,0.1,0,1.4,1.4,0.1,0.5,0.4,0.4
"YKL050C",5,4,2,9,3,4,5,4,3,5,4,4
"YKL194C",12,9,7,2,1,1,6,7,8,6,8,10
"YKR037C",3,1,2,9,5,4,8.25,5,3,7,5,8
"YKL059C",5.07,12.07,10.07,3.07,2.14,1.42,6.39,5.07,5,14,3.07,5
"YKL205W",39.33,31,41,3,3,5,41.5,35,29,26,51,39
"YKL137W",4,5,5,0,1,0,1,4,4,3.67,4,3
"YKR015C",1,3,2,2,3,4,5,2,3,5,1.06,4
"YKL146W",9,10.5,12,28,16,17.5,14.5,18,18,12.5,24.5,13.5
"YKR003W",19,22,25,6,1,4,7,22,20,13,21,18
"YKL028W",11,15,12,4,5,6,2,9,7,10,15,13
"YKR010C",4,10.1,8,2,3,3,9,8,7,7,4,13
"YKL193C",12,9,14,105,88,76,9,10,9,8,9,8
"tK(CUU)K",0,0,0,0,0,0,0,0,0,0,0,0
"YKL212W",41,49,65,10,11,10,39,53,43,44,82,65
"YKL147C",1,1.5,3,5,4,3.5,1,2,1,0.5,1.5,1.5
"YKL054C",150,139.5,150,60,32,44.25,136,153,120,137.5,149,165.5
"snR38",6,2,2,1,2,6,5,5,5,5,1,6
"YKR096W",27.5,24,29.75,29,17.5,23,24,40.25,24,37,26,33.5
"YKL006C-A",6,8,10,5,2,2,6,5.67,8,11,10,9
"YKL164C",60.5,92.5,75,210,186.5,157,86.83,104,87,67,99.5,115
"YKL145W-A",1,2,1.5,1,0.5,1,1,2.5,1,1,0.5,3
"YKL026C",3.67,1.67,1.67,8,7.67,6,2.33,2,0,2,3.33,3.92
"YKL044W",0,0,2,2,3,1,1,0,1,1,0,2
"YKL089W",5,3,3,8,4,2,5.5,6,4,3,6,6.5
"YKR077W",5,5.5,5,12,5,4,7.5,2,5,5.06,4.5,8
"YKR095W-A",1,1,2,1,0,1,4,7,2,1,3,9
"YKL079W",13,25,18,39,33,23,12,15,14,14,17,21
"YKL161C",12,7,13,17,9,6,12,13,12,9,15,8.25
"YKL159C",3,3,3,1,2,3,5,2,4,2,5,3
"YKR030W",2,4,2,2,0,2,2,11,2,4,3,6
"YKL037W",0,0,0,0,0,1,0,0,0,0,0,0
"YKL042W",5,4,4,10,3,2,9,9,9,7.25,10,6
"YKR020W",3,1,3,4,0,0,4,1,1,2,5,2
"YKL012W",12,18,13,10,8,10,15,19,14,19,16,14
"YKL106W",24,21,19,8,6,8,20,17,16,19,22,22
"YKR075C",15.5,13.5,25.5,45.5,25.5,24.5,4,0.5,4,6.5,1,3
"YKR065C",6,6,17,2,2,1,8,5,13,5,13,10
"YKL043W",12,8,9,53,43.5,40,8,14,13,16.17,14,28
"YKL045W",6,9,11,3,1,4,11,16,7,8,11,8
"YKR060W",9,5,8,1,2,1,15,12,5,9,12,9
"YKL085W",10,13,19,45,24,41,13,25,8,19,13,15
"YKL165C",34,38,30,21,14,14,25,34,36,28,38,34
"YKL003C",9.25,9,3,1,0,0,2,6,9,11,4,10
"YKL072W",8,8,12,7,4,4,10,9.5,10,10,16,10
"YKL177W",0,0,0,0,0,0,0,0,1,0,0.5,1.5
"YKL186C",13,11,14,2,2,2,13,13,12,13,16,9
"snR64",69.5,90,65,73,39,50,57,68.5,45,79,62.5,75
"YKR032W",0,0,0,0,0,0,0,1,0,0,0,0
"YKL132C",1,1,2.5,1.83,1.5,2,0,2,2,1,0.5,1.5
"YKL223W",0,0,1.45,0.33,0.14,0,0.5,1.5,1,0,0,0
"YKL078W",17,8,11,0,0,1,21,21,14,21,31,22
"YKL001C",5,3,4,3,2,2,6,5,9,3,9,11
"YKR040C",0,0.5,1.5,0,0,0,0,0.5,0.75,0,0.5,2.33
"YKL046C",31,23,26,17,15,13,26,36.5,20,26,32,34.92
"YKR017C",1,3,4,3,2,1,1,6,4,4,7,2
"YKL058W",6,3,6,1,1,4,9,5,6,5,6,9
"YKL208W",5,2,6,3,4,3,4,8,0,3,7,5
"YKR005C",3,2,1,3,2,0,1,1,2,1,2,4
"YKR034W",2,5,4,3,2,0.5,0.5,1,2,2,3,3.5
"YKL060C",1343,1239.75,1257.12,608.25,416,447,1187.88,1514,1168,1448,1721.5,1593.5
"YKL030W",3.5,4.5,9,1,3.5,5,9.5,10,8.5,4,8.5,14
"YKL162C-A",1,0,0,0,0,0,0,1,0,0,1,1
"YKR091W",9,8,21,43.75,23,13,11,8,13,14,6,9
"YKL096C-B",0,0,0,0,0,0,0,0,0,0,0,0
"YKL171W",10,9,9.17,7,9,3,12,9,6,4,13,8
"YKL025C",13,18,20,5,8,7,12,19.5,16,10,19,14
"YKL023W",2,4,5,2,4,1,1,4,9,6,4,4
"tR(UCU)K",0,0.1,0,0,0,0,0,0,0,0,0,1
"YKL215C",32,28.25,24,8,7,6.1,25,42,31,25,30,28
"YKL136W",3.5,2,2.5,1.5,0,1.5,4,3,3,2.5,4,1.5
"YKL033W",22.67,15.67,20.67,13,6.67,2,12.33,20,13,15,15.33,13.67
"YKR023W",5,8,5,4,2,3,13,7,7,8,12.5,6
"YKR067W",13,15,13,9,4,6,17,13,9,11,13,11
"YKL098W",7,5,6,5,5,3,4,7,4,8,8,8
"YKL114C",15,10,22,2,0.25,2,11,18,15,12.5,11,10
"YKL145W",26,38,35.5,12,7.5,12,37,40.5,28.75,33.25,52.5,32
"YKL057C",31.75,34,34,4,5,3,31,29,36,28.17,31,41
"YKL106C-A",0,0,0,0,0,0,0,0,0,0,0,0
"YKL128C",9,8,7,2,3,5,15,16,12,14,19,19
"YKL008C",16,16,13,10,8,7,20,26,23,27,20.33,25
"YKL029C",48.5,59.5,65.75,9.25,15.85,13,33.5,68,39,53,82.5,71
"YKR047W",7,2.5,9.5,1,0.5,2.5,7,7.5,6,7,14,10.5
"YKL066W",1,5.5,3,17,6,10,3,6,5,2.5,5.5,5.5
"YKL119C",5,3,2,0,1,1,1,5.5,2,3,3,5
"YEL041W",2,1,4,4,1,2,3,2,0,5,0,4
"YER011W",1,3,1,2,1,1,1,5,1,1.75,2,0
"YER158W-A",3,2,2,2.5,1,4,3,1.5,2.5,3.5,5.5,8
"snR53",1,2,0,0,1,0,0,0,0,1,0,0
"YER056C-A",86,92,104.5,9,8.5,8.5,110,109.22,92.5,100,109.5,112.5
"YEL067C",0,2.5,1,0,1,0,0.5,3.5,0,2,1,2.5
"YEL054C",77.64,83.25,78.25,5.75,4.5,6.75,91.1,99.25,73.17,89.5,114.75,108.42
"YEL047C",28,25,28,19.5,15,21,21,34,36,21.6,38,41
"YER146W",1.5,2.5,1,1,1.5,1,2.5,6,3,8,3.5,4
"YER159C",5,12,7,9.5,7,11,8,9.5,7.5,6.5,13.5,6
"YER084W",0,1,1.25,0,0,0,0,0,0,1,0,0
"YER183C",1,6,4,2,3,1,5,8,2,4,6,5
"YEL009C-A",0,0,0,0,0,0,0,0,0,0,1.5,0
"YEL059C-A",4,1,4,1,1,1,7,2,4,4,2,2
"YER172C",55.12,62,55,19.25,12,12,52,65.86,47,57.1,73,67
"YER092W",7,3,4,6,1,5,4,9,1,3,1,7
"YEL008C-A",0,0.5,0,0,0,0,0,0,0,0,0,0
"YEL032W",23,34.5,30.5,9.5,8,5,33,28.5,21.25,36,32,39.5
"YEL010W",0,0,0,0,0,0,0,0,0,0,0.5,0
"YEL040W",119,117,124,22,26,23,97,116,103,89,98,87
"YEL059W",1,0,0,1,0,0,0,0,0,1,0,0
"YER105C",33.75,50,41,20.1,13.17,15.17,54.17,66.67,42.5,54.5,73.17,66.17
"YEL053C",12,19,22,8,3,6,17,18,13,11,14,11
"YEL046C",54,63,75,19,10,9,83,69,51,73.1,92,73
"YER137C",0,1.5,3.5,0,0,0,0,1,0,1.5,2,2.5
"YER013W",16,10,20,9,12,9,12,8,14,7,9,18
"YER147C-A",8.5,8.5,5.5,5,2,0.5,12,13,12,9,12,15.5
"YEL036C",29.17,32,22,13,3,11,29,34,23,36.5,34,28.2
"YER094C",16,16,19,3,3,6,21,23,22,14,23,21
"YER038C",12,10.5,4,3.5,5.5,2,10.5,12,9,14,11.5,7
"YEL034W",126.92,137.33,124.83,11,5,9,150.33,169,138.58,156.17,194.17,171.25
"YER144C",21,24,31,24,12,16,23,31,28,23,23,13
"YER069W",22,26.5,22.5,72,48,53.67,18,24,12.5,11.5,28.5,22
"YEL066W",5,17.5,14,3,2,1,1.5,12.5,1,6,11,7.5
"YER161C",10,10,13,6,7,2,13,12,10,10,13,9
"YER131W",60,43.5,57.75,4.5,0,1,58.5,102.25,63,116.25,106.25,101
"YER027C",13,13,12,9,5,7,18,21.5,10.5,13,17.5,15
"tH(GUG)E2",5.04,4.98,4.43,6.81,2.97,1.86,2.43,2.57,1.71,2.29,3.57,2.71
"YER088C-A",3.83,1.5,7.5,2.83,2,1.67,3.67,4.5,2,2.83,2.83,1.67
"YER002W",26,16,23,11,3,6,19,20,19,22,35,36
"YEL062W",15,7.5,11,5,3,2,7,10,9,10,4,7
"YEL074W",1,0,0.5,0,0,0,0.38,0.5,1.25,0.5,1,1.5
"YER142C",4.06,4,6,5,2,3,5,6,5,6,5,3
"YER035W",2,7,4,4,1,2,1,2,7,9,5,8
"YER145C",17.06,20,23,5.5,4,1,32,21,26.06,26.05,40,39
"YER176W",30,39,30,9,6,5,28,43,36,38,32,28
"YER071C",5,2,3,0,0,0,1,1,2,2,4,6
"YER150W",7,4,3,49.5,48,42,1,2,1,4,5,1
"YER177W",84,88,115,57.5,27,29,121.5,180,112,141,181,162
"YER123W",15,17,16,4,3,2.17,16,17,14,22,24,19
"YEL018W",3,4,1.5,0.5,1,2,3,3.5,6,4.5,3,5.61
"YER116C",4,8,6,3,6,7,3,3,3,3,3,3
"YER043C",190,194.75,185,19,17,13,167,231.75,166,198,223,226
"YEL004W",7,6,7,1,2,3,4,7,5,3,7,3
"YER141W",26.12,37,29,21.75,25,16,22,23,21,24,27,31
"YER170W",1,2,0,0,0,1,4,1,1,1,2,1
"YER047C",18,6,7.5,22,9.5,8.5,17.5,14.5,12.5,8,15.56,13
"YER132C",54,62,50,22,15,30.5,61,72.74,57,63.24,63,59
"YEL068C",1,2,1,0,1,1,4,1,1,1,4,1
"YER080W",34.6,22.5,36,16.5,9,7.6,38.75,29.75,25.5,25.5,29.5,33.6
"YER052C",47,41,45,16,12.5,16,37,29,27,46,37,52
"YER070W",37,38,42.75,7,10,3,106,112,88,87,95.5,105.1
"YEL007W",30,30,24,28,20,19,23,32,29,21,30,21
"tE(UUC)E2",0.83,2.04,0.92,1.4,0.58,0.5,1.92,0.62,0.33,0.9,0.5,0
"YER068C-A",0.5,3.5,0.5,2,5,5,0,2,0.5,0.5,0.5,1
"YER115C",1,3,4,1,3,3,7,0,0,5,3,4
"tS(AGA)E",2.2,1.9,2.31,1.6,1.4,0.9,1.51,1.62,1.27,1,1.1,0.8
"YER076C",7.5,5,3.5,1,3,1,2,3.5,1,0,3,5
"YEL021W",45.5,47,48,39,28,33,14,17,10,22,15,17
"YEL026W",61,56,61,11,7,8,55,54,51,74,66,73
"YER040W",8,7,9,11,3,11,9,26,13,8,16,19
"YEL016C",7,9,5,1,1,1,6,6,7,5,8,14
"YER012W",26,25,23,9,7,5,12,27,24,28,25,24
"YER190W",4.16,3.71,4.32,2.61,1.21,2.6,4.18,7.53,3.55,6.06,5.76,5.99
"YER185W",4,1,2,0,0,0,2,0,2,0,1,0
"YER189W",0.17,0.3,0,0,0,0,0,0.17,0,0.1,0,0.5
"YEL060C",84.5,73,79.25,299.5,240,260.25,67,79,90.17,62.17,100,85
"YEL052W",20,14,8,9,4,10,10,16,9,12,17,12
"YER149C",4.5,2,1.5,0,0,0,6,6.5,1,6,6,4.5
"YER111C",26,28.67,26.17,11.17,18,12,26.5,29,20,31.17,27.17,18
"YER081W",15.5,10,9.5,49,31.5,38,6,15,10,19.5,35.5,30.2
"YER010C",7,6,5,4,4,3,6,7,5,6,4,6
"YER018C",3.69,2.5,5.25,1,1,0.12,2.75,5.25,4.12,3,3.25,4.29
"YEL076C",0.5,0.36,0.43,0.31,0.05,0.19,0.89,2.22,1.05,1.13,1.66,1.14
"YEL018C-A",2,0,0.5,0.5,0,0,2,1.5,2,1.5,3,1.61
"YER072W",37,39,42,12,6,4,44,53,35,52,56,58
"YER093C",22,20,25,17,8.25,23,24.17,24,22,28,41,31
"YER178W",76,83,83,19,12,12,67,91,70,89.5,123,108
"YER030W",13,17,11.75,4,3,4,8,17.75,9,14,15,15
"YER128W",1,3,4,4,0,1,2,6,2,6,4,6
"YER003C",16,23,18,5,7,7,28.17,40,27.5,29,32,37
"YER163C",3,16,12,3,2,5,10,11,7,9,12,15
"YEL005C",9,5,4,9,1,3,4,4,4,1,2,2
"YER173W",1,5.5,6.5,2,2,6,7.5,5.5,7.5,4.5,6,4
"YEL065W",3.5,2.25,3.75,0,0,2,2,3,6,13,13,6.17
"YEL055C",37,36,42,14,4,9,72,59,71,77,86,89
"YER029C",3,6,5,2,0,2,5,10,6,16,5,9
"YER089C",27.33,20.5,32,15.33,9,11.67,36.67,27,38.5,35.33,39.33,36.17
"YER179W",5.12,2,3,7,3,2,2,2,2,1,7,1
"YEL011W",12,9,7,131,90,77,5,12,10,6,5,9
"YER166W",53.46,45.83,59,37.33,17.92,12.83,63.38,80.08,68.17,72.58,82.04,74.07
"YER061C",9.5,4,7,8,12,12,3,9,8,8,9,8
"YER082C",39,37,31,57,35,33,38,50,37,22,54,44.5
"YER118C",7.17,18,16,4,0,2,16,16,18,23,29,20
"YER152C",11.5,9.5,5,7,2,6.5,15,15.5,15.5,12,20,18
"YER107C",11.5,8,14,2,1,0,15.5,18.5,11,12,16,9
"YER020W",13,11,12.75,17,10,15,10,18,13,21,15,13
"YER125W",45,56,64,21,21,9,55,78,45,61,84,60
"YER122C",38.75,37.5,31,22,13,15,27,49,34,44,47,47
"YER038W-A",1,0,0.5,0,0,0,0,0,0,0.5,1,0
"YER057C",11,8,14,4,1,4,10,14.5,4,24,15,12
"YEL033W",92.17,85.83,98.92,6,6,7,123.33,144.5,93.83,110.5,136.17,139
"YER006W",40,34,32,29,17,10,39,44,37,49,50,62
"YER007W",7,4,10.5,2,1,2,5,3,1.5,8,7,5
"YER078W-A",1,0,0,0,0,0,0,0,0,0,0,0
"tA(UGC)E",10.94,16.13,13.29,17.33,8.77,8.25,9,7.84,3.1,11.28,9.53,8.3
"YEL002C",33,35,44,6,8,6,36,51,37,45,45,42
"YEL064C",0,2,0,27,9,21,2,7,5,3,6,1
"YER103W",34,20.25,31.17,437,293.5,320,18,15,14.5,8,11,12
"YER007C-A",15,16,18,3,1,4,16,18,11,14,21,18
"snR80",14,9,4,7,6,5,10,7,9,9,11,8
"YER093C-A",3,0,3,0,0,0,2,2,3,3,4,1
"YER120W",28.5,32.5,35,6,5,5,29.5,41.5,31.5,47.5,57,38.5
"YER033C",20,25,33,47,31.5,25,11,19,8,12,22,17
"YER054C",8,7.5,9,21.42,12.75,16,5.5,4,2,4,5,10
"tV(AAC)E2",0,0,0,0.11,0,0,0,0,0,0,0,0
"YER164W",42,39.25,50.25,26,11.5,13,59.28,55.3,52,53.25,67.7,64
"YER139C",0,1,3,1,1,0,3,2,4,1,1,2
"snR52",3,4,1,6,1,4,10,5,6,5,9,11
"YEL042W",24,41,35.33,13,6,6,47,51,52,49,66,60
"YER190C-A",0.44,0,0,0,0,0,0,0,0.06,0,0,0
"tS(UGA)E",3.83,3.25,3.92,5,2.08,1.25,2,2.96,1.83,3.33,6.67,6.03
"YER008C",40,42,44.5,43,17,29,41,37,45,36,54,30
"YER114C",25,29,23,22.17,22,17,37.25,32,27,36.75,45,35.75
"YER034W",1,6,3.1,1,0,0,1,1,0,2.07,3,4
"YEL008W",2,0.5,0,0,1,0,1,0,1,1,0,1
"YER014W",10.5,8.5,13.6,8,2.5,6.5,16.11,13.5,10,7,16,10
"YER143W",8,8,9,9.05,4,11,9,11,8,6,11,9
"YER053C-A",4,1,0,23,16,14,1,0,0,0,0,1
"YER028C",1,2,4,1,0,2,0,5,3,3.07,2,8
"YER048C",33,31,22,11,11,9,23,22,15,24,21,31
"YER044C",25,31,34,2,5,2,16,28,22,20,20.5,23
"YEL039C",3,10,4,91,74.5,98,5,4,4,3,4,4
"YER053C",22,22,12,31,21,16,12,8,11,14,9,10
"tQ(UUG)E1",1.11,1.43,0.41,1.25,0.96,0.95,0.98,0.57,0.25,0.12,0.27,0
"YEL034C-A",153.42,167.83,159.17,16,8,10,181.33,211.5,167.08,194.67,233.67,214.25
"YER155C",159,119.5,142,65,50.5,63,129,162.07,141,140.75,177,183
"snR4",260.75,245,297.5,344,266,244.75,250,275,255.75,285,347,333.75
"YER050C",8,6,14,3,2,1,7,11,4,5,6,6
"YER031C",12,18,25,5,0,2,13,19,16,18,19,27
"YER037W",35,40.5,61,24.5,23.5,22.67,23.5,25,22,18,14.5,25
"YEL049W",0.11,0,0.38,0.2,1.12,0.14,1,1.14,0,0.42,0,1.1
"tQ(UUG)E2",0,0.33,0,2,1,1,0,0,0.44,1,0,0
"YEL006W",9.25,8,14.1,8,1,4,14,12.5,6,7,8,7
"YER100W",14,12,13,6,7,4,15,16,7,13,17,16
"YER181C",0,0,0,0,0,0,0,1,0,0,0,0
"YER015W",7,5,8,40.5,30.5,20,1,5,7,5,7,5
"YER129W",25,20,20,13,13,12,28.67,32.5,30,37,50,21
"YER172C-A",0,0.5,0.5,0,0,0,1.5,1.5,0.5,1.5,1,0
"tR(UCU)E",0,0,0,0,0,0,0,0,0,0,0.5,0
"YEL072W",4,0,3,1,5,2,4,1,0,2,3,2
"YEL075C",0,0.12,0.25,0,0,0,0.38,0,0,0.12,0.25,0.25
"YER048W-A",10,6,5,3,2,9,9,8,5,4,6,5
"YER051W",8,5.25,5.1,5,2,0,2,4,11,3.25,2,7
"YER171W",23,19,18,3,4,2.17,13.17,19,16,27.75,20,23
"YER078C",17,8,14,6,6,1,13,12,8,11,16,11
"YER169W",25,33,22,13,8,8,25,41,29.5,35,43,31
"YEL003W",10,3,12,2,1,1,4,7,6,3,6,4
"YEL077W-A",0.25,0,0.49,0.47,0.1,0,0.43,0.39,0.12,0.2,0.5,0.64
"YEL017C-A",15.5,7.5,9,2.5,3,3,11.5,9,7,12,17,11
"YER133W",45,43,46,37,17,29,36,52.5,41,49,57,34
"YER152W-A",2.5,3.5,1.5,0,0,0.5,3,2.5,3.5,3.5,4,4
"YER060W",10,13,16,11.5,11,7,7.5,14,10.5,11,8.5,13
"YER186C",6,10,4,2,5,2,4,8,4,10,13,8
"YER188W",1,3,2,2.33,1,4,0,0,1,0,3,1
"YEL045C",1,0,0,0,0,0,0,1,0,0,2,1
"YER022W",16.1,9,25,7,6,8.1,13,19,18,16,16,17.6
"YER148W-A",2.5,1,0.5,0,0,0,1,2.5,0,1,4,1.5
"YER157W",8,15,11,8,5,3,13,8,7,11,20,12
"YER014C-A",4.5,2.5,2.5,1.5,1,2.5,1.11,0.5,2,1,2,3
"YEL076C-A",0.5,0.38,0.18,0.06,0.17,0.19,0.64,1.05,1.05,1.22,0.96,0.76
"YEL038W",13.5,11.17,9.17,3,4,3.17,4,7.5,8,9,10,12.6
"YER066W",0.5,1.5,2.5,5,1,1.5,0,1,2,0,1,2
"YER098W",6,14,6,13,8,12,10,7,10,5,10,8
"YEL035C",1,0,0,0,1,0,0,3,1,0,1,1
"RPR1",201,215,176,185,152,199,172,213.5,198,204.5,227,186.25
"YER063W",6,8,6,1,1,0,9,22,12,10,14,7
"YER127W",20,17,19,3,0,1,17,17,13,21,20,24
"YER154W",29,23,33,10,3,9,25,33,20,29,33,35
"YER032W",10,8,11,8,9,4,20,24,13,17,21.5,20
"YER180C-A",0,0,0,0,1,0,2,1,0,2,0,3
"YEL071W",37,27,34,39,37,41,36,39,34,46,82,60
"tK(CUU)E2",0,0,0,0,0,0,0,0,0,0,0,0
"YEL057C",3,3,2,10,7,5,0,3,1,2,2,1
"YEL069C",4.5,3.83,2.25,103,73.42,80.5,1.5,2.5,1.5,0.5,1.5,1.5
"YEL043W",31,38,27,13.75,8,7,28,39,30,29,38,43
"YER096W",4,2,3,6,8,2,1,1,1,2,1,0
"YER017C",32,33,20,8,4,12,21,31,32,23.1,27,38
"YEL019C",5,3,4.5,5,1,4,2,3,0,2,6,4.78
"YER009W",41.25,48,45,11,3,6,44,36,37,46,44,43
"YER104W",1,0,1.5,4,0,0,3,3,2,2,2,0
"YER067W",1,0.5,1.5,105.33,75.17,86.83,0.5,0.5,0.5,0.5,0,1
"SCR1",4978.5,4784,4792.25,7694.17,5874.25,7400.58,5203.33,6128.25,4852,5458.5,6287.5,5273.5
"YER044C-A",4.33,4,0,4.08,1,0,1,2.5,0.5,2,1.5,1
"YER101C",5,7,5,9,6,10,3,6,2,2,2,2
"YER121W",0,4,1,4,2,3,1,0,0,2,0,0
"YER019C-A",19,13,15,4,6,4,21,12,16,21,24,17
"tE(UUC)E1",3.8,4.76,3.93,1.86,0.56,3.53,3.18,4.97,1.17,1.24,2.87,2.62
"YEL050C",15,19,19,8.25,7,2.5,17,28.5,13.5,20,17.5,18.5
"YER062C",29,27,24,18,7,7,19,30,22,20,25,21
"YER006C-A",1,1,0.5,0,0,0,0,3,2.5,0,1,3
"YER016W",11,12,11,4,5,0,9,16,13,12,12,15
"YEL025C",11,22,16,9,4,6,22,24,13,16,21,24
"YER024W",9,5,3,25,18,25,1,5,5,9,11,10
"YER023W",25.5,28.67,25.27,4,2.5,2.17,26.25,27,22.5,31.5,24,23.66
"YER079W",3,0,2,9,12,6,1,1,1,0,2,2
"YER136W",29,38,46,16,17,16,27.5,35,36,24.5,42,35
"YER151C",35,45,30,21,13,18,37,66,43,58,60,64.25
"YEL029C",5,8,3,4,1,0,7,6,7,10,13,9
"YER065C",6,1,2,21,13,13,4,8,5,5,1,7
"YEL050W-A",2,6,2,3,0,3.5,6,3.5,1.5,3,3.5,1.5
"YER085C",0,0,0,0,0,0,0.5,0,0,0,0,0.5
"YER147C",10.33,5,10,1,4,1,3,10,10,5,9,9
"YER064C",27,32,34,20,23,20,23,26,10,20,25,28
"YER119C",10,12,17,3,3,3,8,8,10,11,15,9
"YEL020C-B",3,4,2.5,1,0.5,0.5,2.5,2.5,4.5,5,6,5
"YER068W",12,13,24,8,8,6,17,18,16,22,22,15
"YER158C",8,12,8,12,8,15,12,11,10,8,6,11
"YER138W-A",1,1,1,1,0,2,1,0,0,1,1,1
"YER130C",2,15,10,9,5,9,8,24,7,6,13,11
"YEL015W",26.5,22,18,2,1,4,18.5,26.5,28,26.5,17,28
"tK(CUU)E1",0,0,0,0,0,0,0,0,0,0,0,0
"YER153C",0,1,1.5,2,1,1,2,2,1,3.5,1,0
"YER137W-A",0,0.5,0.5,0,0,0,0,1,0,0.5,1,0.5
"YER113C",16,17,11,7,4,7,28,20,22,15,24.5,23
"YEL030W",3.5,7,5,7,5,6,8.5,5.5,4,3,6.5,2
"YER083C",11.25,14.42,14.42,6.67,4.5,5.08,17.42,24.61,17.83,16.33,21.83,22.31
"YER167W",49,39,43.75,35.5,22,16.6,40,54,36,22.57,41.1,36
"YEL032C-A",1,1.5,1.5,0.5,1,0,2,1.5,1,2,1.5,0.5
"YEL073C",3,2.33,2.67,4.33,1,6,1,0,2.33,1.67,0,1
"tV(AAC)E1",0,0,0,0,0,0,0,0,0,0,0,0
"YER005W",9,21,16,11,9,5,12,16,12,14,17,16.12
"YER102W",200,204.83,202,23.5,15,11,217.44,254,189,237,279.5,255.75
"YER046W",3,4,2,0,1,0,3,0,2,0,1,1
"YER023C-A",5.5,5,4,0.5,1,1,6,5,5.5,8.5,5,4
"YEL031W",77,109.75,122,14,10,15,141,136,107,118,171.75,149.14
"YER075C",19,17,15,12,12.5,10.1,13,7.25,12,22.5,23,13
"YER073W",39,49,46,12,4,9,45,44,51,61,58,54
"YEL027W",72,87,87,11,10,5,84,81,70,84,122,84
"YEL024W",22,20,15,19,15,10,11,20,20,14,12,8
"YER049W",56.12,52,50,16,20,16.12,46,64,54.12,57,68.5,74.12
"YER175W-A",1,0,0,0,0,0,1,0,0,1,0,0
"YEL037C",25,21,34,7,6,7,36,44,27,16,41,41
"YER134C",5,3,6.5,1.5,2,3,4.5,3,4.5,3.5,2.5,5.5
"YER088C",32.11,34,35,39,26.25,26,38.08,63.61,67,45,58,55.14
"YER175C",3,2,3.5,11,5,5.5,6,7,2,1.5,4,3
"tG(GCC)E",0,0,0,0,0,0,0,1,0,0,0,1
"YER021W",33,49,34,15,14,10,32,44,35,46,48,45
"YER004W",5,12,11,3,1,3,14,11,10,15.1,7,6
"YER087C-A",3.5,2,0.5,1,1,0.5,3.5,2,3,0,2,0.5
"YEL017W",6,4.25,8,2,1,0,9,11.75,10,11,13,7
"YER106W",0,0,2,3,1,0,1,0,1,0,0,2
"YER066C-A",0,0,1.5,34.33,27.67,24.83,0.5,0.5,0,0.5,0,0.5
"YER117W",109,117.5,129.5,19,12,18.5,116.75,138,107,146,149.5,156.75
"YER145C-A",1.5,0.5,1,0,0.5,0,2.5,3,2,4,2.5,3
"YER076W-A",1.5,2,0.5,1,0,0,0,1.5,0,1,0,1
"YER187W",1,1,0,0,2,0,0,0,0,0,0,0
"snR14",26,31,36,64,55.5,60.5,17,27,28,31,40,29
"YER046W-A",1,0,0.5,2,0.5,2,1.5,0.5,1.5,2,1.5,2
"YER168C",14.5,13,10,4,4,5,10,8,10,15,15,11
"YER124C",9,11,15,5,5,8,36,40,41,56.7,56,54
"SRG1",4.5,2,3.5,6.5,6,7.5,4,4,2,4.5,5.5,3.5
"YER095W",10.46,13.72,10.02,10.13,8.25,9.25,13.6,18.21,8.83,22.33,10.03,13.13
"YEL028W",1,1,0,2,0,1,0,2,1,1,4,0
"YER045C",26,24,18,48,52,36,17,26.25,15,18,15,28
"YER088W-B",1.83,2,0.5,0.83,0,0.67,2.67,1.5,2.5,0.83,2.83,1.17
"YER086W",67,51,60,12,9,11,61,75.11,48,61,103,65.14
"YER188C-A",1,0,0,0,0.06,0,0,0,0,0,0,0
"YER148W",20.5,10.5,7.5,9,8,5.5,24,28,17,21,27,23.5
"YEL022W",37,42,43,13.5,6,9,43,55,40,53,50,47
"YEL001C",33,30,30,4,4,4,29.5,33,26,23,30,36
"YER056C",98,107.17,83,22,13.5,14.1,123,116,106,142.5,179.5,192
"YER087C-B",6,9,13,7,3,6,13,21,13,12,16,16
"YEL013W",32,29,36,12.12,14,13,37,42,32,36,49,41
"YER074W",116.83,129,117,9.5,12.5,5.5,140.5,155.5,115,162.92,172.5,182.75
"tE(UUC)E3",2.43,4.05,3.35,3.13,1.79,3.03,4.18,4.27,1.92,1.24,1.7,1.97
"YER133W-A",4,2,2.5,1.5,3,1,2.5,2,2.5,3.5,1.5,1.5
"YER119C-A",5.43,2.88,3.52,0.97,1.25,0.83,4.77,5.6,1.92,2.75,5.62,2.55
"YEL063C",17,13,13,22,16,22,24,17.25,20,27,31,20
"YEL051W",38.5,26,25.5,7,6,10,39,39,31,32,35,40
"YER190C-B",0.06,0.38,0.25,0.06,0.06,0.25,0.38,0.42,0.19,0.44,0.38,0.38
"YEL061C",6,6,10,1,5,2,14,10,13,16,10,22
"YER059W",3,7,8,1,0,3,16,5,6,6,12,8
"YER091C-A",0,0,0,0,0,0,0,0,0,0,0,0
"YER140W",4,2,5.05,1,1,2,3,8,5,4,8,10
"YEL056W",14,10,12,13,5,2.5,19,11,10,8,10,10
"YER084W-A",0,0,0,0,0,0,0.5,0,0,0,0,0.5
"YER036C",140,137,123,34,12,23,108,172.5,122,137,157,183
"YEL009C",148,128,132,68,81,48,152,180,140,154,199,166
"YER079C-A",4.5,2.5,3,0.5,0.5,0.5,1.5,1,4.5,1.5,0.5,1.5
"YEL053W-A",34.64,21.75,29.25,2.75,3,1.25,33.6,43.25,27.17,38.5,34.25,42.92
"tM(CAU)E",0,0,1,0,0,0,0,0,0,0,0,0
"YEL030C-A",0.5,0,0,0,0,0,0.5,0.5,0,0,0.5,0
"YEL014C",2.5,0,1,0,0,0,3.5,1,0,1.5,1,0
"YER156C",15.5,21.58,17.86,1.5,0.5,1.5,17.5,25.5,15,13.75,28.11,18
"YER162C",2,5,10,8,3,6,4.08,5.05,6,7,8,4
"YER090W",33,36,33.5,24.5,11.5,21,36,35.5,27,31,46.5,47
"YER074W-A",6,6,10,1,1,0,4,6,6,6,9,11
"YER041W",2,4,10.25,1,5,4,5.31,10,7,1.25,10.25,9
"YER165C-A",2.5,3.5,3.5,1.5,2,0,4,2,4,5,7,4.5
"YER097W",2,0,0,0,0,0,1,0,0,1,0,3
"YER112W",9,20,12,1,0,0,11,12,7,18,15,12
"YER090C-A",0,2,1.5,1.5,0.5,1,1,1.5,0,1,0.5,3
"YER067C-A",1,0.5,1,95.33,69.17,87.33,0,0,0.5,0,0,0.5
"snR67",54.5,65,75,37,32,24.75,36,41,36.5,65,60,54
"tH(GUG)E1",4.98,5.48,5.43,6.81,2.97,1.86,2.93,2.57,1.71,2.29,3.57,2.71
"YER174C",3,2,10,1,1,0,4,3,5,4,4,4
"YER107W-A",0.5,1,1,0,0,0,2.5,1.5,3,1,5,1
"YER026C",23,29,21,32,20,15,19,21,18,17,18,17
"YER099C",8,9,15,4,10,6,13,15,5,18,11,18
"YEL048C",1,1,2,0,0,0,2,2,1,2,1,4
"YEL070W",1.5,2,0.5,422.64,267,329.14,0,0,0,0,1,2.5
"YER025W",83,82,69.5,14,12,16,85,98,58,77,117,86
"YEL075W-A",1.5,0.47,0.63,0.4,0.25,0.45,0.42,0.41,0.35,0.67,0.73,0.87
"YER126C",25,24,25,6,1,3,26,28,24,38,33,29
"tI(AAU)E1",0,0,0,0,0,0,0,0,0,0,0,0
"YER182W",8,7,9,10,5,7,4,7,4,3,9,6
"YER165W",232,226,239,40,22,28,243,250.5,204,230.06,303,295.5
"YEL058W",44,49,45.75,12,13,7,32,47,34,37,42,29
"YER060W-A",11,10,14,10.5,3.5,8,15.5,11,14.5,17.5,19,11
"YER184C",6,7,9,4,2,2,10,5,5,5,6,6
"YEL012W",8,2,7,4,3,6,2,3,5,2,1,1
"YEL020W-A",6,4,7.5,1,1.5,0.5,5.5,5.5,10.5,11,7,8
"YER077C",15,16,18.67,18,13,16,26,18,18,26,10,15
"YER039C",2,0,0.5,1,0,0,1,1,0,2.5,2,2
"YER042W",5,3,8,9,7,14,12,8,8,5,11,7
"YER019W",10,7,11,0,4,4,12,16,17,21,13.25,11
"YER039C-A",1,1,0,3,1,1,1,0,0,1,1,0
"YER058W",1,6,5,0,0,0,3,4,3,2,1,1
"YER110C",141,149,142.17,27,19.06,23,140,179.62,164.5,154,192,173
"YER135C",0,0,0,0,1,0,0,0,0,0,0,0
"YEL023C",3,5,4,3,2,0,6,7,5.25,4,2,6.25
"YEL077C",9.15,5.07,9,6.22,7.42,2.12,12.22,9.16,8.75,7.88,11.3,8.57
"tI(AAU)E2",0,0,0,0,0,0,0,0,0,0,0,0
"YER001W",49,58,48,16,10,11,50,60.25,47,50,63,54
"YEL020C",11,4,6,9,5,10,7,8,5,6.1,10,4
"YEL044W",9,6,5,1,1,5,5,7,3,7,11,6
"YER180C",8,2,3,1,1,0,8,6,3,3,8,3
"YER087W",9.5,11,7.5,2,2,0.5,10.5,6,3,5,7,7.5
"YER055C",36,49,43,9,3,7.25,38,45,27,50,70.25,61
"tR(ACG)E",1.4,0.4,0.4,0.4,0.4,0.12,0.4,0.4,0,1,1.6,0.6
"YER091C",146.75,128,171,374,241,292,147,182,127,147.5,188,161
"YER138C",115.7,116.62,122.93,101.16,72.93,71.47,83.37,92.76,68.79,97.92,117.08,109.34
"YER137C-A",2.62,1.45,1.83,2.21,0.93,1.3,0.96,1.54,0.63,1.97,1.77,2.04
"YER159C-A",0.72,0.5,1.54,2.59,1.33,1.56,0.44,0.62,0.36,0.81,1.09,1.79
"YER160C",192,193.05,212.31,210.3,145.85,156.53,120.87,138.9,110.22,186.42,226.96,213.11
"YHR094C",37.81,48,40,5.5,5.5,2.5,36,34.5,39.5,41.5,33.5,42
"YHL031C",3.5,2,7,0,2.5,1,4,5,4.5,6,7,4.5
"YHL002W",8,15.5,5.5,7.5,4.5,3.5,10,10.5,8.5,8,4.5,8
"YHR219C-A",0.31,0.23,0.26,0.06,0.15,0.35,0.26,0.43,0.34,0.31,0.4,0.25
"YHR045W",14.75,15,17.5,6.25,1,6,17,18,13,17,6,16
"YHR084W",20,25,21.08,5,4,6,22,17,19,22,23,24
"YHR126C",1,0,0,0,1,0,0,0,0,0,0,0
"tS(AGA)H",2.2,1.9,2.2,1.6,1.4,0.9,1.4,1,1.27,1,1.1,0.8
"YHR125W",0,0,0,0,0,0,0,0,0,0,0,0
"YHR206W",26,16,27,16,14,18,35,37,21,34,39,33
"YHR097C",10,10,16,17,8,14,10,12,18,11,7,4
"YHR005C-A",9,8,9,1,0,0,18,13,9,16,20,22
"YHR193C-A",0,0,1,0,0.5,0.5,0,0,1,1,0.5,0
"YHR007C",215,194,222,66,58,59,215,240,203,162.75,205,189
"YHR214C-D",0,0,0,0,1.25,0,0,0,0,0.5,0,0.5
"YHR212W-A",0.5,1,0.33,0,0,0,0,0.5,0.5,0.67,0.33,0
"YHR184W",2,2,0,4,2,2,1,5,1,1,2,3
"YHR132C",23,31,22,10,14,4,26,27,25,20,16,31
"YHR182C-A",28.5,26.5,18.5,4,4.5,4.5,20.5,18,20,13.5,17,14
"YHR025W",43,43.75,37.5,8,8,9.75,52.75,37,35,49.75,60,55
"YHR055C",8,9.25,9.75,18.33,10.67,17.08,6.33,7.33,7.17,7.83,11.33,8
"YHR073W",39,35.5,39.5,19,8,9.5,39,45,37.5,39,47.5,53.5
"YHL015W-A",0,0,0,0,0,0,0,0,0,0,1,1.75
"YHR064C",121,128.5,108,25.61,16,23.5,92.5,140.5,127,115.17,142,127.6
"YHL041W",0,0,0,1,0,1,0,0.5,0,0,0.5,1
"YHR143W",9,6,20,2,1,0,32.67,46,36,44,79,43
"YHR052W-A",10.25,10.25,11.25,22.08,13.17,18.08,8.08,9.58,8.42,8.83,13.08,9.5
"YHL047C",8,8.5,5.5,9.5,7.5,9.5,12,4.5,3.5,4.5,4.5,4
"YHR175W-A",1,1,0,2,0,0,1,0,4,1,2,1
"YHR003C",11,22,22,6,2,4,13,26,13,18,27,30
"YHL032C",10,6,7,24,13,19,20.33,8,8,7,13.07,10
"YHR154W",7,13,7,16,5,5,20,23,28,22,26,23.06
"YHR031C",21,12.25,10,8,5,1,11.79,10,11,18,10,13
"YHL042W",1,3,0,1,1,0,1,0,0,1,0,0
"YHR022C-A",0,0,0,0,0,0,0,1,0,0,0,0
"YHR180C-B",0,0.33,0,0,0,0,0,0.33,0,0,0,0.17
"YHR106W",13,5,11,10,7,13,3,7,7,7,4,7
"YHR186C",27,22,21.12,19,20,19,33,32,33,25,44,26
"YHL029C",14,18,28,14,8,8,17,25,22,36,23,27
"YHR048W",11,4,3,5,3,2,6,4,8,3.5,8,6
"YHR039C-A",33,41,40,6,4,5,29,41,36,37,35,32
"YHR073W-A",2,0.5,2.5,0.5,1,0.5,1,1.5,1.5,0.5,0,1.5
"YHR035W",4.5,2,5,1,1,6,2,4.17,3,2,2,5
"YHR165C",90.5,90,92.5,35,19.5,25.5,74.42,104,88,81,106.25,108.06
"YHL006C",2,1,0,0.07,0,0,0,1,3,0,1,1
"YHL025W",8.25,5,8.25,4,4,2,5,5,5,13,11.5,8
"YHR172W",2,2,9,1,0,2,5.5,14,11,10,11,13
"YHR002W",2,3,4,5,3.17,5,1.17,4,4,5,2,4
"YHR016C",4,12,6,7,2,6,9,9,6,8,4,10
"RUF5-2",24.25,23.5,27.5,55.08,34.17,41.33,14.58,18.08,13.92,19.33,25.08,22
"YHR079C",31,27,33,17,8,10,26,23,19,33,28,36
"YHR169W",17,17,20,5,2,3,11,15,18,22,21,26
"YHR054C",12,9,13.5,11,7,7,10,7,8.5,7.5,12.5,15.5
"YHR065C",25,19,31,9,5,2,25,36,23,29,30,35
"YHR088W",16.5,16,12,1,0,3,20,19,13,16,19.5,24
"tH(GUG)H",4.98,4.98,4.43,6.81,2.97,1.86,2.43,2.57,1.71,2.29,3.57,2.71
"YHR093W",0,0,0.08,1,0,0,0,1,1,3,2,0
"YHL036W",3,2,4,24,19,30,0,2,2,6,3,3
"YHR100C",7,1,5,6.25,2,2,8,10,2,4,9,7
"YHR105W",0,1,2,1,0,0,8,1,2,2,0,3
"YHR056C",23.17,22,22,23,12,10,20.61,24.61,23.5,14.5,26,30
"YHR135C",23.83,35,33,19,14,21,30,31,26,36,38,33.5
"YHR180W",2,3,1,4,1,2,0,1,0,1,2,2
"YHR086W",8,4.25,10,4,7,6,12,10,12,7.5,6,13
"YHR146W",13,9,17,17,18,28,23,19,18,36,24,16.33
"YHR195W",12,4.25,15,11,6,5,8,9,9,14,20.25,18
"YHR119W",18,26,25,14,12.5,7,25,29,27,37,33,32
"YHR033W",2,6,11,1,2,8,8,7,2,7,9,7
"YHR024C",25.25,19,16.75,11,1,5.25,32,24,15.2,24,32,27.25
"YHL043W",1,1,3,0,1,0,1,0,1,2,0,2
"YHL039W",20,14,17,4,7,5,11,21,16,18,29,13
"YHR059W",6,5,2,1,0,1,7,3,2,7,3,6
"YHL048C-A",0,0,0,0,1,0,0,0,0,0,0,0
"YHR026W",24,25,14,0,4,4,27,28.17,23,24,31,25.5
"YHR160C",0,5,1,11,2,5,3,1,4.08,1,2,2.1
"YHR085W",5,14,9,1,3,0,6,10,9,8,9,8
"YHR113W",19,13,14,10,2,7,18,16,14,17,17,16
"YHR175W",3,3,3,0,2,0,5,3,4,7,6,4
"YHR148W",9,13,15,2,0,2,12,10,9,7,13,19
"YHR208W",128,117,131,26,18,18,89,122,92.5,148,158,174
"YHR001W",9,8,18,4,7,1,7,5,13,10,15.5,11
"YHR131C",15,16,9.5,15,5,6,6,13,11,14,11,9.5
"YHR049C-A",4,5,6,2,4,1,3,1,5,3,7,6
"YHR086W-A",0,0,0,0,0,0,0,0,0,0,1,0
"YHR141C",90,91,108,6,7,4,108.5,107.5,87,119.5,117.25,129.5
"YHR170W",39.75,27,45,7,3,1,38,53,41,39.5,64.75,77
"YHL021C",17,18,18,75,64,81,14,21,14,15,14,12
"YHR078W",22.5,23.5,22,21,8,13,18,8,16,16,24,19
"YHR007C-A",2,5,2,1,1,2,3,1,2,1,1,2
"YHL044W",5,1,3,2,2,0,1,5,2,0,1,2
"YHR214W-A",2.5,1.5,0,3.25,1.25,4.5,0.5,2.75,2.5,3.75,1.5,2.5
"YHR161C",14,17,13,21,10,17,13,12,9,12,20,17
"YHR074W",24,25,21,13,3,6,27,37,30.5,34,33,36
"YHR164C",24,18.5,17,14,14,13,18,21,10,24,16,20
"YHL006W-A",0.5,2,3.5,1,0.33,0.5,2.5,1,3,4,4.5,4
"YHR204W",22.25,15,16,7,4,5,18,28,19,12,24,21
"YHL002C-A",3,2.5,2.5,1.5,0.5,0.5,2,1.5,0.5,3,0.5,2
"YHL030W-A",1.5,1,4,0,1.5,0,2,1,2.5,1,3,2.5
"tF(GAA)H2",1.23,0.98,0.81,0.33,0.5,0.33,0.17,0.79,0,1.17,1.14,1.08
"YHR163W",26,31,27,4,3,4,33,24,27,27,23,35
"YHL046C",0.28,0,0.5,1.2,0.12,0.25,0,0,0.45,0.11,0,0.1
"YHR056W-A",0.17,1,0.5,0,0,0,2.61,1.61,1,1,1.5,2.5
"YHL004W",19,15,23.5,3,5,2,15,18.5,13,17,17.5,16
"YHL009C",7,4,6,5,2,1,4,6,4,3,5,3
"YHR138C",8,8,5,16,13,15,6,4,1,5,3,3
"YHR166C",4,6,10,0,2,3,5,6,8,4,5,9
"YHR151C",5,8,2,2,5,2,8,9,11,9,10.25,6.33
"YHL014C",6,5,5,0,2,2,3,4,2,6,4,4
"YHR021C",106,99,101,12,7,4,88,111.5,89,119,127,130
"YHR198C",10,8,7,6,2,3,4,9,3,10,5,5
"YHL034C",36,35,35.5,8.17,3.5,2.5,41.83,45.5,38,48.83,40.83,55
"YHR124W",6,4,5,2,0,1.25,3,8,6,2,6,8.06
"YHR011W",3,2,3,0,1,1,9,6,6,8,8,8
"YHR096C",7,2,5.5,50,29.5,44,3,5,2.5,2.5,1.5,3
"YHR185C",0,0,0,0,0,0,0,0,0,1,0,0
"YHR190W",57,60,48,29,23,30,43,55,42,50,42,50.5
"YHR075C",3,2,5.5,1.5,0,2,2,4,3,1,4.33,2.05
"YHR117W",24.06,23,26,8,12,9,23.25,18,24,28,36.5,23
"YHR109W",9,6,5,1,2,2,5,5,4,3,6,11
"YHR207C",10,8,10,14,2,11,8,13,12,9,12,13
"YHR132W-A",4,3,7,3,1,2,0,3,3,6,10,4
"YHR015W",7,7,6,1,2,3,3,4,3,4,2,3
"YHL015W",148,142,138,16,19,12,188,194,156,196,215,214
"YHR090C",3.08,2.17,4,3,0.5,1.25,3.25,8,7.5,4.5,4.1,3.25
"YHR189W",1.06,2,2,1,2,0,0.17,2,0,1,1,0
"YHR001W-A",8,6,4,7,5,4,7,10,6,7,7,5
"YHR070C-A",4.5,3,2.5,2,1.5,0,4,3.5,2,2.5,2,2
"YHR108W",42,26,30,13,15,17,37,46,37,36,36,50.56
"YHR006W",12,13,17,14,10,9,16,24,16,25,27,19
"YHR147C",6,5,7,6,0,3,4,11,10,13,12,8
"YHR180W-A",0,0.33,0,0,0,0,0,0.33,0,0,0,0.17
"YHR092C",75.5,66,83.5,106.5,73,67.58,35,34.5,28.75,38.75,35.5,50
"YHR080C",30,23,25,29.23,21,17,13,27,17,25,27,26
"YHL045W",0,0,0,0,1,1,0,0,0,0,0,0
"YHR022C",5.5,6,4,6.5,1,1,0,0,1,4,0.5,1.5
"YHL027W",16,18,22,4,4,4,23,17,19,15,24,23
"YHL003C",22,11.25,9.25,0,1,1,20.25,14,15,22.25,23,19
"YHR070W",13,12.5,14,1.75,2.5,2.5,14,15.5,15.5,9,19.5,13
"YHR150W",3,2,3,2.25,3,2,7,5,9,3,5,5
"YHR133C",8,12,13,3,2,5,12,9,10,15,15,14
"YHR215W",29.12,23.67,31.17,4.67,2.5,4.5,17.17,23,14,20.17,21.83,21.94
"YHL020C",9,10,6,5,1,4,4,8,8,7,13,3
"YHR101C",5,6,3,2,1,3,1,1,3,2,1,6
"YHR046C",11,11,12,3,1,5,11,13,7,8,15,16
"YHR095W",0.06,0,0,1,0,0,0,0,0,1,0,0
"YHR182W",5,13,14,7,6,4,9,9,14,9,21,12.1
"YHR098C",58,56,49,30.25,32,24,46,66,41,48,56,66.1
"YHR145C",0.6,0.51,0.37,0.16,1,0.61,0.35,0.51,0.14,0.44,0.06,0.4
"YHR120W",13,7,13,5,7,2,19,16,10,22,15,20.17
"YHL030W",43,49.5,55,16,18.25,11.25,50.67,51.25,46.2,45.5,67.25,59
"tV(CAC)H",7.5,6,7.67,6.17,5.33,6.33,6.67,6.5,3.5,3.5,5.5,7
"YHR051W",23,19,22,25,21,17,16,13,21,14,17,13.17
"YHR130C",0,1,0,2,0,1,0,2,0,0,0,1
"YHR149C",7,7,8,3,7,8,19.25,26,20,20,18,20
"YHR127W",1,1,6,0,0,3,2,5,5,9,9,5
"YHR194W",5.06,3.5,4.5,2.17,4.5,8.5,6.67,6,6,8.5,5.5,6.25
"YHR213W-A",0.33,0.5,0,0,0.5,0,0,1,0.5,0.5,0.5,1.5
"YHR032C-A",0.5,0.5,0,0,0.5,0,2,1.5,0,0,1.5,1
"YHR203C",231,237,257,24.5,17,9,260,267,228.5,257.5,288,275.5
"YHR168W",2,7,6,4,3,0,6,5,4,6,9,6
"YHR167W",1,2,3,0,1,2,5,8,4,3,8,2
"YHR050W",9,9,13,4,3,3,14,22,12,11,17,12
"YHR112C",8,11,15,23,17,15,14,16,11,9,12,7
"YHR027C",85,102,97.08,41,30,37,116,92,111,117,124,113.5
"YHR214C-E",0.5,0,0,0,0,0,0,0,1,0,0,0
"YHR214W",3,4.5,1,5.5,4,2,2,1.12,1,4.5,1.5,3.5
"YHR188C",37,38,40,30,19,13,28,49,38,23,29,36
"YHL023C",20,22,14,15,4.5,13,16,31,18,24,20,18
"YHR099W",152.75,143.2,154.62,34.07,24.67,27,213.5,219,200,179.33,262,248.5
"YHR196W",26,32,25,3,0,5,28,31,21,35,52.5,47.06
"YHR177W",0,2,3,2,8,3,4,3,2,3,2,3
"YHR174W",1586.14,1619.5,1700.8,401.17,267.5,295.75,1404.94,1520.94,1270.5,1642.5,1956.75,1854.83
"YHR199C-A",0,0,2,1,1,0,0,0,0,0,2,1.5
"YHR034C",3,3,3,3,6,4,8,3,5,4,4,1
"YHR179W",140,100,145,147,121,112,106,113,87,123,138,143
"YHR014W",1,4,0,2,2,1,1,0,2,1,1,2
"YHR171W",3,1,1,6,4,4,3,1,5,5,6,6
"tF(GAA)H1",1.23,0.98,0.81,0.33,0.5,0.33,2.17,0.79,0,1.17,1.14,2.08
"YHR121W",18,13,16,5,3,7,13,10,9,9,16,14
"YHR116W",2,3,3,0,0,2,3,3,0,3,2,3
"YHR087W",6,5,3,60,50,48,5,10,5,2,8,9
"YHR176W",3,1,1,4,1,2,2,5,3,3,4,2
"YHR173C",1,0,0,0,0,1,1.5,1,0,0,3,1
"YHL010C",8,5,6,10,3,7,7,1,7,8,13,12
"YHR102W",21,24,34,30.12,22.5,24.75,27,23,26,20,37,31
"YHR063C",22,16,18,3,1,6,9,30,14,14,24,20
"YHR050W-A",1,0,0,1,0,0,0,1,0,0,0,2
"YHR137C-A",3.5,3.5,1,2,0.5,1.5,1.5,5,1,2,2.5,3
"YHL017W",12,8,20,6,7,7,20,16,13,16,18,22
"YHL035C",21,23,22,84,74,77,23,23,24,23,28,17
"YHR043C",13.5,8.5,9,7.5,7.5,4,3,9.5,5.5,3,5.5,4
"YHR115C",14,12,23,4,9,9,17,21,18,20,21.05,21
"YHL007C",48.5,25,30.5,13,10.33,13.5,36.5,52,32,43,57.5,64
"YHR018C",22,36,38,31,25,29,37,26,17,26,26,23
"YHR076W",7,5,10,8,2,2,11,9,9,10,10,7
"YHL019C",3,6.5,7.5,8.4,3,3,8.5,8,9,6,10.5,4
"YHR061C",3,2,2,2,1,0,6,5,3.25,3,3,6
"tV(AAC)H",0,0,0,0.11,0.5,0,0,0,0,0,0,0
"snR32",136.5,150,146,160,123,106.75,114.5,129,118,113,120,111
"YHR068W",35,33,27,7,7,10,25,41,28,33,54,43
"YHR218W-A",0.55,0.6,0,0.1,0,0.35,0.65,0.45,0.3,0.6,0.6,0.45
"YHR037W",31,27,13,22,16,16,15,28,22,11,23,17
"YHR012W",17,19,4,4,1,1,5,8,5,7,14.5,11
"YHR144C",6,3,3,2,0,0,3,6,4,10,8,12
"YHR077C",29.61,30.17,36,11,6,12,30,26,26,32,34,33.5
"YHR156C",5,5,8,8,5,5,2,7,6,1,10,2
"YHR217C",0,0,0.27,1.12,0,0,0,0,0,0,0,0.38
"YHR036W",4,8,10,2,1,2,6,8,14,10,3,3
"YHR091C",9,11,15,5,3,3,14,12,7,15,11,21
"YHR052W",29,38,29,22,10,9,31.5,46,39,45.5,61,55
"YHR123W",8,10,7.12,1,4,3,10.75,17,9.5,7,14.5,9
"YHR009C",45,34,33,18,15,11,34,44,37,24.67,28,42
"YHL018W",1,1,0,0,0,1,1,0,0,0,1,2
"YHL012W",2,1,1,2,0,0,2,7,2,1,5,5
"YHR211W",12.92,18.41,16.79,65.08,34.46,54.37,10.25,16.83,13.5,18.62,18.05,14.95
"YHR155W",35,30,37,22,21,10,39,30,24,29,42,27
"RUF5-1",24.25,23.5,27.5,55.08,34.17,41.33,14.58,18.08,13.92,19.33,25.08,22
"YHR139C",0,0,1,1,1,0,0,1,0,2,1,1
"YHR032W-A",0.5,1.5,0,0,0.5,0,2,3.5,0,2,1.5,1
"tA(AGC)H",1,0,0,0,0,0,0,0,0,0.25,0,0
"YHR210C",2,1,3,1,1,2,0,2,0,0,2,0
"YHR072W-A",11,14,18,2,0,1,12,27,11,19,26,19
"YHR140W",3,0,1.08,1,3,0.25,3,2,3,1,1,2
"YHR044C",4.5,3.5,3,4.5,3.5,5,2,5.5,2.5,2.17,3.5,2
"YHL016C",3,2,1,1,0,2,1,5.25,3.2,3,1,3
"tP(UGG)H",2.22,1.72,1.66,1.42,0.89,1.19,2.33,1.16,0.43,2.13,1.82,2.66
"YHR202W",5,4,9,7,2,3,4,3,8,5,3,5
"YHR019C",126,123,122.58,34,14.75,14,120,132.5,121,114,149.75,141
"YHL034W-A",12,11,11.5,2.17,0.5,0.5,14.83,15.5,14,19.83,17.83,13
"YHR213W-B",1,1.5,0,0.5,0.5,0.5,0.5,0,0,0,0,0.06
"YHR104W",57,44,32,151,119,103,18,22,22,24,10,17
"YHR083W",11,5,5,3,3,7,6,11,6,12,13,8
"YHR165W-A",2.5,4,2.5,0,0.5,0.5,2.5,0.5,2,1,4,2
"YHL022C",1,1,1,5,0,3,1,0,2,2,0,0
"YHR032W",24,21,18,7,2,0,23,25,12,20,30,25
"YHR008C",25,23,28,49.11,36.25,60,18,22,20,18,22,20
"YHL038C",17,6,8,7,4,7,7,9.25,13.2,13,10,12
"YHR071C-A",5.5,1,1,1,0,0.5,0.5,2,2,0.5,2,1.5
"YHR081W",6.5,4,3,0,2,1,8,3,9,7,5,5
"YHL050W-A",0.27,0.56,0.77,0.1,0.1,0,0.8,0.8,0.57,0.32,0.62,1.21
"YHL028W",0,4,8,22,12,19,5,4,2,2,6,3
"YHR073C-B",0,2,0,0.5,0,0,0.5,1.5,3,0,0.5,1
"YHL033C",138.5,141.5,115,18,9,8,135,129,107.33,126.33,182.5,143.5
"YHR066W",33,22.5,24.5,0,3.5,1.5,22.5,23.5,23,11,29.5,34.5
"YHR029C",10,9,9,0,0,0,9,14,5,4,6.5,13
"YHR178W",2,9,1,1,3,3,2,2,2,7,5,4
"YHR063W-A",25,26.5,30.5,6.61,4,4.5,15.5,25.5,24,22.17,22,26.5
"YHR040W",11,8,9,5,4,2.25,12,9,5,5,14,10
"YHR192W",11,5,7,4,4,4,9,10,6,6,6,6
"YHR017W",4,8,14,8,5,5,9,5,2,10,7,10
"YHR004C",4,7,9,3,6,3,5,8,7,8,7.5,10
"YHL040C",6,5.5,6,2,2,5,4,7,9,11,18,11
"YHR191C",6,3,12,0,3,7,8,7,6,5,11,6
"YHR201C",13,17,18,3,3,2,20,21,14,13,19,14
"YHR103W",32,28,34.5,20,10.12,14.5,42.5,44.12,35.5,30.5,36,57.75
"YHR213W",0.7,0.83,0.33,0.67,1.03,2.37,0,0.33,1.17,0.5,0.75,0.5
"YHR153C",0,0,0,0,0,0,0,1,0,0,3,1
"YHR082C",87,72,89,112,72,85,62,87.33,59,67,89,76
"YHR069C-A",3.5,2.5,3.5,0.5,0,1.5,2,2,2.5,0.5,1.5,3
"YHR020W",105,122,101,21,20,15,105,107,94,131,135,149.33
"YHR057C",13,8,15,1,0,3,11,7,11,11,7,7
"YHL024W",5,12,9,42,37.62,35,11,10,5,8,6,12
"YHR128W",48,60,43,10,4,4,42,28,34,44,54,57
"tQ(UUG)H",1.61,1.43,0.41,1.75,0.96,1.45,0.98,0.57,0.25,0.12,0.27,0.25
"YHR047C",55,49,56.62,18,9,15,39.75,54,47,35,60,48.25
"YHL026C",4,4,2,1,1,1,6,2,3,1,5,3
"YHR197W",38,23,42,4,3,6,24,33,30,21,33,36
"YHR028C",52.5,43,37,23,13,13.5,49,58.5,49.5,33.08,53.74,34.5
"YHR134W",7,7,7,5,0,4,7,7,5,8,7,6
"YHR122W",6,7,6,1,2,0,8,8,3,9,6,10.17
"YHR067W",12,11,6,2,3,1,1,3,6,4,4,5
"YHL037C",0,0,0,0,0,0,0,0,0,0,0,0
"YHR013C",15,12,10,7,4,0,11,17,7,12,20,20
"YHR137W",15.5,9.5,6,19,6.5,15.5,11.5,14,10,14,10.5,24
"tT(AGU)H",0,0,0,0,0,0,0,0,0,0,0,0
"YHR158C",19,18,22,10,8,10,34,32,28,35,33,30.1
"YHR038W",6,9,6,2,1,0,7,2,3,0,2,3
"YHR042W",69,79,69,26.5,17,12,84,92.75,63,59,96,84
"YHR028W-A",0.5,0.5,0.5,1.5,0,0,1,0.5,0.5,0,1,0.5
"YHL049C",0.28,0.42,0.27,0.37,0.4,0,0.89,0.92,0.66,0.34,0.37,0.99
"YHR041C",4,5,6,1,1,1,5,6,8,3,4,5
"YHR069C",15,18,11,5,4,1,21,17,13,18,21,27
"YHR200W",17,15,17,2,5,2,24,22,12,15.5,17,14
"YHR053C",8,9.25,9.75,18.33,10.67,17.08,6.33,7.33,7.17,7.83,11.33,8
"YHR218W",0.97,0.87,1.35,0.81,1.22,0.62,3.01,2.59,2.04,1.15,0.38,1.38
"YHR021W-A",1.5,3,4,1.5,0,1,1,0,0,2,0.5,2.5
"YHR114W",18,19,18,8,4,7,10,21,18,20,13.5,16
"YHR039C",66,48,65,183.5,138,152,52,65,50,31,51,46
"YHL019W-A",2,1.5,1.5,2.4,2,2,1.5,2,3,1,3.5,2
"YHR152W",6,11,11,3,3,2,13,6,9,6,10,3
"YHL046W-A",1,1.5,0.5,2.5,2.5,0.5,0,2.5,0.5,0.5,2.5,0
"YHL011C",41,35,38,12,4,6,42,33,34,42,48,71
"YHR129C",11,5,5,1,0,1,6,10,4,6,5,6
"YHR199C",8,14,12,12,13,11,8,10,7,7,9,10
"YHR159W",4,5,7,3,1,3,7,9,8,6,4,7
"YHR193C",107,91,104,13,5,11,93,134,85.5,82,116.5,103
"YHR030C",38,43,66,66,35,40,46.12,74,59,51,45,47
"YHL050C",1.32,2.47,2.6,2.39,1.69,1.05,3.78,2.5,1.98,3.44,4.29,3.04
"YHR162W",25,24,21,12,5,10,15,22,25.75,30,36,29
"YHR089C",31,22,31,1.42,4,4.25,26,31,23,45,44,41
"YHL005C",2,0,0.5,1,0,0,0,0.5,0,1,0.5,0
"YHR010W",178.5,165,172,13.5,15,14,164.5,185,115,165,208.5,165.5
"YHR079C-A",1,0,0,0.5,3,2.25,1.5,1,0.5,0,0.5,0.5
"YHR212C",0.33,0.5,0,0.83,0,0,0,0,0.33,0.33,1.17,0
"YHR005C",37,28.5,31,2,4,2,15,33,21.5,22,28,28
"YHR187W",7,5,5,6,1,3,13,13,8,10,9,10
"YHR183W",143.67,143.5,146.5,21,27.5,29.5,114,144,116,84,93,100.5
"YHR205W",67,52,66,37,22,25,58,84,49,70,85,77
"YHR139C-A",1,1,0,1,0,0,1,0,0,0,1,0
"YHR111W",9,12.25,11,3,4,3,7,7,9,10,14,8.06
"YHR049W",50,47,41,20,17,10,25,26,20,36,32,23
"YHR131W-A",0,0,0.5,0,0,1,0,0,0,0,1,0.5
"YHR072W",34.5,39.5,41,18,13,10.5,49.5,46,39,43.67,46,42.5
"YHR209W",15,22,11.5,62,25,43,11,19,14,9,13,6
"YHR107C",21,26,23,4,2,4,21,32,20,27,24,30
"YHR071W",27,26,32.75,18,31,17,20,22,18,16,22,21
"snR71",0,0,1,0,0,1,2,0,0,0,0,1
"YHR216W",10.67,7.33,11.17,19.83,19.67,12.17,21,16.5,14.5,8.83,13.17,6.33
"YHL013C",15,4,5,2,4,1,9,11,8,8,10,7
"YHR060W",5,6,3,1,0,2,3,9,5,2,8,8
"YHR143W-A",13,7,4,2,1,3,6,11,6,6,8,7
"YHR142W",14,21,23,20,13,17,13,20,21,9,20,16
"YHR058C",4,4,9,4,3,4,10,8,6,8,6,10
"YHL008C",2,4,4,6,3,5,5,1,1,2,2,6
"YHR054W-A",10.25,10.25,11.25,22.08,13.17,18.08,8.08,9.58,8.42,8.83,13.08,9.5
"YHR118C",5,5,11,7,1,2,4,5,8,10,13,9
"tT(UGU)H",0,0.33,0,0,0,0,0,0.33,0,0,0,0.17
"YHL048W",13.21,16.7,11.61,17.08,12.17,8.29,10.17,9.04,11.41,8.5,5.96,7.89
"YHR157W",1,1,0,0,0,1,1,0,0,2,0.05,4
"YHR110W",7,4,7,2,0,2,6,8,8,11,10,8
"YHR023W",30.75,27.5,27.18,12,13,18.5,53,57,45.2,43.5,65,49.5
"YHR062C",5,7,10,3,0,2,13,10,8,18,15,10
"YHR219W",1.36,1.1,0.88,1.65,0.99,1.24,1.23,1.68,0.72,1.81,2.41,2.39
"YHR136C",6,6,11,3,2,0,4,4,3,9,6,6
"YHL001W",85,69.5,73,6.5,6.5,5,78.5,101,68.5,82,97.5,92.75
"YHR181W",8,4,8,2,2,1,10,7,7,5,6,6
"YHR214C-B",184.37,185.53,209.2,197.72,131.27,146.79,121.38,145.54,114.25,195.12,225.43,213.88
"YHL009W-B",5.33,11,5.33,7.67,2.25,3.75,6.33,6.67,6.67,4.17,8.5,8.92
"YHR214C-C",10.55,8.92,10.31,9.75,5,6.75,5.81,14.55,7.83,10.56,13,12
"YHL009W-A",0.67,1.5,0.17,1,0.58,1.42,1,0.67,0.33,0.33,0.33,0.92
"YIR015W",5,5,2,1,1,3,0,1,2,3,2,6
"YIL156W-A",0.5,2,1,1,1.5,0,1,1,1,1.5,0.5,2
"YIL115W-A",3.5,4,2,3.5,2,2,5.33,7,5,2.5,4,5
"YIL086C",0.5,0,1.5,1,0,0,1,1,0,1,0,3.5
"YIL156W-B",7,4,0,0,0,1,1,3,4,4.5,5,2
"tT(AGU)I2",0,0,0,0,0,0,0,0,0,0,0,0
"YIL146C",5,3,4,5,11.25,10,3,4,1,4,5,4
"YIL010W",16,5,19,2,10,4,5,10,5,9,17,6
"YIL117C",20,18,30,16,19,14,13,17,14,18,17,12
"YIL050W",3,5,6,10,4,3,3,10,6,7,10,8
"YIL107C",23,22,22,84,67,62,17,16,16,12,13,15
"YIL150C",8,5,7,7,2,5,5,13,11,10,6,12
"YIL165C",1.5,2,0,0,0,1,1,0,0,1,1.5,0
"YIL045W",2,3,2,14,7,13,4,4,0,1,6,2
"YIL126W",38,30,43,13,9,14,47,56,40,56,68,67
"YIL158W",1,3,3,0,0,0,2,7,0,4,10,6
"YIR018W",7,1,1,2,1,1,6,4,5,2,3,4
"YIR039C",4,7.5,9.5,33.17,21.5,25.5,5,5.5,4,7,7.5,4.17
"YIL082W",2.75,3.5,3,2.25,2.25,2.75,1.58,1.5,1.75,3,4,2.5
"YIL056W",25,17,21,11,14,12,18,33,17,23,26,24
"YIL161W",5,10,7,1,2,2,4,7,5,5,2,6
"tS(UGA)I",3.83,3.25,3.92,4,2.08,1.25,2,3.11,1.33,3.33,6.17,7.13
"YIL119C",3,6,2,6,7,6,10,1,3,5,4,2
"YIL016W",9,2,6,1,2,1,8,9,1,3,4,4
"YIL144W",6,10,7,6,9,11,8,11,9,13,11,9
"YIL026C",19,13,11,8,7,3,18,25,25,23,28,13
"tD(GUC)I1",0.5,0.38,0.25,0.12,0.5,1.54,0.25,0.29,0.12,0.25,0.38,0.25
"YIL163C",0,1,0,0,0,0,2,0,1,1,3,0
"YIL139C",7,3,4,2,2,3,7,1.5,2,5,4,8
"YIL171W",0,0,0.33,4,1,0,0,2.5,0.33,0.33,1.5,1
"YIL068C",20,11.5,16.5,8,3,1,13,12.5,12.5,18.5,24,10
"YIL065C",1,8,7,2,4,3,5,5,7,5,4,5
"YIL098C",6,2,7,1,0,0,2,3,3,5,5,5
"YIL141W",0.5,0,1,0.5,0.5,0.5,0,0,0.5,0,1,1
"YIL009W",20,15,20,9,3,5,26,35,21,22,19,23
"YIR021W-A",0,0,0,0,0,0,0,0,0,0,1,0
"YIR020C-B",1,5,3.5,0,0,0.5,1,2.5,2,1,2.5,1.5
"YIL044C",12,6,10,2,5,5,9,15,16,14,6,17
"YIR020W-A",0,0,0,0,0.5,0,1,0.5,0,0,0,0.5
"YIR004W",14,18,19,4,3,2,17,12,10,23,16,14
"YIL092W",7.17,3.83,9,3.06,0,1.5,4.5,10,6,3,4,8
"tD(GUC)I2",0.5,0.38,0.25,0.12,0.5,0.54,0.25,0.29,0.12,0.25,0.38,0.25
"YIL136W",8,10,15,176,140,120,10,13,8,6,9,5
"YIR022W",11,10,10,3,2,0,3,10,6,9,7,7.17
"YIL002W-A",6,10,6.5,4,1,2,6,7,3,9,14,9
"YIL066W-A",0,0.5,0.5,0.5,0,0.5,1,2.5,0,1,0.5,1
"YIL133C",75,81,82,11.5,2,6,96,95.75,97,99,156.5,124
"YIL123W",106.75,112,99,34,15,21,87,110.5,93.5,86.5,99,112.83
"YIR001C",10,13,9,12,9,6,6,7,11,11,9,6
"YIL153W",5,9,8,7,5,6,10,11,7,6,7,4
"YIR002C",16,19,20,23,14.07,14,21,20,16,21,29.25,19
"YIL108W",37,50,44,65,43,33,25,29,21,17,35,18.75
"YIR023C-A",1,1.5,4.5,1,0,0,1,1,3,5,4,1
"YIL067C",11,6.5,5.5,6.5,6,5.5,7,7.5,4,4,9.5,9
"YIR019C",6,10,1,7,2,3,4,4,6,3,11,8.4
"YIL028W",1,1,1,1,0,1,0,0,1,1,1,0
"YIL134W",3,3,4,1,1,1,5,3,5,6,10,6
"YIL159W",18.75,9,9,22,17,8,23,23.5,19.17,17.08,21,19
"YIL011W",5,2,11,3,9,6,0,2,1,0,1,3
"YIL110W",12,7,9.25,3,4,1,7,19,9,10,19,14
"YIL131C",7,3,9,3.5,2,2,7,6,9,15,10,11
"YIL128W",24,38,41,7,9,9,24,38,28,27,36,37
"YIL064W",7,15,8,0,2,1,12,15,9,9,14,13
"YIL071C",3,2.5,4.5,5,4.07,4.5,3,2,6.5,7.5,1.75,3.5
"YIL147C",34,34,33,20,16,8,39,33.75,42,35,44,43
"YIL149C",39,43,40,13,10.25,7,49,56,37,51,64,68
"YIL106W",5,8,7,6,3,2,9,12,8,11,11,12
"YIL005W",26,9,29,12,9,9,8,18,15,16,19,39
"YIL169C",39.5,42.17,56,16.75,24.25,22.67,61,61.25,51.5,46.92,51,63.5
"YIL004C",4,0,4,1,1,0,2,4,5,5,4,7
"YIR014W",2,2,1,1,3,0,0,1,0,2,2,2
"tE(CUC)I",48.25,58.11,45.81,33.67,29.36,20.33,41.25,36.67,28.08,38.33,42,64.69
"YIR033W",31,40,43,28,14,10.85,39,45,32.5,44,66.5,61.67
"YIL105C",6.5,6,7.5,6,5,4.33,5.5,16.5,10.5,11,9.5,10.5
"YIL057C",0,0,0,6,3,7,0,0,0,0,0,0
"YIL017C",7,7,3,23.17,13,14,11,5,7,11,8,9
"YIL132C",0,1,0,2,0,1,3,1,0,2,2,2
"YIL070C",8,10,12,4,1,2,9,11,10,10,14,16
"YIL051C",31,35,49,13,9,6,37,39,37,29,56,43
"YIL118W",15,17,2,2,4,0,12,22,14,18,30,19
"YIL097W",5,3,5,6,2,8,6,3,3,6,4,2
"YIR034C",17,10,20,57,42,32,9,10,10,8,11,9
"YIL109C",106,87,113,182,142,139,92,107,83,80.08,108,101
"YIL102C-A",3,0,0,0,0,1,1,1,1,4,0,1
"YIL105W-A",0.5,0,1.5,1,1,0,0.5,0.5,0.5,0,0.5,0.5
"YIL084C",6,7,8,2,3,2,6,5,3,5,8,8
"YIL039W",24,22,19,11,5,4,36,45,23,19,26,27
"YIR003W",7,17,14,12,14,13,11,14,15,5,12,16.5
"YIR031C",6.5,4.5,5,6.5,4.5,4,13,3,6.5,4.5,9.5,11.5
"YIL074C",22,17,29,8,8.5,4.5,15,16,19,27,27,12
"YIL022W",44,27,41,13,14,5,34,42,29,28,35,47
"YIL030C",48.5,50.5,47,6,3,13,68.5,56.5,47,56.5,63.75,60.5
"YIL140W",31.5,21,23,21.5,14.5,18.5,24,30,25.5,22,18,16
"YIL031W",19.5,20.5,19.5,22.5,6,16.67,21,17,20,15.33,23.5,19
"YIL014W",19,19.5,21,11,7,9,14,22,17,10.5,17,17
"YIL137C",22,25,27,32,16,35,32,27,31,27,35,26
"YIR037W",22,29,24,12,8,3,17,32,9,19,28,12
"YIL127C",11,17,13,1,2.07,2,17,16,7,9,17,13
"YIL143C",27,21,18,12,11,13,18,27.5,17,23,25,16
"YIL079C",5,3,13,2,2,3,10,20,10,7,7.25,16
"YIR008C",7,6,6,6,0,3,8,15,10,5,16,11
"YIL040W",3,4,6,1,1,0,8,6,1,7,7,9
"YIL129C",56,52,62,31,22,31,47.25,79,49,67,73,68.5
"YIL100C-A",0,0,0,1,0.5,0.5,0,1,0,0,0,0.5
"YIL124W",21,23,18,5,4,3,9,16,11,9,13,12
"YIL042C",6,6,4,3,2,1,7,6,5,3,3,5
"YIL115C",67.5,51,47,33.5,26,27,63.33,80,55,50.58,64,68
"YIL035C",15,16.08,18,4,5,3,21,12,16,19,20,16.75
"YIL176C",0.11,0.83,0.12,0.2,0.07,0.4,0,0.77,0.45,0.64,0.83,0.1
"YIL006W",1,4,1,3,0,1,3,4,1,3,4,0
"YIL048W",35,28,23,31,8.75,12,35,30.33,23,36,33,44
"YIL066C",4,6,7,9,2,4,7,3,7,4,4,6
"YIR029W",0,0,4,0,1,1,0,1,3,0,0,4
"YIR018C-A",0,0,0,0,1,0,1,0,0,0,1,2
"YIL094C",35,38,57,11,14,11,37,38,27,29,30.75,30
"YIL103W",16,13,12,4,3,1,12,16,14,11,20,21
"YIL155C",13,14,12,79,62,58,6,8.5,9,9,9,10
"YIL152W",0,1,3,6,3,3,4,7,2,3,3,2
"YIL046W-A",0,0,0,0,0,0,0,0,0,0,1,0
"YIL002C",15,21,23,11,12,12,21,30,12,13,13,18
"YIR030W-A",1.5,1.5,1,0.5,0.5,0,2,1,1.5,1.5,1.5,1.5
"YIL047C-A",3,0.5,3,1.5,1,0.5,3,6.5,1.5,3,6,7.5
"YIL156W",21,10,19,9,7,4,20,17.07,18,12.08,14,11
"YIR012W",31,33,34,10,1,8,35,34,40,34,36,39
"YIL112W",28,22,30,26,17,17,19,17.25,16,23,33,32
"YIL025C",0,0.5,0,0,0,0,0,0,0,0,1,0
"YIL175W",0.14,0.95,0,0.77,0.21,0.14,0.14,0.79,0.17,0,0.17,0
"YIL100W",0,0,2,1,0.5,0.5,0,0,0,0,0,0.5
"YIR026C",18,16,14,6,1,4,11,10,14,15,15,12
"YIR025W",7,4,3,0,0,2,6,5,2,3,4,5
"YIR042C",3,3,5,2,1,3,1,3,2,1,4,1
"YIL075C",105,85.5,92,60,34,41,82,112,81,100,106,95
"YIL068W-A",0,2.5,0.5,0,0,0,2,2.5,0.5,2.5,3,1
"YIL063C",8,15,16,9,6,15,17,16,12,13,12,16
"YIL018W",244.17,282.5,286.5,21,7.5,15,257,292,237.5,308,360,306
"YIL027C",5,7,5,0,1,0,4,8,4,4,7,7
"YIL085C",19.5,19,13.5,5,4,3,13,18,20,19,22,18.5
"snR68",4,2,4,4,1,3,0,1,1,4,1,6
"YIL008W",8,4,6,1,0,1,8,8,6,6,6,2
"YIL030W-A",1.5,0.5,0.5,1.5,1,1.5,2,1,0,0,1.5,1
"YIL076W",35,36,43,16,12,17,26,36,25,23,19,31
"YIR036W-A",1.5,0.5,1,0.5,0.5,0,1,0,0,0.5,1,0.5
"YIL029C",1,0,1,1,2,2,2,1,0,0,2,1
"YIR023W",16,10.5,20.5,11,7,8,23,29,22,32,30,31
"tT(AGU)I1",0,0,0,0,0,0,0,0,0,0,0,0
"YIL053W",173,156,181,15,16,8,189,218,157,231,311,240
"YIL101C",9,14,10,46,25,30,12,10,9,7,4,9
"YIL120W",3,5,4,5,2,2,4,6,3,4,5,7
"YIL174W",0,0.17,0,0.5,0.14,0,0,0,0.17,0,0.17,0
"YIL032C",0,0,1,0,0,0,0,0,0,0,1,0
"YIL142C-A",3,3.5,2,0,0.5,0.5,3,3,3.5,2.5,4.5,3.5
"YIL164C",1.5,0.17,0,1.5,0.17,0,0,3,0,3,2.67,2.17
"YIL096C",14,8,8,2,2,4,9,11,2,11,9,10
"YIL160C",0,2,1,14,7,9,1,2,3,0,1,1
"YIL134C-A",0,0,0,0,0,0,0,0,0,0,0,0
"YIL062C",7.5,13.58,20,8.67,4,2,12,18.17,9,16,12,10
"YIL151C",25,28,21,10,8,9,22,33,26,23,29,36
"YIL059C",3,0.5,1,10.25,8,10.5,1,0,0,2,2,1
"YIR030C",1,1,6,0,0,2,1,2,4,4,6,5
"YIL083C",11,8,6,4,1,1,12,10,11,11,13,10
"YIL019W",20,18,14,3,2,1.17,12.25,9,4,15.33,23,15.17
"YIL020C-A",1,5.5,5,2.5,0.5,2.5,5.5,2.5,3,6.5,7.5,2.5
"YIL099W",2,5,7,20,22,12,3,1,1,2,3,1
"YIL093C",10,7,2,4,0,1,6,9,10,6,7,4.25
"YIR024C",4,4,1,2,1,3,1,3,3,6,4,3
"YIL135C",12,8,10,14,1,7,18,14,17,13,9,16
"YIL020C",4,6,10.5,0,0,1,9,8,6,8,6,11
"YIL023C",13,16,20,57,33,35,12,20,8,13,14,12
"YIL177W-A",0.25,0.42,1.16,1.22,0.1,0.42,0.85,0.81,0.29,0.45,1,0.64
"YIL037C",2,3,1,4,2,2,1,0,3,3,0,2
"YIL142W",62,54.5,57,19,10.5,17.5,44,61,41.5,49.5,73.5,60.5
"YIR041W",0,0,0,1.5,0,0.5,0,0,1.5,0,0.17,0
"YIL034C",25,25,18,11,6,6,14,23,14,14,15,19
"YIL073C",11.17,8.33,6.5,0,2,7,3.17,4.17,9.17,3,6,4
"YIL091C",35.5,36,33,5,3,5,36,36,39,47,66,43
"YIL078W",133,117,131.75,29,27,19,131,150.33,121,161,163,157
"YIL052C",106.5,114.5,105.5,6,8.5,5.5,88,111,81,143,129.5,134.5
"YIR017C",0,0.5,1,1,0.5,0,1,0.5,0,2,0.5,0
"YIL125W",61,62,75,126.5,91,95,49,67.5,57,35,56,50.5
"YIL154C",5,4,3,4,1,9,5,10,6,3,8,6
"PWR1",1,0.5,1,0,0.5,0,1.5,1.5,0,0.5,0.5,1
"YIL138C",7,20,11,6,7,7,12,18,12,10,17,21
"YIL130W",21.25,24,22,9,4.5,7,23,40,27,39,54.5,45
"YIL071W-A",1,1.5,0.5,4,1,1.5,0,0,2.5,1.5,0.5,0.5
"YIL043C",35,46,36,8,8,6,31,64,38,46,52,47
"YIR013C",0,0,1,0,0,0,0,0,0,1,0,0
"YIL055C",5,10,5,11,8,5,6,12,6,5,2,9
"YIL014C-A",3,2,1,1,1,1,4,1,2,0,0,1
"YIL049W",5,6,3,3,1,1,3,7,3,7,4,9
"YIL162W",27,20,30,507,343.75,352,10,14,20,26,21,12
"YIL104C",11,12,8,9,5,3,14,13,3,16,10,15
"YIL077C",0,2,2,5,2,2,2,2,3,2,2,8
"YIR032C",1,2,1,0,2,0,2,1,1,2,4,1
"YIL007C",5,2,0,2,2,3,5,5,1,5,3,3
"YIL021W",5.5,9.5,16,2,1,2,11,14.5,7.5,15.5,14.5,11.5
"YIR020C",0.5,0.5,0.5,0,1,0,1,0,0,0.5,0.5,0.5
"YIL038C",39,26,34,20,12,13,30,43,30,22,35,38
"YIR011C",14,11,12,8,5,5,12,16,12,17,20,14
"YIL046W",14,13,10,17,12,12,9,9,12,15,25,14
"YIL157C",4.5,10,8,2,2.5,1,9,9,4,8,7.5,11
"YIL171W-A",0.12,0.62,0.42,7.04,5.46,5.92,0,0.17,0,0,0,0
"YIL121W",7,6,4,10,8,13,2,1,5,5,1,2
"YIL170W",1.83,3.83,0.67,3.67,4.17,2.17,1.33,1.33,1.83,1.33,3,1
"YIR038C",13,9,10,15,8,13,11,11,10,9,7,7
"YIR027C",9,4,4,5,6,4,2,3,1,1,2,1
"YIL088C",15,15,17,12,3,4,15,20,11,19,21,15
"YIR028W",4,4,6,10,5,10,3,4,0,0,3,5
"YIL001W",3.5,3.07,0,1.54,1,3,5.07,11,4.5,3,10,3.17
"tK(CUU)I",0,0,0,0,0,0,0,0,0,0,0,0
"YIL173W",45.33,34.83,42.42,62.58,47,46.03,28,27.33,27.17,21.33,21.33,30.17
"tE(UUC)I",1.96,3.03,0.83,1.1,0.74,0.1,1.03,0.42,1,1.42,0.33,1.42
"YIL177C",15.59,10.01,10.95,10.65,7.12,6.33,20.43,18.36,13.48,10.82,17.12,17.13
"YIL054W",0,0,0,0,0,1,0,0,0,0,0,0
"YIL148W",152.08,175.67,158.83,18,13.33,7.83,179.33,173.5,132,187.17,228.83,168.67
"YIR017W-A",0,0.5,2,1,0.5,0,1,0.5,0,2,0.5,0
"YIL145C",11,20,16,1,4,3,7,14,8,18,20,16
"YIR006C",107,103,110,27,32,29,96,126,91,99,117,114
"YIL013C",13,10,16,26,28,34,14,15,12,10,16,11
"YIL114C",6,5,3,1,4,1,2,7,4,3,9,6
"YIR035C",11,9,10,2,9,9,13,7.5,5,7,7,4
"YIR007W",6,6,7,8,16,14,7,15,7,3,6,1
"YIL113W",1,1,1,0,1,2,2,0,0,0,0,1
"YIL036W",16,8,10,11.5,1,5,19,18,16,12,14,10
"YIR010W",9.67,6.79,5.33,7.67,7.33,9,15.12,12,5.46,11.67,13.58,11.79
"YIL033C",45,40,42,54,41.07,42,36,30,44,25,37,31
"YIR009W",0,2,1,0,0,0,0,3,1,1,2,2
"YIL041W",38,29.08,38,11,5,6,31,35,26,28,41,30
"YIL087C",0,0,0,7,7,3,1,0,0,0,0,0
"ICR1",3.5,6,5.5,3,3,1,6.5,6,2,5,4,6
"YIR036C",3.5,5.5,4,2.5,2.5,1,7,8,4,4.5,8,3.5
"YIL122W",4.25,6,4,3,2,0,1,7,6,3,3,3
"tI(AAU)I2",0,0,0,0,0,0,0,0,0,0,0,0
"YIL021C-A",0.5,1,1.5,0.5,0.5,1.5,1.5,3,2.5,4,2,4
"YIL090W",24,8,23,8,3,3,22,22.25,22,24,18,24.1
"YIL012W",0,1,1,0,0,0,0,1,1,0,0,0
"YIL024C",4,2.5,4,5,1,0,0,2,1,1,1,1
"YIL111W",15,12,11,12,8,8,14,7,14,12,13,11
"YIL095W",14,10,13,10,9,10,10,13,8,9,13,17.25
"YIL029W-A",1.5,0.5,1,0,0,0,1.5,0.5,1,2.5,4,3
"YIL089W",3,0,5,2,3,3,1,2,0,1,2,1
"YIL166C",1,3,3,6,1,2,4,1,7,3,0,2
"YIL060W",2.43,0.79,1.14,7.35,8.83,10.05,1,0.29,0.14,2.39,1,1.12
"tI(AAU)I1",0.17,0.67,0,0,0,1,0,0.17,0,0,0,0
"YIL009C-A",3,5,5,3,0,0,4,2,2,2,5,2
"YIL061C",5,3,2,2,0,1,6,6,4,2,11,8
"YIR040C",1.14,0.29,0.45,0.12,0.29,0.34,0.39,0.14,0,0,0,0
"YIL102C",0,1,0,0,0,0,0,0,0.5,0,0,0
"YIL069C",76.67,86,79,12.5,11.5,4.5,101.5,104.5,82,120.5,118.5,131
"YIR016W",4,10,9,4,2,4,3,2,4,2,1,3
"YIR021W",4,6,4.5,1,0,0.5,2,7.5,5,3,5.5,5.5
"YIL172C",2.79,0.96,3.25,84.87,61.29,65.58,2.17,0.83,1,0,0.33,1
"YIL072W",7.12,5.5,4,8.42,5,14.75,4.5,3.5,3.62,3.25,2.75,3.89
"YIL058W",1,0,0,0,0,0,0,1,0,1,1,1
"YIL047C",36,35.5,27,16.5,9,9.5,40,48.5,31.5,33,46,35.5
"YIL015W",31,26,45,3,3,4,21,35,28,10,33,31
"YIR005W",1,3,2,1,0,0,0,1,1,2,4,2
"YIL116W",10,13,11,8,5,5,8,7,10,9,18,6
"YIL003W",4,2,2,0,0,1,3,2,3,7,4,1
"YIL082W-A",27.75,36.25,32.67,35.25,24.75,28.5,28.75,31.5,25.75,23.17,36.67,26
"YCR031C",140.5,141,149.5,12,11,9.5,140,182,134,170.5,210.5,176
"YCL011C",32,26,29,13,5,7,28,41,25,45,33,42
"YCL040W",33.57,29,34,159.5,129.5,106,43,45.5,29.75,35.5,61.5,35
"YCR052W",14,21,27,7,5,4,30,23,20,23,29,41
"YCR100C",5,5,7,68.5,47.5,58,1,6,3,3,3,6
"YCR107W",5.75,1.25,3.5,2.08,5.08,4,7,6.33,0.67,3.53,5.58,2.83
"YCL002C",7,6,4,2,1,1,8,11,5,11,5,8
"YCL024W",12,14,9.86,6,5,7.5,12.17,12,9.5,11.5,14.5,16.5
"YCR060W",5,5,6,4,2,4,3,6.5,3,10,5,9
"YCR071C",5,7,10,2,1,3,2,3,3,6,7,6
"YCR007C",3,0,0,1,2,3,2,0,1,3,2,3
"YCL012C",2,4,5,7,4,6,5,6,3,5,3,5
"YCR081C-A",0,2,0,0.5,1,0.5,1,0.5,1,0.5,0.5,2
"YCR036W",15,13,17,6,7,10,14,14,6,17,15,15
"YCR063W",1.5,1,0,0.5,1,0,2,1.5,3.5,2,4.5,2
"YCL042W",2.5,3,3,6,8,6,4,4.5,2.5,4.5,3.5,5.5
"YCR097W-A",0,0,0,0.33,0,0,0,0,0.67,0,0,0
"YCR025C",1,1,1,0,0,1,0,0,0,0,2,2
"tK(CUU)C",0,0,0,0,0,0,0,0,0,0,0,0
"YCR069W",16,14,24,8,4,3,9,26,10,15,24,21
"YCR041W",0.5,1.5,1,0.17,0,0,2,1.5,0.33,3,1.5,1.5
"YCR102W-A",0,0,0,2,1,1,0,0.5,0,1,0,0
"YCR020C-A",0,1,1,0,1,1,0,0,1,1,0,2
"YCL075W",0,0,0,0,0,0,0,0,0,0,0,0
"YCR092C",13,12,12,4,3,4,16,22,13.17,9,17,13
"YCR005C",3,5.5,7.5,57,35,52,10,9,11,6,9,11
"YCR038W-A",0.25,0,0.25,0,0.25,0,0.33,0,0,0,0,0.25
"YCL034W",3,9,5,3,0,8,7,9,9,12,4,8
"YCL026C-B",0,1,2,7,4,5,1,1,2,0,0,1
"YCR020W-B",2,0,4,0,0,0,3,2,0,4,3,2
"YCR094W",14,7,8,3,3,1,12,12,11,16,13,14
"YCL028W",24,28,31,14,6,3,23,28,16,17,25.12,31
"YCL029C",8,11,12,3,0,7,7,18.25,14,8,9,14
"YCL074W",1,0.1,0.25,0,0,0,0,0,0,0,0,0.12
"tQ(UUG)C",1.11,1.43,0.41,1.25,0.96,0.95,0.98,0.57,0.75,0.12,0.27,0
"YCR086W",1,3,2,0,0.5,3,6,7.5,4,6,7,0.5
"YCR006C",2,0,0,1,0,0,0,1,0,2,0,1
"YCR083W",16,6,6,12,3,7,6,2,6,6,7,7
"YCL039W",14,18.17,17,8,10,3,12,17.5,12,6,16.25,18
"YCL037C",75,98.04,74,35,20,23,86.5,83,71,85,111.5,106
"tE(UUC)C",1.05,1.08,1.64,0.12,0.43,0.14,0.98,0.82,0.57,0.39,0.25,1.29
"YCL004W",5,8,15,3,3,3,6.25,11,6,7,5,5
"YCL076W",0,0,0,0,0,0,0,0,0,0,0,0
"YCR011C",34.33,42,39,42,22,26,30,55,37,40,44,41.12
"YCL054W-A",0,0,2,0,1,1,3,0,1,3,1,0
"YCR020C",2,3,2,0,0,0,1,0,0,2,0,5
"YCL065W",0.5,1.5,1,0.17,0,0,1.5,1,0.33,2.5,1.5,1
"YCL057W",32,51,55,22,11,12,37,38,38,51,51.5,50
"YCL069W",1.5,1.5,2.5,3,3,3,0.25,1,2.5,2,1,1.75
"YCR045W-A",0.5,0.5,0.5,0,0,0,1,0.5,0.5,0.5,0.5,0
"YCL048W",1,2,1,3,3,2,0,1,0,0,1,1
"YCR002C",15,8,29,8,7,8,25,19,18,11,14,17
"YCR035C",19,16,20,7,3,3,17,18,14,19,16,19
"YCR066W",9,5,8,1,4,1,5,10,10,11,9,9
"YCR032W",23,24,22.17,22,17.12,16,27.12,25,21.12,28,21.12,36
"YCL059C",22,19,24,5,4,2,17,25,27,25,29,28
"YCR079W",9,3,4,2,1,6,9,2,2,8,8,10
"YCR021C",0,1,2,402,273,303.5,3,4,2,1,1,2
"YCL026C-A",0,2,2,2,3,1,1,1,1,0,0,0
"YCL046W",3.5,5.5,2.5,1.5,0.5,0,5.5,2,4.5,2,2.5,6.5
"YCR104W",0,0,0,0,0,2,0,0.12,0,0,0.17,0
"YCL001W",5,9,8,4,1,2,11,10,9,8,8,11
"YCR054C",14,15,14,1,0,0,8,6,3,14,14,12
"YCR046C",1,5,8,5,5,7,7,17,9,12,11,9
"YCR064C",0.5,0,0,0.5,0,0,1,1.5,0.5,2,0.5,1
"YCL001W-B",1,0,0,1,0,0,0,1,0,1,0,0
"YCR017C",48,54,51,20,15,14,47,43,44.75,36,49,53.5
"YCR097W",2,7,5,4,5,1,6,2,6,5,6,7
"YCL041C",2,2.5,3.5,4,2.5,1,3.5,2,1.5,1,3.5,3.5
"YCR043C",3,6,6,2,4,1,16,10,5,14,8,9
"YCR095W-A",1,0,0,0,1,0,0,0,0,0,1,0
"YCL009C",49,50,58,15,16,5,39.08,74.5,53,61,72,71
"tP(AGG)C",0,0,0.5,1,0.5,0,0.5,1,0.5,0.5,0,1
"YCR014C",9,12,8,10,12,2,6,6,8,6,4,5
"YCL036W",18,33.5,23,5,9,8,18,27.25,24,33,42,30
"YCR051W",10,13,14,4,3,2,19,13,8,10,18,8
"YCL045C",66.5,57.5,63.5,21.5,10.5,8,54.5,77.17,52.5,49,55.5,71.5
"YCL005W",2,5,5,6,4,2,6,6,1.33,7,5,4
"snR43",108.5,124,129,236,194,237,113,115,83,105,98,88
"YCR088W",47.17,42.25,46,9,3.25,8,38,55.1,35,47,36.25,47
"YCR037C",11,4,12,3,3.12,3,21,12,20.12,13,19.12,20
"YCR077C",45,38.5,30,7,8,12,40,61,27.17,33,52,54.75
"YCR009C",18,11.25,18,11,5,6,8,14,18,20,22,12.75
"YCR098C",32.25,41.08,42.67,22,15,12,7.08,18.5,14,17,19.5,15
"YCR047W-A",2,1.5,1,1,0,0,1,1,0.5,1.5,0.5,1
"YCR073W-A",10,12,9,7,1,5,13,8,7,5,13,12
"YCR039C",1.67,2.17,0.83,0.33,1.33,1.33,0.67,1.33,1,1.33,2.17,1.92
"YCL032W",10,8,5,8,7,3.25,3,5,7,5,5,6
"YCR049C",0,1,1,0,0,0,1,1.5,1,0.5,2.5,2
"YCR076C",3,5,3,3,3,3,0,3,8,3,1,2
"YCL057C-A",5,12,4,0,2,2,1,7.25,3,4,8,6
"YCR053W",82,83,99,20,11,10,83,103.5,86,100,107.5,90.5
"YCL008C",13,25,14,7,5,7,12,12.67,10,10,14,14
"YCR072C",24,27,25,3,3,1,19,30,18,29,30,30
"YCR057C",55,51.75,61,7,8,5.5,62,77,52,62,84,89
"YCL044C",16,17,18,8,5,2,13.75,9,14,13,16,13
"YCL033C",9,12,7,4,6,6,5,4,6,7,3,8
"YCL030C",26,23,22,12,12,15,18,16,15,24,21,24
"YCL068C",2,1,1.5,1,0.5,0,2.17,0.5,2,0.5,1,3.83
"YCL035C",21,17,20,32,16,24,12,25.5,8,24.83,13,16
"YCR008W",39,38,51,34,27,21,38,52,38,43.17,46,50
"tS(CGA)C",2.5,6.25,3.25,3,0.75,1.25,2,0.75,2,3,3.5,3.7
"YCR091W",3,2,4,17,17,13,6.5,2,7,1,4,4
"YCR108C",0.2,0,0,0,0,0,0,0,0,0.25,0,0
"YCR042C",35,40,44,14,7,7,40.5,31.5,20,32.5,32,39.5
"snR65",0,0,0,0,1,2,1,0,1,0,0,0
"YCL055W",16,11,11,2,3,2,8,9,5,11,6,11
"YCR003W",4,5,6,1,1,1,2,3,6,8,6,7
"YCR022C",0.25,0.5,0.5,0,0,0,0.75,0.25,0.5,0.25,0.25,0.5
"YCR089W",23,25,19,11,5,14,15,30,13,12,16,22
"tG(GCC)C",0,0,0,0,0,0,0,0,0,0,0,0
"YCL016C",5,3,5,4,2,0,3,3,2,1,3,6
"YCL031C",22,22,23,5.17,4,5,18,23.27,26,26,27,29
"YCL048W-A",2,0,1,5,4,5,0,0,1,1,0,0
"YCR018C",2,3,1,0,2,2.5,2,8,7.5,11,10,9.5
"YCL022C",1.5,1,1.5,0,1,0,1,3,0.5,3.5,1.5,2.5
"YCR087C-A",3,2.42,4,0.5,0.5,1,3.5,3,2.42,4.5,3.5,4.5
"tT(AGU)C",0,0,0.17,0,0,0,0,0,0,0,0,0
"YCL023C",0,0,0,1,1,0.5,1,0,0,0,0,0
"YCL010C",2,9,10,4,1,3,3,8,10,6,7,12
"YCR001W",0,0,1,0,1,0,2,1,1,0,2,2
"tM(CAU)C",0,0,0,0,0,0,0,0,0,0,0,0
"YCL018W",11,17,13,2,3,3,15,12,11,22,22,17
"YCR073C",25,20.25,26.5,87,60.25,57,18,19.1,18,16.5,21.25,16
"YCR048W",5,10.5,11.5,8,4.5,2.5,13,14.5,8.5,16,12.5,15.5
"YCL005W-A",4,6.5,5.5,0,1,0,2.5,5.5,7.5,7,6.5,5.5
"YCR033W",29,20.08,26,24,17,22,39,46,24,44,54,46.12
"YCL007C",3,3.5,3.5,0,1,0,1.5,3.5,3.5,3,3.5,3.5
"YCR019W",5,5,7,3,1,2,4,4,8,2,1,6
"YCR102C",0,3.75,0.5,7.5,8.5,3.5,1,1,1,0,1.12,0.5
"YCR075W-A",1,0,2,3,2,0,2,1,3,1,0,2
"YCL058W-A",8.5,2,1,0,0.5,0,6.5,4.5,4.5,3,4,2.5
"YCL047C",5,3,5,2,2,0,6.25,9,5,5,9,3
"YCR106W",11,6,5.5,2.5,2.5,3.5,5.5,9,8.5,12.5,13,12
"YCR040W",0,0,0,0.17,0,0,0,0,0.33,0,0,0
"YCR061W",15,15,18,9,1,3,28,35,25,19,28,24.5
"YCR045C",1.5,4.5,3.5,2,1,1,4,6.5,2.5,5.5,3.5,2
"YCR085W",2,0,0,0,0,0,0,0,0,0,0,0
"YCR024C-B",40,45,43,18.75,17,24,50.62,54,41,79,62,53.75
"YCR101C",6,3.25,2,50,17,27,3,2,0,3,0,4
"YCL049C",16,7,12,2,1,1,13,7,7,6,7,12
"YCR015C",6,2,6,4,0,5,5,2,1,2,4,2
"snR33",74,80,80,75,63,58,81,90,61,69,87,83
"YCR038C",4.75,4.17,4.75,5.33,5.25,5.33,4.17,6.83,3.33,7.17,3.17,8.25
"YCL063W",2,3,5,2.05,1,4,12,20,7,12,22,8
"YCR024C",11,13,8,4,4,4,5,8,15,8,5,7
"YCR065W",12.86,9.83,7.07,6.17,4.21,2.32,20.07,12.55,23.29,12.07,10.33,26.14
"YCR087W",4,3.42,5,0.5,2,1,4.5,4.5,2.42,4.5,4.5,6
"YCR034W",22,19,33,3,2,2,40,43,33,29,37,42
"YCL052C",16,19,12,14,8,7,14,17,11,11,25,10
"YCR004C",23,22,29,22,14,16,24,22,25,20,26,35
"YCR059C",7,5,10,5,4,5,9,14,6,8,8,4
"tL(CAA)C",3.43,3.8,4.43,4.49,3.27,3.1,2.54,2.4,2.01,3.43,4.13,3.15
"YCR096C",1.67,2.33,1,0.33,1.33,1.67,0.67,1.33,1,1.33,2.33,2
"YCR028C-A",11,10,10,2,1,1,20,14,12,11,13,20
"tN(GUU)C",0.6,0.8,0.67,0.4,0.1,0,0.4,0.4,0.1,0.5,0.4,0.4
"YCL021W-A",6,12,11,6,13,7,9,6,6,9,11,8
"YCL064C",5,8,8,73,44,60,10,10,6,3,2,4.5
"YCR028C",7,5,5,4,4,3,9,9,10,8,10,11
"YCR082W",23,12,22,22,16,19,10,16,14,13,18,16
"YCL061C",13,15,11,7,2,9,30,20,19,19,23,21
"YCL073C",3.08,3.5,2.82,0.6,1,2,0.67,0.75,0.5,0.75,1.5,1
"YCR013C",252.42,243.33,244.92,152,122.5,135,205.5,238,185.25,255.42,297.33,295
"YCR090C",9,11,7,1,0,2,6,11,5,3,4,14
"YCR084C",39,59,63,23,3,15,89,79,88.17,83,104,92
"YCR050C",1,2.5,3.5,5,0.5,0.5,1,2,1.5,0.5,1,1.5
"YCR099C",5,4,3,35,27.5,26.5,1,2,3,3,1,2
"YCL066W",0,0,0,0.17,0,0,0,0,0.33,0,0,0
"snR189",128,112,125,349,232,327.5,111,142,93,115,150,114
"YCR095C",10,4,8,4,4,5,5.12,8,4,6,7,5
"YCR068W",6,6,8,7,4.12,3,4.12,8,9.12,5,8,12
"YCL017C",25,23,27,15,7,10,25,31,16,30,28,22
"YCL058C",9.5,4,3,3,1.5,0,6.5,6.5,5.5,4,9,3.5
"YCL014W",39.25,37.42,26,11,12,13,52,49,54,47,62,55.12
"YCL050C",48,40,45,10,14,8,42,40.17,45,47,49.5,42
"YCR067C",34,41,32,17,15,14,32,41,28,28,23,46
"YCR047C",3,6.5,6.5,3,1,3,11,14,9.5,12.5,6.5,14
"YCR044C",9,6,9,5,1,1,8,12,5,11.17,14.5,13
"YCR026C",23,15,33,27,12.5,13,28,31,22,21.25,32,27
"YCR093W",108,90,112,32,17,16,121,153,126.83,138.5,187,182
"YCR012W",743.92,727.83,708.67,467,316.5,351,615.5,711.75,615.75,713.17,879.33,837
"YCR075C",2,0,4,0,0,0,2,1,4,1,3,4
"YCL043C",275,248.5,291.5,205,147.62,142,192.5,254.5,219.12,198,270.5,234
"YCL025C",26,27,17.5,32,16,11,39,36,26,33,33.5,30
"YCL067C",1.67,2.33,1,0.33,1.33,1.67,0.67,1.33,1,1.33,2.33,2.37
"YCR023C",12,8,8,8,2,3,11,11,4,8,10,20
"YCR010C",2,2,0,0,1,2,0,0,1,1,3,1
"YCL056C",2,6,5,3,2,4,5,5,2,3,9.5,2
"YCR081W",18.5,17.5,16.5,6,7.5,8,17,20,17.5,10.5,26,28.83
"YCR018C-A",1,0,1,1.1,0,0,0,1.33,0,0,0,1
"YCR030C",28,21,28,16.25,13,17,35,36,32,28,33,42.25
"YCL027W",7,7,7,5,1,3,2,3,2,0,1,4
"YCL051W",10,7,15,1,8,4,11,16,12.1,7,19,17
"YCL038C",1,8,5,7,2,7,6,10,11,8,8,7
"YCR027C",1,4,3,3,1,1,5,7,1,3,9,6
"YCL001W-A",0,1,0,1,0,1,1,2,1,0,0,2
"YCR016W",9,10,7,2,1,0,16,16,12,15,21,15
"YCL054W",50,60,62,11,14,10,65,69,63,55,71,89
"YCR105W",3,6,3,0,2,4,2,4,2,3,3,3
"YCR024C-A",23.5,16.5,25,15.5,6,10,27,36,26,39.5,39,39
"YCL020W",66.24,65.44,69.86,81.84,59.38,58.41,41.22,46.82,39.02,33.64,39.05,42.44
"YCL019W",244.2,224.99,254.65,271.88,190.72,195.58,164.71,176.97,140.87,119.91,150.01,143.9
"RUF22",0,0,0,0,0,0,0,0,0,0,0,0
"YFL031C-A",15,18,8.5,5,6,2.5,12,9,6,21.5,24,20
"YFL026W",86,80,91,8,8,9,48.5,57.12,49,49,53,44
"YFR027W",1,0,3,0,0,1.33,0,2.2,1,1,3,2
"YFR052W",26,22,22,13,8,5,14,16,23,35,26,22
"YFL064C",0.98,0.31,0,0.11,0,0,0.26,0.68,0.31,0.5,0.2,0.56
"YFL015C",1,1,1,0,0,0,0,0,0,1,0,0
"YFL011W",1,0,2,2,3,3,0,1,0,0,0,1
"YFR017C",6,2,3.5,18,5.61,11,1,2,1,2,3.08,2.63
"YFL018C",65,51,63.5,51,25,36,51,55,45,36,71,49
"YFL032W",4.5,4,7,3.25,3,1,7.5,4.5,1,3,4,9.5
"YFR036W",5,4,0.25,0,0,0,0,5,2,2,3.25,1
"YFR006W",28,36,18,9,10,8,21,28,26,31,36,25
"YFR021W",5,11,10,3,3,4,11,8,3,15,12,11
"tK(CUU)F",0,0,0,0,0,0,0,0,0,0,0,0
"YFL034W",11,15,21,22,9,13,7,18,9,16,24,20
"YFL012W-A",0,0.5,0.5,0,0,0,0.5,2,1,0.5,0,1.5
"YFL024C",11,16,15,5.05,5,8,17,17,15.13,20.67,15,17.28
"YFL013C",14,12,11.5,5,5,4,18,18.5,15.5,10.5,18,16
"RUF23",0,1,1,0,0,0,0,1,0,0,1,0
"YFL046W",2.25,5,7,0,3,1,7,6,5,4,6,5
"YFR014C",9,8,8,1,4,4,10,9,5,7,8,9
"YFL056C",3.75,6.25,5.5,13.58,8.08,6,1.5,2.83,1.33,4.76,6.75,2
"YFL041W-A",0,0,1,1,0,0,0,2,0,0,1,0
"YFR055W",21.5,22,27,53,24,31.5,16,26.5,14.5,30.5,34.5,23.5
"YFR013W",16,13.5,21.08,5,2,7,11,13,17.08,19,19,18
"YFR049W",5,3,3,5,4,2,7,7,4,2,5,7
"YFL050C",7,10,16.25,21,12,18.07,8,12,4,11,6,8
"YFR044C",59,60,62,14,13,11,77,66,60,63,69,82
"YFR032C-B",1,0,0.25,0,1,0,1.5,3,0.5,1.5,1.5,0.5
"YFR034W-A",0,0,0.5,0,0,0,0.5,0,0,0,0,0
"tP(UGG)F",3.89,3.44,2.54,1.58,0.72,2.25,6.26,1.27,1.1,1.66,2.02,3.61
"YFR009W",39.5,38.5,49,11,5,5,27.5,42.5,37,35,52,53
"tA(AGC)F",0,0,0,0,0,0,0,0,0,0,0,0
"YFL045C",46.5,51,53,14,6,11,71,96,72,82,71,89
"YFL068W",1.44,0.74,0.43,0.43,0.17,0.62,1.25,1.08,1.17,0.54,0.7,0.96
"YFR018C",8,8,6,23,14,17,5,17,13,2,5,7.5
"YFR034C",1,6,6,0,2,0,5,4,5,4,3,2
"YFR029W",13,12,14,20,8,3,8,12,8,4,11,9
"YFL003C",0,0,2.25,1,3,2,1,0,1,1,1,1
"YFR041C",9,7,7,1,2,0,6,4.17,14,5,5,4
"YFL059W",5,5,4.83,2.5,2.5,2.5,2.5,0.5,1.08,0,2.5,1
"YFL062W",9.04,6.31,8.1,6.54,9.72,4.62,5.53,6.14,6.89,4.33,2.75,5.15
"YFR026C",0,1,1,3,4,4,0,1,0,1,0,2
"YFL014W",34,25,26,459,340.5,349,28,41,27,49,36,46
"YFL066C",2.55,1.4,3.43,2.45,0.33,0.53,3.37,2.23,1.3,4.08,3.27,1.83
"YFL047W",15,16,16,6,9,6,15,16,13,20.5,12,16
"YFR032C-A",73,82,85.75,15,9,17,66.5,71,59.5,77,84.5,90.5
"YFR056C",0.5,2,3,3,2,2.5,2,0.5,0.5,2.5,2.5,1
"RUF20",2,2,1,0,0,0,6,3,1,2,3,2
"YFL044C",5,6,6,3,5,3,14,8,9,5,10,4
"YFR011C",5.5,3,5,1.5,1,1,5,8.5,7.58,4,4,5
"YFR022W",7,2,8,6,5,9,3,4,4,7,8,6
"YFR047C",13,8,11,20,2,10,9,13,5,11,12,17
"tF(GAA)F",0.98,0.98,0.81,0.33,0,0.33,0.17,0.79,0,1.67,1.14,1.08
"YFL051C",0,4,2,2,1,1,4,1,0,0,0,1
"YFL054C",4,2,5,60,40,24,4.5,5,2,3,4,7
"YFR036W-A",4,6.5,6,2.5,1.5,0,6.5,10.33,4.5,7,5,7
"YFR024C-A",22,12,12,7,5,4,17,23,23,20,24,20
"YFR045W",12,4,8,4,2,4,6,3,2,1,6,3
"YFR002W",31.5,25,32.25,8.1,5.17,6,36,39,27.07,33.5,39,39.61
"YFL012W",0,0,0,0,0,0,0,1,1,1,0,0
"YFL033C",35,37,48.25,116,57,74,34,55,42,33,50,45
"YFL021W",11.75,15.5,21,15.5,5,11.5,20.5,19,16.33,21,27,31
"YFL008W",20,20,10,15,9,16,35,37,31,23,35,36
"YFL019C",0,0,0,2,1,2,0,0,1,0,0,0
"YFR005C",7,3,4,2,3,1,9,12,7,11,10,7
"YFL022C",78,56,68.75,14,18,12,62,65.88,76,52,75.08,77
"YFL028C",4,8,8,3,8,1,9,6,2,5,7,8
"YFL052W",1,3,3,1,4,1,0,1,0,1,2,2
"YFR008W",1,2,3.25,2,1,1,2,1,2,3,0.25,1
"YFL002C",16,17,27,1,3,2,24,25,14,15,20.07,18
"YFL055W",3,3.25,4,2,2,0,0,2,2,1,1,2
"YFL034C-B",6.5,9,10,2,2,2,7.5,9,7,7.5,7,9
"YFR023W",7,1,2,10,7,6,1,2,1,2,2,1
"YFR001W",10,14,17,4,4,4,17,13,17,15,11,18
"YFL023W",17,21,24,13,7,10,26.5,28,24,27,26,31.75
"YFL020C",0,1,1,6.5,3.5,7,0,0,0,0,0,0.5
"tY(GUA)F2",0.57,1.85,0.82,2.49,0.82,1.02,1.38,0.65,1.07,1.85,1.35,1.42
"YFL067W",2.15,0,1.3,2.02,0.24,1.14,1.03,1.2,0.43,1.7,0.62,0.25
"YFR031C-A",186.83,190.5,209,14,8,12,191.5,226,194.5,228.5,272.5,263
"YFL010C",22.5,17.5,16,3.5,0,3,11,23.25,8.5,15,15,12.5
"tN(GUU)F",0.6,0.8,0.5,0.4,0.1,0,0.4,0.4,0.1,0.5,0.4,0.4
"YFL053W",2,2,8,0,2,6,3,2,1,2,3,4
"YFR030W",16,30,25,32,17,23,26,28,17,15,23.5,27
"YFR003C",6,4,9,2,3,2,3,2,5,4,3,1
"YFL039C",422,407,465.75,226.5,183.67,178,390,436.25,375,432.5,503,436
"YFL029C",4,9,5,6,3,3,5,7,6,5,6,6
"YFL030W",0.5,3,4.33,4,1,8,3,1,2,0,3,2
"YFL058W",2.58,3.33,1.19,4.92,4.5,2.42,0.42,0,0.5,2.33,0,0.41
"YFL016C",25,25.5,27.53,24.07,15,23,29,23,16,20.03,31.25,22.25
"YFR040W",32,28,31,30,14,13,24,35,31,37,49,34.5
"YFL041W",9,22,9,3,3,6,14,14,17,13,13,18
"tS(GCU)F",2,2.25,2.08,2,0.75,0.25,1,1.45,1,2.33,2.75,2
"tG(GCC)F1",0,0,0,0,0,0,0,0,0.08,0,0,0
"YFL036W",55,53.5,61,37,30,32,36,39,37,32,42,52.5
"YFR053C",48.5,55.5,66,414.5,328,308,34.5,41.5,36,50,44.5,40
"YFL048C",25,15,21.5,11,4,5,19,23,21,20.5,31,20
"YFL015W-A",0,0,0,0,0,0,0,0,0,0,0,0
"YFR057W",0,0,0,0,0,0,0,0,0,0,0,0
"YFR046C",5,2,5,1,0,1,1,6,7,5,5,6
"YFL037W",65,42.25,39,6,9,7,74,80,67,71,88,80.5
"YFL061W",1.5,2.5,1,13,9.5,8,1,1.5,0.5,1,1,1
"YFL017C",2,5,4,2,1,1,6,7,8,5.25,3.5,7
"YFR012W",1,0,0,1,0,2,0,1,1,0,0,1
"YFL034C-A",19,15,15.5,0,1,1,22,23,16,19,25,13
"YFR010W",22,18,26,12,14,0,22,27.25,26,35,23,22
"YFL040W",3,3,3,2,2,1,1,2,2,1,7,3
"YFR020W",1,3,3,3,2,5,0,3,3,1,1,2
"YFR038W",16,18,18,3,1.5,3,20,10,12,20,21,21
"YFR012W-A",0,0,0,0,0,0,1,0,0,0,1,0
"YFL031W",127,123,123.5,71.5,38,44.5,108.5,145.5,104.08,127,161,147
"YFL017W-A",1,2,0,2,1,1,5,3,3,4,1,2
"YFL005W",22,17,25,5,4,7,9,24,14,30,20,12
"YFR019W",28,45,46,32,24,26,55,43,42,42,42.08,46
"YFL042C",4,5,11.25,15,7,5,12,7,5,7,12,7
"YFR042W",6,1,3,1,3,1,4,1,3,7,4,3
"YFR050C",33,25,34,14,14,11,26,31,17,31,34,39
"YFR007W",5,3,9,1,2,1,1,3,4,4,4,4
"YFL065C",0.17,0.21,0.12,0.11,0,0,0.32,0.24,0.17,0.1,0.11,0.22
"YFL038C",24.75,20.5,43,11,8,5,40,43,43,35,41.58,37
"YFR015C",7,9,18,72,50,47,1,11,8,4,9.5,4
"tG(GCC)F2",0,0,0,0,0,0,0,0,0.42,0,0,0
"YFR009W-A",5.5,3.5,3,1,1,0,6.5,2.5,3,2,2,4
"YFL060C",2,2,4,1.5,0.5,0,2,4,1.5,1,2.5,2
"YFR043C",3,1,7,2,2,2,8,1,3,1,5,5
"YFL049W",17,7,14,30,23,19,8,16,11,11,16.07,17
"YFR052C-A",2.5,3,7,44.5,24,39.5,3.5,3.5,4,2,7.5,6
"RUF21",2,1,4,0,0,1,6,4.1,3,2,2,0
"YFR028C",18,14,14,4,3,0,19,20,23,20,14,23.5
"YFR010W-A",5.5,1,0,1.5,1,0.5,4,3.5,1.5,2,1,2
"YFR051C",32,44,29,6,3,3,30,36,37,49,42,46.17
"YFR016C",33,21,37,25,12,16,35,44,39,26,29,24.17
"YFR032C",1.17,0,2.25,1.5,1,1,0,0.57,0.17,0.25,3,1
"YFL001W",9,11,14,3,5,0,11,14,12,15,14,12
"YFR037C",18,18.5,19,4.5,1.5,5,20.5,28,15.5,20,31,29.75
"YFL013W-A",2,2.5,4,1,3,1,7.5,7.5,4.5,2.5,3,4.5
"YFL063W",0,0,0,0.12,0,0,0,0,0,0,0,0
"YFR025C",10,6,6,5.25,1,3,13,8,7,13,14.5,10
"YFL025C",16,16,17,12,4,13,27,21,21,15.5,23,12
"YFR054C",3,0.5,0,0,0,0,0,0.5,0,0,1,1
"YFR033C",22,21,29,21,23,14,22,24,22,18,22,24
"YFR031C",20,18,22,10,14,6,27,37,25,32,25,19.17
"YFL021C-A",1.5,4,4,5.5,2,1.5,7.5,3,3,4,3,4
"YFL010W-A",13.5,9.5,9,5.5,0,5,8,17.5,7.5,6,8,10.5
"YFR039C",9,11,13,3,2,3,14,25,13,10,21,19
"YFL027C",10,9,10,2,4,2,10,8,6,12,9,6.75
"YFL007W",80,67.06,57.28,10,10,15,74.33,80,70,55,79,74.27
"YFL004W",69,65.75,68,9,12,13,56,59,56,54,85,73
"YFR048W",5,8,11,4,4,3,8,10,11,14,15,18.25
"YFR035C",2,2,2.5,0,0,1,0.5,1,1,0,0,0
"tY(GUA)F1",0.57,1.85,0.82,2.57,1.32,1.52,0.38,0.65,1.07,1.85,1.43,1.42
"YFL009W",14.5,19.5,12,9,7.67,13.5,18,33.25,26.58,22.75,26.5,27.5
"YFR004W",21,18,18,9,3,13,21,18,18,16,22,22
"YFL002W-B",66.94,68.13,67.11,84.04,61.16,57.95,40.2,46.39,37.83,31.29,39.41,38.93
"YFL002W-A",204.08,203.71,222.53,240.42,170.52,170.8,137.09,145.33,124.38,94.54,122.14,115.79
"YAL037W",2.12,2,0,0,0.12,1,0.25,2.12,2,0.25,1.12,1.1
"YAL016W",35.12,32.5,36,20,11.12,9.5,48.25,40.62,48,32.25,52.62,42.66
"YAL003W",200,185.5,206,22.5,16.5,22,195,202.75,181,212,255,233
"YAL053W",56,44,64,43,37,27,62,78,57,62,79,73
"YAL031W-A",1,1,1.5,0,1.5,0,0,2.5,1,0,1.5,0
"YAL019W",45.15,38,49,12.17,17,23.25,37,55,59,50.08,69.08,61
"YAL024C",13.33,20,7,4.5,7,3,18,18,25,28,26,36
"YAL034W-A",2,3,2,2,0,0,3,0,2,1,1,1.04
"YAL064W-B",1.5,0.5,0,3.33,0.83,2.33,0.5,2,2.33,0,0.83,1.17
"YAL018C",2,1,1,0,1,3,0,1,0,1,0,0
"YAL037C-A",0,0,1,0,0,0,0,2,1,0,0,0
"YAL056C-A",4.5,3,5.5,0,0,0,1,2.5,0.5,0.5,1,2
"tL(CAA)A",4.29,4.44,4.26,4.34,3.39,3.1,2.69,3.5,1.72,3.29,5.03,3.01
"YAL048C",8.5,7,6,3,2.5,7.5,4.5,8.5,9.5,5,14,9.11
"YAL025C",27.12,23,30,4,0.12,1,25.25,21.12,18,29.25,37.12,34.1
"YAR064W",1,0.5,0,2.5,1.5,0.5,0.5,0,0,1,0,1
"YAL031C",9,9,9.5,5,5.5,7,12.17,16.5,7,8,10.5,12
"YAR075W",0.5,0.17,0.5,2.42,2.42,2,1.25,0.67,0.75,1.08,1.83,1.33
"YAL063C-A",0,1,1,0,0.5,0,0,0,1,0,0,0
"tP(UGG)A",2.39,2.44,1.54,1.48,0.72,1.25,2.76,1.27,0.6,2.16,2.65,3.11
"tA(UGC)A",13.19,20.17,13.71,19.67,10.25,10.19,11.33,8.12,3.85,12.87,10.37,11.97
"YAL023C",76.75,78,75,25,15,15,96,122,100,100,134,101.06
"YAL062W",5,5,10,60,52,55,6,9,3,5,14,9
"YAR061W",1.53,3.08,0.67,0.83,1.7,2.7,0,0.83,1.67,1.17,1.42,1.25
"YAL026C",40.5,29.5,28.5,7,4,1,35.5,49,18,40,53.5,41.5
"YAL014C",7,7,4,0,3,0,7,12,8,9,15,9
"YAL034C-B",1,0,0,1.5,0,0,2,2,4,4,2,5.04
"YAR035W",1,1,2,4,4,2,0,0.5,3,2,2,1.06
"YAL010C",4,3,3,2,2,1,7,9,7,11,11,7
"YAL042W",40.5,38,42.17,6,13,7.5,38,43.5,26,32.5,47.5,36
"YAL038W",1084,1048.17,1078,437,345.5,349.22,1045.25,1190.42,985.5,1176.67,1388.33,1378.5
"YAR003W",12,9,5,3,4,1,3,8,8,5,6,10
"YAL045C",3,3.5,0.5,2,1.5,0,2.5,3.5,2,0.5,2,1.5
"YAR007C",11,7,9,6,6,4,15,25,23,14,23,24.11
"YAL030W",9,2,9,3,2,2,10,11,7,9,9,8
"YAR027W",14,11,9,2,2,6,9,12,5,9,4.5,4
"YAL055W",0,0,3,2,0,2,1,1,2,2,1,7
"YAL060W",31,24,19.75,77,52,76,26,29,19,19,43,40
"YAL017W",27.58,28,28,46,31,30.5,10,33,35,13,21,35
"YAR018C",4.25,6,3,5,5,2.5,7.5,11,5,6,9,10.62
"YAL069W",0,0,0,0.06,0,0,0,0,0,0.1,0,0.06
"YAL063C",12.23,8.99,10.04,31.38,20.89,21.88,7,11.67,3.25,5.95,18.87,7.85
"YAL046C",7,1,3,0,2,4,4,7,2,3,3,0
"YAR020C",0,1,0,0,0.6,0,0,0,0,0,0,1
"snR18",95,115,114,55,38,42,88,87.75,42,80,91,104.6
"YAR050W",18.62,14.1,17.17,84.61,53.59,56.03,15.17,13.58,14.5,12.35,26.75,17.87
"YAL016C-B",1,0,1,1,2,0.5,1,0,0,0,0,1
"YAR019C",14,7,7.5,21.5,24,17.6,10.5,10,5,11.07,10.5,11
"YAR029W",0,1,0,1,0,0,1,0,0,0,0.5,1
"YAR002W",12,15.5,19,8,5,6,12.17,24,16,16,12,21.5
"YAL039C",22.75,24,21.75,12,8,9,12,20,20,16,27,16
"YAR030C",1,0,1,2,1.5,0,2,0,0,1.5,2.5,3
"YAR047C",0,0,0,0,0,0,0,0,0,0,0,0
"YAL022C",11,13,9.25,2,4.25,2,12,11,9,11,21.3,11
"YAL011W",9,11,9,2,5,0,11,7,10,12,7,13
"YAL001C",13,7.5,5.5,6,9.33,10,13,19,13,13,12.05,12.33
"YAL056W",20.07,23.07,19.07,18.07,12.14,9,19.14,24.07,16,18.12,27.07,24
"YAL066W",0,0,0,0,0,0,0,0,0,0,0,0
"YAL013W",4,7,6,2,1,1,9,12,9,6.25,11,13
"YAL047W-A",0.5,0,1,0,0.5,0.5,0.5,0.5,0.5,0,1.5,0
"YAL016C-A",2,1.5,2,1,2,1.5,2,2.5,1,4,3.5,6.5
"YAL064W",1,0,0,0,0,1,0,1.33,0,0,0,0.5
"YAR071W",28.62,21.67,26.5,4.5,2.5,4.5,13.17,21,14.5,18.17,20.94,19.37
"YAR033W",1.5,5,2.5,0.5,1,1.5,3.5,2.5,5,1.83,4.5,1.61
"YAR069C",0,0,0,0,1.25,0.1,0,0,0,0.5,0,0.5
"YAR019W-A",0,0,0.5,0.5,0,0,0.5,0.5,0,1,0.5,0
"YAR070C",0.5,0,0,0,0,0,0,0,0,0,0,0
"YAL054C",4.15,4,5.33,21.17,18,9.75,5.67,6,5,1.58,9.08,3.5
"YAL067C",2,2.25,1.25,9,6,8,2,1.25,2,1,2,1
"YAL059W",8,9,6.5,0,0,0,7.5,8.5,5.5,6,11,9
"YAL005C",591.17,562.5,601.25,342.5,250.5,254.25,482.92,555.5,468.25,488.71,533.86,566.33
"YAL068W-A",0,0,0,0.06,0,0,0,0,0,0.1,0,0
"YAL035W",170.07,143.07,128.07,35.07,42.14,27,135.14,151.82,126,161.62,175.07,179.2
"YAL008W",4,6,5,6,4,2,5,6,4,3,4,2
"YAL020C",3.5,5.5,5.5,3,0.5,1.5,1.5,7.5,3,4,5,4
"YAL032C",5,3,3,6,3,2,0,8.25,6,4,4,11
"YAL015C",13,8,8,3.14,2,2,9,7,6,7,13,9
"YAL028W",3,3,1,3,4,3,1,0,3,4,4,3.11
"YAL042C-A",4.5,4,4,1,1,0.5,3,3.5,3,5.5,5.5,3
"YAL065C",0,0,1.33,2.25,0.75,0.92,1,1.5,0.25,0,1.5,0.75
"YAL009W",1,4,5,0,2,1,4,3,4,8,10,5
"YAR014C",26.06,27,29.5,27,11,10.35,30.58,22,29,46.08,35,39.56
"YAL037C-B",517,470.17,523,212,152.5,148.72,493.75,591.42,458.5,541.67,663.33,613.5
"YAR053W",0,0.5,0,0,0,0,0,0,0,0,0,0
"YAL036C",33,25,29,5,5,6,20,28,29,32,49,36.11
"YAL059C-A",2,5,2.5,0,0,0,2.5,3.5,1.5,4,4,3
"YAL002W",22,17.67,19,7.25,7,8,22,21.17,22,22,19,21
"YAL021C",44.5,31,37,17.12,13,12,48.08,60,38,46.08,61,48
"tS(AGA)A",2.2,1.9,2.31,1.6,1.4,0.9,1.51,1.12,1.27,1,1.1,0.8
"YAL061W",2,5,4,19,18,23,4,2,4,3.12,4,2
"YAR023C",1,2,0,5,3,1,1,0,1,1,0,2
"YAL034C",14,7,12,20,11,17,7,14,10,10,15,12
"YAL026C-A",4.5,0,2,1,0,0,0.5,2,1,6,4.5,2.5
"YAR002C-A",23.15,29.75,30,5.17,6,8,20.5,41,29,27.08,39.08,23.5
"YAL004W",111.67,96,112.25,66.75,45,45.25,84.75,105.75,92,90,104.53,101.83
"YAR008W",4,3,4,0,0,0,3,2,4,4,3,9
"YAL067W-A",0,0,0.2,1,0.14,0,0,0,0,0,0,0
"YAL049C",8,13,9,5,5,1,15,10,16.12,11.5,13,6.75
"YAR060C",0.33,0.5,0,0.83,0,0,0,0,0.33,0.33,1.17,0
"YAL047C",2,5,7,4,1,4,7,7,6,8,7,8
"YAL029C",70,69,70,28,27,18,70,80,57,73,73,67
"YAR031W",5.33,3.5,8,3,4.5,2,6,5.5,4.5,3.83,8,7
"YAL027W",2.25,5,3.25,7,2,3,1,3,3,4.5,3,3
"YAR073W",4.33,3.83,3.33,4.92,2.25,3,1.75,2.83,4.92,3.25,5,2.5
"YAL033W",3,5,7,0,0,0,3,4,2,5,9,6
"YAR015W",17,12,27,12,6.5,12,18,13,11,18,12,13
"YAL044W-A",3,3.5,4.5,3,2.5,0,2.5,3.5,2,1.5,1,2.5
"YAL041W",27.5,26,25.5,9,3,11.5,21,28,30,27,25,22.5
"YAL019W-A",1.5,2,1.5,1,0.5,0.5,0.5,1.5,0,1.5,2,0.06
"YAR035C-A",1,1,0,1,1,0,1,0,0,0,0,0
"YAL068C",0.17,0,0.5,0,0.6,0.29,0,0.14,0.42,0.31,0,0
"YAR042W",49.17,61,61.5,41.25,24.5,32,45,63,51,49,53.17,63
"YAL051W",14,14,18,8,6,7,9,15,11,9,27,24
"YAL043C",21,16,16.25,16.5,4,10,26,21,23,22,21,30.61
"YAR066W",3,4.5,1,4.5,4,2,2,1,1,4.5,1.5,3.5
"YAL044C",18,20,15,11,4,6,9,12,12,21,22,31
"YAR068W",3.5,1.5,0,3.25,1.25,4.5,0.5,2.75,2.5,3.75,1.5,2.5
"YAL058W",13.5,10,8.5,1,2,1,9,7.5,6.5,3.5,8,10
"YAL012W",119,96,113,28,24,17,88,103,68,71,113,85.1
"YAL064C-A",1,2,0.33,4,0.33,2,5,2.83,1,0.5,1,0
"YAR028W",3,7,3,0,1,0,6,1,2,6,4,6
"HRA1",2.5,1.5,2.5,0,0,0,2,3,1,0.5,4,4
"YAL007C",16,6,12,0,2,0,27,24,31,13,23,16
"YAL040C",116.5,90,93,34,28,24,72,79,68,46,83,79
"YAR010C",40.01,34.65,38.22,39.55,26.14,22.18,25.44,33.85,25.54,37.76,38.32,38.58
"YAR009C",105.8,109.9,106.21,99.14,69.99,72.66,70.74,81.53,52.25,82.12,94.9,97.94
"tD(GUC)Q",0,2,2,4,0,3,0,1,1,0,1,2
"Q0065",55.48,52.73,64.47,105.55,72.27,88.57,53.65,55.07,38.33,68.2,64.37,69.8
"Q0080",0,1,0,0,2,0,0,1,0,0,0,0
"Q0160",28,18,24,22,30,33,16,17,15,21,25,30
"Q0070",55.98,51.23,65.47,123.05,82.27,93.57,49.15,57.57,41.33,66.2,61.37,62.8
"Q0142",2,0,0,2,2,2,0,1,0,0,3,1
"Q0275",70,70,79,165,118,152,59,65,56,55,81,65
"tR(ACG)Q2",0,0,0,0,0,0,0,0,0,0,0,0
"tK(UUU)Q",0,0,0,0,1,1,0,1,0,0,0,2
"Q0010",0,0.5,0,0,1.38,0.5,0,0,0,0,0,0.46
"Q0255",27.4,15.7,19.33,48.83,48.33,43.11,12.5,20.2,15.2,20.4,30,31.73
"tN(GUU)Q",0,0,0,4,8,0,0,0,1,2,0,0
"Q0020",1829.75,1596.9,1816,2124.25,1464,1661.5,1328,1603,1209.5,1432.5,1424,1460.83
"tE(UUC)Q",0,1,0,3,2,2,0,1.5,0,0,1,1
"Q0140",8,2.5,7,9,6.5,5,2,1.5,2,1,2,3
"Q0075",29,32.5,46,146.5,100,108.5,16.5,34,28,38,47,49
"Q0250",104,100.5,86,280.5,248,266,63.5,82,60.5,96,95,106
"Q0017",0,0.5,0,0,0.38,0.5,0,0,0,0,0,0.46
"tC(GCA)Q",0,0,0,0,0,1,0,0,0,0,0,0
"Q0144",0,0,0,0,0,0,0,0,0,0,0,0
"tG(UCC)Q",0,1,0,1,2,0,0,0,1,0,0,0
"Q0105",41.08,24.5,24.83,67,73.08,88,29.17,21.42,19.83,26.58,26.25,31.83
"tT(UGU)Q1",0,0,0,0,0,0,0,0,0,0,0,0
"tM(CAU)Q2",0,0,0,0,0,0,0,0,0,0,0,0
"Q0285",8.75,7.25,9.67,22.58,19.92,37.08,4.5,3.92,1.75,17,12.67,12.42
"Q0143",0,0,1,3,0,0,1,1,1,1,1,0
"Q0055",294.15,289.23,300.47,636.97,490.93,578.9,235.9,271.4,200.33,289.37,355.5,293.63
"Q0032",0,0,1,0,0.25,2,0,1,2,1,1,2
"tY(GUA)Q",0,0,0,4,2,1,0,0,1,0,1,1
"Q0115",7.58,6.5,8.33,8.5,10.08,11.5,6.67,3.92,4.33,5.58,8.25,7.83
"Q0297",2.75,3.25,3.67,7.58,5.92,9.08,2.5,1.92,0.75,5,4.67,4.42
"Q0130",87,89,99,87,62,77,60,92,52,70,92,83
"tL(UAA)Q",0,0,0,0.33,1,1,0.5,0,0,0.5,0,0
"tF(GAA)Q",0,0,0,3,0,0,0,0,1,0,3,0
"Q0092",0,0,0,0,0,0,0,1,0,0,0,0
"tW(UCA)Q",1,0,0,0,0,0,0,0,0,0,1,0
"tT(UAG)Q2",0,0,0,0,0,1,0,0,0,0,0,1
"tS(UGA)Q2",0,2,1,3,0,1,3,1,1,6,1,2
"Q0110",10.25,6.5,6,12.5,9.75,9.5,3,2.25,5,9.25,6.25,7.5
"Q0120",20.08,18.5,16.83,38,37.42,47,16.17,16.42,13.83,13.92,15.58,18.83
"tH(GUG)Q",0,1,0,1,0,2,0,2,0,0,1,1
"Q0050",367.5,351.33,418.67,1212.17,914.33,882.5,280.5,351,292.33,455.17,527.5,475.83
"tA(UGC)Q",0,1,0,4,1,1,0,0,0,1,0,0
"Q0085",4,5,7,13,13,14,4,6.5,0.5,6.5,5,5
"Q0182",3,5,3,12.33,9,16,2.5,5,2,9.5,3,4
"tM(CAU)Q1",0,0,0,0,0,1,0,0,0,0,0,0
"tS(GCU)Q1",0,1,0,2,0,4,0,0,0,0,1,0
"tV(UAC)Q",0,0,0,1,0,0,0,0,0,0,0,0
"tQ(UUG)Q",13,12,7,50.33,43,52,1,4,4,4,5,5
"tR(UCU)Q1",0,0,0,1,0,0,0,1,0,0,0,0
"Q0060",13.15,12.73,14.47,16.22,11.93,16.9,13.65,9.4,10.33,15.87,15.87,19.13
"Q0045",126.98,113.23,150.47,413.05,266.27,285.57,106.15,119.57,96.33,138.2,146.37,146.8
"tP(UGG)Q",0,0,1,3,5,3,0,0,0,2,0,1
"tI(GAU)Q",2,0,0,2,0,0,1,0,0,0,0,0
"Q0158",3792,3625.5,4014.5,6257.5,4554.25,5471.5,2934,3485,2726.5,3793.5,4063,3860
