string_suffix,1h_rep1,1h_rep2,1h_rep3,3h_rep1,3h_rep 2,3h_rep3,5h_rep1,5h_rep 2,5h_rep3,7h_rep1,7h_rep2
YGL237C,7.82461,10.1804,12.0613,37.3453,35.6452,34.2346,29.2529,28.9201,36.8058,25.5553,19.5966
YOR059C,11.1564,11.6804,7.33575,66.3119,76.7757,70.0148,106.624,105.031,113.799,159.884,138.998
YNL149C,10.6518,6.71551,13.0304,68.1282,104.429,84.2528,166.266,129.679,212.474,163.364,240.572
YLR016C,9.828,12.1612,8.5217,34.0042,36.3215,34.5194,37.0438,49.1412,42.8758,35.0038,36.7716
YDL183C,8.56294,10.561,11.4417,52.1135,58.0446,50.9751,76.4852,74.5885,83.0305,92.7623,112.368
YIL004C,8.5084,10.6296,11.4373,70.5905,57.6663,66.8492,97.0745,107.255,96.1538,106.559,105.194
YPL227C,12.0522,8.4887,10.3905,93.6805,99.1408,94.222,133.126,123.821,154.79,123.36,139.743
YKL061W,9.78239,12.7608,8.67987,16.8873,11.8095,14.604,13.1035,15.2196,16.6624,9.16022,7.46556
YJR118C,11.9487,8.70357,10.656,62.5925,65.8029,57.2738,85.4552,81.1024,95.5734,76.5526,82.8492
YPR082C,10.5551,11.4988,9.33914,47.7369,42.7385,50.0764,86.3336,90.8157,79.62,94.7235,86.4042
YKL146W,10.4911,10.8518,10.1878,50.1382,58.4028,48.6609,78.4452,69.1405,76.1014,75.5111,73.9867
YMR268C,9.68876,7.31233,14.5622,32.6671,37.6092,37.8196,54.9077,51.6094,64.133,57.3516,73.8813
YMR322C,9.81398,11.2488,10.5268,39.3431,38.1375,35.3792,189.802,191.922,195.708,394.985,411.807
YDR331W,12.1209,6.48902,12.9902,136.912,135.448,115.359,179.184,197.377,177.397,213.447,204.923
YLR263W,12.4796,9.02705,10.1427,43.2336,46.4951,44.5948,102.697,84.8407,102.383,111.91,124.356
YNL009W,15.7601,7.44871,8.44419,57.1809,75.9176,72.2726,172.598,177.619,179.3,353.69,375.63
YOR228C,11.6159,12.0585,8.23669,75.7387,82.932,85.4434,135.929,135.968,152.971,165.49,167.779
YGL154C,11.0515,9.37703,12.3624,71.5159,81.8673,72.0078,152.805,144.341,145.022,134.374,134.129
YKL086W,13.0817,11.0006,8.71381,55.705,56.3049,51.6333,281.73,263.847,267.756,751.538,719.956
YAL020C,11.7767,12.6263,8.64881,38.7475,34.361,41.7286,51.0284,55.2925,52.4158,53.8677,49.1628
YER147C,8.27832,11.3152,13.7391,97.4708,95.3174,112.571,136.343,169.877,159.096,192.176,162.467
YNL133C,11.712,13.2734,8.46511,106.35,105.621,113.438,154.596,192.123,163.489,190.589,176.913
YLR356W,13.1322,10.362,9.96125,60.4894,79.2539,65.771,144.915,149.565,148.381,214.069,192.754
YOR244W,11.5017,11.8002,10.1853,67.1868,63.2905,59.8022,87.2685,88.5737,102.939,110.044,102.58
YPR149W,11.8265,10.96,10.8557,25.6737,21.9935,28.1853,25.6075,35.3009,31.4618,42.0831,32.582
YBR091C,8.48404,13.7121,11.495,36.0001,33.0105,34.4276,45.2493,47.4413,40.771,41.9663,35.1635
YGR006W,10.9447,13.2351,9.61761,37.2217,40.1712,43.1682,53.2159,64.4088,56.4795,58.8568,50.6296
YDR364C,10.4643,12.8677,10.5374,66.2353,90.0972,67.7914,122.238,124.267,146.03,149.842,142.68
YML037C,12.7836,12.1142,9.34105,27.8762,29.4584,28.4527,41.4967,42.0782,47.206,43.7432,42.2296
YNL188W,10.4882,11.4525,12.5121,47.468,38.7633,38.7438,61.2149,64.642,59.5354,64.1448,71.4227
YOR150W,10.029,9.67421,14.7622,35.1455,34.1236,42.2108,50.0822,62.3059,47.9034,60.267,56.3252
YDR411C,10.6904,10.3309,13.5405,141.667,154.35,148,303.316,300.721,352.297,355.023,360.09
YDR524C,12.91,8.99044,12.7213,47.3808,37.617,52.3846,55.5462,55.781,64.3759,38.1833,43.1003
YOR033C,8.19962,8.23734,18.2001,93.7036,119.754,114.768,148.323,161.564,172.573,126.139,123.227
YGR283C,12.813,9.95743,11.9197,46.8292,48.7609,52.8059,45.5493,47.2302,57.3977,42.2383,45.823
YMR026C,13.0957,13.0716,8.7685,80.9926,84.4471,77.4118,93.8479,94.6716,98.3773,94.2481,94.0137
YMR243C,13.0473,12.3668,9.52223,158.296,166.54,168.108,259.675,306.267,295.224,330.99,300.326
YJR050W,14.4684,9.68603,10.8111,48.7556,67.0209,55.364,80.2579,79.9324,88.2389,70.8934,73.2001
YMR052W,11.8177,7.83766,15.386,32.3005,41.0698,32.5986,34.6177,40.3355,47.4619,36.5264,37.2749
YOR330C,11.2021,10.2274,13.6442,61.8254,56.1165,57.697,65.297,74.251,74.7381,50.0494,46.0615
YNL138W-A,11.7977,14.2341,9.16776,41.2248,26.9714,34.1619,48.3472,60.4797,45.7812,51.9807,44.8793
YIL135C,10.2285,12.4145,12.582,34.9416,31.4855,32.2183,52.3362,54.7812,54.7446,52.2529,48.9914
YEL070W,15.2312,6.56655,13.5322,148.439,163.489,165.619,548.575,567.398,588.365,1853.28,1820.45
YNL063W,14.4274,9.33723,11.6145,85.136,83.6372,72.1445,102.4,95.6908,114.703,88.0549,101.231
YDL067C,15.4347,10.0551,9.89635,31.1814,55.1394,40.1727,74.6898,58.2638,80.5014,61.8721,84.8069
YHL037C,12.2547,12.2334,10.9665,25.1823,25.0363,28.7708,41.3457,40.8429,38.0462,30.9801,31.5127
YCL069W,14.1431,8.87954,12.5272,29.4126,33.8549,34.6308,33.9283,34.1576,43.3369,36.6701,37.4006
YDR425W,8.63965,12.6699,14.4756,89.2439,97.0338,104.951,156.395,184.729,174.436,253.122,232.447
YPR030W,15.0453,7.59521,13.2352,21.7149,28.3268,27.1112,50.9818,49.5506,61.6173,83.5649,82.468
YLR375W,11.7266,13.7548,10.4597,59.4519,46.0969,67.6487,53.6149,71.0475,60.4131,64.7367,48.5445
YKL051W,12.5864,10.8411,12.5525,33.0777,37.3522,35.79,62.3168,58.8954,46.072,118.502,99.4333
YNL336W,6.25315,17.4567,12.2773,120.273,123.56,117.057,284.001,272.365,297.35,581.821,566.998
YBR299W,10.1726,13.9679,12.2197,168.366,188.769,205.61,707.63,802.167,734.537,1757.94,1587.68
YER095W,13.3277,13.057,9.99705,56.253,67.9404,65.5583,92.7045,95.3159,101.38,95.8872,104.15
YKL107W,9.80206,12.1747,14.4099,26.3883,44.8355,39.3294,65.1091,68.6837,90.0642,415.022,559.15
YAL009W,13.6016,9.28068,13.5107,80.8763,90.2442,70.5645,118.112,111.521,139.343,127.53,155.302
YBR047W,11.9419,14.5504,10.0441,41.7666,27.5068,47.99,63.1969,76.0097,62.8581,58.9137,51.3138
YLR026C,13.4078,11.2747,12.0783,49.0237,55.2212,57.8218,78.6058,82.1719,80.2017,88.0845,95.5395
YIL090W,16.9191,8.01192,11.8393,141.53,159.665,148.533,320.334,267,321.678,295.849,341.262
YJR084W,14.905,12.4402,9.47622,79.3665,93.3264,78.8229,131.001,131.459,133.327,137.038,156.035
YMR114C,7.4654,16.045,13.327,88.8465,80.6275,95.3281,139.71,168.075,175.307,192.459,197.216
YKR019C,5.96589,22.5293,8.51598,78.9316,105.033,115.412,170.569,212.884,128.773,122.226,81.0233
YJL062W,18.7759,9.13461,9.25892,108.054,113.577,112.845,159.108,154.342,152.919,145.676,150.912
YCR106W,11.5565,10.7623,14.9716,46.1434,57.2402,54.3274,74.4946,62.714,70.6677,68.1142,67.1641
YAL031C,11.8929,12.6739,12.9697,47.0234,47.6533,42.8712,60.4416,64.0557,66.35,65.3912,71.1139
YNR063W,14.7563,12.7421,10.2977,75.6758,80.7676,82.4523,118.555,133.724,131.176,121.362,124.971
YER111C,14.9168,13.794,9.51447,55.8375,61.3529,58.7331,74.3478,81.314,85.2913,73.3812,64.0553
YOR208W,14.1359,12.0202,12.1654,72.1056,60.9724,73.5518,168.183,186.621,189.302,322.847,316.969
YBR128C,15.7616,13.4791,9.09861,53.0432,54.5809,59.9163,98.1504,83.948,90.902,113.741,117.868
YPL138C,12.4243,11.296,14.6597,47.2127,58.3498,52.9853,70.5247,65.5688,62.4662,52.8436,59.7354
YHR118C,13.9002,8.4721,16.0599,50.6608,59.4081,53.5082,81.4674,81.0988,88.7081,84.0118,80.5505
YKL119C,13.7719,11.0511,13.7138,88.9417,109.237,79.585,163.342,150.446,166.099,155.514,175.571
YDR069C,9.69389,12.3798,16.5527,86.1952,79.488,78.2819,121.698,130.338,137.045,160.959,150.392
YLR137W,14.1701,12.3779,12.1476,41.0432,43.2455,50.4747,54.1057,67.6993,45.4812,54.2257,49.7929
YDL057W,14.3827,11.852,12.4733,58.4112,57.4848,48.016,75.1769,78.8611,89.3113,99.5291,119.539
YLR437C,13.7662,14.5652,10.3827,28.3309,30.2327,28.0044,34.0416,36.4534,41.5547,34.8767,34.645
YDR443C,11.2277,10.6623,16.8483,75.6392,83.8768,76.5156,125.496,124.165,137.435,106.864,100.256
YNL257C,14.1889,12.5025,12.1669,112.568,136.615,110.77,194.535,179.792,223.566,217.96,223.582
YJL134W,15.6125,11.011,12.5306,83.6175,83.8947,81.2082,124.493,127.135,137.365,190.161,200.159
YEL044W,11.9734,14.8653,12.3242,54.7045,59.9238,53.3809,74.328,74.7521,72.8874,51.929,56.7418
YJL057C,7.79535,12.2647,19.2135,187.79,180.188,189.918,390.965,395.184,408.256,485.779,507.184
YMR043W,12.0125,11.3547,15.9143,57.4124,56.2055,49.9915,51.1172,66.8129,62.9468,46.276,50.8945
YDR349C,13.132,12.6829,13.4683,61.3469,64.8458,63.8174,117.123,111.297,116.641,124.593,129.265
YDL142C,9.07297,14.5656,15.6917,68.0801,85.6794,74.3327,131.624,104.259,125.527,109.519,119.254
YFL046W,11.7916,12.5173,15.0452,80.1603,85.8172,85.065,115.641,141.401,141.778,123.194,128.941
YDR470C,11.3163,13.0875,14.9742,124.869,122.117,131.902,181.483,215.162,190.165,221.286,191.833
YMR156C,12.9046,13.657,13.0354,32.5517,32.8215,30.9743,44.7339,41.3945,50.6914,56.0182,52.903
YGL178W,14.7148,11.5959,13.4994,176.766,169.189,187.977,279.446,316.154,286.8,363.524,297.756
YJL218W,13.5896,14.1414,12.1926,42.0532,43.5541,44.4684,78.4914,87.0445,84.8745,117.317,114.356
YML050W,16.2637,11.5465,12.4107,60.2785,58.8328,49.7307,85.074,86.5472,99.8168,102.363,97.9295
YKL018C-A,14.9009,13.2162,12.1947,80.5075,94.2156,87.2952,123.917,131.453,139.974,173.922,163.472
YDR302W,13.8791,10.6937,15.8299,103.64,97.2178,101.766,169.555,193.287,182.22,208.383,203.377
YER072W,12.9612,14.2014,13.4572,98.5542,111.493,101.241,159.218,153.859,174.2,144.294,181.649
YNL199C,15.2364,12.1639,13.2374,62.8173,58.7691,52.4912,66.009,64.9368,76.2945,55.9096,58.229
YPL272C,15.4494,9.21346,15.9778,47.3768,50.0288,46.7555,81.0124,89.6053,86.2565,78.1449,80.4723
YPL166W,16.9267,10.6008,13.3456,26.5248,24.9556,31.3618,34.1008,44.4178,46.4011,39.2049,37.3667
YER046W,17.6793,13.3433,10.0042,47.9621,42.5027,44.6145,72.9424,74.6331,78.2502,86.8201,86.3413
YBR058C-A,16.177,13.3985,11.6483,86.7512,90.7481,102.453,132.107,150.304,118.725,161.253,121.421
YDR084C,11.5845,14.1234,15.5991,94.7143,104.972,111.526,159.767,148.861,143.449,155.666,156.713
YNL080C,15.2884,15.5631,10.4643,126.229,137.464,132.505,191.764,198.159,214.901,195.319,199.166
YPL140C,16.5537,14.1055,10.7067,89.616,86.8886,82.3627,100.923,109.128,120.987,95.3868,91.7175
YNL047C,10.2839,15.5299,15.6085,33.4226,33.905,36.7497,48.4666,45.1198,52.898,47.0546,48.8416
YLR455W,15.4319,10.7329,15.3679,37.2585,41.5715,43.1038,57.2941,53.2112,61.5988,56.0707,53.4692
YOL054W,11.9782,14.6527,14.9449,52.9608,60.8008,58.7554,83.9716,81.8183,86.0187,81.2556,98.5283
YER074W-A,14.0545,13.8623,14.0463,87.8007,120.287,75.9045,166.584,110.714,191.158,115.71,185.098
YIL047C,13.8209,14.2748,13.9307,127.396,125.173,130.957,161.033,163.597,153.394,167.15,154.324
YMR198W,15.252,12.2345,14.6554,27.0413,30.434,32.1879,34.7698,37.1887,38.0527,29.5403,39.0023
YOR245C,11.5343,12.9525,17.7184,112.84,130.498,108.828,220.083,212.478,219.369,258.018,248.39
YMR119W,15.9513,8.85746,17.4571,206.295,227.702,214.632,389.423,377.452,431.423,387.631,395.385
YNL136W,11.6764,14.9804,15.743,52.5035,48.8116,43.3769,48.1946,50.0814,55.8804,58.2962,54.8468
YHR204W,11.7991,14.3426,16.2727,83.2851,83.0513,78.8401,125.539,118.273,133.646,124.707,125.024
YHR006W,15.1393,13.5973,13.7858,80.3226,82.0793,75.6714,103.144,97.343,118.426,93.4495,109.939
YCR044C,15.7438,10.7216,16.144,101.528,122.368,110.721,182.259,143.849,203.341,168.002,194.351
YGL126W,14.9496,9.76303,17.9672,156.095,213.148,183.883,327.899,279.305,366.066,325.386,370.465
YBR233W,15.0352,15.1411,12.565,40.4477,49.927,42.5567,65.4099,61.3454,66.962,65.2401,67.9167
YNL078W,16.7147,10.784,15.3798,27.6343,25.3445,25.2531,69.652,97.4208,89.3281,178.954,166.849
YIL097W,13.099,11.712,18.1458,60.7313,92.3491,62.7283,154.002,108.174,162.493,147.633,204.592
YDR421W,13.9605,12.6757,16.6931,151.221,152.632,156.612,216.621,233.604,243.012,293.887,282.424
YDR151C,17.0831,12.8244,13.5459,45.8986,58.2449,51.1542,74.4809,66.7579,76.9257,62.5042,61.2227
YOR284W,17.8,14.0184,11.7739,77.154,75.1911,79.2733,96.1057,99.45,114.006,116.632,117.489
YGL255W,12.317,16.2558,15.1283,38.1999,39.1729,37.8049,74.4539,65.1447,72.63,84.6635,112.888
YGR288W,18.7398,10.3549,14.7353,98.1845,117.187,96.6402,177.013,190.691,199.475,215.862,205.345
YMR283C,18.0765,14.0657,11.838,66.5797,53.1067,62.0591,68.6584,74.6433,79.6628,64.7115,62.1236
YBR107C,13.9964,14.8011,15.3362,52.0418,56.5025,53.2126,87.0225,96.7946,104.395,95.8126,103.376
YPR001W,14.4092,12.5731,17.2158,86.5766,119.595,105.59,250.828,243.023,276.179,577.596,603.205
YMR035W,16.9378,11.9325,15.3671,55.3783,56.3732,59.1368,105.979,110.961,102.921,114.209,126.624
YOR343W-B,14.9223,17.0802,12.3086,255.628,267.534,239.393,307.344,291.98,332.102,244.854,263.703
YHR166C,17.5615,12.6961,14.0704,143.173,137.638,164.054,233.883,246.174,239.456,297.132,272.208
YLR453C,14.2281,15.5708,14.5489,76.599,78.3772,78.435,112.342,114.858,122.904,130.569,126.563
YER038W-A,15.8574,16.4219,12.0713,53.9948,59.5557,62.825,134.985,151.518,136.477,190.902,163.776
YNL320W,14.7121,12.444,17.2458,93.5006,103.349,107.235,147.497,162.771,164.724,159.595,164.449
YOR327C,7.3111,20.7509,16.3557,136.148,114.485,142.37,165.639,213.793,175.111,212.162,173.263
YLR147C,15.6246,16.3784,12.4207,50.5652,35.5355,48.9328,47.833,64.9654,38.4595,56.1708,38.7001
YJL100W,14.8214,16.7766,12.9774,64.9352,78.3928,82.8236,131.125,132.933,127.34,141.106,143.274
YAL022C,14.3889,13.4903,16.8171,96.4819,93.0645,92.7926,116.319,123.191,144.275,130.715,129.794
YIL112W,15.1195,14.1964,15.3851,60.7965,62.3735,71.2202,97.7047,104.646,111.921,127.996,112.866
YDL212W,17.7064,11.069,16.0024,54.9126,52.7902,51.6694,80.2107,78.4122,82.615,89.5056,94.7548
YBL102W,13.4059,20.798,10.5987,155.874,159.729,153.425,232.468,237.974,243.808,244.909,239.126
YDR119W-A,14.4318,14.658,15.7179,29.2312,37.2536,34.5909,54.9602,58.4652,60.2629,61.6692,65.5518
YPR031W,17.9906,13.5346,13.3123,73.2011,67.4598,70.4402,58.3577,70.841,68.2115,60.1664,53.0575
YMR293C,16.4554,14.4455,13.9392,58.0212,65.4187,58.6497,95.3385,94.8235,103.438,94.8836,104.644
YGR024C,15.3746,16.5951,13.0625,65.9439,64.4464,69.1918,105.66,108.755,103.019,121.184,126.553
YJL102W,15.3232,10.0632,19.8624,66.651,63.6576,54.8769,107.744,107.472,102.225,116.788,117.387
YGL041W-A,17.3156,15.3315,12.7519,80.3848,73.0374,67.9207,81.799,92.3321,91.5655,93.2132,91.0592
YPL191C,16.3571,11.3191,17.7439,143.268,149.359,143.331,251.843,259.338,267.486,326.603,304.274
YAL008W,16.0202,12.3858,17.5461,115.948,129.157,118.95,208.357,198.476,223.76,231.027,230.312
YKL149C,18.4214,15.6525,12.0159,117.017,104.039,124.07,135.39,166.895,137.834,162.797,137.676
YPL047W,15.1411,14.9881,16.0592,71.2159,80.7197,84.7776,135.791,157.625,172.481,162.796,183.553
YOL122C,17.7504,11.2792,17.2881,63.3396,75.0801,73.7603,149.709,151.831,164.24,236.681,245.643
YLR033W,17.3127,14.932,14.1055,56.1634,61.899,63.4726,60.8413,64.826,66.8444,56.9705,64.3956
YJL058C,16.409,13.0053,16.9797,39.083,49.5524,45.1886,67.9869,51.2846,72.0065,55.9658,64.9399
YDR309C,16.9503,14.0445,15.4023,99.3607,100.126,88.3657,105.214,107.416,111.988,93.1346,100.435
YBR253W,15.6303,16.4587,14.3195,32.8756,38.7228,31.6466,30.4145,39.5597,36.6872,18.0507,14.4401
YDR503C,13.7474,14.4033,18.3586,150.044,150.223,172.041,244.623,244.401,233.421,301.645,281.29
YIL056W,15.946,16.0918,14.7059,52.6013,56.1792,55.2711,65.7064,73.2174,78.5016,66.733,69.389
YOL153C,14.075,13.8245,18.9647,54.135,47.7442,58.7598,86.101,85.4477,99.8905,104.734,124.589
YHL019C,18.3374,15.977,12.6249,57.1759,62.779,67.6897,97.3797,91.4187,104.062,132.722,136.912
YNL294C,16.7955,16.0142,14.1359,61.2065,72.9419,70.7435,102.729,110.189,123.515,141.281,151.18
YAL044W-A,14.8987,14.0905,17.9846,85.5658,96.657,93.2258,118.494,113.23,136.906,113.641,104.634
YHR079C,19.3213,11.9006,16.0176,227.148,245.272,249.892,411.88,388.023,472.045,425.284,451.988
YPL236C,16.2569,15.1011,15.8825,75.3278,92.6765,84.1353,137.194,141.305,159.982,180.147,180.364
YOL068C,15.8008,15.0557,16.6222,68.3234,70.2455,71.3526,82.6776,88.6063,99.6198,75.0866,88.2932
YER059W,14.9004,14.9989,17.8331,46.1056,59.4531,57.9688,70.2323,68.2795,73.4354,51.0961,50.7706
YDL120W,13.9107,17.7132,16.1216,37.9812,27.0855,53.2568,44.4878,80.2071,42.1072,68.4551,39.552
YKR075C,18.621,13.6625,15.756,73.1375,75.698,70.0086,158.852,158.036,180.721,204.288,219.039
YOR349W,14.2316,17.3594,16.5051,124.968,135.383,132.412,186.765,192.337,214.751,229.004,218.442
YFR029W,14.0256,14.5062,19.5969,56.2829,55.1234,55.4702,95.2095,104.772,105.995,107.875,128.459
YER079W,16.1855,13.518,18.5011,48.1776,59.3407,48.413,83.9102,94.4538,103.699,89.396,100.367
YJR035W,20.3541,16.3235,11.6275,72.4729,80.7531,74.4285,102.715,112.944,107.422,111.19,110.535
YHR101C,14.5233,14.2894,19.5257,131.694,142.007,122.68,218.19,225.536,231.134,240.913,242.501
YBR235W,16.7277,15.7957,15.9774,141.84,124.041,149.32,203.252,283.739,210.133,304.762,237.699
YBL034C,20.8962,15.5813,12.0413,86.27,101.186,86.0905,131.761,122.255,142.535,157.654,158.511
YLL043W,17.6129,15.7801,15.1463,32.1416,39.516,26.657,55.721,41.0005,52.1911,60.3082,61.4409
YNL273W,18.7589,13.4868,16.3211,97.0098,82.6353,79.1814,127.76,135.318,138.542,135.21,140.811
YLR050C,17.7407,12.9407,17.9175,220.599,268.574,238.308,539.669,468.008,610.056,640.015,734.284
YNL305C,15.9221,15.8575,17.0644,79.4169,95.5251,83.9199,149.98,125.439,165.372,152.68,172.011
YPL188W,15.0814,17.5051,16.3497,59.9885,75.5777,58.4195,105.119,109.543,140.953,145.142,153.844
YKL098W,15.2399,17.5055,16.3834,83.7554,82.0366,72.5088,101.886,113.622,114.541,102.826,98.1924
YKL004W,11.3611,19.7876,18.0388,126.485,116.679,132.563,215.085,245.003,270.287,345.152,295.08
YDR252W,39.8977,0,9.32555,10.161,55.8327,93.3916,74.9652,42.4749,58.9176,70.1675,13.9209
YDL013W,17.2777,14.4074,17.6097,61.5787,69.162,65.0199,88.9082,94.3336,99.7483,99.1386,107.771
YAL015C,15.0733,16.1812,18.1115,51.7069,58.3059,53.8316,64.4246,72.1189,74.2668,56.2592,66.1844
YAR008W,15.3766,17.5496,16.4765,58.6749,54.5529,57.686,85.7269,82.9934,77.3564,90.4981,97.1597
YKR100C,17.9777,18.0023,13.4448,50.5235,61.1559,61.3731,69.5039,91.1799,83.5732,94.3258,90.1835
YGR183C,16.2094,15.976,17.3207,51.4981,59.0468,60.071,104.118,113.377,127.874,123.273,123.134
YDR066C,17.2886,14.3803,17.8531,67.7624,65.7184,72.9651,99.8177,91.0373,105.097,80.5895,85.3483
YGL128C,18.937,16.3804,14.4002,64.6562,66.7229,73.1968,86.5139,90.0299,100.287,98.3467,87.4772
YKL209C,16.3266,14.4737,18.9701,143.528,158.135,146.883,178.723,174.823,183.074,149.099,162.386
YIL127C,17.6109,12.5195,19.698,52.2678,63.9548,46.6227,97.86,95.4867,93.7981,99.6641,102.721
YBR136W,17.7789,10.1713,21.9125,143.861,161.935,153.924,207.103,197.193,243.341,194.899,226.877
YDR498C,17.735,15.4484,16.7419,184.409,173.324,180.186,238.232,271.298,238.593,273.244,256.39
YGR276C,19.0951,15.183,15.661,89.897,95.256,96.5433,120.988,123.684,122.357,112.863,124.155
YGL075C,17.4678,15.9009,16.7151,71.3821,74.2754,81.1588,98.3933,94.3977,104.068,108.209,100.288
YGR071C,19.0901,17.0969,14.0248,82.0854,88.8075,88.0924,120.636,107.911,132.378,111.017,121.363
YBL084C,15.8775,16.6695,17.7334,95.4118,94.8388,103.694,129.964,143.979,140.561,157.08,150.973
YNL217W,19.1421,13.4922,17.705,44.5059,43.0919,46.7969,69.4144,72.2162,65.8889,92.9246,84.1717
YLL012W,19.0627,13.2257,18.0524,75.9721,94.0302,74.262,122.508,106.302,135.596,177.703,203.271
YPR094W,17.6608,15.8654,16.8263,49.9037,60.8194,52.8976,74.1772,73.1677,66.2987,65.5407,72.74
YOR278W,18.8543,16.1327,15.4653,62.1628,51.3159,63.6045,108.612,103.542,121.075,148.012,133.253
YBL095W,19.8198,16.638,14.0662,68.0409,68.0749,61.2246,107.458,118.919,120.866,112.224,129.697
YMR037C,16.8041,17.2743,16.5699,41.7908,49.1141,49.1502,64.1987,70.9782,67.0472,67.6781,58.4296
YOR351C,14.3559,23.1691,13.1507,111.476,79.17,107.259,113.103,132.143,91.8176,112.954,92.9085
YDR240C,14.3408,17.9925,18.5062,110.095,127.968,108.343,171.429,155.375,163.302,150.328,167.917
YMR166C,17.7154,20.4324,12.9694,31.2967,43.5775,37.1115,51.2821,53.4097,45.7501,55.1514,61.4134
YJL147C,19.6057,15.6679,15.9884,53.0431,42.2669,50.5302,72.5522,72.7727,76.2475,75.6295,69.5811
YML019W,21.2683,13.0972,17.0705,136.77,147.907,136.738,212.377,204.758,240.264,187.979,202.812
YDL217C,16.6018,15.0545,19.8024,54.356,57.6584,48.1284,93.5552,88.8932,107.009,112.465,124.641
YJL107C,14.6999,19.8162,16.9656,71.5565,53.4802,76.2891,85.65,124.741,88.5786,107.705,68.0134
YPR139C,17.8536,16.5687,17.0632,229.835,209.033,247.567,384.67,437.074,411.372,449.865,429.97
YPL157W,16.2307,17.6696,17.9674,55.9466,56.8457,62.1699,74.8467,90.5198,90.0712,121.952,111.542
YMR010W,17.1544,15.3273,19.4081,94.0252,101.347,96.0606,131.126,127.503,131.022,141.239,146.659
YHR015W,19.3464,13.493,19.111,131.396,146.469,126.706,210.636,220.569,263.844,281.797,325.638
YOR154W,16.1312,16.3092,19.5918,76.697,79.4367,80.1089,100.234,110.496,118.02,108.545,106.246
YDL220C,17.5492,11.8401,22.6847,92.153,103.873,90.4136,114.944,119.602,121.786,116.055,132.776
YKR088C,16.7158,18.6365,16.7914,147.461,143.827,141.871,196.95,218.21,223.109,218.69,222.73
YJR110W,18.535,14.6264,19.513,112.547,120.34,119.91,185.157,187.481,192.83,219.354,224.571
YDR026C,19.3382,14.1695,19.2408,45.5299,52.0581,46.4905,66.1262,76.5,70.7644,87.63,86.0202
YAL025C,16.7578,16.5358,19.5418,90.6257,100.106,100.1,126.094,121.248,126.465,111.467,121.792
YPR199C,17.0653,14.7646,21.0536,43.8125,41.7957,46.1529,46.4954,32.963,46.6988,32.7656,40.3634
YCR048W,12.3085,17.3918,23.236,299.287,332.018,288.293,462.11,468.014,554.413,391.598,463.669
YNR065C,17.3216,18.598,17.1834,153.601,164.09,171.4,979.211,1032.46,964.198,3322.59,3110.5
YIL158W,16.8497,19.8535,16.4434,85.5728,93.9809,87.0638,135.927,146.636,142.448,169.523,162.245
YML046W,20.1358,12.7263,20.3355,108.536,111.592,108.903,160.518,147.849,163.532,161.466,154
YBR255W,15.1021,20.1316,17.9782,130.766,124.59,133.191,221.632,202.894,219.378,259.178,249.82
YIR022W,19.4038,12.5296,21.3414,96.5102,109.512,118.312,146.769,161.273,151.596,146.597,135.998
YHR164C,18.6617,13.6903,20.9305,97.2204,103.235,102.623,164.846,131.615,173.419,183.669,196.773
YDR235W,16.4844,22.3052,14.5386,134.152,130.817,143.088,160.448,172.374,173.07,181.142,172.576
YPL029W,22.9606,13.3009,17.1538,53.2721,60.6846,58.7468,71.9702,61.7109,57.8648,55.5394,53.85
YLR283W,19.0838,18.8908,15.4593,81.2725,97.3351,91.949,121.809,118.206,145.352,131.304,148.283
YIR021W,19.2489,14.7152,19.7544,76.0106,81.2116,78.7341,144.995,143.654,149.028,167.85,163.817
YHL012W,16.2244,16.5277,21.0084,102.044,106.117,107.462,164.718,181.13,176.5,194.128,199.138
YDR359C,20.7203,14.6203,18.48,41.2462,60.5231,43.8048,67.8596,53.123,69.3729,54.1925,75.121
YGL160W,22.1848,17.1509,14.4929,112.841,119.708,118.842,192.885,199.772,244.034,206.884,222.229
YGL098W,20.7789,9.34386,23.8053,139.147,130.073,160.982,212.573,244.27,209.454,249.001,221.567
YLR237W,16.8837,14.5317,22.7379,188.893,247.321,175.61,584.014,427.495,654.651,481.351,579.42
YOR075W,20.5918,15.7682,17.8615,114.586,128.52,117.348,165.249,185.234,189.914,178.844,172.777
YJR015W,18.788,15.2563,20.1929,144.013,171.976,153.476,144.01,145.577,157.898,120.691,127.484
YDL087C,21.8156,13.2754,19.1492,52.9297,57.3389,54.6018,72.4001,69.0111,73.4736,65.3097,64.5076
YMR287C,14.0475,24.1493,16.1114,135.335,117.436,150.094,181.983,237.933,187.647,235.5,205.899
YOL043C,19.1452,19.6436,15.5559,67.1678,66.649,62.9595,94.3402,110.725,108.525,135.352,130.117
YDL001W,20.9934,12.6895,21.1323,110.332,115.558,107.098,149.945,150.701,167.278,158.507,162.586
YBR187W,18.4154,15.5899,20.8322,90.452,90.0881,82.8512,101.431,113.524,109.623,104.614,109.649
YEL061C,16.9735,15.3527,22.5457,86.3713,89.2485,102.15,153.033,162.85,160.125,186.336,181.133
YBR275C,17.6577,14.1736,23.0612,154.986,179.907,158.902,263.518,257.46,277.413,268.807,293.807
YOR246C,17.4059,15.4091,22.4067,85.1335,100.685,82.5004,97.0424,88.2096,102.031,84.5491,90.1156
YNL234W,17.9547,16.7685,20.6536,62.1369,69.0747,68.638,90.1709,81.2424,92.8764,111.266,110.182
YHR106W,20.0976,14.0915,21.3041,75.9253,84.1395,71.1093,131.075,131.776,162.793,153.893,191.176
YCR069W,17.5513,17.6891,20.3222,55.6116,70.1342,65.1016,75.934,80.1706,76.9062,63.1487,55.2457
YJR073C,17.6912,18.0164,19.8781,118.923,121.019,122.377,215.164,210.898,243.118,261.838,266.79
YGR206W,20.8738,16.2627,18.6976,67.1768,70.9803,62.3318,94.5191,94.6611,105.048,81.9575,80.9873
YNL240C,22.6405,16.1105,17.4568,61.4068,68.3846,64.3534,94.4907,78.2797,98.8004,83.4852,97.6907
YBR230C,19.7501,19.0771,17.414,89.9343,68.6561,109.172,179.65,256.385,163.173,337.44,240.625
YML052W,18.6037,17.6099,20.0931,19.0286,20.3045,18.6337,20.7009,15.4034,19.8089,18.3634,16.8744
YNL194C,20.433,19.5767,16.3063,20.5364,24.7875,29.8928,25.621,23.5391,26.7733,26.5902,28.4261
YCR043C,17.3472,14.4552,24.6506,141.999,139.956,146.609,224.579,244.923,259.312,265.343,262.717
YDL170W,19.8346,14.2371,22.525,164.583,155.558,155.436,313.349,360.831,326.56,326.933,307.873
YNL293W,19.1401,19.2721,18.1889,107.79,102.195,125.041,196.775,215.418,210.175,239.306,258.357
YGL155W,23.0342,16.1396,17.5534,101.818,100.418,97.5394,138.258,164.138,156.6,183.684,178.662
YHR155W,22.1676,14.5467,20.4523,103.539,118.869,111.27,283.615,298.09,278.134,289.764,271.323
YBR215W,20.5863,18.9652,17.6263,72.0348,78.5993,71.8216,66.8243,65.9867,80.4342,39.9517,35.8719
YBR044C,20.1254,17.3865,19.6969,81.8838,93.4618,80.3339,133.66,146.183,134.955,156.295,151.704
YDL239C,20.4558,15.66,21.1098,50.0099,64.7488,55.7429,91.9799,78.8381,101.101,80.9369,94.6332
YOR103C,15.9346,16.7055,24.8034,174.582,159.39,176.469,269.518,296.1,306.643,306.106,294.526
YOL159C-A,20.5613,21.2669,15.8772,68.2041,62.7749,69.1772,154.245,169.495,173.561,321.235,284.405
YMR100W,20.684,18.0968,19.1652,60.4965,70.8152,63.0086,78.7331,80.3361,84.5509,94.8668,106.025
YLR108C,20.1896,20.4048,17.3793,54.8356,55.3342,63.3164,53.5209,49.9914,55.899,49.0512,45.0018
YIR027C,18.6388,20.4667,18.893,58.2575,52.1867,57.2875,72.118,71.0576,83.5326,79.1057,81.929
YFL025C,18.8065,18.9687,20.2316,158.011,186.566,160.182,323.208,271.453,332.607,338.428,362.769
YNL221C,20.4765,19.0857,18.7013,123.355,133.668,136.643,163.457,158.559,170.582,167.15,163.007
YDR042C,20.3033,15.8273,22.201,47.8134,51.988,52.1372,90.8963,90.0716,104.599,90.3221,91.6823
YGR126W,23.7918,13.7229,20.8543,64.0807,81.0992,74.0527,117.713,104.19,135.991,109.856,117.769
YCR015C,20.8245,19.3796,18.5189,79.5312,83.4764,77.8672,120.465,136.25,136.673,156.778,136.791
YLR081W,18.755,20.2999,19.7192,44.6143,44.243,46.3901,55.7976,61.4509,61.1226,58.314,48.9001
YAL051W,25.7111,10.7943,23.1126,170.91,184.787,182.446,266.712,297.313,303.58,346.51,351.684
YLR431C,21.6733,17.527,20.707,75.0545,86.7019,92.884,122.468,128.156,156.275,146.297,155.052
YNL073W,20.2649,18.1892,21.5752,155.707,150.378,167.891,245.062,258.931,266.494,220.882,216.577
YER162C,24.1145,19.7676,16.4368,54.3706,62.9919,67.8854,59.4964,76.5363,73.9931,52.5802,46.6745
YIL002C,18.8678,19.1084,22.4864,154.556,156.181,140.402,218.018,254.419,240.976,247.781,246.555
YOL069W,21.3465,18.654,20.6608,69.7656,74.2446,63.3147,78.6324,81.5633,94.6241,80.8054,68.7157
YMR222C,19.6144,21.4544,19.6443,55.8355,57.5113,55.6545,81.0941,80.7535,91.5208,75.5106,85.603
YBR204C,21.3166,18.4442,20.9525,114.473,121.082,113.44,208.08,204.109,234.22,275.373,312.411
YBR278W,21.0858,21.9209,17.8255,67.4554,71.611,66.9909,77.086,82.2974,94.3263,70.0598,67.6404
YGR246C,19.8489,18.0618,23.0563,91.6868,92.4044,87.7538,82.9699,85.7632,91.5292,68.2001,68.3876
YMR014W,22.1689,18.9624,19.8983,110.28,98.3844,98.8631,148.672,167.157,144.815,211.452,161.241
YGR251W,21.8695,17.9681,21.3448,84.0709,84.8959,88.9089,114.499,114.326,117.899,101.226,103.36
YBR126W-A,15.1792,21.1266,24.9576,202.062,220.296,217.602,362.743,371.618,399.77,379.671,379.994
YLR018C,14.5773,15.7511,30.9538,273.615,290.011,284.424,419.875,468.803,466.268,469.82,445.566
YOL083W,19.181,19.2307,22.9105,56.2359,57.8974,67.739,84.4241,104.901,98.9199,93.403,99.6308
YJR057W,20.385,20.9393,20.2369,66.4375,75.4395,74.4586,123.967,128.882,148.058,148.903,162.163
YMR070W,18.7801,20.3984,22.5126,58.608,52.1798,68.2958,59.5174,82.1874,65.2991,74.5501,63.8117
YPR084W,24.2602,16.7072,20.7266,94.3211,105.685,89.1495,137.469,148.906,179.339,171.816,165.084
YGR174C,19.5493,17.2855,24.9143,125.237,131.222,132.898,238.272,271.019,283.596,283.062,279.137
YDR170W-A,23.7479,18.8577,19.4181,276.965,260.449,284.745,549.847,628.281,619.333,538.388,516.286
YOR386W,25.8646,17.6156,18.8312,65.028,69.8494,63.2553,69.3549,77.7266,90.1705,70.513,78.8644
YDR085C,20.6946,19.699,22.0021,57.5171,58.1792,61.6452,114.207,133.916,139.188,168.176,181.587
YMR148W,18.8006,20.625,23.0842,138.625,153.707,148.633,233.771,252.124,235.545,287.102,283.11
YPR057W,20.0004,20.531,22.3654,51.5982,56.8064,58.1281,61.6334,71.1973,70.7792,58.6574,65.1043
YKR085C,17.8874,18.0191,27.1715,114.653,143.825,118.772,185.104,181.97,212.346,158.958,190.092
YDR383C,20.0878,19.9668,23.2945,42.1614,39.0865,43.2368,54.5563,53.9548,59.0327,43.8915,42.974
YDR475C,21.2705,19.5927,22.4896,75.6728,86.0718,92.379,120.481,123.807,130.63,151.529,148.455
YGL108C,16.623,19.6233,27.3096,100.229,111.725,102.899,144.112,131.972,163.943,185.895,193.392
YOR035C,24.3053,18.5354,20.8346,115.316,134.382,133.665,173.091,186.64,208.379,190.743,199.018
YMR121C,20.8856,18.386,24.4586,150.895,194.397,154.918,297.76,229.991,336.639,362.28,457.754
YHR100C,21.4918,20.5167,21.7678,30.6483,42.7738,35.6678,55.3734,55.7213,56.7927,64.3314,70.8105
YJL153C,19.2654,20.4973,24.2484,94.2741,82.2318,102.078,212.767,220.399,203.125,779.31,693.166
YMR150C,25.9804,20.3634,17.7381,72.7906,101.713,74.5447,135.408,132.076,143.882,152.757,161.441
YBL042C,20.6916,24.2205,19.2807,122.232,120.442,128.895,94.2857,95.7585,94.525,60.9271,66.4148
YAL010C,22.9707,20.2629,20.9666,117.624,133.632,118.596,207.354,231.839,257.014,281.542,293.507
YNL218W,21.9213,23.2612,19.0241,106.39,103.426,106.161,140.574,133.261,135.755,128.768,132.524
YLR423C,22.3874,21.2588,20.5838,84.0741,92.082,91.1394,125.357,131.464,144.667,143.688,127.796
YBL008W,19.9676,23.2533,21.0449,106.314,111.299,105.851,127.072,136.152,158.237,140.09,158.22
YPR066W,22.5282,20.7068,21.1849,91.7459,92.3558,96.5704,114.415,128.531,142.168,114.18,120.851
YGR138C,24.5804,14.7883,25.1736,71.6932,83.4179,72.5079,286.648,240.009,305.141,464.135,527.527
YDR362C,22.6262,22.0104,19.9155,106.71,108.28,115.735,139.876,152.112,155.835,136.667,119.513
YER137C,21.4703,19.9546,23.488,129.241,145.113,139.317,286.517,303.499,304.88,339.911,385.701
YML031W,22.7188,18.8916,23.6555,385.776,396.864,396.574,686.15,651.676,747.43,726.019,733.795
YDR472W,23.4039,20.4474,21.4536,97.5934,95.169,89.0527,131.029,110.98,128.178,130.2,146.734
YCR034W,19.9721,20.9999,24.3664,113.386,106.249,117.038,109.137,105.167,109.132,83.5184,84.1406
YBR105C,19.0146,24.0968,22.2908,41.0714,45.5732,49.9433,48.6127,54.9436,69.5228,53.2482,54.5812
YNL309W,22.918,21.4498,21.4691,52.8112,57.0144,62.6889,75.1538,69.9038,86.561,76.8727,79.8843
YPL109C,29.2241,13.5513,23.2023,147.022,151.077,155.192,248.199,280.476,278.531,313.226,270.948
YDR003W,26.2111,19.7825,20.0479,103.311,125.958,104.183,136.611,131.041,172.811,168.401,162.025
YOL013C,24.2171,16.4322,25.5101,230.218,266.453,238.202,371.56,343.188,395.062,328.509,339.038
YGR257C,24.8651,19.1198,22.2209,122.817,139.934,117.175,146.428,134.828,179.762,94.1104,111.901
YOR319W,19.6319,23.3477,23.4584,76.6423,77.8056,79.6225,106.973,108.17,104.342,107.974,113.652
YLR229C,21.0812,18.6165,26.7471,104.879,123.659,112.08,183.995,169.93,205.117,192.546,227.999
YML076C,22.9063,17.3325,26.2807,121.742,117.032,117.224,161.704,190.3,179.933,186.708,181.98
YGL139W,22.2284,22.6435,21.7653,101.186,121.53,103.556,149.995,123.275,159.612,126.379,147.193
YDL164C,22.6519,21.0816,23.1596,73.9335,85.7252,81.5105,89.0975,108.291,106.357,113.705,111.545
YIR005W,22.178,22.3471,22.5034,58.7999,61.9937,59.2455,71.439,70.2858,75.6671,61.4599,57.2088
YGL065C,21.151,24.0622,21.8781,340.047,330.994,334.894,553.406,540.967,578.837,575.072,560.291
YPL128C,23.7191,23.7057,19.6861,140.469,151.066,144.289,167.458,175.738,174.905,196,173.783
YEL017W,23.3084,16.7251,27.1283,141.3,168.266,142.963,228.073,195.26,283.467,206.019,251.569
YDR067C,22.2589,23.3681,21.6687,115.486,119.686,119.432,192.769,214.551,217.154,258.204,265.989
YHR080C,20.7224,21.3341,25.2506,154.879,156.267,175.209,211.72,249.937,225.884,235.288,220.448
YLR080W,27.2866,15.4574,24.8081,237.828,223.535,218.748,456.393,461.914,491.738,571.277,564.792
YBR220C,24.3422,17.9503,25.3581,152.872,171.721,168.679,475.408,483.63,581.177,1099.54,1166.35
YBR085W,22.5454,21.1236,24.0399,159.479,189.859,176.704,349.005,335.968,375.481,385.095,456.064
YLL027W,23.1233,21.6005,23.1136,83.0759,88.687,76.4419,158.375,136.23,159.748,148.271,179.357
YIL085C,26.6515,8.59356,32.6319,193.841,188.729,174.424,276.702,283.24,274.007,300.329,275.921
YHR067W,20.0351,20.4151,27.8215,71.8674,85.3721,80.1856,111.681,107.975,123.563,147.858,131.692
YPL071C,19.9375,25.6273,22.7812,164.629,150.136,187.891,257.558,314.147,274.996,336.442,288.082
YLR289W,21.8854,22.8169,23.7444,114.198,128.418,116.627,184.444,194.403,206.674,198.902,196.38
YOR097C,22.7382,22.5552,23.2017,254.748,248.92,267.845,426.765,442.584,470.053,469.834,428.286
YPR021C,22.8653,22.5907,23.3534,123.993,136.29,135.474,211.32,189.892,222.766,213.422,225.805
YLR451W,25.2288,22.0594,21.649,135.719,150.169,146.74,222.864,202.443,213.251,218.482,222.535
YML011C,23.7034,19.7765,25.549,55.5674,81.0632,70.5857,87.1475,63.5104,94.7873,77.5964,95.0483
YPL134C,21.6871,24.4136,22.9468,131.749,140.918,138.627,216.06,236.74,243.562,268.914,265.813
YMR066W,23.1349,21.5487,24.395,100.804,114.805,115.403,157.267,154.714,164.349,170.273,183.101
YDR132C,25.138,18.8964,25.2065,82.0506,93.2305,89.296,100.581,105.109,120.009,99.673,110.926
YNL325C,25.275,20.6576,23.4673,80.8947,92.3759,91.0372,94.7461,97.9584,104.091,96.5175,101.301
YLR024C,20.91,21.7922,26.7114,196.32,213.05,208.177,252.736,258.607,275.04,270.524,276.667
YDR219C,22.0972,23.4298,23.9286,156.187,182,177.483,228.71,230.19,233.6,238.984,239.051
YDL033C,24.9332,22.0974,22.7045,70.1642,84.0503,78.8185,128.747,136.315,162.666,165.315,169.88
YBL038W,29.9908,14.4038,25.6368,79.2458,104.293,70.5276,154.358,123.43,188.665,153.902,188.664
YCL004W,20.528,16.6333,32.894,75.2211,86.078,77.4005,133.112,148.248,146.663,157.036,139.083
YGR044C,20.5592,21.411,28.1339,30.3597,42.643,35.4218,73.3026,72.7412,79.7828,101.403,107.456
YGR258C,23.5336,27.0186,19.7801,130.115,164.27,169.248,255.984,262.507,197.054,123.569,126.221
YER141W,18.2741,21.2825,30.8673,206.911,234.274,276.577,429.67,454.748,465.602,513.151,539.596
YDR495C,21.1378,24.0572,25.5211,152.621,167.051,171.485,240.332,246.729,252.674,264.39,299.802
YCR081W,22.8587,24.8063,23.0892,200.019,224.922,201.154,259.766,274.588,305.815,284.965,296.868
YER167W,23.4685,23.7399,23.6175,73.2186,85.7518,74.1328,96.6717,101.381,107.403,92.5135,92.0738
YBL018C,27.4112,21.9446,21.6129,106.043,122.327,118.103,149.925,139.34,149.736,94.6617,103.856
YDR182W,24.0661,19.1579,27.7685,228.765,259.851,267.308,381.557,406.524,420.243,425.669,418.681
YLR212C,21.276,24.0344,25.7568,51.8538,46.3361,51.6827,48.3448,58.0589,63.0858,51.5455,53.6578
YDL240W,24.0763,22.9077,24.3224,82.9026,84.3473,86.267,86.5602,96.9411,92.6121,91.042,89.4142
YGR163W,25.2905,27.5373,18.4877,141.641,123.941,133.701,194.4,219.831,216.918,235.231,228.785
YOR322C,24.4906,22.1771,24.9913,107.949,106.92,115.808,169.095,185.142,188.953,227.983,218.001
YJL161W,23.7745,23.6401,24.3425,137.409,129.323,139.105,303.668,335.316,331.47,427.775,406.471
YNL202W,23.2853,21.1919,27.3442,225.327,227.756,219.667,606.623,646.888,663.504,893.655,908.277
YDR479C,23.2465,23.319,25.2797,169.593,181.412,190.251,313.056,294.359,337.06,360.892,381.832
YJR124C,27.2123,24.2315,20.5024,136.216,166.624,161.435,226.16,197.506,241.098,228.062,229.308
YAL001C,24.9159,24.4806,22.5878,117.277,110.716,112.299,133.034,141.607,153.567,146.465,144.176
YER024W,15.0844,28.6568,28.2714,63.7725,71.4278,60.6125,128.252,127.364,137.5,165.003,175.201
YJL157C,25.2073,19.6637,27.2138,96.2705,99.4827,102.933,72.6872,80.9395,90.377,60.9979,66.2543
YKL160W,29.8856,19.619,22.8077,140.384,149.946,135.374,234.883,221.786,260.94,265.577,261.551
YLR424W,26.4573,24.6495,21.4344,137.779,158.426,141.098,261.513,256.623,270.696,314.621,321.543
YDR142C,24.6647,24.9891,22.9339,95.0519,118.613,92.5672,156.387,138.358,156.095,144.006,171.014
YMR059W,26.5858,21.9206,24.2314,94.1745,103.937,114.595,152.531,160.871,163.497,159.034,178.521
YFR034C,24.6645,21.2811,26.9,56.6262,56.5715,60.4603,56.0862,64.2186,60.8822,56.4749,54.8477
YNL225C,25.5007,21.9258,25.6358,81.0777,91.4936,94.0792,95.3779,97.4099,113.311,71.5011,77.2856
YPR095C,24.37,21.544,27.1855,97.3309,103.315,101.199,113.532,109.422,134.439,144.813,151.825
YOR297C,23.7082,26.6275,22.8958,139.723,119.345,123.987,185.927,233.198,193.951,256.856,233.512
YHR137C-A,23.1351,26.5704,23.6598,90.4575,97.48,107.57,145.976,145.918,140.447,155.142,157.241
YJR052W,22.597,22.9212,27.8569,107.255,116.328,118.144,148.932,152.15,170.813,159.981,165.374
YLR103C,23.8978,27.016,22.7143,104.838,105.938,105.409,115.898,114.815,122.173,116.141,125.397
YFL034C-B,23.3498,24.8083,25.603,123.711,134.644,122.343,191.672,174.838,180.665,213.255,211.555
YGR260W,24.0495,25.8428,24.0326,180.517,160.507,184.953,172.272,159.333,179.938,169.91,178.528
YGR030C,24.2279,28.0179,21.6952,103.464,72.9515,89.9888,94.8133,134.397,100.612,111.441,88.1035
YHR182W,21.97,24.9454,27.1521,156.999,158.64,151.019,202.627,219.836,220.151,217.908,203.866
YLR218C,22.3929,26.5299,25.1734,46.4313,52.0677,39.3032,71.488,80.8324,77.4913,73.6833,82.5404
YAR031W,17.3489,25.4564,31.4157,254.924,281.845,268.783,355.651,369.054,392.232,410.292,432.978
YGL013C,29.1374,22.9916,22.3807,175.224,185.648,187.441,243.301,271.951,257.403,320.156,286.796
YDR206W,27.9952,23.446,23.1106,148.494,169.948,162.076,206.712,214.03,217.516,203.946,204.508
YCL032W,26.3316,20.8649,27.5729,84.1597,91.0696,97.4422,132.33,139.842,142.278,172.949,163.371
YKL017C,26.0842,21.2967,27.4054,104.263,110.221,123.239,172.499,189.046,175.969,187.24,184.178
YDR109C,24.5033,25.9096,24.4011,120.643,140.437,128.375,192.215,188.931,214.497,228.286,230.17
YAR033W,22.4223,18.2399,34.3254,195.294,212.136,197.934,295.314,251.674,325.371,271.43,306.076
Q0085,30.4579,22.059,22.5627,123.529,119.532,128.232,173.78,167.859,176.319,143.326,159.227
YBR024W,26.4746,23.3363,25.539,124.361,135.788,137.516,225.299,246.767,266.603,291.049,311.781
YPL020C,26.7231,22.3718,26.319,103.648,101.224,124.99,161.924,156.705,156.072,178.361,155.509
YMR234W,23.2402,27.6511,24.7594,66.0136,60.7996,65.5189,55.4082,56.7752,65.4309,54.5966,52.2582
YCL074W,26.2986,26.5732,23.0035,65.1476,71.8127,62.5682,99.627,97.6593,98.291,96.4614,98.7971
YMR097C,26.5903,26.8934,22.5037,132.8,145.363,142.638,186.118,182.934,207.292,160.211,157.64
YEL066W,23.7317,19.9474,32.3332,123.32,136.663,118.828,212.353,194.584,234.654,221.29,244.612
YHR084W,24.2739,26.1086,25.6773,59.2741,57.5111,52.1046,48.1255,59.0721,66.1972,48.8462,46.1757
YPL070W,28.8974,21.8158,25.3545,184.783,198.299,194.697,333.426,331.839,358.776,477.742,448.416
YGR056W,24.8034,25.7395,25.5764,62.038,58.8016,64.507,70.3774,75.4743,79.39,69.0913,68.8086
YKL011C,26.5715,25.9062,23.7013,75.075,83.25,81.0729,114.166,115.55,120.688,107.356,117.081
YPR186C,27.3087,23.9624,25.053,93.8949,126.784,121.739,160.357,180.998,174.303,212.883,207.505
YJL209W,22.3664,32.807,21.2794,92.4025,75.0488,97.4452,89.3893,108.395,103.114,106.906,97.5925
YGL136C,22.0475,33.4494,20.992,103.833,84.7842,106.638,117.366,182.906,125.547,184.561,125.513
YGL060W,21.6051,23.8184,31.1944,177.284,172.114,178.642,236.804,228.925,253.827,257.496,261.116
YDR493W,19.8768,32.2599,24.4886,136.861,110.681,124.965,144.305,182.004,166.62,168.402,137.05
YER116C,27.4891,22.2325,26.9627,88.8201,89.2299,91.572,127.384,124.25,116.48,104.402,112.242
YPL183W-A,27.1909,21.9594,27.5418,322.108,326.645,305.131,387.001,374.95,383.293,410.752,416.976
YBR138C,27.3302,28.552,21.0916,90.0548,92.6687,86.8431,167.585,170.977,198.135,281.067,300.446
YPL171C,25.71,24.8398,26.4255,64.6774,75.7292,61.5179,115.548,114.783,111.483,121.425,135.357
YPL230W,27.6863,25.4196,23.8896,21.614,30.4802,27.16,49.3675,46.6608,53.7136,57.0084,45.6912
YDL027C,26.779,25.1121,25.1116,152.223,164.538,137.786,294.679,292.489,307.78,320.552,378.017
YGR003W,24.2352,25.2365,27.5377,195.374,203.623,194.262,279.839,287.231,295.323,311.754,316.948
YMR132C,24.9363,28.3046,23.7975,103.321,123.626,117.124,155.55,164.593,176.747,186.019,174.477
YDL015C,26.351,20.3865,30.5311,245.989,261.405,241.583,398.042,370.961,445.688,401.602,434.44
YLR020C,24.708,28.0199,24.6243,233.564,262.402,236.746,354.863,304.098,389.551,396.452,390.785
YNL058C,27.8385,23.1524,26.6851,53.1231,66.4877,62.5323,205.778,224.614,236.768,704.777,688.27
YDR159W,32.8212,22.7276,22.1403,107.672,117.35,111.474,177.776,202.18,196.196,213.671,205.835
YML067C,27.1476,26.6965,24.1751,236.663,256.693,239.99,366.169,367.879,399.514,364.016,405.396
YDR113C,31.4104,22.0572,24.5894,72.9072,80.5998,78.5479,174.373,162.359,185.564,203.097,221.337
YHR120W,29.8532,24.7325,23.5466,94.9545,108.82,99.9095,110.514,98.033,125.445,94.6742,102.166
YIL079C,27.5683,23.6226,26.9917,153.47,160.43,158.861,231.619,231.963,226.873,223.167,209.205
YOR078W,27.1233,29.9793,21.1353,114.981,101.371,117.444,131.872,166.531,132.597,177.459,146.95
YOR077W,28.2732,21.2818,28.9745,124.282,161.599,129.882,210.222,194.32,248.485,212.489,258.513
YOL137W,22.1206,26.9055,29.6187,195.337,200.407,211.329,263.875,259.094,264.898,243.296,237.955
YDL194W,24.417,24.0296,30.2355,146.312,159.932,187.491,242.732,256.111,253.342,329.989,318.752
YLR405W,25.23,29.9343,23.5396,78.0133,82.1728,89.3016,74.9137,74.9935,89.6665,77.4576,70.6386
YPL081W,25.3517,33.283,20.2924,96.442,98.285,99.585,156.579,156.359,176.962,221.104,218.966
YDR397C,28.7292,21.9069,28.3312,53.994,50.0973,49.6217,42.5299,41.3181,46.1539,35.1317,35.5432
YGL020C,23.4961,29.1825,26.6382,248.229,266.415,270.691,420.578,410.129,437.325,450.37,457.262
YGL003C,24.6525,25.7595,29.0202,76.7627,75.6431,78.8338,105.077,99.9997,105.705,86.1193,84.7445
YPL252C,29.32,26.4891,23.6665,66.9919,64.7223,71.7581,115.611,123.025,124.903,136.921,144.76
YDL108W,29.343,25.5265,24.6503,140.756,145.738,151.59,170.17,183.473,175.738,174.974,153.411
YIL154C,27.2675,26.2658,26.2288,85.8648,89.2834,79.0692,106.441,108.232,105.847,104.674,99.326
YOR110W,30.5061,24.0353,25.3763,52.5082,60.2712,54.4732,83.6239,80.8279,106.366,90.1953,104.571
YKR039W,28.1501,25.7728,26.023,95.9187,100.958,100.083,210.715,195.532,231.947,121.786,147.946
YMR255W,27.6156,23.5548,28.916,136.11,125.637,148.38,185.954,202.385,194.076,220.537,211.648
YGL029W,26.3129,26.6277,27.1859,104.569,109.046,107.521,166.878,168.771,172.839,154.212,146.248
YHR062C,25.9726,25.2472,28.9764,107.936,119.898,118.262,150.671,144.645,165.69,150.167,157.897
YLR412W,24.8175,27.3275,28.1119,118.562,135.618,122.431,194.597,192.377,205.788,172.853,195.068
YJL097W,27.6203,25.7,27.1013,169.56,167.782,171.063,231.756,256.069,262.88,279.326,256.923
YML038C,22.088,30.2306,28.3904,100.413,112.762,105.953,173.141,195.974,196.317,300.677,281.119
YLR151C,29.5113,24.9169,26.8422,105.76,114.4,112.435,212.243,219.742,219.097,312.599,337.402
YJR063W,25.6191,33.431,22.5217,53.9242,53.015,75.887,85.6463,105.199,101.241,125.804,96.8033
YHR116W,24.2318,23.7529,33.5897,82.3673,83.554,88.0956,156.144,171.479,165.007,174.714,180.331
YPL022W,26.0888,24.2848,31.2439,135.361,174.152,157.657,234.689,222.983,237.151,209.952,212.021
YDR499W,27.5174,29.9627,24.2801,52.0601,64.1259,58.8562,63.2638,57.6014,65.3895,46.9074,60.5224
YMR264W,26.0827,21.6248,34.1894,223.241,217.102,222.923,360.655,357.769,380.553,380.907,365.568
YHR181W,31.576,27.1664,23.2449,194.229,181.163,190.163,315.24,324.173,314.257,347.913,343.164
YFL001W,31.0134,23.3643,27.6553,112.548,133.217,114.505,149.218,148.608,181.354,160.172,181.37
YNL261W,31.0181,22.9319,28.1069,242.757,254.738,251.809,417.435,421.916,453.847,544.892,521.243
YGR057C,29.8211,27.5417,24.7298,121.314,143.048,118.626,193.617,192.714,210.011,225.093,262.38
YLR284C,27.105,22.4099,32.5942,155.659,184.538,158.283,327.711,329.725,370.446,505.601,569.693
YGR047C,28.5801,22.3366,31.492,231.906,256.983,236.753,378.287,363.379,384.732,425.165,449.852
YLR067C,27.7047,28.1634,26.7581,138.716,155.236,145.425,221.993,216.075,241.437,253.701,278.986
YDR056C,32.35,26.1691,24.1395,149.916,153.377,129.649,221.754,208.756,236.339,250.483,242.2
YOR152C,23.7128,26.4061,32.6237,173.817,196.105,188.185,505.2,494.928,535.252,576.626,610.218
YKL087C,26.4577,28.2415,28.2533,78.5447,84.8454,92.0888,133.378,128.99,132.431,128.581,148.231
YOL135C,34.5818,20.5525,27.9617,98.4203,119.903,99.2619,141.12,128.927,160.373,124.454,153.354
YLL038C,27.5177,29.225,26.3659,72.8344,72.519,76.1703,98.4045,95.9503,101.799,104.955,104.139
YDR128W,26.2673,29.6149,27.266,119.782,113.904,119.15,153.548,164.097,160.439,160.159,164.145
YMR048W,27.7097,28.9059,26.6935,75.3263,75.2176,68.5682,79.4589,88.1044,92.9264,75.0162,75.9041
YPL224C,27.5381,24.9317,31.0852,189.706,194.842,193.349,271.023,268.487,283.274,260.755,279.678
YPL087W,30.4319,18.9583,34.3871,159.186,184.784,187.88,294.295,309.378,324.172,335.438,350.443
YGR252W,29.9374,31.3503,22.6207,78.7163,68.3443,86.4034,85.1727,103.324,101.497,104.709,96.4957
YNL242W,36.3786,19.0036,29.0027,138.306,165.103,133.602,239.871,239.732,252.329,310.976,282.548
YER044C,28.8405,25.7287,30.0555,239.348,267.93,249.736,513.202,541.112,585.503,615.507,605.384
YML020W,29.1975,26.7198,29.0028,165.386,185.916,181.613,271.451,287.92,287.957,299.245,312.892
YPL057C,27.3348,24.6782,32.9958,225.693,256.2,229.225,467.435,440.878,522.794,641.956,740.491
YGL161C,27.1933,34.4304,23.4193,193.27,191.113,200.709,266.552,299.204,294.964,302.415,285.738
YPL103C,28.7041,22.4912,34.2332,170.766,187.582,162.463,231.294,209.976,255.945,186.132,197.839
YJL059W,31.0721,23.9176,30.7019,186.443,207.638,198.855,294.021,305.415,329.642,338.558,358.496
YLR084C,31.2317,31.118,23.4151,45.6693,38.9063,46.7265,61.1118,61.1818,62.8397,56.4294,52.8641
YBL010C,26.874,31.6385,27.2647,96.7342,91.2343,99.3112,132.372,135.63,137.974,145.213,136.402
YLR188W,30.3315,28.7469,27.0985,149.369,151.924,152.138,215.647,210.328,220.989,200.528,233.175
YGL023C,31.8726,27.4289,27.2138,70.4754,71.315,74.3006,95.0352,101.103,103.376,95.3214,97.1647
YMR280C,29.4954,39.7047,17.3968,100.457,81.5105,121.72,131.562,196.317,130.751,254.438,153.079
YDL189W,25.4792,28.7595,32.8325,84.6565,83.4927,78.8365,127.52,125.337,127.495,122.597,148.865
YNL076W,31.5095,27.4527,28.2341,112.87,124.041,122.521,162.294,192.141,166.361,185.858,191.171
YNL214W,33.9294,27.2349,26.1403,111.03,122.634,106.273,154.837,159.491,173.615,138.305,142.801
YEL010W,28.15,26.6441,32.66,87.7365,116.148,88.6272,194.124,171.583,224.548,183.384,212.459
YER093C,32.3894,31.9609,23.1495,189.092,182.622,186.441,237.541,273.518,266.203,267.741,275.92
YDL246C,26.4881,31.2857,29.7281,118.176,118.787,118.198,132.382,168.427,140.106,163.378,138.542
YHR127W,32.8321,25.5879,30.0204,114.199,133.556,129.024,182.205,174.467,203.117,190.271,180.692
YBR114W,23.7074,32.2385,32.4963,131.587,142.871,135.03,211.169,207.911,219.705,258.938,285.004
YDR422C,32.244,25.2692,31.2022,100.549,117.44,107.065,168.04,181.475,173.294,174.418,154.233
YLL006W,28.0112,29.5596,31.2688,315.209,329.126,313.815,548.06,540.332,556.114,649.193,632.121
YLR372W,27.7837,26.0481,35.0472,238.324,239.916,267.558,329.485,385.775,350.504,358.855,349.419
YPR152C,27.2065,27.4126,34.3108,129.952,115.853,142.508,160.426,169.596,182.305,158.211,151.242
YNL006W,35.7982,22.1021,31.0525,74.7312,105.829,74.3886,125.302,90.2218,162.115,89.003,130.06
YDL159W,31.5029,24.4993,33.2019,156.922,160.158,186.594,232.142,248.559,250.813,285.07,265.427
YPR006C,28.6495,27.4562,33.3026,159.879,170.736,160.16,269.322,321.015,318.197,362.951,356.618
YIL096C,32.0177,27.6111,29.8874,153.443,151.46,163.306,218.699,255.399,225.475,276.144,225.656
YER129W,35.373,27.5875,26.9191,126.342,134.407,132.14,140.974,168.602,190.206,191.375,189.225
YJL030W,25.4004,30.7601,33.8431,107.5,129.164,123.617,198.644,224.981,219.94,239.048,220.42
YOR324C,31.7794,28.2238,30.3039,140.999,158.027,162.738,284.904,279.626,307.788,291.664,310.915
YNL193W,41.3311,21.5961,27.4467,242.158,253.199,239.843,367.421,365.259,395.361,411.862,442.674
YAL053W,26.5058,36.3743,27.9014,123.203,119.336,128.436,156.393,174.97,177.675,228.91,223.725
YKL125W,30.7896,30.2093,29.7934,313.227,306.949,303.645,291.624,330.044,327.389,211.78,200.916
YDR291W,33.0641,27.9823,29.8063,254.674,262.951,269.572,371.491,410.919,399.942,465.635,441.171
YLR201C,35.7952,27.3729,27.8292,107.461,127.889,112.153,185.693,201.868,212.819,223.575,212.774
YBR262C,33.3387,27.6706,30.2196,127.922,141.69,132.717,235.75,228.419,228.319,212.984,209.343
YDR297W,33.0798,30.7826,27.5155,248.305,251.829,241.871,465.162,451.41,462.922,508.06,511.794
YMR319C,34.7482,21.8193,34.9279,213.125,233.289,248.962,360.194,303.384,348.874,345.019,361.399
YDL149W,25.2071,30.6161,35.8888,179.743,190.294,194.008,311.578,296.026,324.217,332.118,337.391
YCL051W,28.5688,31.01,32.2018,95.8652,110.207,110.576,172.369,175.402,183.19,166.957,184.332
YMR003W,32.6556,28.498,30.9507,98.4285,106.291,113.714,144.176,162.037,158.041,199.38,172.932
YKL079W,32.575,32.2076,27.4091,84.9056,80.7079,87.0452,98.7061,104.121,101.599,104.963,106.344
YDR373W,36.8778,27.565,27.7789,121.254,131.139,120.381,171.238,157.27,183.299,155.012,168.365
YOR002W,29.0029,33.2631,29.9677,258.974,292.276,276.261,375.528,340.989,366.816,304.052,326.622
YNL284C-B,35.8717,29.2383,27.168,393.433,452.281,437.356,686.222,719.587,767.031,766.928,783.755
YLR243W,26.8517,26.8958,38.5913,119.285,159.313,112.41,206.676,174.515,237.515,195.703,266.853
YPL089C,31.5831,27.2528,33.648,71.5633,83.9327,73.9412,137.361,137.603,155.4,179.235,184.234
YGR049W,38.9626,22.8003,30.8933,238.306,223.942,236.351,547.45,654.662,620.224,931.135,880.676
YPR079W,33.8041,28.7244,30.6041,198.43,206.514,185.894,343.449,344.724,366.049,363.843,364.409
YNL116W,30.3818,29.7955,33.0639,151.818,138.052,153.801,251.024,274.11,260.664,319.486,292.758
YLR362W,29.1801,32.8904,31.4954,141.126,139.06,137.215,209.776,228.139,236.451,272.353,256.844
YBR036C,30.3423,31.6946,31.9546,220.726,214.927,206.096,269.156,249.316,266.441,208.021,215.394
YJL132W,35.657,27.4209,30.9789,263.195,294.967,260.693,738.419,726.355,798.867,1137.21,1186.95
YPL038W,26.0605,45.4051,22.6892,99.9219,90.0587,123.941,93.7268,127.119,93.3171,110.023,81.6167
YBL086C,34.4105,30.9906,28.7769,74.5019,76.869,80.5746,88.4664,107.057,103.602,114.258,113.008
YPR028W,33.8721,32.2075,28.1457,227.07,241.353,248.597,467.471,477.767,528.933,513.895,507.727
YLR165C,39.7524,22.8919,31.8404,182.319,201.858,184.942,321.502,292.283,365.926,291.64,371.078
YMR077C,34.7233,28.9486,30.9149,90.0117,102.885,94.7708,147.526,158.213,162.445,154.795,140.929
YBR089C-A,32.7311,29.6575,32.5043,130.549,122.501,158.175,124.935,135.408,123.408,107.811,93.1986
YLR001C,33.4219,28.857,32.7859,190.691,201.467,197.338,300.207,299.538,315.77,290.131,306.37
YMR201C,36.6398,25.4819,33.0173,135.718,139.353,133.79,208.762,199.013,244.788,204.472,214.214
YML077W,34.2667,31.0022,29.9501,135.117,139.365,134.848,180.774,174.271,185.402,169.073,159.366
YLR363W-A,35.9796,31.1409,28.1279,113.992,102.195,115.571,134.407,137.23,136.078,93.5188,96.8
YNL278W,28.7652,34.459,32.2263,52.6975,60.8565,57.0797,56.7716,58.0649,66.4316,75.3859,69.6573
YBR276C,30.5979,32.3347,32.5572,166.179,163.351,169.905,267.895,271.166,291.39,357.907,371.768
YPL002C,31.1048,29.7873,34.8896,117.089,132.455,134.298,153.588,151.692,158.561,143.533,147.728
YLR371W,34.9968,31.6094,29.2345,154.507,175.58,157.564,238.308,231.573,278.924,277.609,283.85
YOR006C,34.4152,30.7903,31.1625,96.7257,134.307,121.127,163.927,139.887,179.127,142.137,166.454
YGL059W,28.6144,31.9457,36.4135,174.974,194.795,165.666,345.334,345.027,389.152,386.231,381.428
YOL107W,30.6426,35.0839,31.2588,267.637,261.488,275.621,431.386,495.594,466.874,524.61,514.141
YHL008C,36.5783,30.4193,29.9995,214.086,205.954,203.704,297.546,296.14,301.329,293.958,289.06
YPL006W,35.1654,29.4455,32.4446,168.694,199.718,175.2,375.871,374.294,416.744,678.892,722.378
YMR269W,32.6315,30.139,34.5044,119.651,133.678,117.376,194.389,194.53,210.478,249.785,257.572
YIL147C,29.6817,34.1665,33.5201,163.895,157.621,160.904,218.388,254.828,248.508,267.122,229.603
YGR166W,31.2658,28.7999,37.3799,177.842,186.185,181.509,250.718,259.704,277.28,308.862,329.848
YBR062C,36.252,32.0573,29.2752,98.2407,104.371,105.432,120.157,127.277,133.964,133.201,120.161
YNL148C,33.8468,32.284,31.5276,84.2546,88.3572,105.992,120.311,120.126,121.527,117.459,112.681
YIL030C,29.099,30.548,38.3299,446.529,422.029,454.477,702.558,748.521,752.693,749.653,730.852
YNR027W,34.27,29.4302,34.293,159.307,161.596,154.058,262.295,273.232,288.659,321.037,332.476
YDR075W,30.3302,31.7654,35.9046,96.651,111.318,102.337,143.497,132.266,160.221,147.243,151.775
YLR176C,31.5264,31.1793,35.3815,192.226,225.54,183.651,258.549,247.578,273.677,249.844,267.942
YMR211W,35.2754,39.8959,23.0759,116.572,108.932,126.481,141.362,181.498,137.617,173.677,145.291
YGL243W,29.0521,39.1157,30.0985,141.978,152.479,146.057,178.361,173.011,180.572,169.607,161.798
YIL026C,33.0155,26.9502,38.3304,199.382,217.86,194.128,322.777,308.406,316.495,359.661,394.605
YNL020C,36.2495,31.6569,30.4683,121.818,124.106,135.683,209.155,200.076,216.281,275.421,273.244
YGR065C,30.6223,37.559,30.4188,277.622,284.373,275.905,376.422,352.285,423.558,377.541,393.056
YIL019W,39.7717,29.4372,29.4439,137.791,136.34,141.153,190.457,219.924,229.558,217.807,227.994
YLR097C,29.8951,37.6854,31.2666,188.774,192.293,179.522,256.996,263.331,299.371,295.328,287.982
YDL091C,31.7875,33.8447,33.3477,200.217,189.549,207.03,344.473,371.179,371.719,478.098,455.899
YHL023C,27.9422,30.9952,40.2131,160.553,175.333,170.784,210.279,211.132,217.565,212.061,219.927
YJR090C,33.5047,32.7862,33.0684,207.972,226.559,220.162,323.566,316.666,354.23,407.661,424.382
YDL119C,41.8104,21.9282,35.8503,150.723,204.511,145.955,479.368,393.783,560.347,738.959,963.98
YLR011W,37.1257,29.9165,32.7243,113.389,142.057,135.313,229.015,238.687,248.995,273.835,273.796
YER144C,34.4037,33.991,31.594,241.869,247.672,244.577,467.408,483.248,499.335,553.792,559.239
YNL106C,34.4748,31.8229,33.7091,191.472,195.984,195.894,298.045,299.986,317.515,357.33,348.53
YDR473C,36.7135,28.3842,35.1695,116.661,126.903,126.438,164.876,181.44,194.262,170.919,170.144
YPL069C,30.9974,35.078,34.3731,131.572,131.043,144.634,197.391,180.527,207.354,223.859,233.047
YMR177W,31.7234,27.9537,40.8218,195.34,191.741,198.087,275.04,287.951,302.217,332.866,327.785
YPL176C,33.9214,37.1663,29.4727,225.587,232.559,244.229,330.521,288.479,317.328,277.803,278.941
YGL222C,29.1693,33.522,37.9226,109.213,115.548,106.799,162.957,166.899,164.664,215.48,232.784
YLR132C,39.083,30.3079,31.3329,190.706,200.062,212.601,303.729,337.767,341.439,370.456,336.883
YPL016W,38.1451,32.8698,30.1486,201.229,224.058,220.079,248.95,251.817,285.043,246.979,246.329
YKR029C,32.2196,36.0158,33.0338,117.518,141.746,128.858,138.068,165.646,153.995,140.935,135.221
YGR104C,38.5325,27.7389,35.3116,115.733,106.01,105.288,150.404,154.116,172.406,137.926,152.023
YOR093C,31.4387,32.4811,37.8866,273.088,258.82,258.749,394.533,379.262,410.475,438.572,423.035
YBL006C,34.4349,31.7166,35.7334,79.8163,81.397,82.1191,89.224,78.7421,89.4674,64.0365,75.7771
YCR087C-A,32.5123,37.1159,32.3676,114.548,111.209,127.098,134.138,169.688,149.841,148.935,126.16
YPL042C,36.6767,34.09,31.3343,141.895,169.262,148.266,200.169,223.132,245.702,219.54,260.972
YLR223C,35.6801,33.7238,32.7244,121.338,139.046,121.655,176.586,214.297,211.248,206.345,210.987
YJL069C,40.0453,23.9286,38.2181,83.2447,123.133,95.8506,137.663,121.506,168.871,136.567,181.631
YNL164C,28.6698,30.4841,43.0987,140.519,141.973,141.673,189.478,172.425,217.895,191.339,212.718
YIL156W,32.5876,27.3537,42.4367,186.396,193.021,193.111,253.85,271.333,292.294,291.334,310.145
YHR167W,33.7617,30.9965,37.6483,73.8945,88.5045,61.8995,109.195,92.626,137.375,98.4946,132.057
YKL137W,39.5632,35.8906,27.4575,72.541,78.1591,83.3734,82.8901,90.1134,77.6676,70.8654,58.6283
YEL016C,36.6359,29.445,36.843,106.275,112.823,101.407,151.489,116.213,140.412,100.601,110.37
YPL194W,37.287,27.2959,38.3664,185.096,201.415,184.609,268.766,299.346,318.513,297.334,328.939
YNL067W-B,34.7906,28.2497,39.9455,136.247,148.848,144.569,215.855,215.314,223.67,246.462,274.566
YDL180W,35.9123,36.4107,30.7338,395.07,416.555,376.9,662.246,628.675,697.959,648.964,707.604
YGL047W,37.8338,28.7095,36.5461,209.209,202.762,220.508,330.327,327.084,349.589,318.091,332.91
YOR316C,37.3605,25.5976,40.2694,293.342,413.651,327.476,720.041,612.446,820.007,672.046,853.181
YOL092W,32.7984,33.3579,37.2312,225.916,257.984,250.488,362.338,379.983,415.285,387.748,412.649
YMR323W,38.2659,29.6705,36.0274,96.145,96.5358,88.9664,154.692,150.22,152.519,455.487,425.14
YMR147W,35.62,31.9183,36.988,194.411,224.86,190.56,359.298,347.631,386.275,413.309,417.308
YKR027W,34.736,34.8804,35.1779,192.525,197.574,194.953,307.431,321.048,341.918,354.235,356.228
YBL012C,36.6813,37.9356,30.2848,127.508,137.688,133.926,166.327,172.208,177.26,141.636,141.123
YMR055C,41.6056,27.5295,35.767,186.188,235.29,215.528,323.264,323.949,429.126,315.151,339.424
YBR068C,34.0019,34.8852,36.1635,168.045,183.572,185.005,222.175,216.757,216.934,260.021,245.08
YDR538W,36.5164,34.1106,34.8345,98.8459,104.234,95.4759,137.051,137.592,151.812,129.18,125.437
YKL053C-A,39.5309,29.2007,36.8157,80.5307,91.041,83.6098,133.363,172.122,180.532,144.056,172.72
YLR414C,35.349,32.35,37.9397,128.495,134.415,122.056,245.898,213.833,244.48,493.548,462.484
YGL124C,34.1163,35.5409,36.1053,105.806,115.092,105.449,177.701,164.122,182.857,151.032,160.224
YDL206W,37.3425,33.4595,34.9662,74.7936,88.3488,97.3599,116.252,127.833,123.694,110.063,125.67
YLR088W,33.4129,23.8478,48.6622,334.002,366.742,343.901,570.292,572.575,620.483,612.401,669.588
YKL144C,31.0351,40.858,34.1814,184.216,163.198,191.333,194.357,245.226,203.323,227.31,172.316
YOL147C,34.4487,34.4854,37.4253,228.577,229.982,242.035,572.193,658.795,670.646,978.673,918.183
YBL107C,37.3305,31.6807,37.5163,126.858,131.311,125.066,230.05,252.454,250.756,395.565,411.989
YLL046C,33.9298,35.5961,37.1171,118.211,117.565,145.924,246.076,268.301,263.662,433.429,403.008
YMR316W,40.2368,28.0178,38.6358,104.48,130.267,122.396,296.162,304.222,296.65,751.121,724.889
YML055W,32.334,33.3214,41.6003,232.422,255.679,236.593,378.182,406.254,399.398,431.543,413.325
YPR075C,39.1739,31.8275,36.3094,169.156,161.364,172.291,250.095,264.51,270.383,312.502,290.897
YPL072W,35.3123,33.0855,39.0759,159.853,148.045,155.748,259.942,243.458,241.112,291.977,298.623
YDR517W,38.0763,33.4151,36.0258,121.105,142.77,117.89,197.036,212.623,224.359,208.248,210.306
YIL027C,37.5948,36.9294,33.071,229.319,205.145,229.207,362.514,387.167,357.831,436.834,397.066
YKL138C,36.5267,38.9769,32.6141,182.877,191.754,174.367,270.13,269.032,295.697,277.66,282.816
YJL212C,34.3734,38.6162,35.1899,275.212,297.187,304.64,338.066,341.135,359.778,199.137,198.138
YDR486C,34.8156,34.135,39.2682,74.3873,72.7428,72.1161,132.313,146.504,151.747,134.57,136.369
YNL140C,35.867,36.1078,36.4076,140.666,158.696,152.892,244.238,247.448,221.314,242.444,243.769
YBR223C,38.3008,33.3736,36.7732,242.679,278.257,302.545,489.114,579.797,604.236,630.299,577.005
YLR427W,33.9076,42.3648,32.7433,187.125,163.632,211.082,202.228,265.202,210.927,215.365,174.481
YAL007C,42.3307,33.6153,33.5826,268.655,284.356,295.854,441.997,446.991,469.837,464.331,473.804
YKL046C,38.904,36.1526,34.5046,145.781,147.435,144.066,246.153,228.571,260.14,300.63,309.404
YPL021W,35.6417,35.1629,38.7652,93.6377,109.635,90.5661,153.95,150.754,181.64,156.054,183.617
YER186C,39.3468,35.4689,34.9391,108.552,112.992,108.252,141.692,144.027,144.795,116.375,119
YJL139C,41.9415,29.3395,38.6878,336.012,325.518,348.603,486.867,472.287,511.869,507.336,510.631
YDL028C,77.484,2.75165,29.7446,22.8884,189.007,316.428,231.713,126.515,198.345,197.367,27.1273
YHR045W,47.1972,27.5427,35.4343,368.752,386.32,379.384,598.356,600.46,684.123,668.696,666.288
YNL021W,34.5948,43.8761,31.8053,184.346,189.571,200.36,226.752,256.069,235.108,243.056,239.784
YLR396C,36.7558,33.844,39.8032,202.149,215.503,210.605,304.552,316.29,335.932,393.669,429.206
YBR213W,36.169,38.6282,36.029,117.291,127.526,126.279,114.272,122.278,131.767,112.538,110.352
YGL142C,39.6002,35.0621,36.4164,400.926,413.892,398.191,566.16,554.958,612.581,535.751,544.809
YJL094C,38.8919,28.931,43.5484,139.936,153.359,137.086,198.833,206.54,236.217,295.092,302.347
YMR002W,37.0949,41.5696,33.3642,126.489,127.875,135.522,147.589,180.782,172.493,129.025,120.109
YMR036C,37.4459,36.4175,38.575,128.84,135.172,128.782,159.622,157.115,174.052,267.135,272.736
YKL026C,41.6285,38.8912,32.035,109.371,130.757,115.686,249.725,285.489,287.063,316.887,333.061
YOR037W,35.3125,39.3824,38.1228,181.328,176.625,203.383,208.024,252.489,243.946,244.219,205.558
YBR255C-A,36.9347,37.7292,38.179,85.6323,89.7044,84.6557,131.405,129.029,129.605,131.31,125.669
YGR222W,39.502,35.771,37.6796,130.464,137.619,137.21,197.811,199.346,213.195,183.958,201.093
YDR369C,34.7839,40.6518,37.6686,208.897,228.502,221.924,361.716,362.634,371.834,410.343,384.791
YLR392C,42.9461,34.5364,35.6763,114.861,126.083,119.423,134.733,166.597,160.552,189.183,189.397
YHR085W,46.4552,25.5169,41.251,186.316,196.612,205.079,293.683,279.477,331.433,360.444,362.491
YBL090W,40.7598,34.2052,38.3957,180.612,188.704,172.997,213.093,228.362,233.515,154.385,186.936
YDR034C,37.1728,36.0014,40.441,212.716,225.383,224.479,276.912,270.692,325.769,219.568,242.229
YJL096W,43.8077,34.5383,35.5347,189.85,196.207,196.01,261.17,310.004,316.62,244.065,255.277
YIL015W,43.2111,27.7025,42.9788,46.0464,54.9745,46.702,73.8078,57.2479,81.6585,71.1212,83.6227
YGR189C,37.7772,27.4627,48.8076,168.645,208.64,168.742,558.282,464.444,586.964,774.806,901.882
YNL299W,48.1875,30.4391,35.5221,182.782,216.227,185.226,297.486,282.995,354.897,360.12,390.06
YFR018C,35.2821,34.9778,43.9396,185.436,186.712,190.447,365.151,393.588,398.021,600.262,546.405
YMR197C,41.4622,31.3642,41.4179,227.597,251.681,256.091,423.014,464.336,462.383,563.829,525.791
YMR313C,37.7994,36.4097,40.2227,262.154,291.369,258.418,404.897,403.931,432.255,439.185,506.828
YOR127W,40.3667,37.8672,36.2689,140.671,154.301,142.86,220.247,215.201,235.27,221.064,228.288
YJL146W,43.6356,30.0924,40.9412,183.408,195.288,176.736,260.549,274.797,287.593,309.114,320.27
YJR031C,36.2949,34.4153,44.1572,265.359,296.392,263.026,354.95,323.346,357.523,324.087,350.382
YGL174W,42.133,38.0048,34.8224,172.718,176.016,181.157,239.014,266.36,256.208,269.101,247.943
YHR103W,37.1609,42.0624,35.8519,200.214,208.217,199.321,264.9,281.671,297.026,319.882,324.263
YDR379W,39.4324,34.9005,41.0141,194.179,226.052,210.086,309.719,314.982,330.918,367.143,373.67
YNR066C,38.3751,42.0857,34.9133,220.615,241.782,246.609,1187.09,1220.96,1280.53,3647.76,3740.31
YHL009C,41.2606,36.3612,37.7675,125.167,136.765,129.418,125.335,125.863,149.18,79.0387,86.3839
YPL015C,35.5265,38.7338,41.3466,84.3299,104.034,102.267,117.567,120.22,125.46,101.461,105
YGR199W,41.2686,30.7519,44.0631,444.639,479.017,450.19,747.536,659.806,773.105,700.301,692.888
YDL238C,39.9998,39.3917,36.7667,107.252,113.03,108.428,179.094,183.252,186.292,199.277,223.37
YDR139C,41.7658,36.4344,38.0208,210.864,238.635,232.883,340.996,316.975,348.429,370.509,368.872
YML095C,42.0883,32.0683,42.07,181.667,212.685,202.306,301.672,286.133,345.074,324.374,387.919
YNL042W,33.4165,43.0213,39.9671,130.524,147.35,150.757,163.023,198.882,192.286,173.661,162.996
YML129C,39.0403,38.0557,39.3257,165.271,158.637,180.794,294.203,293.164,304.515,308.382,351.485
YNL124W,39.3576,42.1691,34.952,102.214,100.234,103.617,107.541,124.545,122.307,104.476,99.8157
YDR337W,42.94,34.6761,38.9063,218.789,206.824,225.816,313.761,363.272,351.818,348.437,310.413
YML034W,34.5945,35.416,46.5637,318.932,315.002,344.608,440.427,459.565,491.147,505.949,499.1
YDR514C,39.2432,35.724,41.6645,243.525,241.177,218.49,275.752,277.215,292.797,212.097,244.846
YLR205C,42.2853,38.1771,36.1902,153.014,157.084,151.269,321.016,329.895,322.214,425.939,416.859
YDR456W,35.5874,42.2795,38.8884,235.399,254.762,267.14,400.953,450.907,485.152,469.841,431.235
YGR287C,39.2319,39.9404,37.6961,226.729,254.309,243.262,598.075,678.664,670.265,890.985,916.43
YIR039C,39.176,46.3686,31.6977,140.903,130.621,157.381,269.655,321.989,282.796,360.852,330.876
YPR067W,37.6851,35.8539,43.9289,96.3417,90.163,93.9166,126.124,131.602,156.708,137.351,139.249
YKL023W,40.1043,31.6884,45.7296,125.444,154.994,114.367,299.08,284.49,365.601,262.589,304.752
YMR044W,39.4897,37.8843,40.1819,147.412,150.245,172.67,145.451,146.32,149.85,131.261,118.392
YER184C,39.4503,36.8086,41.3777,171.643,178.487,165.653,235.197,244.874,234.392,259.633,279.083
YGL010W,40.8247,40.6434,36.2677,298.19,278.553,296.83,557.332,597.481,578.431,714.821,598.981
YLR190W,41.7096,41.253,34.9542,162.379,201.095,204.16,262.7,256.292,283.817,289.971,290.437
YNL195C,48.7597,37.7784,31.6358,23.3802,22.0012,18.8903,24.0123,31.3225,30.3174,39.0322,34.3681
YFR045W,41.3843,35.6199,41.2791,247.81,256.35,254.188,443.723,459.063,506.185,556.486,525.624
YHR060W,38.1303,45.8678,34.3301,152.661,123.23,149.163,181.738,256.383,182.022,224.818,196.386
YLR015W,46.5276,32.4045,39.5551,117.424,142.713,127.267,149.148,138.137,174.871,141.137,169.894
YOR305W,42.7809,35.1653,40.6125,166.136,182.5,154.529,249.313,237.445,289.066,265.368,290.447
YJL189W,42.2093,38.9933,37.5005,282.943,288.663,307.849,422.033,446.757,460.105,472.223,510.806
YPL234C,39.7266,35.822,43.3733,210.775,249.091,223.311,363.537,330.043,409.108,411.846,435.911
YGL061C,45.169,29.4904,44.3747,135.948,131.611,124.843,169.615,149.074,187.106,142.978,161.354
YKL020C,44.1205,28.4057,46.5135,181.164,211.252,206.811,280.429,308.031,321.542,354.588,339.378
YNL109W,43.0129,34.5155,41.7398,135.785,143.03,139.342,191.706,178.5,181.871,178.786,181.222
YOR080W,37.6889,32.9838,48.6737,142.749,156.426,173.411,273.609,284.563,301.821,320.78,335.506
YGR122W,38.5702,41.6167,39.2713,172.514,186.651,198.95,326.155,343.145,335.57,382.272,390.504
YNL260C,39.2749,42.0122,38.278,107.514,124.098,105.09,152.089,142.447,179.869,131.371,151.14
YGR026W,36.6599,36.6876,46.2582,258.247,300.334,279.833,576.197,507.003,655.369,589.17,655.886
YDR147W,40.703,38.3939,40.6775,192.053,198.173,206.085,190.034,202.838,206.028,164.884,159.405
YLR295C,41.4397,42.2381,36.1317,79.228,86.0663,62.1947,143.728,172.046,183.808,186.887,217.269
YPL198W,40.7499,32.6877,46.7386,167.715,180.895,183.76,322.211,308.495,379.26,417.672,480.4
YKR068C,37.3505,41.438,42.1191,192.91,178.461,199.859,268.649,293.647,274.895,297.256,291.721
R0040C,38.958,46.9652,35.5488,205.316,179.921,226.753,222.494,298.881,221.83,277.645,217.231
YNL253W,44.9671,36.3034,40.2408,211.399,221.062,202.453,299.422,292.876,320.339,312.517,331.348
YBL001C,45.0843,39.4054,37.1233,120.877,118.424,117.878,169.676,204.932,198.836,250.58,235.785
YBR175W,45.2656,34.145,42.2289,134.385,182.72,127.114,198.627,157.797,221.598,142.851,194.608
YOR070C,39.3048,39.7255,42.6771,182.229,194.988,178.224,277.068,272.484,314.077,331.573,345.072
YOR122C,43.6823,34.7926,43.3435,108.324,110.022,113.871,177.185,173.251,206.049,132.009,121.553
YDL104C,39.8547,35.7528,46.2613,204.525,222.788,211.539,311.019,315.558,328.067,314.775,346.101
YFL017W-A,42.7778,41.8461,37.5393,108.367,123.47,120.363,149.967,152.245,160.371,154.515,144.174
YKL042W,42.9803,36.0202,43.1744,83.8684,88.6774,74.0836,102.308,100.675,122.962,97.8007,103.276
YOL044W,38.8105,42.1477,41.2608,162.318,169.375,176.42,226.608,214.05,234.711,216.666,228.797
YLR170C,40.5995,40.0684,41.6004,152.002,171.407,167.486,225.167,210.487,216.141,235.466,250.835
YPL181W,43.3384,45.4569,33.5542,99.8074,92.5827,105.852,79.0169,87.2962,96.6876,94.9121,83.2899
YGL054C,38.6296,38.5849,45.8837,272.603,288.996,301.16,485.729,462.188,488.744,496.59,492.719
YBL013W,41.3844,41.6574,40.1,125.69,137.476,132.018,173.267,169.453,186.736,174.315,182.479
YPL232W,37.6618,41.8203,43.7053,112.764,129.656,111.736,162.941,157.836,200.002,206.686,212.889
YFL034W,37.7467,43.3068,42.1741,178.418,201.85,198.03,264.243,260.429,280.842,227.015,228.336
YKL201C,40.0902,36.3872,46.9766,237.954,239.687,237.378,302.879,326.91,320.618,367.845,393.366
YDL207W,37.8048,42.2866,43.7224,205.21,228.521,214.913,306.183,292.596,342.824,295.541,327.353
YIL044C,44.5588,41.9025,37.6973,118.363,121.53,126.095,153.799,190.93,176.634,169.9,170.804
YKL213C,41.7772,47.5077,34.9189,72.8432,66.7075,75.8988,75.3942,81.5604,81.0468,68.6059,60.1705
YLR241W,47.1206,31.7441,45.5133,366.178,407.451,385.083,625.829,586.342,686.419,740.874,824.082
YHR206W,46.401,38.1787,39.8746,103.31,96.98,103.605,126.061,135.445,146.594,138.979,160.949
YNL097C,38.9257,48.1143,37.5779,127.461,130.516,117.502,133.498,146.762,154.014,108.406,114.872
YLR093C,47.6108,38.5745,38.4704,345.469,341.976,332.658,544.882,555.172,576.959,629.755,642.6
YHR161C,43.2482,43.5382,37.923,251.867,250.301,245.461,336.925,371.684,383.237,382.063,408.271
YCR082W,42.8846,42.8045,39.2645,114.82,139.021,130.417,151.498,161.64,159.465,131.198,121.209
YOR038C,41.0089,30.9647,53.0994,251.386,281.292,235.033,311.645,313.898,351.143,289.106,326.715
YKR010C,43.8108,35.4775,45.9976,177.497,206.492,203.053,260.676,243.02,257.382,224.757,238.889
YKR090W,38.6243,44.5283,42.1817,115.882,116.637,126.278,157.942,164.743,169.567,173.123,171.769
YML101C,44.1706,42.448,38.7286,135.877,140,154.848,185.02,201.405,227.002,183.187,180.058
YOL102C,45.5093,38.9672,40.9113,116.733,121.792,122.255,153.774,159.753,179.239,165.714,165.933
YNL146W,41.7955,45.157,38.9918,196.94,194.364,210.772,308.129,291.52,312.763,286.636,289.637
YAL058W,43.1485,32.9462,50.1666,233.621,238.123,249.267,421.457,433.715,462.601,466.557,503.756
YGL240W,41.6594,43.5979,41.3064,141.149,171.078,163.183,183.003,202.99,212.738,227.498,210.562
YHR202W,43.2801,39.6553,43.8096,109.417,129.112,127.598,197.611,184.694,194.26,201.576,212.029
YJR088C,47.9417,31.1198,47.7037,245.631,274.675,233.093,432.909,401.252,505.177,499.38,596.409
YPL077C,43.6616,43.0995,40.0558,101.657,114.487,104.016,118.067,122.771,130.451,106.541,127.383
YLR310C,44.9457,34.7146,47.1973,197.759,224.831,192.958,307.909,300.188,352.753,290.799,308.42
YGR072W,59.6879,26.5494,40.6863,103.38,162.316,176.109,265.393,264.696,286.792,324.7,261.456
YCL012C,45.3722,38.1024,43.525,281.019,310.154,265.858,530.499,515.898,632.742,990.478,1111.83
YKL092C,43.917,44.3399,38.8227,179.485,169.172,196.043,249.862,233.615,262.696,266.965,277.924
YNR036C,45.3629,37.8706,44.0098,230.282,262.592,233.896,346.071,333.133,356.132,281.521,316.264
YJL046W,45.1395,44.2498,37.8791,279.157,299.037,292.643,420.799,392.445,466.266,426.234,459.939
YGR262C,45.5882,40.8753,40.8818,191.403,216.947,198.937,296.541,283.981,352.688,348.24,387.513
YER016W,41.42,42.5485,43.6502,85.8967,92.5776,94.411,111.813,123.762,121.419,122.205,126.687
YKR058W,45.7786,37.9642,43.9809,66.9322,74.1728,68.8955,135.068,144.868,154.837,199.144,215.093
YOR022C,46.1097,44.1864,37.433,179.561,183.896,191.891,254.274,252.999,268.626,247.816,247.318
YNL172W,45.951,35.6499,46.2467,319.209,349.639,337.516,495.122,518.497,573.367,635.692,659.791
YDR103W,40.4224,40.297,47.1899,146.147,158.996,140.967,185.305,187.889,201.488,171.742,174.897
YDL080C,46.2499,31.9191,49.8256,167.603,187.927,170.053,353.757,347.584,384.951,398.481,392.696
YOR036W,35.532,40.5327,52.0047,162.614,198.001,173.956,324.415,291.133,359.112,396.827,471.735
YIL055C,43.4569,41.1613,43.6416,186.834,186.576,169.537,248.735,254.592,267.253,268.054,259.42
YPR138C,43.2254,41.4686,43.6251,64.662,58.1346,66.0211,50.4871,52.1771,64.0335,41.0014,41.8706
YGR134W,46.3909,41.219,40.8475,287.685,274.614,280.73,377.468,386.37,365.996,385.234,383.74
YML009C,44.8251,44.7088,39.1413,221.083,217.456,204.518,272.331,296.049,300.315,262.478,262.086
YBR188C,42.4021,47.4105,38.9997,86.8285,92.8635,106.054,108.48,131.987,134.473,92.9434,69.6188
YCR092C,48.7878,42.7321,37.7995,279.9,295.494,292.854,429.995,431.821,442.472,461.215,467.548
YDR339C,43.0009,43.566,42.8756,161.369,153.617,179.958,206.673,227.917,211.362,286.699,240.758
YIL131C,44.9826,35.3114,49.259,81.3965,94.6494,77.5864,88.5296,90.483,102.012,84.6201,86.977
YIL002W-A,41.898,43.8769,44.262,60.3933,57.3719,66.0699,105.9,105.463,108.461,127.247,125.901
YDR497C,48.4129,36.8476,45.1271,311.136,347.132,321.208,702.265,667.142,764.707,905.612,952.292
YGR091W,42.8417,37.3976,50.2306,228.407,251.823,230.614,250.507,245.231,293.026,239.214,264.101
YFL042C,44.9463,39.6856,45.9283,483.349,548.059,509.11,983.552,988.005,1060.87,1162.55,1230.31
YKL203C,43.4374,48.376,38.8303,312.946,344.749,330.55,425.426,434.283,436.659,402.673,441.928
YFR003C,42.1789,44.6144,43.8627,109.845,130.043,117.548,179.625,166.273,209.865,175.058,194.878
YGR033C,45.4124,44.2595,41.0258,237.479,225.158,244.837,291.071,332.235,301.591,322.118,308.704
YDR409W,45.6089,42.3653,42.8177,191.515,203.08,185.538,247.189,273.453,274.836,269.481,277.398
YPR037C,35.5411,49.9715,45.573,160.736,161.353,166.28,272.321,304.84,275.203,302.434,294.813
YMR149W,51.5151,37.5107,42.1227,326.988,331.826,338.794,512.389,549.836,573.522,551.025,502.317
YDL059C,39.8322,40.543,50.7881,133.881,134.074,126.011,173.251,202.328,188.278,180.299,175.63
YML013W,48.671,31.131,51.4151,343.63,372.067,380.924,553.212,550.521,604.707,600.046,588.597
YPL150W,46.0688,39.348,45.8136,211.641,234.193,223.452,379.303,396.415,415.439,480.511,490.434
YBR271W,42.9274,46.9062,41.4026,207.379,183.606,231.119,213.648,277.764,232.098,244.781,200.273
YJL166W,44.0588,45.5212,41.744,66.7831,69.5124,62.4695,100.215,128.278,111.61,138.212,133.398
R0020C,45.3357,38.3459,47.6744,153.502,166.576,158.257,173.021,180.47,171.44,176.205,172.802
YBR104W,43.5481,45.952,42.1492,192.665,207.366,198.67,304.283,307.273,341.379,336.283,361.897
YDR305C,47.2668,38.3913,46.0224,153.49,182.778,161.531,279.297,276.409,319.082,298.439,327.079
YNL152W,31.4625,54.8003,45.4338,129.844,157.422,163.88,234.78,221.866,200.259,158.778,144.7
YJL024C,47.8362,47.2628,36.9625,246.966,200.759,256.678,296.784,413.376,293.986,387.131,292.945
YIL042C,43.0485,43.7669,45.3258,203.965,239.558,224.605,378.982,394.033,402.6,456.779,485.448
YHR214C-C,47.5309,38.655,46.0419,255.423,307.372,249.213,421.902,412.139,484.672,432.7,496.374
YBR055C,44.0422,39.9555,48.6982,319.818,319.947,316.173,418.779,392.764,437.913,406.162,429.584
YDL056W,46.7915,45.4122,40.6195,180.638,206.165,193.501,236.107,282.783,262.823,234.176,214.843
YDR079W,41.3117,47.052,45.1937,161.438,163.416,154.47,296.551,310.168,307.678,324.315,344.835
YEL048C,49.3236,35.2916,48.9719,159.586,190.219,156.513,228.099,193.648,256.395,204.168,222.695
YKL189W,50.8934,39.5655,43.166,194.046,212.114,193.864,249.393,268.508,291.959,276.837,279.436
YLR177W,43.4743,47.1512,43.2661,182.935,202.291,195.458,304.171,338.136,347.756,339.062,336.125
YKL159C,45.2816,40.2342,48.7405,126.092,130.262,127.925,248.4,246.746,263.601,496.978,505.03
YGR058W,50.2424,34.9623,49.2739,137.595,156.958,144.904,188.835,172.37,221.132,219.901,227.656
YOR067C,48.3772,44.7735,41.7832,243.186,257.826,227.436,353.808,367.998,401.317,401.219,434.419
YIL068C,47.3559,40.3953,47.1901,274.723,308.986,296.731,401.31,412.036,449.423,443.279,457.097
YGL248W,48.6261,42.8259,43.5278,116.349,122.176,123.313,185.401,185.284,188.924,234.382,234.875
YJL049W,42.0871,49.0598,43.8528,162.179,181.808,169.78,257.532,269.519,288.716,319.633,330.661
YBR057C,44.3588,49.0132,41.9888,123.188,126.963,124.811,175.585,206.1,185.623,178.313,180.333
YOR358W,40.9772,46.8341,47.9354,146.119,126.938,151.395,173.415,194.994,188.742,167.512,168.299
YBR028C,49.6951,42.0322,44.1424,87.2462,100.486,96.8753,82.9912,86.107,80.8356,61.5021,72.4748
YDL092W,38.9113,41.9239,55.1175,165.366,167.851,184.721,262.313,277.322,291.805,257.869,254.83
YOR119C,51.2317,35.2606,49.5104,150.011,143.755,146.863,175.909,168.831,183.111,162.644,177.557
YGR149W,44.9267,40.895,50.7547,322.358,345.797,344.32,884.636,909.327,911.634,1754.71,1753.5
YGR156W,50.2642,41.8921,44.7595,90.4357,101.154,97.239,114.734,109.261,122.803,73.0123,79.0558
YIL150C,59.0171,37.2386,40.7305,196.401,207.437,190.024,275.077,261.238,305.698,275.514,302.116
YML014W,43.3789,50.9997,42.8742,300.469,268.459,297.438,364.891,417.808,370.306,381.182,343.664
YDR462W,52.7294,37.8599,46.7842,194.215,219.191,210.176,305.226,317.746,335.183,296.31,302.922
YLR134W,45.5196,55.0918,36.7836,164.175,119.08,101.962,164.746,180.242,186.806,320.954,305.42
YDR180W,42.1532,47.1699,48.2085,355.456,370.574,364.481,575.554,597.943,627.419,642.333,668.006
YIR002C,53.2394,38.0876,46.4857,323.674,369.522,350.996,498.995,514.656,571.74,508.004,562.021
Q0050,44.4862,49.8592,43.5273,192.818,189.39,207.927,298.782,322.49,300.37,354.532,363.46
YFL030W,45.4813,47.035,45.3749,171.114,186.634,183.78,300.35,308.202,319.746,365.722,383.612
YHR059W,49.7882,45.1031,43.0038,191.922,235.473,180.163,242.031,247.921,270.327,202.135,214.309
YOR352W,48.7375,42.0726,47.1201,154.221,177.454,147.81,229.311,230.172,246.87,229.202,276.813
YDL175C,48.9101,45.6908,43.539,286.248,287.779,316.912,378.283,412.188,418.766,380.653,372.3
YGR278W,46.4981,45.8845,45.9087,279.475,306.241,282.161,459.661,407.057,479.655,504.111,533.191
YIL117C,45.1689,49.3914,43.8334,63.4754,69.2691,73.7233,204.605,205.517,202.451,331.938,313.884
YMR289W,47.5594,36.8985,53.9758,345.544,368.94,329.66,647.534,594.561,638.323,654.186,701.046
YBR288C,44.0054,44.1772,50.4001,246.456,252.658,238.942,353.103,377.783,368.259,370.52,351.206
YDR458C,48.7504,37.8359,52.1361,537.585,605.687,577.065,840.033,830.165,941.983,815.065,887.141
R0030W,52.7403,50.2256,35.9246,122.092,136.609,135.978,140.131,136.629,142.944,140.782,135.494
YAL024C,47.2618,45.8463,45.8149,219.862,226.323,221.57,290.122,312.654,308.654,336.953,334.076
YLR370C,42.7343,56.2732,40.0869,227.72,200.891,249.498,333.665,415.551,344.425,517.821,385.212
YHL048W,44.3612,39.7008,55.148,338.121,381.088,392.038,692.615,642.462,750.524,867.969,931.281
YNL245C,48.241,43.5079,47.9023,220.318,240.423,222.799,242.751,268.323,279.44,236.891,232.44
YOR191W,45.1796,44.5277,50.0204,205.719,221.465,201.92,306.137,298.461,300.631,257.56,278.506
YPL100W,47.3276,44.2281,48.4191,191.318,208.847,206.696,316.311,343.34,338.858,409.004,365.847
YLR364W,50.1512,36.0554,53.8761,190.117,259.754,191.262,401.354,338.388,446.504,351.864,447.96
YBL067C,52.0017,40.9706,47.1472,243.074,292.558,246.116,398.38,404.887,471.666,461.296,513.843
YOR087W,41.6094,48.1937,50.4468,353.595,358.866,367.225,442.994,499.653,468.303,508.979,456.561
YER112W,45.9742,44.8476,49.6573,109.931,104.488,96.0337,153.67,149.497,154.662,132.973,154.61
YPR081C,46.0747,43.1666,51.2489,212.004,257.234,242.89,370.991,376.878,434.443,451.399,503.257
YLR298C,48.7853,47.7257,43.9805,199.355,203.619,195.934,284.213,299.862,312.064,324.298,337.901
YLR376C,51.1674,40.8995,48.6923,267.106,285.542,283.996,553.552,586.042,602.239,851.934,862.366
YKL022C,49.7435,44.9447,46.0972,216.138,230.426,221.871,294.679,308.542,313.744,315.424,338.234
YPL246C,47.949,40.3655,52.6238,301.203,323.189,301.654,437.21,430.652,426.945,436.55,447.209
YPR167C,52.2816,41.358,47.4488,58.4681,69.0413,63.1928,131.367,138.725,138.903,229.353,228.759
YGL094C,50.9257,44.6155,45.5994,175.649,189.306,198.429,262.218,274.12,277.806,313.558,332.462
YKL045W,48.3152,46.4328,46.5868,184.277,204.672,185.968,279.886,285.899,317.946,291.441,321.866
YER077C,48.5801,47.5478,45.2095,252.123,283.54,270.649,417.248,440.882,477.937,688.331,663.245
YDL045C,46.8047,41.961,52.8704,287.58,328.978,285.01,529.703,504.459,579.483,598.234,645.865
YLR425W,49.2471,48.5045,44.2861,244.346,263.176,256.461,380.681,366.016,361.291,359.606,362.743
YJR111C,52.4747,41.1793,48.7845,140.275,157.285,129.483,224.899,225.428,284.592,271.232,325.114
YDR204W,48.7909,44.8423,49.0604,196.945,213.808,217.591,335.915,360.671,360.663,361.371,353.788
YNL329C,42.8661,44.6739,55.1734,334.651,350.665,301.194,579.609,560.174,642.428,735.38,766.082
YDL224C,52.4176,45.6264,45.0942,123.186,130.139,127.749,172.57,177.626,183.939,167.355,182.086
YAL014C,52.9773,45.3074,45.1662,228.086,254.468,243.291,296.909,318.315,345.869,261.4,287.415
YJL174W,50.3559,42.8306,50.3771,107.513,119.376,105.753,156.398,161.71,185.989,147.635,152.194
YOR106W,46.0321,51.4545,46.1252,270.29,266.21,276.38,347.209,337.296,323.955,298.201,310.162
YLR260W,46.7643,50.4584,46.4432,278.669,285.08,308.79,548.66,578.986,606.522,813.673,780.041
YOL066C,51.5827,47.6465,44.8747,132.33,141.309,124.202,194.543,187.705,227.239,232.385,247.841
YNR018W,49.4988,44.6543,50.5806,267.354,313.395,260.576,475.626,412.583,501.358,412.034,454.929
YDR284C,43.8776,48.6494,52.3939,304.373,309.677,308.725,506.642,493.976,499.32,703.515,655.453
YFL010W-A,53.4348,45.3056,46.2932,104.05,111.285,103.727,144.148,153.894,143.697,125.377,138.93
YLR324W,51.3412,40.8171,53.0619,478.943,520.895,478.112,952.534,923.435,1080.61,974.37,1071.22
YLR056W,51.3812,41.0854,52.8931,746.893,823.441,819.461,1507.4,1504.98,1596.67,1483.93,1490.9
YMR270C,48.1418,40.3753,56.87,159.536,158.193,154.726,238.965,228.676,257.057,259.588,280.197
YCR094W,49.7524,48.4084,47.3466,247.282,279.933,262.568,351.804,322.872,416.887,359.945,410.798
YKL003C,50.0678,52.9874,42.7232,133.971,153.012,153.223,308.112,302.842,321.434,347.887,353.405
YLR117C,52.2932,41.7637,52.1961,239.371,258.035,250.183,292.397,324.344,345.019,279.889,294.883
YHR149C,47.6784,50.9237,47.8826,161.63,161.664,152.815,185.304,205.825,202.111,150.725,165.375
YHR198C,51.3988,45.7524,49.4704,177.623,203.01,179.801,290.176,279.913,324.587,294.996,318.95
YER019C-A,54.9806,40.2474,51.4611,257.9,316.401,249.585,510.306,474.257,600.447,517.332,594.109
YBR152W,56.0082,44.8987,45.9045,272.826,267.757,267.998,312.894,337.205,334.376,301.718,306.084
YML032C,48.951,47.7914,50.0896,117.336,132.948,125.667,139.817,135.921,149.032,109.359,111.413
YLR078C,49.6891,43.6579,53.7591,371.793,390.153,343.264,647.737,603.902,705.504,631.377,652.119
YNL227C,48.9477,50.7853,47.5728,161.231,207.691,168.903,297.83,269.188,350.968,364.904,383.526
YMR064W,51.2437,47.9426,48.1418,255.02,269.226,265.771,348.382,332.403,381.867,366.021,371.386
YOL019W,50.3396,44.3619,53.962,120.195,126.588,121.313,161.465,155.456,176.219,222.311,220.387
YDR439W,49.7589,46.1634,53.1695,154.196,157.715,141.775,206.369,194.712,242.251,171.036,190.365
YDL044C,52.6909,48.3367,48.6379,158.109,174.066,161.613,235.192,244.499,257.997,272.46,280.444
YLL004W,48.2508,49.7387,51.9068,288.705,297.118,301.169,383.128,402.131,379.055,397.901,389.381
YMR310C,57.215,45.7484,46.9923,173.331,190.322,160.353,214.331,214.687,240.244,206.633,211.774
YHR159W,52.4951,49.8641,47.6374,136.797,142.529,155.619,209.166,229.606,215.611,216.236,219.555
YER092W,53.2269,47.726,49.2081,80.1983,65.8305,75.5427,93.8359,93.9972,90.8046,84.9446,79.6044
YLR142W,60.9018,39.9159,49.3806,121.179,143.034,127.16,619.869,669.644,714.057,1873.42,1981.42
YMR312W,52.5968,50.3385,47.5103,143.603,166.26,168.373,218.729,213.446,236.47,256.221,262.615
YLR007W,48.7577,51.4362,50.316,285.489,283.498,285.055,397.311,415.828,433.62,313.23,348.285
YER159C,50.6077,48.4907,51.425,115.122,111.105,111.692,103.453,112.276,100.6,90.916,81.7088
YKL100C,46.981,47.2461,56.3422,604.237,681.855,620.82,1038.55,956.303,1079.39,983.604,1051.03
YIR023W,59.8002,37.426,53.5155,118.657,173.99,190.913,178.713,134.209,167.14,145.517,121.227
YHL013C,51.2868,55.16,44.3964,262.288,235.782,278.037,306.642,409.609,336.603,428.505,323.747
YNR010W,56.0637,47.6644,47.5408,176.33,167.953,164.72,232.407,240.512,248.299,213.711,226.55
YHR081W,51.5218,47.624,52.1451,232.39,253.961,256.371,330.656,323.034,334.038,232.636,251.392
YGL213C,51.0321,49.8089,51.0386,137.625,133.291,134.644,162.748,162.067,165.042,149.662,158.436
YGR055W,50.0166,44.4641,57.5134,141.975,175.82,153.924,205.434,181.76,226.336,211.15,223.326
YER050C,60.7245,41.8536,49.5544,170.572,185.762,184.472,209.98,214.436,232.917,210.38,208.395
YJR005W,53.1269,45.6978,53.4454,266.119,311.887,288.586,392.596,392.723,428.395,368.073,424.289
YJR093C,49.6579,49.8187,52.9029,160.732,173.811,159.832,186.655,192.799,195.526,113.384,109.203
YFR017C,56.0999,38.4532,57.9471,69.1515,83.6039,77.2764,133.83,99.3391,159.924,114.342,157.084
YNL280C,51.1085,40.5471,60.8456,547.776,583.629,555.936,1112.19,1037.39,1195.32,1229.13,1277.79
YJL173C,48.4026,62.6177,42.1215,153.825,143.035,181.469,163.436,197.639,167.258,153.296,124.973
YKR063C,46.2653,46.882,60.1183,165.38,188.516,179.094,192.617,203.591,202.289,226.094,245.482
YOR130C,47.6625,53.56,53.0395,273.85,250.693,274.795,367.64,431.941,405.571,434.404,395.579
YOR016C,58.0056,39.8405,56.545,425.141,462.851,465.519,778.975,749.076,854.575,787.878,867.437
YOL036W,59.8697,42.4739,52.1401,240.197,260.65,242.448,282.068,285.935,336.596,262.048,289.687
YOR307C,50.7999,52.0251,51.7632,262.559,287.22,259.85,396.527,410.928,473.858,431.935,459.776
YDR323C,53.7067,45.3035,56.1077,250.241,284.947,268.25,494.532,550.683,573.396,646.503,602.068
YFL049W,57.1137,50.3565,48.081,129.967,158.983,151.123,190.648,175.118,206.156,191.6,197.118
YDR326C,51.4344,49.1367,54.9924,353.846,404.975,366.837,666.288,652.947,761.794,891.628,983.502
YGR152C,48.1743,56.0784,51.9193,194.462,198.643,204.519,340.9,324.484,357.525,412.131,397.209
YIL084C,55.7201,48.2686,52.1906,106.451,96.0814,107.177,104.446,113.948,120.959,98.3632,84.4864
YMR240C,52.0654,51.6305,52.5786,213.052,212.379,234.348,292.595,329.415,358.586,375.656,381.568
YNL156C,57.3754,42.9086,56.0279,416.415,442.197,429.424,743.314,786.655,785.843,863.486,878.664
YDL157C,51.2256,50.5624,55.3999,370.823,388.801,386.709,766.061,783.519,794.251,861.619,845.246
YDL063C,58.1997,41.8451,57.1679,372.471,411.515,401.169,569.316,582.633,634.477,625.602,655.802
YML064C,51.2805,54.8338,51.1617,237.7,240.489,234.198,291.069,304.391,309.786,299.524,289.552
YNL003C,51.9971,56.9876,48.4551,280.685,247.418,286.762,340.971,398.374,330.845,421.87,342.332
YCR060W,54.5493,47.8708,55.6832,270.468,348.435,310.646,783.015,793.403,907.477,941.089,1003.38
YGL159W,55.0691,49.1282,54.0063,297.177,365.52,341.843,515.862,489.756,626.396,537.813,659.646
YDR357C,56.7717,50.0971,51.5008,234.834,258.076,254.713,271.913,300.17,309.638,190.257,194.826
YFR021W,57.28,39.4586,61.7351,193.134,206.839,206.303,354.955,403.718,410.604,446.39,436.334
YBR132C,53.3697,50.8003,54.8875,354.505,338.498,337.51,519.289,539.342,523.776,661.265,588.26
YMR154C,55.8296,46.1299,57.424,222.202,273.157,241.52,386.997,354.309,460.811,392.187,434.16
YKL093W,56.5419,54.3282,48.6189,190.296,195.848,200.771,333.701,345.311,359.493,332.428,335.996
YIL011W,105.485,8.77699,45.2481,32.2461,194,316.547,183.817,141.983,168.198,176.283,42.2084
YIL008W,53.3162,55.2463,51.0603,184.031,190.334,197.168,311.462,361.245,355.098,310.292,288.522
YGR227W,54.3674,48.5791,56.701,259.389,254.848,260.921,408.021,401.401,405.963,383.877,387.266
YMR045C,46.839,48.3683,64.9485,784.62,820.31,828.316,966.198,980.759,1003.21,821.711,833.756
YDR137W,52.9978,52.087,55.0713,203.296,216.953,220.636,267.472,292.036,326.545,304.845,313.412
YER132C,55.835,47.0209,57.6178,150.273,172.966,181.79,228.683,256.824,228.266,223.928,241.204
YJR006W,58.0232,47.4529,55.1745,193.487,212.138,182.297,312.536,298.685,346.883,329.265,370.221
YER026C,56.2688,42.7229,61.7935,345.982,421.022,392.744,822.6,703.869,914.477,788.61,915.075
YJR129C,50.4358,49.7197,60.6834,201.724,211.607,209.113,236.649,213.636,243.417,219.14,227.899
YNL074C,51.9722,48.5289,60.9119,161.981,168.852,164.676,283.474,338.707,352.38,336.66,359.532
YDR389W,59.7487,39.0654,62.6161,299.797,337.487,295.478,563.098,509.941,574.27,613.29,715.432
YDL017W,58.1428,52.5751,50.9028,248.389,245.287,244.26,317.993,374.214,337.674,347.644,299.204
YHR192W,53.3001,49.0869,59.3773,376.211,379.309,400.355,652.211,653.728,680.98,673.484,666.809
YGR021W,53.8058,56.1373,51.9075,197.127,188.784,207.504,296.716,336.287,338.276,318.647,294.7
YPL221W,55.9563,50.0047,55.9922,384.701,435.04,408.868,603.278,555.974,647.782,766.302,709.978
YBR183W,58.542,55.2579,48.2108,357.374,403.783,366.784,1001.85,903.487,1039.09,1396.18,1495.55
YJL044C,56.1899,49.6874,56.3935,347.359,360.633,363.998,459.241,492.292,480.222,543.038,506.366
YCR046C,51.9606,57.5601,52.7745,172.991,181.219,187.234,269.378,291.813,277.88,353.07,344.748
YML015C,57.2624,57.173,48.1056,205.464,202.852,228.002,265.941,273.818,297.444,205.304,208.232
YDR352W,54.4874,50.0727,58.0402,325.568,353.904,344.198,479.539,454.853,482.704,432.336,442.117
YOR273C,58.39,57.1513,47.1668,228.448,212.426,231.024,236.952,236.73,243.464,273.045,226.354
YOL081W,63.2195,50.7618,48.7435,394.933,454.992,426.361,551.081,576.182,635.738,598.267,596.961
YCL052C,54.6127,50.6509,57.5661,346.048,389.847,366.326,694.227,701.827,739.51,843.148,849.166
YCL010C,57.0139,54.1926,51.8093,136.194,156.812,140.468,122.776,128.874,138.157,95.592,98.7739
YOR308C,52.657,53.5289,57.207,204.644,225.708,194.314,280.763,316.799,322.517,316.754,327.699
YBL078C,62.5376,51.096,50.0602,155.99,162.648,152.366,331.079,333.248,337.55,576.619,642.593
YKL180W,60.0384,39.3763,64.457,113.669,161.173,122.112,210.96,197.83,293.675,248.117,323.263
YDR468C,53.5255,53.5455,56.8097,323.29,361.79,341.461,539.806,549.665,573.762,598.54,613.516
YEL020W-A,58.8059,52.7657,52.3835,134.906,144.865,127.097,226.205,222.335,237.942,261.966,263.996
YPL120W,52.4931,53.3251,58.5527,327.947,341.398,344.212,503.954,527.926,515.911,573.481,569.331
YER005W,57.8568,51.056,55.4583,333.424,343.575,328.487,467.898,503.905,508.492,508.611,538.821
YHR091C,52.2132,53.0391,59.2238,295.277,332.688,304.387,440.89,466.232,479.664,489.628,509.616
YJR055W,64.1009,38.2345,62.6235,142.165,196.183,133.014,247.013,188.636,285.864,217.443,296.186
YDL117W,52.5084,48.464,64.255,254.366,291.079,269.708,552.162,529.907,576.664,695.822,742.038
YOL100W,55.7286,56.8515,53.4606,289.177,295.193,269.331,402.893,409.188,432.118,410.787,471.496
YDR328C,44.5608,65.0925,56.4976,218.317,187.859,239.686,267.575,351.003,264.479,262.221,185.695
YER056C,52.4276,60.4143,54.1823,308.328,335.959,333.925,342.608,334.44,346.711,259.502,264.932
YMR134W,57.6271,56.5747,52.8458,503.397,558.837,533.659,956.785,944.687,1034.16,1101.81,1092.82
YJR083C,56.428,55.8873,55.0362,145.122,172.08,158.739,269.551,281.723,301.519,402.253,386.604
YMR284W,64.589,50.3891,52.3962,226.757,243.783,241.281,325.4,327.434,390.702,445.687,463.774
YHR156C,55.2527,55.2268,57.2998,278.888,303.394,302.643,479.015,508.674,519.487,505.714,540.41
YER075C,53.2873,58.4484,56.1635,215.143,244.149,215.631,208.313,213.933,232.816,194.264,225.153
YHL014C,59.5468,52.7031,55.7188,320.628,357.1,328.186,459.029,467.808,484.645,420.729,437.109
YGR068C,56.4128,48.4724,63.3598,298.582,317.428,298.088,427.603,437.205,481.873,436.623,466.951
YPL065W,57.5314,52.3027,58.7799,206.924,235.258,205.271,265.737,288.059,305.086,255.995,295.225
YKR026C,58.6197,51.342,58.884,265.376,275.12,269.622,373.063,398.888,407.596,392.193,407.324
YDR287W,59.1848,48.6233,61.0782,167.888,161.345,159.668,230.448,252.599,253.013,282.107,295.988
YGR127W,63.0398,49.8731,56.2821,209.716,237.817,218.333,515.998,516.775,598.482,835.45,914.743
YKL130C,57.5039,59.8552,51.8386,351.665,282.39,358.18,380.479,522.6,407.471,465.623,405.553
YLR240W,66.4758,45.1654,57.9353,462.15,520.092,510.831,825.018,828.297,930.405,901.651,951.241
YHR177W,61.6307,56.2673,51.9538,203.118,218.661,203.176,286.637,306.873,290.073,301.999,300.268
YKL099C,60.392,54.0733,55.4635,245.15,277.769,246.204,398.823,383.731,437.795,436.528,482.789
YPR100W,53.2497,58.1485,58.5426,196.833,201.797,189.605,282.959,264.58,273.141,244.054,263.495
YLR005W,65.8318,51.7347,52.3789,330.65,354.02,361.893,568.179,611.289,623.432,682.398,661.589
YNL119W,54.6395,52.85,62.4591,174.127,190.162,189.235,220.556,239.983,249.817,241.283,256.271
YHL003C,55.3699,52.1073,62.6679,364.07,383.1,347.233,514.702,497.071,606.133,441.293,491.601
YCR086W,62.5354,54.6266,53.1892,175.67,163.689,184.817,180.539,215.421,211.486,145.54,137.401
YBL085W,63.5441,51.7703,55.0983,123.83,130.639,125.177,142.505,144.704,135.637,139.106,136.697
YPR162C,60.6219,53.7775,56.5039,262.447,287.031,272.505,377.763,380.058,421.293,441.505,462.999
YIL153W,57.5832,53.7739,59.9514,209.729,219.884,212.167,371.552,373.084,388.029,403.914,404.002
YOR256C,60.4961,52.1375,58.7949,332.455,387.136,321.482,492.468,499.19,549.975,521.986,576.321
YDR143C,64.8855,54.1558,52.5114,180.988,186.302,180.073,210.416,217.207,233.018,187.502,175.942
YCL044C,64.3277,48.9228,58.4363,244.366,313.59,235.584,457.281,370.668,526.791,433.064,571.666
YDR040C,55.1437,64.2811,52.3036,142.625,141.286,165.007,134.407,154.743,151.897,211.851,201.891
YOL146W,61.5828,60.6147,49.7293,157.639,154.222,159.449,214.886,214.488,215.953,221.339,211.727
YLR166C,67.4645,44.563,59.9374,278.96,295.669,314.101,418.849,448.549,490.235,449.523,481.024
YBR225W,67.2894,44.2434,60.599,233.124,283.798,226.805,415.619,390.726,486.755,491.402,578.268
YNL263C,60.6941,43.3589,68.1426,347.958,436.185,356.44,679.708,557.698,763.969,545.298,710.985
YPR141C,57.56,56.7404,58.1535,220.455,229.962,214.17,285.138,296.049,315.572,255.389,270.85
YIR007W,52.0964,55.2543,65.4367,419.741,471.361,439.834,673.218,715.672,798.688,799.534,798.172
YBR042C,56.2334,50.3267,66.3226,421.117,445.38,444.409,552.613,582.597,621.991,626.15,613.813
YBR077C,58.381,56.5517,57.9631,176.531,172.37,184.164,244.151,266.941,243.15,267.887,260.384
YPR045C,60.2266,63.6754,49.1576,236.424,286.833,255.158,378.522,411.457,417.175,445.765,460.95
YBR207W,62.0977,53.3828,57.9423,418.253,430.708,426.178,603.377,610.928,645.081,659.094,684.427
YHR066W,60.7141,52.1415,61.3203,305.661,331.582,293.122,505.507,466.715,574.674,610.113,732.451
YNL219C,46.9825,62.3005,64.912,655.314,690.604,679.522,1174.43,1200.65,1249.97,1297.87,1266.8
YPL096W,60.2974,55.279,58.7506,290.65,361.387,305.624,521.467,500.264,542.437,560.686,614.1
YOL096C,60.2471,57.7827,56.4499,281.535,267.337,274.221,422.057,478.297,441.349,519.698,457.433
YHR058C,64.0735,43.2701,67.2685,154.253,188.276,152.964,233.748,205.594,273.805,196.008,233.113
YLR460C,61.862,52.1665,60.7706,213.658,226.009,225.873,444.355,452.668,506.248,515.831,537.931
YPR128C,59.1022,54.0461,61.6714,431.363,457.137,437.269,656.82,697.875,707.717,738.479,764.898
YBL011W,68.0985,51.1492,55.9398,447.645,530.255,460.719,683.534,643.519,804.879,637.001,686.611
YIL073C,57.4027,56.2814,61.6034,112.609,119.079,109.922,154.519,177.056,168.255,157.84,139.482
YJR019C,60.4206,52.8803,62.3043,243.378,243.87,247.373,355.628,368.503,379.581,403.974,375.056
YBR022W,60.7414,53.7173,61.5895,208.162,227.573,228.126,326.636,352.558,357.529,371.585,394.283
YDR202C,64.5035,52.8385,58.9238,231.036,266.149,252.922,395.188,384.363,432.019,395.43,442.39
YML063W,63.3515,48.7709,64.2347,208.813,257.722,185.497,486.474,395.784,588.979,509.434,686.842
YOR003W,59.6338,58.2411,59.2534,196.727,217.213,197.119,425.816,404.232,489.955,594.156,638.919
YMR213W,53.5556,56.3869,67.4173,174.85,178.187,187.952,230.758,238.024,231.75,221.223,220.487
YJL071W,58.7875,57.5938,61.3454,304.828,324.289,350.419,614.971,658.391,666.028,756.442,723.63
YGL117W,58.6132,67.1658,52.1355,221.761,220.471,219.917,585.896,598.542,616.076,793.6,822.067
YNL083W,66.7248,54.0832,57.1316,247.214,280.169,246.586,393.207,354.842,434.511,389.061,401.468
YDR118W,56.6167,61.7445,59.5919,362.342,375.049,364.795,566.794,608.377,616.014,620.228,611.053
YCL061C,68.1307,53.1141,56.8618,199.753,219.062,190.501,271.591,271.109,285.852,250.079,274.641
YGR280C,59.6967,62.7225,56.6489,174.679,181.548,182.013,215.948,223.311,218.331,260.717,239.15
YIL003W,61.7478,55.2452,62.1213,172.395,179.388,190.411,245.893,251.36,257.629,229.575,260.925
YDR255C,62.3604,55.8951,60.8975,309.307,328.822,321.183,596.688,607.139,591.699,723.573,709.305
YNR032C-A,58.5538,59.9852,60.759,214.373,226.311,197.662,312.001,320.711,330.709,272.8,294.18
YML030W,62.241,57.2983,59.9296,286.044,282.837,315.828,429.401,441.092,454.388,456.04,444.269
YIL103W,66.5836,56.8524,56.0709,277.167,312.786,274.08,401.558,418.297,476.253,468.443,489.666
YGR095C,56.2709,58.3311,65.0067,270.752,283.451,274.205,351.008,360.751,389.414,342.726,361.924
YMR098C,67.3067,50.8579,61.462,295,336.61,308.7,502.695,502.852,560.749,510.918,539.852
YOL065C,65.8925,51.458,62.2979,277.624,329.095,286.769,473.844,453.611,513.81,506.803,498.779
YPL112C,60.0745,53.2781,66.3353,587.489,629.981,633.128,1039.35,1041.78,1124.2,1322.84,1301.88
YIL017C,63.9602,57.6495,58.1748,289.854,312.916,297.147,551.396,599.59,607.812,685.305,710.752
YNR030W,58.7839,51.476,69.7083,800.585,823.398,804.524,1430.67,1389.65,1489.54,1512.42,1481.55
YPL074W,61.1238,54.0142,65.3227,261.493,288.693,287.518,353.129,375.879,382.38,360.236,378.613
YLR226W,59.9366,59.6012,61.0498,332.47,365.117,368.869,534.126,582.562,602.606,643.527,648.117
YIL130W,63.0356,63.111,54.9034,343.124,364.57,338.169,471.686,474.21,502.732,458.801,505.045
YLR099C,59.384,53.7562,68.2225,211.931,227.364,217.493,317.328,305.176,341.251,361.666,393.215
YGR169C,62.4243,54.0623,64.9553,297.088,338.698,332.509,461.549,444.161,519.107,461.745,484.845
YGL250W,54.9853,59.6993,66.7722,175.109,168.74,179.756,246.049,273.498,264.286,321.671,326.48
YGR237C,63.5295,65.2724,53.2166,277.086,300.211,299.894,462.219,489.23,496.864,515.421,514.533
YER171W,66.2967,51.5711,64.2748,367.277,388.13,398.06,538.394,579.273,582.819,622.052,588.322
YNL238W,52.8915,68.6108,61.1455,156.932,146.839,186.951,206.473,253.636,254.521,231.055,190.515
YNL107W,65.0831,56.9869,60.6928,201.161,221.589,207.959,298.566,289.884,329.615,312.325,362.422
YLL041C,66.569,58.4788,57.7807,150.911,158.191,168.261,226.86,260.161,258.827,265.521,242.766
YBR140C,64.0988,57.5247,61.2146,448.793,435.666,469.05,637.656,664.755,645.947,712.152,666.251
YGR171C,61.92,57.0735,64.1067,373.376,399.635,392.034,576.834,605.55,634.821,621.495,621.053
YDR217C,65.8488,53.1625,64.2336,358.288,363.564,370.25,475.843,498.346,512.664,438.959,436.497
YDL233W,53.2763,64.1006,66.1643,278.047,311.3,288.64,445.405,431.716,438.499,524.212,538.008
YBR069C,61.9018,49.7823,72.4684,521.723,546.219,539.524,736.135,635.009,715.756,667.233,659.916
YGR158C,62.2685,66.6753,55.3507,272.805,261.262,300.521,335.137,397.838,351.446,358.117,323.619
YOR311C,65.4267,52.8033,66.2792,401.362,429.455,424.207,567.691,557.875,629.562,565.672,591.297
YGR029W,69.7792,54.1593,60.9116,228.784,239.514,245.36,343.42,379.547,351.718,389.849,392.296
YJR001W,56.1974,61.8173,66.8772,244.4,300.451,263.5,285.948,277.038,331.345,267.274,318.929
YMR001C,72.3375,45.1682,67.4241,214.949,259.211,221.666,251.586,195.537,272.831,149.127,180.881
YDR489W,66.0969,57.7453,61.1101,221.697,247.143,238.024,290.76,307.748,335.579,291.744,290.58
YLR021W,63.643,60.6952,60.9214,181.638,204.089,186.672,228.719,212.719,263.638,209.966,215.669
YJL206C,62.5286,54.7967,67.9891,317.709,334.976,326.581,410.861,436.433,480.515,465.858,469.467
YPR144C,58.9359,59.0561,67.6905,386.631,431.477,403.279,538.687,550.641,598.062,603.473,578.296
YDL072C,64.755,46.3839,74.7888,581.341,634.376,598.643,1352.8,1331.66,1440.66,1806.64,1811.14
YKL190W,63.4852,56.5491,66.2641,109.099,119.385,124.579,219.771,247.084,236.165,264.994,260.432
YBR096W,66.6688,51.1305,68.5757,440.892,539.496,461.795,1029.16,831.044,1136.38,1039.35,1346.37
YGL256W,60.3685,58.6952,67.5208,193.254,214.019,195.066,344.564,327.15,347.522,403.45,426.583
YPR115W,59.6584,63.5067,63.4434,224.21,245.567,244.24,332.437,308.914,351.299,334.548,349.223
YGL064C,67.734,64.3021,55.3412,386.99,399.582,405.202,705.907,758.634,783.314,869.536,876.83
YNL086W,65.6679,53.357,68.4181,147.254,159.963,142.706,199.556,190.483,225.365,198.474,217.301
YJR043C,63.718,59.1477,64.7443,369.138,392.008,365.094,524.981,520.03,580.477,558.504,584.561
YLR438C-A,70.8376,54.4534,62.3974,157.237,177.271,161.285,182.269,178.474,190.159,146.53,146.648
YLR022C,65.5825,59.2851,62.9,195.691,204.365,207.203,297.708,289.068,308.419,276.883,272.364
YHL025W,65.1926,53.1458,69.4812,113.6,150.928,120.489,134.815,118.039,154.081,97.3703,121.62
YOL034W,52.9594,54.9071,80.1673,264.397,307.986,322.09,486.096,432.9,472.201,346.101,363.337
YNL323W,64.2162,48.6408,75.393,384.219,475.688,413.546,653.62,560.178,705.263,593.347,632.535
YKL002W,63.6505,59.7156,65.09,187.067,204.364,195.235,259.3,237.115,279.711,214.466,221.952
YLL023C,55.8283,66.7644,65.9008,457.892,408.87,474.132,805.71,918.816,780.064,1164.32,928.298
YNL056W,65.6691,51.8705,70.9925,251.408,267.91,240.938,349.327,337.121,362.359,420.011,433.807
YGR031W,63.8236,58.7929,66.0173,166.958,224.592,171.504,270.537,219.052,303.311,227.219,304.867
YJL203W,63.5317,59.7456,65.5471,311.34,334.207,316.511,426.088,453.535,451.376,438.483,434.317
YER053C,58.6449,67.5798,62.8459,490.22,580.74,580.322,1535.61,1582.2,1662.31,2193.68,2186.38
YNL110C,73.8753,54.8979,60.9772,216.74,251.86,228.984,380.825,377.56,402.028,390.691,406.621
YML029W,59.1582,48.7653,81.9707,663.299,724.525,682.997,1012.88,962.825,1076.65,1059.7,1082.65
YPR137C-B,63.1509,62.9248,64.1357,800.116,795.11,874.243,899.58,1074.77,1051.5,918.653,827.948
YBR171W,57.6602,63.8536,68.7407,479.042,463.899,457.901,690.426,758.429,711.477,769.198,713.372
YOL144W,71.4993,59.8356,59.2349,235.985,252.977,241.814,357.611,365.85,382.384,391.588,407.149
YKR089C,66.6722,58.4188,65.7479,223.8,253.817,255.182,367.901,362.8,388.42,397.224,401.874
YDR005C,68.8245,61.268,61.6576,216.534,207.338,199.772,211.56,240.731,235.412,166.477,163.551
YDL053C,73.0185,52.3643,66.3934,306.473,351.094,304.078,471.043,473.913,509.402,453.055,484.159
YDL106C,68.2184,66.9316,56.6886,289.705,286.249,322.973,439.84,527.524,468.93,542.511,491.379
YLR361C,62.0458,63.7384,66.0621,473.655,463.496,502.601,582.234,662.261,599.602,562.241,524.224
YHR003C,60.8042,58.4728,73.0718,260.222,298.411,271.902,390.189,401.945,436.373,415.482,436.338
YOR233W,73.1792,57.6393,61.5732,239.37,234.466,248.632,297.017,333.018,365.141,342.933,373.013
YBL103C,69.0425,60.0803,63.5447,148.203,152.513,166.401,178.911,197.262,208.707,175.2,175.748
YPL265W,67.9893,59.7512,65.4605,286.993,274.032,292.321,231.336,245.167,227.189,176.081,170.795
YLR128W,65.7596,59.4035,68.039,428.642,438.191,399.75,670.813,663.163,686.91,701.534,723.243
YDR371W,66.6704,61.4493,65.6166,392.165,405.037,379.207,792.022,845.905,884.251,981.055,1017.45
YNR026C,63.1187,65.8432,64.8556,521.383,466.708,504.372,707.603,880.111,761.684,887.61,767.398
YMR223W,74.3093,60.1512,59.5521,312.74,337.728,303.591,514.733,483.504,543.779,620.361,662.87
YPR017C,65.563,68.4678,60.0443,131.636,116.913,138.885,135.322,183.521,148.331,198.15,168.028
YDR424C,67.2269,49.5185,77.461,217.689,282.513,205.878,448.832,362.733,482.514,454.639,575.867
YNL321W,62.288,64.1717,67.8852,496.597,537.098,493.06,847.683,869.894,948.818,905.875,982.747
YPL088W,62.8584,67.1119,64.5618,201.412,220.935,199.902,459.708,488.803,493.631,1005.32,972.262
YMR160W,71.117,58.6778,64.7694,352.943,397.36,374.971,664.626,672.903,757.168,796.833,878.07
YMR071C,70.2742,56.3823,68.1293,306.616,379.403,308.248,551.142,502.77,624.717,589.501,728.626
YNL288W,63.5099,66.2774,65.093,348.079,387.845,374.112,574.828,551.239,591.854,656.313,705.36
YOR104W,65.6692,62.909,66.7523,227.749,247.736,231.323,322.581,284.751,337.589,328.594,356.734
YOR056C,71.0797,63.1461,61.189,257.229,292.814,283.933,409.238,428.814,443.477,437.32,469.13
YDR169C,69.5469,59.7768,66.2395,133.964,137.87,138.483,167.938,182.776,176.817,156.311,157.99
YJR075W,60.0364,65.2214,70.3819,545.432,565.015,541.744,748.021,788.173,843.262,792.549,798.388
YPR176C,69.6809,58.9247,67.2971,207.614,213.606,203.98,293.608,295.481,299.565,309.052,322.011
YOL018C,68.065,58.9964,69.0324,498.936,503.816,522.824,782.597,800.154,852.472,941.925,962.704
YMR231W,59.5838,67.4085,69.2293,413.524,465.696,442.336,620.918,630.616,692.735,706.401,749.576
YOL119C,66.2675,64.4162,65.7135,278.614,301.482,300.085,492.007,483.156,545.335,602.133,588.512
YDR532C,70.4109,62.4509,63.5977,173.059,188.607,165.447,238.634,252.516,247.455,293.808,299.463
YLR034C,66.4339,57.8207,72.2869,413.721,460.41,427.7,685.05,697.912,772.785,755.642,763.679
YLL032C,68.4292,57.383,70.8123,319.042,336.398,323.801,466.522,471.593,522.024,591.045,638.073
YKL121W,58.9247,68.7243,69.0838,269.633,309.845,285.177,563.708,549.244,611.412,787.792,824.663
YDR057W,70.7889,62.5675,63.4144,321.711,318.878,334.41,468.965,517.668,498.881,529.748,516.452
YDR484W,61.2041,65.8805,69.7446,358.555,360.577,394.632,517.562,632.258,561.705,648.55,608.928
YGR241C,65.6396,70.4168,61.4798,299.833,311.469,320.316,499.67,522.488,532.74,602.515,613.615
YNL093W,61.6687,72.4146,63.4599,406.347,449.799,414.082,788.824,811.058,859.626,1257.45,1288.15
YLR120C,62.9214,61.3787,73.4431,235.907,254.972,244.235,481.964,467.284,498.924,674.222,685.807
YDL018C,78.7336,56.258,62.7724,391.289,497.195,429.988,739.134,626.606,772.409,612.295,754.228
YOR291W,69.1389,60.4091,68.2192,695.353,754.249,730.274,997.518,963.554,1063.6,1061.26,1143.91
YDL121C,60.1299,67.4311,70.5,760.857,804.617,835.226,1606.85,1602.95,1643.18,1699.07,1692.29
YGL083W,71.6853,60.4615,66.2381,237.974,282.423,238.613,332.285,339.809,368.814,375.647,377.972
YMR102C,79.6432,54.5573,64.3188,263.903,328.829,302.576,515.3,458.982,581.807,567.603,651.94
YGL002W,66.9604,66.583,65.1033,248.029,260.914,255.435,340.513,332.917,373.569,307.824,318.248
YBR108W,57.6446,83.3039,57.7238,224.016,245.159,214.8,389.667,409.916,446.122,510.42,543.761
YBR192W,71.0639,64.2129,63.4317,334.686,363.387,352.484,496.136,491.28,531.488,580.375,570.756
YJL070C,61.2182,59.9845,78.0753,549.545,528.228,541.717,856.928,896.108,923.454,997.989,1016.94
YLR189C,74.4624,57.8647,67.2024,409.042,423.406,402.112,740.784,756.06,767.325,860.934,909.62
YAL034W-A,63.2757,66.8893,69.4083,157.883,184.481,160.853,182.954,183.727,211.155,187.214,195.196
YMR020W,71.7705,61.0803,66.7422,300.332,328.992,308.635,601.176,565.654,643.291,950.129,1035.3
YJL122W,69.8181,64.1313,65.6857,351.69,374.31,377.061,412.999,472.631,499.579,365.659,362.238
YJL149W,72.6368,58.5504,68.4577,384.214,390.68,372.649,628.103,647.261,641.485,903.023,855.214
YGR113W,64.6831,79.8928,55.1853,273.482,293.973,346.702,451.311,468.386,391.391,358.98,322.052
YLR262C-A,70.0428,63.2103,66.6959,408.077,407.768,387.479,694.018,750.012,731.496,813.162,819.123
YBR238C,68.3143,62.6699,69.1741,369.504,380.665,379.665,571.912,596.479,619.188,637.35,629.155
Q0045,66.1438,57.6299,76.8269,215.396,261.269,236.765,336.772,301.65,397.268,341.108,458.861
YDL208W,68.5011,58.9536,73.6595,202.002,224.928,201.272,367.587,383.191,437.734,403.725,439.225
YMR016C,78.6902,63.0362,59.4738,160.123,147.088,147.43,143.193,142.867,166.748,116.448,106.508
YJR078W,67.9267,58.1931,75.3046,772.25,814.713,851.909,1786.32,1942.19,1999.94,2208.33,2238.99
YLR415C,63.0762,65.5458,73.3859,265.509,288.167,304.354,440.536,460.872,475.756,540.859,499.535
YDR173C,66.1025,68.5633,67.479,439.475,467.812,487.586,691.607,782.655,754.008,731.577,651.695
YOL087C,65.7202,62.9392,73.5052,377.596,373.962,368.26,628.978,687.454,748.984,816.51,827.733
YNR040W,68.9485,66.7269,66.7855,391.484,407.445,407.217,626.592,672.473,656.607,719.166,635.336
YML112W,65.504,65.4505,71.6349,177.56,198.607,182.731,223.312,260.36,259.929,251.424,226.848
YLR116W,60.8391,72.8414,69.0396,239.72,235.868,264.745,317.065,356.936,357.775,374.858,353.951
YNL054W,70.6882,63.3384,68.8579,251.513,248.894,265.203,340.346,364.374,357.493,303.452,300.897
YDR512C,64.8075,68.1584,70.1276,170.58,168.544,157.109,189.365,188.012,202.706,168.328,166.403
YKL113C,65.983,60.213,77.0859,195.862,194.304,220.96,289.043,308.885,344.951,343.199,334.957
YNL090W,70.476,66.4229,67.2439,301.822,327.869,320.614,437.017,441.613,477.333,586.365,563.359
YDL156W,74.6255,61.1534,68.7295,178.476,205.573,202.872,247.081,254.155,286.955,256.259,268.74
YMR244C-A,70.1551,65.9799,68.458,229.377,232.516,220.871,375.379,394.337,388.989,430.071,425.036
YPL161C,74.2546,58.833,71.5182,531.267,568.217,554.973,869.696,843.844,924.195,975.235,1073.06
YCR054C,75.2236,63.2141,66.2293,469.057,513.987,489.801,761.994,795.13,831.731,908.972,952.264
YBR264C,69.673,72.371,62.8521,378.931,378.448,371.593,500.756,600.196,567.958,612.68,574.434
YIL016W,70.093,58.6431,76.4356,378.314,434.445,414.228,513.385,444.493,565.63,407.184,458.189
YGL184C,65.7804,69.744,69.6998,232.796,237.301,224.49,376.8,402.212,415.354,452.524,443.624
YLR422W,77.0569,57.8734,70.3927,421.428,418.495,422.318,493.343,505.133,548.938,522.987,556.275
YGR089W,71.6,60.5288,74.3317,393.194,455.427,394.267,686.195,664.296,814.456,845.417,883.602
YBR074W,73.0212,68.65,64.8345,566.878,614.714,556.532,866.471,814.438,970.306,810.976,872.267
YKR096W,56.8703,69.5864,80.1927,483.413,487.888,480.363,755.814,744.627,781.054,870.997,898.18
YOL053W,65.2788,66.662,75.1714,420.76,453.44,453.642,720.688,785.651,773.047,892.098,882
YPR008W,69.9346,70.4325,66.798,133.301,136.553,131.175,155.515,173.759,180.86,102.394,88.9497
YDR313C,79.4358,65.1473,62.766,218.142,248.496,217.722,359.207,336.105,421.997,436.829,464.459
YIR024C,73.1912,64.5088,70.2351,156.511,176.737,166.433,364.106,385.976,372.683,491.375,506.147
YDR083W,70.7963,74.9992,62.5134,250.839,281.197,238.41,339.072,328.645,336.582,347.601,367.265
YGR263C,74.6825,51.9743,81.8601,635.969,711.395,683.558,1063.85,1115.69,1199.01,1204.12,1294.52
YBL080C,79.5394,62.9145,66.1782,284.316,288.17,315.849,442.162,478.652,477.185,474.988,490.415
YOL148C,76.7565,64.191,67.7222,202.487,216.587,205.705,242.863,255.029,287.981,268.082,274.052
YDR198C,66.8461,61.0609,80.7985,468.325,505.263,466.937,705.355,691.857,743.159,779.113,827.082
YLL035W,77.271,71.5489,60.07,333.009,377.217,361.515,513.235,520.266,563.387,645.391,649.892
YOR052C,68.9922,60.9146,79.1016,247.927,272.46,273.361,367.846,387.997,402.07,380.765,365.292
YOR360C,68.3555,68.5754,72.5331,422.066,430.161,434.491,716.946,734.123,755.802,885.612,900.824
YBL104C,71.508,68.8173,69.2099,286.216,315.285,289.732,377.038,369.291,384.151,373.42,375.877
YJR098C,75.446,67.6987,66.4758,201.749,199.121,215.924,282.867,316.69,310.324,337.657,342.072
YMR286W,75.4781,60.2406,74.055,165.117,188.968,186.242,296.484,307.905,335.661,348.243,364.348
YPR105C,74.085,65.5928,70.4092,416.311,446.487,442.931,677.303,674.631,735.91,725.409,736.941
YNL215W,76.9731,71.3605,61.8857,189.657,195.422,184.724,216.768,232.572,228.085,191.832,187.202
YER157W,72.7971,61.5429,75.8996,333.532,347.846,351.458,483.251,534.491,523.499,609.928,613.498
YKL184W,74.5257,67.3856,68.4342,54.2565,73.1079,74.4543,50.6173,55.6573,63.597,50.5604,51.9924
YGL236C,75.2452,67.8583,67.3255,321.817,316.372,317.075,326.436,389.199,380.578,250.037,242.51
YML065W,74.8464,62.5607,73.3608,552.131,599.354,588.347,896.989,923.842,981.653,1054.45,1042.95
YHR109W,64.7461,75.6426,70.411,515.974,540.838,528.257,715.643,766.878,731.709,716.895,760.434
YCL034W,70.0183,68.1024,72.7461,171.59,196.128,186.363,284.958,269.676,301.224,313.668,324.157
YLR139C,72.0562,65.2933,73.5432,313.115,338.787,325.375,405.982,434.023,434.765,392.904,414.557
YJL204C,65.5877,69.861,75.465,678.238,706.802,640.17,1088.83,1060.36,1129.14,1256.49,1294.43
YDR500C,64.742,71.4573,74.7336,484.496,520.788,542.858,901.6,1045.55,1121.29,1217.69,1223.86
YOL133W,76.0141,61.839,73.1197,186.266,175.501,163.943,257.59,253.037,251.558,362.199,315.89
YNL246W,82.31,66.9353,62.8134,225.813,255.115,261.932,380.132,414.964,416.467,476.193,453.492
YBR102C,85.0499,59.1447,68.0977,357.576,411.972,376.247,593.876,577.388,675.546,671.838,746.026
YBR254C,70.2918,63.9877,78.021,236.654,256.214,232.154,332.883,329.447,345.548,352.044,371.544
YER054C,65.4725,77.2816,69.5811,248.189,221.19,238.115,516.598,577.441,528.31,843.3,788.022
YDL024C,79.0028,65.9404,68.2447,191.609,189.65,190.67,246.926,271.395,274.848,508.72,500.499
YHR154W,69.9288,74.1902,69.2013,283.918,299.25,270.936,400.152,385.836,443.235,435.854,475.77
YDR200C,76.2468,77.0137,60.8776,272.504,257.789,290.708,379.2,417.731,403.291,484.392,401.094
YFR019W,73.1984,67.5595,73.6283,354.642,415.551,357.106,656.35,644.287,761.014,773.636,864.792
YHR191C,68.316,68.6115,77.5,168.051,192.377,190.259,189.367,190.054,202.885,159.478,148.876
YJR014W,72.2107,71.332,71.3785,345.47,328.461,352.47,538.554,614.457,557.466,649.098,593.365
YGR142W,77.7833,71.1088,66.1987,52.0823,45.8405,57.388,57.6349,70.3188,71.7181,115.518,105.43
YHR144C,76.0818,65.3664,73.7117,228.589,241.357,233.142,340.554,346.488,331.196,346.216,355.83
YPR111W,70.4308,69.814,74.9206,316.576,316.756,305.907,407.614,456.75,492.326,501.359,471.575
YPR155C,57.8626,73.5806,83.8279,602.683,649.791,645.164,1019.96,1028.43,1089.97,1151.4,1135.73
YDL111C,66.6773,64.4937,84.1473,260.019,276.112,265.303,324.269,354.127,342.055,322.328,318.088
YEL001C,69.6196,76.0678,69.6335,327.456,279.918,334.98,434.514,514.285,414.458,461.041,386.647
YKL170W,73.4586,66.4125,75.8108,226.729,235.281,222.688,408.033,434.118,470.795,536.948,531.212
YNL316C,77.3733,68.8548,69.746,273.942,260.858,284.013,323.574,372.893,341.728,353.042,320.664
YDR031W,71.8316,67.6419,77.9319,202.087,221.533,211.102,410.233,440.409,458.123,439.921,475.018
YBR135W,82.7569,68.0255,67.197,258.898,253.524,260.217,293.011,288.419,314.582,249.895,226.344
YHR122W,69.0621,64.1759,84.7456,285.355,298.79,298.845,387.991,369.016,404.541,387.252,394.676
YMR282C,70.8824,75.1872,72.3319,274.172,251.17,242.806,369.893,380.972,350.97,332.714,377.179
YGR169C-A,77.5571,66.5268,74.5851,661.83,587.334,690.745,1117.7,1351.28,1139.03,1436.58,1278.74
YKL065C,81.3048,56.4931,80.8886,562.535,640.415,608.605,1474.24,1385.36,1685.68,2112.29,2193.82
YMR273C,78.4965,71.623,68.5766,331.647,342.945,334.378,515.016,549.931,555.58,598.173,561.702
YPL186C,73.4656,72.0635,73.3607,175.452,183.744,194.575,339.24,346.6,354.653,451.774,447.029
YNL115C,70.652,80.6426,67.9523,416.196,349.491,436.898,597.555,770.384,608.374,902.753,698.132
YOL042W,73.5821,76.5799,69.9019,244.536,285.754,266.421,333.396,331.298,357.23,360.05,348.712
YDR412W,70.4824,70.7648,79.0361,238.212,248.133,242.459,486.035,515.194,589.707,613.724,615.172
YJL006C,72.2924,66.6165,81.5267,402.391,446.533,417.36,592.944,561.883,637.871,646.524,676.497
YKR078W,76.0072,64.4689,80.9601,417.155,442.224,425.754,670.486,715.673,743.029,712.031,763.061
YGR147C,72.0183,76.0266,73.4367,632.745,622.239,660.546,979.31,1042.3,981.563,1177.74,1114.94
YHR110W,76.8377,67.7333,76.9379,362.423,367.594,376.954,583.49,621.106,619.517,666.329,665.024
YOR385W,76.0965,71.5587,74.3458,218.105,244.416,222.802,382.556,419.639,419.468,958.039,1072.04
YHR168W,77.8644,65.0692,79.2594,243.264,285.134,251.311,331.523,334.164,393.404,293.624,331.578
YOR289W,72.9567,63.9551,85.4577,313.973,345.195,320.921,715.334,698.844,757.882,1167.81,1226.81
YMR202W,70.5134,67.4378,85.9521,643.736,724.226,700.002,1392.81,1233.27,1575.97,1657.25,1825.31
YDR248C,71.9713,76.1955,75.7368,337.918,303.653,356.347,350.811,436.753,374.013,419.393,345.763
YMR185W,77.2438,78.9305,67.8278,615.238,649.769,608.86,1105.48,1141.79,1223.61,1533.15,1611
YKL078W,75.3937,68.3969,80.3589,358.564,383.812,389.689,454.777,435.227,460.842,440.12,446.832
YKL039W,78.4424,68.7037,77.021,336.349,331.577,336.899,565.409,692.932,643.394,933.68,910.191
YPL259C,80.086,80.2334,63.9737,395.773,367.106,387.049,527.15,582.418,563.856,623.698,617.229
YPL203W,82.0945,68.8601,73.432,359.612,399.94,369.045,649.386,662.951,710.858,781.443,817.156
YEL018W,75.0349,73.9202,75.9508,192.034,196.339,182.866,273.436,276.782,283.13,274.024,263.664
YER010C,59.7458,108.564,56.9163,188.74,158.704,186.807,258.317,266.815,267.974,251.171,227.847
YJL082W,74.008,71.1858,80.3632,1074.75,1143.73,1110.83,2943,3035.22,3207.24,5686.93,5896.03
YJR046W,80.0284,72.0035,74.0013,575.308,586.997,649.628,803.917,896.047,834.698,948.01,828.362
YNL041C,78.0938,70.7502,77.2737,314.518,368.61,312.233,511.398,462.376,560.782,435.516,489.195
YKL008C,69.1985,80.0594,76.9952,626.565,539.819,674.259,987.975,1217.69,1034.53,1385.86,1113.5
YOR222W,71.7192,77.6279,77.2553,287.96,305.038,308.028,1007.67,1062.69,1111.84,1637.31,1685.24
YER163C,79.4995,77.1774,70.1671,218.385,220.556,233.473,282.855,312.235,301.401,246.411,219.118
YOR166C,84.3954,66.1208,76.5908,428.083,479.911,436.42,681.984,698.232,748.032,756.474,790.749
YJL158C,82.4791,75.5377,69.5581,152.644,153.504,149.735,364.35,357.575,394.58,455.814,449.611
YNR020C,71.7796,80.9206,75.7403,257.163,280.872,268.842,350.99,384.137,400.3,411.121,415.096
YDL115C,78.1972,70.7003,79.7314,170.029,196.408,204.998,237.909,247.656,273.42,253.834,276.403
YDR310C,67.2395,83.3607,78.4242,406.005,386.914,413.754,461.047,492.249,523.172,429.686,419.495
YHR075C,66.8209,88.7184,73.6301,533.036,487.799,576.42,845.905,1026.66,905.875,1175.67,1014.7
YGR112W,84.3133,60.2398,84.6234,286.443,360.545,295.788,473.858,368.893,530.621,425.785,547.647
YCR067C,65.7303,76.5399,87.5387,585.806,643.023,634.427,1094.28,1085.5,1150.62,1197.25,1208.43
YLR051C,80.9225,70.2024,78.8462,307.852,331.157,324.059,516.43,538.204,602.584,519.514,545.152
YJL128C,84.2698,74.1518,71.7143,308.178,319.027,322.925,447.513,479.742,535.185,578.266,578.745
YMR294W,85.8143,67.9673,76.4143,196.467,218.456,214.674,284.692,281.948,321.819,274.168,298.482
YMR200W,78.5122,68.4277,83.3716,126.614,163.8,140.446,316.116,249.467,352.242,338.844,404.998
YNR024W,75.7973,83.898,70.8534,525.721,531.226,532.616,829.771,861.652,848.241,807.149,774.238
YGL044C,80.6943,66.4264,83.4745,225.899,261.544,241.353,310.693,282.897,335.86,253.008,288.119
YBR153W,81.8622,70.7641,78.2515,248.445,248.483,250.908,272.738,287.809,301.094,275.699,306.883
YBR060C,83.098,72.2478,75.5588,304.563,330.254,362.333,432.695,472.097,486.824,485.399,432.768
YLR268W,74.9702,64.2732,91.7211,606.879,686.492,664.295,1171.7,1179.6,1268.15,1397.42,1462.77
YKR055W,78.8443,77.794,74.368,318.008,341.237,366.12,505.186,559.744,573.315,631.347,634.17
YFL052W,79.9586,72.7006,79.6233,304.828,332.137,358.039,446.815,477.11,463.338,491.124,467.026
YJL168C,76.4681,82.0783,73.8134,201.752,226.194,231.773,229.45,244.29,254.697,215.049,227.984
YOR320C,70.1733,64.4838,97.8167,648.284,764.254,701.568,1075.89,1001.7,1180.35,1054.66,1188.07
YPL053C,83.3475,63.9246,85.4397,286.491,318.103,311.887,426.775,398.483,436.91,437.244,459.895
YNL127W,91.4164,69.4094,72.0882,368.705,422.773,387.13,574.533,577.408,606.222,631.644,668.518
YDR428C,80.3681,72.2408,80.9612,406.298,466.957,428.361,598.826,637.843,630.227,649.985,636.694
YNL232W,83.2717,77.7398,72.6476,158.237,179.95,188.51,213.156,231,235.257,174.28,182.173
YLR393W,87.6442,69.7897,76.3548,338.501,357.623,352.293,509.302,519.83,531.504,524.768,531.606
YLR292C,74.6896,69.6804,89.5396,360.486,367.74,365.291,574.479,577.359,628.869,612.12,615.169
YDR086C,86.4141,66.9624,80.7073,234.61,281.621,235.332,424.993,337.023,441.685,395.554,502.946
YBL059W,79.2762,72.2402,82.5781,508.047,520.357,513.371,715.223,766.169,771.272,705.639,679.922
YDR476C,77.3566,68.6288,88.322,651.966,767.775,696.949,1195.35,1141.64,1328.65,1329.23,1414.8
YDR351W,83.4627,75.0287,75.9191,312.693,340.208,318.803,402.157,426.646,458.926,480.856,510.983
YGL012W,74.6814,76.2444,83.7826,551.493,575.069,583.92,878.362,937.632,937.745,1061.78,957.986
YIL087C,81.8552,70.4388,82.514,205.473,226.745,168.125,347.827,347.461,414.022,429.999,494.238
YBR268W,82.0093,66.2075,86.6885,301.793,331.993,294.616,492.902,481.021,573.668,465.768,534.346
YNL032W,81.1816,80.9878,72.7589,199.71,205.117,216.609,316.783,339.766,342.058,423.294,388.803
YLR442C,89.953,64.7504,80.4286,343.119,391.072,372.291,608.859,571.405,694.846,721.272,823.629
YOR252W,80.6296,76.3072,78.334,336.912,344.71,348.87,331.733,345.266,341.462,231.368,249.686
YFR038W,82.0878,67.7408,86.2426,245.259,264.647,241.852,339.516,345.611,349.163,350.347,366.824
YGR106C,85.9558,74.4318,75.7768,432.795,509.795,443.25,680.893,633.52,716.606,577.293,588.441
YLR231C,75.0106,76.1684,85.0613,386.077,441.24,396.799,516.338,520.041,555.571,465.553,495.453
YCR024C,77.6842,72.5764,86.2297,406.685,455.553,428.779,762.958,708.563,851.858,954.155,1073
YNL100W,79.567,69.7381,87.6222,341.976,421.494,357.486,598.671,560.776,680.05,622.007,703.588
YML096W,83.7785,67.1349,86.3261,387.064,416.012,409.863,603.709,631.703,671.872,698.721,703.759
YFL029C,72.9541,70.1384,94.5306,446.256,455.1,467.403,669.293,706.21,724.953,731.544,763.054
YNL011C,82.4993,76.5861,78.6232,459.421,498.632,484.379,950.521,913.209,1000.3,1177.41,1256.07
YLR454W,81.0023,63.4687,93.2698,776.36,919.279,764.785,1571.04,1424.04,1713.55,1612.15,1821.71
YMR005W,79.0204,77.2888,81.6223,328.742,336.067,331.915,341.803,338.494,380.856,301.775,291.098
YCR027C,80.9409,73.3258,83.8353,287.338,296.985,274.989,421.103,444.414,475.197,486.468,486.069
YDR448W,72.4382,89.5162,76.596,235.692,226.538,250.258,253.061,321.86,280.698,316.02,252.714
YBL074C,84.6786,78.0955,75.9125,345.931,319.121,344.72,460.442,467.813,451.518,462.163,463.259
YNR011C,88.9275,71.5403,79.1431,399.51,432.869,405.78,537.022,531.159,603.631,537.303,571.349
YGR002C,78.838,77.9962,83.1568,299.602,333.522,311.013,378.402,374.221,422.612,399.672,401.005
YDR404C,84.6089,72.1002,83.3628,232.01,235.698,249.52,350.294,381.886,376.353,429.706,436.543
YFR043C,64.7827,88.7149,86.6299,412.621,383.163,444.81,433.309,497.508,455.386,380.818,327.929
YKL205W,82.9122,74.4871,82.9713,833.158,845.072,797.753,1262.98,1294.3,1305.49,1337.01,1355.73
YDR511W,87.7567,69.6004,83.2737,274.499,285.85,252.03,367.633,396.9,423.702,331.457,331.698
YDR089W,83.5058,79.2344,78.794,562.004,627.952,554.277,1048.29,1010.9,1144.59,1206.3,1302
YLR439W,75.2869,74.383,91.8888,273.799,269.123,255.57,348.511,366.06,389.657,333.166,359.575
YLR332W,87.943,74.8093,78.968,345.741,379.16,336.396,525.738,475.172,530.406,571.372,562.996
YML115C,90.8848,64.4104,86.6954,549.586,647.702,583.241,933.208,883.76,1018.73,932.648,998.811
YJL183W,78.7691,80.2704,83.2941,594.903,603.347,609.939,802.852,862.232,855.922,905.425,808.759
YDR006C,82.5096,78.0751,81.8522,561.443,612.759,605.297,785.088,806.232,871.247,728.241,749.787
YJL124C,85.2627,75.583,82.1172,151.403,172.137,164.165,155.923,172.354,211.859,144.084,148.818
YCR076C,74.7336,93.9157,74.5721,392.828,337.19,409.088,493.479,597.639,530.227,623.959,507.008
YFR041C,80.1483,63.8282,99.4695,864.308,941.404,869.053,1414.09,1279.35,1518.61,1308.48,1447.89
YDL165W,80.6108,79.5203,83.4566,253.801,272.883,266.284,361.424,333.875,400.521,377.869,407.772
YCL019W,81.5148,61.0185,101.44,1000.5,1154.12,1021.67,1524.24,1485.96,1739.11,1397.24,1506.22
YBR007C,74.6956,80.5843,89.8167,266.585,287.497,266.458,332.151,330.406,363.594,297.605,285.299
YKL077W,87.7255,76.5755,80.9635,457.952,442.686,541.505,717.094,767.446,727.243,787.496,713.17
YNL068C,77.2509,81.2793,86.7353,199.943,219.312,217.008,222.722,234.898,277.454,196.434,217.879
YJL062W-A,80.5103,75.2858,90.2931,398.332,445.104,407.425,843.327,859.649,958.875,975.671,1071.77
YPL242C,88.5547,77.4331,80.1184,191.262,194.88,198.566,158.179,163.533,152.082,113.046,105.832
YLR072W,83.3084,65.9774,96.8535,787.526,856.654,807.448,1302.43,1306.68,1419.6,1480.42,1489.04
YIL107C,87.9193,72.8948,85.4329,701.374,747.048,741.359,1839.04,1935.48,1997.59,3603.6,3709.03
YDR286C,68.9756,97.1095,80.2394,298.826,316.017,346.115,407.225,468.156,398.843,329.631,265.274
YGL036W,84.2954,78.4567,84.0465,410.921,428.76,427.771,622.802,698.131,710.467,815.961,855.43
YKR036C,86.6013,69.2356,90.9756,260.414,275.528,253.779,440.639,411.491,497.947,446.77,470.234
YJL047C,89.6244,72.8406,84.607,417.306,443.485,429.687,641.213,647.004,708.872,721.89,752.683
YDR216W,78.6598,73.032,95.5276,950.163,1048.56,1024.81,2684.85,2687.99,3015.27,5634.07,5912.43
YMR054W,92.923,65.5504,88.8359,491.501,547.39,554.531,826.719,830.579,846.796,1007.05,1052.64
YDR407C,86.014,81.3971,79.9077,484.372,494.862,475.302,712.026,738.206,754.23,823.659,832.92
YLR200W,84.072,89.3936,74.3559,63.6664,69.8854,73.2132,129.909,181.216,168.842,202.509,231.756
YGR284C,75.1242,86.5392,86.2133,874.255,811.812,885.973,1384.93,1567.87,1484.37,1699.47,1507.53
YLR436C,85.3592,86.706,76.0259,602.567,652.526,670.794,944.681,984.715,998.769,1065.45,1057.45
YKL139W,84.1571,80.5025,83.8929,388.745,412.366,433.878,537.257,586.246,566.925,660.697,660.946
YBL069W,85.1883,76.9835,86.7527,291.051,330.775,296.673,499.838,467.463,548.639,492.947,592.487
YLR085C,82.2591,76.5228,90.3826,244.408,285.394,285.32,373.977,397.626,389.648,455.625,482.187
YJL099W,75.8682,81.2985,92.1056,538.128,612.082,559.688,1032.7,975.435,1149.82,1273.47,1370.74
YIL095W,93.9047,77.4775,78.0648,421.68,462.769,423.912,609.968,648.544,745.278,748.979,791.556
YCR033W,84.0613,79.0217,87.2478,217.385,220.32,201.282,223.088,218.699,245.457,234.847,223.805
YEL005C,80.0465,84.0545,86.3545,249.077,272.185,236.74,294.476,317.275,327.371,283.905,278.817
YBR267W,84.181,91.0751,75.2501,302.605,310.467,316.055,308.585,356.524,349.166,325.376,310.543
YNL268W,84.4871,84.8788,81.2592,522.447,579.117,551.093,939.704,922.276,955.184,918.22,944.265
YBR272C,86.2903,77.8797,87.1546,456.241,528.753,455.482,755.7,735.21,831.212,932.546,1030.91
YDR541C,91.9267,78.1293,81.3358,347.215,342.694,350.348,666.693,703.662,722.231,821.878,778.83
YOR262W,91.4499,76.6405,83.7051,464.548,519.626,513.684,788.288,819.894,885.663,833.367,892.425
YPL193W,85.011,92.4696,74.655,248.483,232.577,253.864,303.037,344.47,316.176,340.764,321.813
YFL059W,81.2876,89.942,81.4947,247.451,288.641,259.285,1050.76,1060.87,1122.65,1556.36,1555.57
YDL098C,91.5075,81.4163,79.9974,291.487,345.15,303.256,368.711,382.15,412.386,356.067,397.902
YPR010C-A,78.6102,83.5092,91.1532,229.59,246.85,228.532,357.601,375.353,398.744,370.476,422.202
YGL110C,84.3755,85.9436,83.0591,290.489,325.33,322.342,483.722,503.818,527.21,504.4,522.101
YOR017W,87.8851,89.8071,75.772,338.414,370.609,332.892,391.157,405.749,474.949,410.449,441.575
YHR011W,90.7904,76.7653,85.9302,252.927,278.647,286.531,312.783,355.177,367.809,307.5,286.588
YDR279W,86.496,83.5839,83.4754,314.99,298.736,331.897,297.99,350.153,333.466,234.588,238.48
YMR104C,89.1648,74.986,89.4683,466.951,532.492,530.718,1292.23,1373.18,1418.23,2431.55,2431.62
YMR011W,88.1539,90.4424,75.0863,182.638,209.856,204.602,214.246,217.053,227.704,353.891,333.323
YPR023C,93.404,81.8968,78.846,511.18,526.426,510.55,726.782,759.995,789.364,747.84,764.526
YNL099C,90.8743,78.7459,85.0818,295.226,312.337,278.76,467.185,473.972,492.085,522.957,555.706
YKL006W,74.313,107.765,72.6419,502.391,325.352,569.844,527.662,993.908,591.451,1091.47,572.046
YDR316W,93.227,86.0602,75.5417,498.416,502.078,496.577,833.63,926.573,892.839,1032.12,1045.63
YKL141W,81.5451,77.9314,95.6717,459.273,544.056,481.411,881.133,767.101,904.724,882.971,940.661
YMR022W,86.8296,84.9001,83.6004,318.792,311.792,290.332,515.582,560.438,541.126,574.802,564.042
YGR040W,84.7687,81.9639,88.7461,321.337,347.771,339.312,454.991,491.988,488.522,515.153,530.587
YGR223C,85.535,85.8198,84.1539,332.396,336.835,316.994,497.556,503.541,548.969,679.07,682.106
YDL237W,83.7428,89.4589,82.9291,476.914,445.568,479.878,558.407,699.595,561.908,641.792,499.047
YLR185W,82.613,102.23,71.548,603.286,505.838,664.73,818.153,1078.7,869.987,1266.88,953.992
YLR430W,80.4664,81.3682,94.5993,791.794,830.246,824.619,1435.53,1434.51,1592.96,1932.01,1898.09
YLR003C,92.0759,78.1528,86.5718,268.35,345.324,292.838,475.414,404.841,528.161,512.833,591.425
YPR058W,86.221,78.0163,92.7257,392.67,442.208,439.375,793.358,793.993,900.283,951.16,952.037
YCL047C,82.8519,79.0753,95.1107,457.402,550.627,500.775,839.239,762.382,909.36,932.198,1097.89
YFL026W,87.0695,83.5576,87.1964,201.026,220.621,208.676,226.519,222.385,243.754,143.034,146.958
YNL191W,83.1669,88.044,86.9511,444.523,445.801,431.489,622.414,687.178,680.483,633.943,573.424
YBR002C,90.4393,75.1826,92.6152,399.093,454.028,393.165,542.545,534.288,634.29,533.524,617.346
YPR025C,77.4182,82.4115,98.9821,392.769,455.017,432.637,553.664,558.028,630.845,564.157,636.737
YGR201C,88.5494,84.8473,85.4764,209.231,223.776,236.942,553.291,603.701,585.595,1128.38,1130.56
YMR075W,95.8838,79.6693,83.4288,296.211,341.656,308.959,428.043,435.959,485.426,464.212,487.033
YML007W,88.724,83.9361,86.5507,327.675,332.854,333.074,344.506,365.75,409.141,262.016,260.97
YLR019W,92.8957,80.6209,85.7251,278.144,297.599,309.797,413.601,406.84,448.183,533.078,542.528
YNL027W,84.4398,84.1069,90.79,388.403,434.916,401.733,572.599,560.746,628.015,602.493,632.074
YMR221C,91.8862,81.4525,86.5267,606.283,681.418,657.943,1050.1,996.457,1087.21,1135.64,1191.06
YKL063C,84.2929,90.8681,84.8449,445.759,457.216,518.249,824.747,1056.29,969.647,1479.63,1259.28
YCR095C,88.7963,78.6656,92.7469,370.94,404.527,383.32,556.049,580.529,616.2,618.871,626.096
YDL006W,86.8971,85.6176,87.7393,297.257,291.486,316.611,341.929,398.773,371.085,399.574,355.316
YHR187W,86.575,80.1167,93.7528,433.701,440.082,436.037,637.422,701.933,721.531,826.11,791.699
YHR001W-A,92.2402,82.7803,85.7223,284.492,304.207,299.801,555.531,620.151,642.969,836.523,843.978
YOR231W,85.3149,86.5299,89.0119,479.655,531.288,527.642,846.686,863.954,927.445,826.911,904.314
YCR068W,83.5708,77.6327,99.7241,476.172,526.525,530.155,963.827,962.795,1015.26,1023.25,1045.68
YKL005C,90.0122,82.4932,88.6201,286.738,310.139,309.45,382.119,425.964,432.738,379.128,389.216
YOR008C,89.0468,86.005,86.1512,275.462,261.731,286.402,305.54,336.93,344.717,332.611,323.739
YNL286W,88.3066,86.9583,86.5049,306.751,312.637,304.701,380.174,418.448,399.382,414.017,412.759
YLR115W,83.9102,80.6214,97.257,525.59,520.707,518.024,730.046,717.246,766.758,750.344,833.013
YLR174W,92.3694,86.6394,82.785,131.635,146.1,150.97,218.082,242.32,239.699,401.849,359.32
YPR002W,97.2981,80.8039,84.3389,371.378,413.526,373.932,1137.91,1103.87,1305.71,2011.57,2272.76
YNL169C,100.098,83.558,79.0606,406.96,440.303,447.825,529.46,589.794,596.833,603.499,609.39
YDL209C,90.8237,89.0511,82.9487,290.881,312.288,296.248,540.76,605.6,568.399,702.853,705.093
YHL038C,95.3832,81.6752,86.1228,486.427,499.123,503.645,759.341,783.178,793.693,854.464,876.842
YMR140W,93.3309,79.0254,90.965,484.992,555.984,521.05,927.374,876.371,1032.2,1233.51,1307.15
YLR435W,98.8288,83.0737,81.4786,285.351,332.856,290.411,302.866,278.905,330.59,214.74,246.228
YMR113W,83.4977,79.9036,100.384,288.861,321.45,323.62,493.391,514.872,534.797,589.924,605.012
YGL181W,86.0548,88.3735,90.099,200.573,239.213,210.279,331.757,335.308,373.39,359.994,373.534
YOL060C,92.7815,80.7338,91.4324,570.149,648.142,603.156,1050.72,1056.71,1173.67,1289.95,1273.25
YLL022C,92.5075,87.6972,84.9996,339.968,364.802,336.701,509.447,544.887,568.826,586.254,628.154
YMR087W,83.8737,108.077,73.5285,481.887,425.664,424.429,832.602,894.935,912.832,1274.29,1256.87
YMR298W,84.3532,88.3951,92.7825,435.963,479.514,466.773,825.404,790.76,844.812,840.039,826.101
YJR082C,93.2512,93.0744,79.3947,231.136,224.694,244.696,316.656,377.567,334.148,386.753,348.865
YOL051W,94.8224,75.2506,95.8255,286.708,382.297,285.096,431.358,339.317,501.924,319.833,394.17
YMR157C,91.9831,76.3707,98.1741,452.153,538.439,448.764,792.857,773.459,890.992,785.183,864.29
YOR094W,90.2087,86.9641,89.4724,317.589,357.144,330.838,505.596,518.963,515.524,531.961,549.16
YOR287C,93.1349,83.4998,90.0852,305.566,320.528,312.143,458.62,454.465,523.959,433.076,439.908
YLR105C,99.8649,76.4407,90.4675,445.696,469.614,473.801,651.391,652.376,731.213,719.868,749.543
YGR125W,95.6577,73.0859,98.1172,673.517,789.49,718.174,1242.48,1247.31,1420.87,1500.21,1488.58
YER148W,95.2428,81.1765,90.5421,268.674,284.874,281.763,306.355,292.36,333.222,304.735,332.093
YHR056C,83.506,84.841,98.6446,389.468,430.789,437.007,434.352,447.595,476.195,413.615,405.573
YFL033C,93.6757,80.0156,93.579,365.616,430.291,388.387,680.25,655.238,784.494,911.104,1002.46
YBR160W,98.1439,78.2021,91.206,245.585,285.67,247.465,330.181,312.609,341.966,288.621,318.921
YGL180W,88.6029,92.0651,87.1945,550.464,543.175,566.813,848.604,947.09,926.918,1207,1126.81
YOL126C,88.5107,90.8168,89.0314,375.113,385.642,354.924,485.43,536.652,546.248,569.86,581.589
YGR120C,106.832,77.1536,84.4542,468.815,484.188,457.338,734.213,712.342,771.866,807.91,930.634
YBL098W,96.9916,75.0892,96.4457,480.648,518.239,489.172,805.307,831.554,883.894,1123.54,1152.86
YHR012W,94.2499,91.3309,83.0485,279.667,276.479,269.178,410.179,449.623,468.332,521.127,498.787
YHR041C,94.6785,84.2108,89.9613,251.553,274.965,263.216,330.955,341.127,352.409,323.455,328.053
YAL048C,89.345,88.0123,91.7293,464.166,515.393,476.545,670.058,676.505,750.748,779.141,777.3
YEL007W,88.6523,88.481,91.9955,278.987,288.848,286.825,408.602,449.953,475.282,421.492,410.508
YHR171W,98.4477,84.0417,86.9385,479.941,511.454,480.697,874.587,911.594,932.749,1116.06,1115.34
YLL028W,95.2907,86.1417,88.16,499.43,560.994,512.452,875.59,751.454,931.456,946.604,954.244
YJL137C,95.2017,92.6724,81.806,223.619,257.095,224.048,352.102,366.088,388.763,527.338,547.445
YLR048W,81.4811,103.388,84.9718,288.223,233.351,322.781,303.163,407.906,307.344,347.223,273.662
YJR099W,86.8972,98.1064,85.199,303.203,288.552,322.735,362.052,406.008,372.648,319.841,294.897
YMR073C,92.6283,82.3649,95.7429,437.134,451.92,438.647,760.625,773.027,820.217,877.885,927.084
YJL066C,93.7425,95.305,82.1483,385.737,352.255,462.745,675.3,836.854,655.556,895.478,679.87
YGR191W,96.5298,83.9775,90.7647,625.715,676.382,627.688,829.647,828.153,936.78,711.286,763.493
YDL008W,101.154,90.0745,81.2775,163.917,175.268,175.703,188.66,194.621,237.718,168.61,188.555
YIL065C,97.6651,86.5705,88.9701,537.906,531.06,538.931,1189.46,1250.46,1269.66,1483.66,1485.29
YLR104W,90.9216,73.8545,108.524,240.213,299.328,242.345,631.435,550.67,717.077,610.186,776.648
YDR515W,91.3435,88.8423,93.1377,676.151,783.236,728.882,1198.21,1305.39,1410.33,1404.75,1438.1
YKR086W,99.1266,74.6802,99.5376,575.314,583.747,587.999,967.996,1051.83,1093.02,1189.11,1193.9
YLR079W,92.6486,98.4847,82.2906,251.621,250.075,221.584,470.037,489.25,529.815,631.494,633.322
YPL153C,87.487,86.7867,99.8553,333.823,362.475,330.878,503.22,557.375,588.848,753.9,775.637
YNL181W,93.4992,103.614,77.4582,530.128,521.505,543.25,762.412,782.305,805.319,857.424,860.695
YOR377W,93.1179,85.9304,95.7796,371.4,405.849,384.638,460.991,494.161,530.724,515.729,509.939
YIL161W,90.514,89.6605,94.6615,339.56,377.131,348.399,541.391,555.621,606.05,634.904,670.006
YEL012W,101.06,85.7307,88.6583,314.927,358.043,336.541,510.815,546.867,577.116,623.448,670.781
YNR007C,92.4196,84.4851,98.6331,417.773,447.761,431.035,815.706,848.04,944.862,1079.65,1147.87
YGR081C,100.188,92.0815,83.6284,422.504,409.033,449.186,455.54,515.279,523.704,447.502,441.223
YLL007C,92.8069,89.3849,93.9622,458.863,477.747,458.302,623.238,617.301,672.579,659.657,684.779
YIL046W,102.191,79.4809,94.5096,529.313,584.073,558.619,774.575,768.356,838.528,903.122,974.108
YBR125C,90.8659,92.018,93.76,435.317,503.871,451.428,688.135,686.514,727.117,729.501,755.226
YCR075W-A,95.7424,80.2168,101.417,277.717,293.844,285.697,408.936,497.219,516.484,457.113,450.514
YAL030W,89.7871,80.0512,108.021,613.295,687.952,649.942,1082.87,1056.46,1184.46,1122.79,1181.51
YMR106C,92.0628,92.1879,93.7141,384.083,407.126,452.948,542.202,599.216,592.755,604.434,591.939
YER071C,97.3237,75.1021,105.661,355.519,406.745,347.467,651.558,657.712,726.565,732.467,758.53
YIL039W,101.515,76.2637,100.713,986.252,1043.73,982.901,1731.75,1756.38,1906.95,2037.5,2062.44
YCR017C,81.2403,98.4467,98.9289,991.675,1046.7,1065.97,1717.55,1656.66,1749.81,1763.53,1764.75
YOR125C,91.3979,86.9611,100.938,410.972,448.15,443.682,771.129,718.016,819.94,741.467,804.714
YIR033W,88.6701,91.4029,99.31,459.352,434.722,451.834,611.267,629.05,617.446,651.581,622.529
YPL213W,95.8582,92.4764,91.092,276.41,285.782,290.185,347.496,375.42,368.953,268.903,269.549
YKL059C,87.055,101.674,91.4696,286.048,256.096,312.264,316.878,364.669,343.318,314.494,287.032
YBR193C,89.4601,102.623,88.1746,309.75,319.676,372.473,516.438,606.368,536.86,478.768,395.027
YNR013C,93.2776,92.4839,95.1638,506.089,585.743,497.226,785.824,750.215,898.404,810.915,948.038
YDR436W,104.226,81.5763,95.2131,540.026,579.415,597.467,1179.77,1242.37,1337.62,1832.62,1708.13
YIR038C,95.393,89.7481,96.0969,224.739,277.658,253.731,437.972,421.288,489.798,614.534,692.755
YHL029C,101.896,83.1817,97.9916,495.022,559.138,501.368,763.935,711.99,838.372,787.137,902.161
YPR164W,98.4577,83.1873,101.435,467.683,497.641,453.388,565.731,576.101,628.527,517.651,507.041
YOR085W,95.6138,89.1758,98.4607,934.793,998.505,964.753,1627.71,1661.59,1823.65,1597.42,1584.22
YLR006C,98.7598,93.3951,91.3962,263.391,296.477,264.766,350.952,354.226,412.787,358.079,390.697
YIL048W,91.8112,89.8083,102.351,739.333,789.63,757.586,1137.83,1216.87,1193.16,1340.01,1368.45
YDR081C,100.761,95.8723,87.4009,352.53,382.96,366.095,533.756,558.541,611.322,637.495,653.487
YJL143W,101.312,89.8614,93.1821,365.563,414.878,391.67,603.045,599.289,634.494,612.724,628.209
YBR001C,92.7722,96.3266,95.3241,434.394,437.55,478.905,664.825,775.254,717.909,870.609,733.1
YMR130W,90.3002,92.7361,101.686,513.835,524.681,524.077,666.051,627.93,673.346,627.531,635.223
YPR180W,94.0654,89.1694,101.674,377.265,389.05,365.792,598.407,612.836,653.35,654.282,715.414
YKR023W,98.2953,97.145,89.5348,557.775,550.31,581.14,779.501,903.666,883.51,852.176,802.713
YDR528W,98.0741,91.9944,95.0018,211.016,228.987,218.38,178.297,170.669,195.358,150.063,152.017
YPR134W,103.579,91.6648,90.4427,346.016,384.527,364.866,541.808,583.495,619.082,648.698,640.629
YNR012W,92.3447,96.2948,97.0853,523.661,523.822,526.481,605.463,650.736,654.398,591.018,592.429
YHR133C,93.3837,91.991,100.386,1086.1,1112.94,1202.74,1684.14,1815.37,1818.36,1864.19,1685.26
YPL094C,107.33,71.9984,106.524,742.56,919.252,720.832,1293.45,1123.37,1486.13,1184.82,1429.9
YJR008W,90.4082,84.3618,111.178,270.352,306.131,259.663,682.408,687.523,736.479,1028.63,1075.64
YKR057W,98.0998,83.3235,104.81,57.6186,57.7271,63.4846,58.0182,82.0456,57.9615,49.9075,40.6448
YPR166C,95.1143,85.5929,105.827,269.856,328.823,306.424,422.756,407.795,462.075,452.924,489.279
YGL231C,100.985,85.7938,99.9216,444.782,503.369,471.03,783.009,793.512,889.515,916.664,938.791
YPR070W,95.5887,95.5333,95.8364,406.427,445.755,440.481,601.437,673.248,649.317,757.376,718.117
YOL124C,97.5191,89.5178,100.437,318.922,360.779,355.421,426.181,456.381,498.913,460.174,519.81
YMR153W,88.6691,98.8451,100.228,365.378,341.079,364.458,504.395,544.832,524.517,608.058,563.673
YFR049W,97.8006,87.2195,102.908,228.499,236.674,241.035,362.581,365.94,422.921,361.187,352.878
YJR138W,103.654,83.4492,101.4,541.78,576.415,549.574,739.986,756.434,825.42,778.291,842.601
YML049C,103.792,83.5942,101.405,716.217,789.817,715.253,1103.01,1078.51,1194.26,1139.12,1196.34
YOR118W,88.0894,101.862,99.2141,587.11,626.341,628.919,924.354,995.676,999.199,1126.45,1105.72
YGL017W,96.5193,86.0255,107.15,525.857,607.82,561.966,904.075,888.412,973.361,1039.61,1142.88
YGR084C,95.5409,95.2816,98.9317,242.818,256.036,235.7,255.694,279.218,293.617,175.134,192.494
YLR373C,96.7325,90.5536,102.699,493.544,536.684,521.002,672.431,707.401,755.108,722.307,754.766
YDL144C,97.2936,90.9418,102.393,472.093,519.039,523.107,733.187,800.84,800.348,891.826,820.862
YLR419W,111.648,82.2696,97.0987,565.671,642.285,598.344,964.461,917.972,1062.88,1202.96,1273.84
YDR079C-A,105.669,84.9908,101.717,253.29,277.084,275.179,314.372,329.184,369.648,263.162,286.697
YHR017W,107.869,92.0735,92.9832,822.512,852.267,903.027,1316.46,1372.05,1385.6,1419.04,1435.62
YPL135W,101.284,92.9334,99.1899,177.11,177.519,177.072,313.119,329.233,327.648,417.483,407.768
YDR192C,95.6715,102.176,95.6404,209.187,225.381,242.972,306.672,316.302,323.798,317.859,298.585
YAL047C,94.8385,98.871,99.8309,381.662,404.448,393.977,538.75,554.175,584.532,592.192,621.561
YNL051W,100.934,93.7949,98.8356,472.54,495.998,480.395,608.373,609.179,650.198,560.97,593.504
YDL219W,98.8536,90.1786,104.582,402.831,407.683,416.236,646.114,700.368,646.681,729.288,707.23
YKL192C,106.888,79.9658,106.809,230.653,283.425,215.656,436.327,393.827,517.903,423.353,575.021
YKL165C,99.9437,95.4408,98.3305,810.295,842.506,828.78,1135.21,1130.59,1215.16,1221.57,1201.78
YKL166C,101.021,96.1648,96.9325,476.83,503.914,511.096,737.992,788.583,833.162,807.829,806.669
YPL222W,106.079,98.5965,89.7237,498.754,549.437,510.116,812.065,794.926,886.244,903.19,970.575
YGL254W,98.4026,100.106,96.1318,512.933,532.97,508.357,612.426,634.269,667.704,557.266,558.368
YIL123W,105.815,79.3753,109.574,411.528,459.777,445.973,1008.13,983.886,1119.26,1208.22,1307.46
YEL043W,106.544,96.001,92.6092,475.333,496.546,491.143,763.265,803.201,845.309,807.895,783.789
YOR253W,97.8692,96.7123,102.118,231.31,288.678,273.017,359.247,386.488,409.436,327.137,320.912
YDL010W,106.601,86.8719,103.278,306.046,363.032,324.391,484.516,496.474,497.99,547.543,573.676
YKL154W,108.143,83.4085,105.204,341.708,407.495,385.125,556.04,532.51,608.38,558.325,645.049
YNL062C,112.996,89.1407,94.9575,425.256,481.426,437.859,673.871,663.623,735.006,738.585,794.408
YPL152W,100.101,89.0866,108.034,625.915,607.559,632.225,1108.02,1205.01,1144.18,1270.21,1185.78
YBR282W,106.528,93.5081,97.3225,337.779,392.509,351.192,472.512,463.184,560.88,426.994,466.163
YKL155C,111.47,92.4806,93.5409,413.18,439.882,377.52,521.641,536.281,580.524,503.331,505.444
YOR299W,106.068,97.6572,93.8004,414.014,451.608,449.314,647.865,628.132,708.763,792.248,817.909
YNR039C,105.489,86.9072,105.13,480.468,523.747,475.547,789.093,713.619,827.219,814.651,892.718
YLR299W,105.256,98.3973,94.1901,264.365,278.161,275.607,445.737,468.221,482.289,507.828,504.769
YMR210W,110.779,92.061,96.2397,306.044,353.816,301.617,429.223,383.31,493.291,454.982,531.126
YEL020C,107.641,93.3499,98.2197,606.431,618.395,608.49,1208.77,1218.82,1321.41,1535.27,1585.26
YDL002C,108.402,97.1875,93.8803,372.109,383.483,386.448,464.141,462.116,499.817,423.523,447.025
YPR089W,115.497,92.2667,91.7251,572.516,593.321,569.28,924.76,966.782,1002.17,1081.25,1105.08
YGR102C,98.4815,98.3183,102.733,272.043,299.968,300.693,451.927,435.994,440.265,412.282,426.953
YER030W,111.263,96.0676,92.2506,279.683,286.567,275.801,212.476,212.355,220.499,163.025,152.013
YMR238W,87.7731,114.98,96.9198,326.001,269.626,366.502,488.38,600.287,472.499,1000.3,752.41
YDR196C,100.645,92.8766,106.26,416.754,452.14,452.912,751.988,793.784,874.737,1065.96,1069.78
YML099C,102.507,94.8569,102.421,470.013,521.841,500.278,732.662,720.413,836.272,767.418,857.282
YOR371C,97.6009,93.1206,109.217,411.646,414.594,403.355,553.987,561.557,623.453,633.038,636.836
YGR048W,96.6253,95.3091,108.082,441.828,462.486,479.56,658.784,751.69,715.374,807.499,775.047
YPL206C,106.278,97.0875,96.6763,616.269,647.449,681.482,1170.94,1274.81,1246.82,1605.54,1562.84
YDR197W,94.8844,92.598,112.923,490.542,525.356,507.492,737.495,792.761,795.862,805.666,806.677
YDR245W,91.7587,107.505,101.22,748.914,842.17,767.525,1096.63,1054.7,1218.77,1154.73,1223.48
YJR040W,101.131,95.4334,104.842,693.146,730.955,727.426,986.137,1039.8,1078.51,1024.44,1062.91
YEL029C,108.219,91.6567,101.756,335.136,400.606,347.193,580.295,548.151,683.349,642.041,745.456
YPL099C,102.09,100.017,99.5537,453.921,470.109,498.926,675.157,693.279,738.162,747.54,794.377
YBR146W,103.498,90.8826,107.977,411.985,403.516,406.494,713.574,748.602,800.904,772.394,790.218
YDR378C,102.216,84.0935,116.08,233.559,255.998,226.694,281.948,278.073,315.776,243.332,261.021
YML082W,108.918,94.6499,99.1126,335.212,364.588,351.22,399.704,440.806,470.06,463.18,474.784
YKR060W,111.517,92.1839,99.1685,395.665,450.014,423.163,559.409,547.999,619.943,627.215,664.662
YIL064W,97.1339,105.117,100.684,384.504,364.571,358.758,441.732,481.46,429.756,383.627,364.288
YKR009C,100.585,99.1212,103.245,327.598,334.461,339.581,649.81,676.438,700.897,1651.34,1639.29
YKL074C,100.458,88.5238,114.3,423.281,534.504,409.788,675.527,586.498,794.488,658.317,746.041
YOR321W,104.023,87.0829,112.213,917.358,1022.57,1000.85,1648.84,1616.06,1813.51,1707.86,1784.87
YJL201W,110.729,91.5315,101.495,554.01,594.645,588.033,809.416,861.161,918.332,950.371,933.903
YBL071W-A,93.8324,112.848,97.3139,339.25,345.607,367.759,388.495,488.865,435.558,293.028,283.597
YGL141W,103.166,92.7281,108.333,693.992,752.737,713.518,1242.71,1384.42,1422.55,1609.61,1618.6
YBR257W,95.8742,101.962,106.856,430.82,461.907,454.264,537.413,554.977,602.838,600.518,631.773
YMR224C,101.685,96.0658,107.043,574.334,633.9,586.257,1121.4,1167.59,1303.58,1246.87,1342.24
YFR008W,102.976,97.2477,104.691,259.03,266.835,264.237,306.41,344.662,321.094,327.187,298.462
YBR237W,110.199,93.445,101.479,389.234,411.453,385.479,577.149,607.832,611.558,580.946,603.084
YHL039W,96.6485,99.5272,109.317,531.861,536.184,564.908,782.972,849.217,838.441,947.098,909.128
YMR258C,99.5163,102.533,104.025,551.684,620.885,621.838,1028.44,1109.58,1137.37,1394.68,1396.32
YNR049C,108.232,99.1976,99.5391,228.635,244.107,242.83,332.237,350.369,360.042,382.643,364.135
YOR359W,112.891,95.5877,98.6538,198.905,231.203,232.593,271.306,270.129,304.845,279.899,277.165
YNL050C,110.72,90.2415,106.362,254.823,270.678,246.593,345.528,308.909,393.346,287.339,322.512
YGL241W,99.2552,99.1815,109.073,695.977,742.109,737.141,1069.04,1072.07,1140.36,1118.46,1158.2
YMR209C,102.857,100.249,105.036,856.492,875.789,909.401,1511.73,1561.28,1636.55,1793.61,1780.54
YLR214W,111.251,97.5758,100.175,378.458,391.422,363.42,299.231,279.007,325.145,253.439,253.525
YLR407W,102.188,104.418,102.46,320.051,339.483,355.46,484.442,542.192,603.056,635.973,648.773
YER034W,111.348,86.1453,111.72,395.53,463.991,388.187,732.586,675.066,861.021,667.175,794.632
YJR042W,104.542,94.4102,110.576,635.46,635.642,641.699,961.261,1026.11,1022.68,1173.97,1101.39
YNL129W,115.04,82.5652,112.293,292.657,332.949,299.194,543.365,485.657,560.269,558.935,636.508
YEL027W,97.534,104.414,107.968,569.513,594.208,559.153,734.198,696.778,716.112,588.365,595.535
YDR140W,113.997,86.5189,109.507,563.272,633.914,583.833,1044.62,999.133,1163.72,1172.07,1353.91
YJR062C,101.087,105.205,104.118,648.746,607.478,640.621,979.349,1083.66,1005.51,1242.22,1171.49
YPR127W,104.402,99.3014,107.786,230.148,276.195,223.43,457.592,468.601,512.568,662.601,753.621
YLR207W,101.482,100.523,109.577,850.237,889.003,891.313,1305.75,1413.98,1454.85,1329.98,1319.25
YGL226C-A,102.674,107.724,101.302,273.778,298.259,308.599,456.657,536.3,517.048,555.089,517.692
YLR287C,106.067,98.7027,107.034,470.591,504.948,472.917,667.149,671.134,754.629,739.089,787.136
YKR002W,109.31,95.6839,106.92,725.566,796.979,704.093,1173.45,1123.18,1283.25,1107.09,1307.17
YHR147C,115.113,104.148,92.664,311.12,322.39,355.491,421.433,463.461,440.926,434.669,407.457
YAL026C,92.8506,103.359,116.012,585.067,653.987,614.508,861.705,826.462,917.899,781.394,846.93
YBR205W,105.77,106.295,100.858,952.161,909.8,1021.81,1246.24,1422.74,1300.6,1425.9,1317.75
YIL157C,109.453,99.9248,103.658,343.631,358.117,331.383,544.831,512.487,549.436,438.105,470.797
YMR236W,107.378,99.1891,106.584,248.452,265.36,251.214,269.267,285.011,295.633,244.059,253.938
YGR007W,108.382,101.095,103.826,271.317,275.116,302.052,378.836,403.179,417.376,420.038,448.908
YMR008C,110.001,97.533,105.784,708.524,757.063,759.549,1500.79,1457.59,1605.29,2100.51,2002.11
YOR054C,101.76,102.043,109.525,346.211,407.972,356.054,550.044,568.819,635.821,488.064,544.03
YIL111W,118.887,101.648,93.0374,335.52,342.07,350.75,521.129,593.611,553.885,625.935,570.312
YER037W,110.272,97.1565,106.266,271.026,264.991,284.963,398.644,440.312,437.151,212.844,201.689
YJL126W,103.8,105.549,105.3,309.513,328.062,317.19,401.7,438.639,467.734,435.058,433.018
YGR013W,109.861,105.549,99.3117,391.574,440.658,388.758,566.744,585.446,610.528,584.209,620.994
YJL198W,112.811,104.662,97.9705,422.703,431.133,424.247,508.962,521.707,533.986,573.322,568.103
YDL230W,107.744,92.5648,116.206,393.397,394.713,398.378,660.117,697.038,771.737,847.627,808.397
YDR251W,112.955,90.194,113.896,445.666,429.473,404.653,661.851,669.994,700.648,718.898,748.062
YFL021W,110.89,109.896,96.797,218.772,260.623,245.393,317.725,347.639,355.276,367.321,358.253
YDL025C,108.321,98.4366,110.949,448.399,513.61,496.541,1133.19,1114.74,1327.58,1457.48,1601.58
YOL045W,104.033,102.861,111.7,699.728,709.667,716.931,1287.1,1335.69,1426.43,1773.64,1766.69
YDR301W,103.393,95.1518,120.05,610.576,684.194,602.568,984.39,968.347,1099.08,1019.53,1119.8
YPL178W,103.253,98.6191,116.853,348.149,365.372,337.016,441.748,433.978,504.028,422.913,468.008
YBR289W,106.709,104.715,107.389,293.946,286.212,289.37,373.953,377.032,421.131,360.23,345.68
YMR277W,102.981,103.007,113.06,373.783,386.528,388.169,469.635,512.21,517.308,509.309,524.185
YIL160C,106.471,105.213,107.393,152.616,157.189,142.379,244.144,238.989,276.51,512.817,545.291
YDR244W,108.501,92.6513,117.938,432.984,481.949,489.011,884.459,943.121,978.783,986.14,1034.14
YOL125W,111.288,103.066,104.882,437.19,433.751,475.376,554.17,596.48,565.897,609.397,569.958
YLR433C,109.239,103.638,106.949,515.419,548.967,526.587,788.89,752.511,845.232,747.707,803.484
YLR290C,110.697,103.713,105.631,349.622,384.549,365.086,763.049,773.688,846.934,1071.13,1093.52
YDL043C,112.08,100.966,107.058,381.18,397.08,397.56,474.542,544.647,555.854,547.958,521.21
YDR080W,103.239,105.481,111.598,655.286,753.96,704.577,1182.91,1128.52,1271.51,1342.58,1369.92
YAL054C,111.957,101.661,106.929,252.966,301.614,246.869,557.084,544.193,632.364,1723.99,1816.22
YJR100C,114.982,99.9087,105.913,439.548,492.793,454.071,802.494,783.402,860.738,920.82,994.869
YAL046C,112.486,94.9572,113.858,358.306,397.744,350.223,462.756,458.899,531.324,340.795,335.826
YBL112C,102.329,97.8952,121.108,383.438,425.029,443.427,503.736,485.385,487.822,493.194,558.516
YDR531W,107.39,102.673,111.645,523.029,543.186,544.837,855.584,877.032,889.908,939.3,978.954
YKR049C,104.752,99.6081,117.621,511.934,563.376,512.495,1100.26,1095.2,1222.11,1387.95,1442.5
YHR209W,113.473,99.0561,109.719,377.316,460.837,383.223,1320.99,1241.87,1429.7,2714.08,2999.28
YML102W,115.924,105.739,100.778,299.865,311.582,313.777,431.359,460.477,469.5,488.137,488.861
YDL188C,111.338,93.5849,117.536,377.79,389.74,399.645,670.097,695.468,695.052,792.512,724.791
YLR052W,111.038,98.7748,113.074,254.105,304.157,260.219,360.863,315.864,389.116,262.893,304.708
YOR040W,117.284,105.028,100.886,351.705,345.821,372.865,473.162,522.651,464.314,576.949,536.667
YPL132W,98.0867,113.417,111.824,473.533,459.46,518.86,749.85,822.564,735.405,851.648,805.167
YEL050C,110.645,104.237,108.757,605.443,696.665,644.486,1025.06,992.739,1118.14,1086.12,1108.28
YEL062W,104.464,113.293,105.986,297.489,311.964,310.523,303.951,287.06,325.285,240.739,257.658
YLR225C,105.959,107.847,110.971,541.172,583.455,544.492,1028.5,1107.72,1112.79,1397.6,1388.65
YER123W,116.206,101.571,107.521,631.847,717.089,688.534,947.651,947.147,1063.17,1059.18,1096.46
YOR353C,116.022,105.771,104.079,447.739,481.974,470.219,736.974,790.476,781.775,938.339,910.505
YAR014C,118.587,97.3807,110.484,275.017,289.29,285.214,428.24,462.739,522.258,453.182,464.985
YBR129C,112.855,104.446,109.653,358.434,415.946,389.959,492.704,493.442,546.749,494.889,516.059
YMR162C,116.752,93.3319,116.877,1016.41,1086.46,1041.67,1543.03,1533.05,1712.92,1438.33,1526.73
YHR083W,116.696,93.8529,116.919,354.131,425.694,372.383,576.115,522.175,660.359,577.784,689.552
YJL207C,110.32,106.115,111.609,804.201,837.217,847.524,1256.49,1258.66,1342.79,1468.95,1506.24
YKL214C,116.267,106.914,104.925,528.784,539.433,539.837,771.884,805.546,801.006,838.85,896.719
YKL116C,110.429,104.086,113.958,298.686,348.053,317.098,486.605,491.635,552.312,648.018,707.302
YCR042C,116.867,103.832,108.039,625.163,665.178,669.57,931.267,953.126,1036.4,942.319,1008.22
YML005W,120.397,97.5393,111.001,537.513,576.812,542.488,753.375,767.007,836.705,830.439,879.106
YPL274W,110.903,115.086,103.135,606.706,575.817,660.327,582.41,620.742,579.655,553.522,503.964
YDR077W,106.836,102.932,119.386,174.972,178.61,186.331,463.789,459.772,501.935,654.66,679.852
YNL048W,114.154,101.459,113.84,1112.25,1207.44,1177.07,1910.21,1942.06,2113.78,2015.22,2047.57
YGR177C,104.743,110.866,113.847,640.349,658.281,693.213,854.112,895.166,957.255,871.274,908.292
YOL062C,113.896,104.187,111.657,470.635,549.45,498.621,724.282,718.271,811.958,746.869,796.57
YCR047C,110.109,119.905,100.199,453.262,440.853,463.148,522.192,586.296,581.886,487.766,416.954
YCL031C,124.368,96.6711,109.33,440.465,483.334,471.197,728.333,753.268,855.773,816.614,905.825
YKL025C,118.803,102.158,109.65,560.686,609.135,609.305,839.933,918.896,942.849,1057.23,1037.49
YNL044W,116.734,113.443,100.753,695.145,617.788,720.461,889.382,1050.33,860.532,1320.3,1181.18
YDR268W,120.906,96.2395,113.853,408.652,497.966,405.572,787.4,734.901,884.785,895.323,1014.42
YPR051W,110.308,108.659,113.598,272.734,279.678,299.8,363.709,395.576,385.801,381.346,351.712
YDR322C-A,108.372,100.309,123.976,298.956,344.953,294.529,455.876,401.609,530.382,437.835,512.811
YNL208W,108.019,114.944,109.836,271.493,288.227,290.806,527.133,569.511,640.675,902.711,912.322
YPL119C,104.402,110.619,118.271,409.993,422.713,422.69,721.698,775.625,774.404,932.981,943.974
YDR046C,121.174,100.728,111.531,738.999,755.721,775.731,781.801,786.126,835.067,673.265,689.97
YGL208W,115.093,107.129,112.166,408.078,429.689,416.657,656.339,687.765,730.558,760.807,728.663
YOR205C,115.021,101.778,117.801,591.188,597.967,649.698,995.383,1051.24,1029.15,1143.37,1165.3
YOR157C,124.885,92.8064,117.298,452.519,512.443,464.016,800.701,740.783,882.462,826.445,917.845
YOR004W,114.99,104.166,116.449,497.127,538.478,510.501,785.88,833.064,928.261,875.79,919.539
YDR027C,106.228,111.637,118.306,519.395,570.514,576.491,759.692,726.193,757.932,724.217,771.363
YFR001W,117.383,102.793,116.756,421.831,458.818,450.296,716.824,725.087,780.396,851.698,856.356
YDR021W,110.043,107.101,120.018,390.834,429.031,431.775,548.017,572.665,623.878,589.276,614.668
YGR203W,115.308,111.594,110.901,431.312,428.936,460.006,604.339,671.514,611.52,614.15,586.891
YIL098C,121.447,98.2223,118.227,374.3,431.422,367.509,525.546,535.355,598.607,517.857,572.04
YNL103W,115.275,110.764,112.849,351.82,339.544,359.979,368.969,390.147,423.247,302.194,304.913
YPL045W,121.389,110.06,108.046,624.626,665.59,624.999,986.263,1025.4,1059.85,1198.37,1171.95
YDR375C,125.4,105.874,109.41,342.216,362.509,351.136,459.496,468.394,479.997,424.488,424.939
YGR136W,115.513,104.286,121.302,365.703,420.101,384.274,650.868,681.408,751.058,821.403,921.945
YBL060W,109.513,115.85,116.34,357.996,363.238,361.916,469.714,471.668,503.991,462.625,476.948
YER078C,129.988,103.909,108.192,242.082,284.271,255.349,372.952,399.338,412.265,370.28,396.939
YER083C,114.294,111.918,116.114,1010.03,961.434,1082.03,1659.39,1942.41,1734.04,2111.94,1806.9
YLR219W,111.27,112.777,118.761,395.003,403.624,408.634,548.26,594.839,612.854,693.529,681.293
YNR008W,119.198,103.85,119.807,847.277,938.142,881.291,1226.41,1104.05,1290.32,1110.24,1221.19
YBL032W,110.005,118.349,115.079,269.64,273.591,294.62,401.377,443.514,462.471,520.016,482.86
YBL051C,111.781,121.475,111.332,298.988,308.642,336.33,420.624,502.312,511.658,448.727,440.918
YER149C,123.15,113.132,108.51,238.016,242.202,260.415,203.314,220.54,241.189,149.89,163.57
YOR250C,126.714,106.856,111.461,530.316,530.04,534.912,860.172,876.539,928.389,1041.53,1028.96
YGL223C,117.917,104.77,122.641,432.852,454.575,460.394,515.86,597.743,570.561,445.4,419.344
YMR239C,120.215,109.09,116.155,412.172,473.647,420.198,664.534,621.572,781.002,716.292,822.74
YGL006W,116.212,115.781,113.475,710.638,698.818,693.659,1077.98,1194.23,1157.98,1716.08,1736.54
YHR207C,109.189,117.868,118.525,703.401,715.894,740.73,1183.64,1223.3,1241.23,1438.14,1448.93
YMR272C,129.403,100.728,115.619,769.668,851.267,808.091,1172.93,1128.35,1225.62,1101.56,1135.77
YPL151C,112.994,107.511,125.499,354.89,341.377,351.987,472.137,498.802,490.832,456.852,460.381
YJR086W,123.859,98.0576,124.79,374.359,404.267,381.197,501.38,464.396,561.218,497.151,543.342
YKR093W,123.721,114.841,108.898,620.527,603.846,654.977,566.552,623.065,618.089,456.236,412.373
YFR039C,114.139,115.03,118.363,894.657,869.253,945.845,1357.37,1480.62,1391.32,1788.36,1588.69
YGR117C,120.102,114.245,113.335,791.05,822.546,844.126,1394.39,1437.4,1416.28,1630.11,1574.38
YPL050C,126.86,102.084,119.488,893.645,999.288,972.337,1456.84,1428.64,1571.69,1564.61,1652.45
YKL140W,109.189,112.899,126.403,1133.66,1071.23,1151.39,1752.68,2019.07,1836.14,2271.9,2035.26
YMR076C,115.933,106.507,126.718,639.859,654.552,671.138,963.573,1033.05,1107.07,1090.58,1135.23
YDR092W,124.269,116.328,108.814,353.514,342.668,414.977,534.857,576.636,580.625,605.775,533.609
YGR235C,117.796,122.766,108.91,365.35,364.687,388.994,582.131,692.928,650.094,753.972,670.179
YPR049C,107.501,115.338,127.268,1025.53,1066.15,1005.46,1990.54,2033.25,2219.99,2763.69,2845.67
YPR026W,125.557,101.314,123.381,361.528,367.541,372.536,661.59,706.094,734.982,760.092,739.332
YLR059C,120.133,119.267,111.004,332.88,352.221,319.343,400.772,426.292,458.929,366.726,355.703
YLL009C,120.059,115.441,115.043,103.766,108.059,94.17,131.631,136.179,140.052,168.954,192.681
YER127W,117.657,122.062,111.117,455.355,508.958,499.909,735.266,732.392,817.634,782.508,814.827
YKL064W,135.707,109.811,105.567,389.207,427.685,399.92,657.489,644.682,664.385,857.815,882.285
YPL208W,111.005,115.785,124.696,391.402,418.7,432.431,518.747,561.099,594.69,572.297,553.583
YDR452W,122.125,99.6414,129.749,540.105,639.502,541.315,952.525,864.622,1058.91,993.342,1104.59
YLR312W-A,121.788,112.89,117.124,329.178,360.172,326.367,504.261,541.372,658.719,570.392,570.832
YMR216C,110.209,121.737,120.21,520.276,537.741,535.096,792.83,870.089,905.534,998.734,1044.45
YCR061W,112.87,121.91,117.987,604.745,627.356,596.948,682.793,750.618,776.287,544.941,549.034
YLR382C,120.789,106.972,126.425,868.751,910.347,888.088,1341.43,1423.86,1498.22,1413.26,1482.51
YFR031C,121.363,106.788,126.726,435.679,468.248,411.644,584.563,596.299,629.605,616.331,651.424
YNL180C,121.908,110.821,122.162,538.417,598.669,533.587,1020.87,991.462,1118.94,1241.3,1267.42
YMR227C,125.97,110.278,118.674,361.561,399.049,382.059,608.971,693.485,703.214,791.891,774.999
YLR386W,116.15,114.641,124.441,736.811,791.316,755.152,1249.72,1270.22,1347.73,1375.68,1476.61
YPR140W,121.332,113.861,120.345,396.618,421.495,404.691,647.564,653.406,702.61,664.871,730.336
YPR172W,120.95,122.669,112.756,420.84,420.678,416.127,599.193,667.226,657.664,645.561,622.277
YLR187W,113.825,122.259,120.38,475.313,520.832,479.078,724.975,739.082,792.168,861.325,877.904
YOL033W,124.529,107.768,124.202,666.015,684.408,683.178,1058.79,1093.37,1205.32,1162.13,1221.22
YPR018W,122.48,115.633,118.413,348.313,388.395,382.288,448.99,481.316,499.242,427.584,386.808
YJR066W,112.878,122.305,121.884,853.106,912.906,916.757,1246.62,1396.55,1356.41,1532.02,1485.74
YLR148W,124.863,113.386,119.041,696.821,732.28,673.935,1093.16,1101.65,1209.4,1272.72,1291.7
YIL143C,118.287,110.899,128.885,932.395,1027.72,970.039,1555.4,1511.2,1649.38,1620.78,1697.38
YGL145W,112.275,108.097,137.752,626.302,670.568,663.058,1022.22,1108.84,1154.2,1327.73,1316.31
YMR271C,125.041,113.415,119.709,444.072,435.686,423.432,1157.61,1256.21,1192.62,1997.34,1923.77
YDR178W,124.079,106.172,128.485,477.991,518.44,493.064,788.72,760.801,857.056,736.208,816.317
YNL317W,120.448,105.98,132.323,372.314,396.045,395.356,537.654,561.305,593.481,577.495,584.79
YBL059C-A,115.934,132.284,111.28,377.639,361.99,441.07,467.37,581.903,495.571,511.192,434.81
YOR224C,126.47,113.413,119.89,367.257,451.054,391.804,603.531,559.595,635.595,551.113,626.479
YKR062W,118.515,115.935,126.44,675.927,697.402,682.536,1032.93,1168.89,1180.61,1089.26,1085.8
YEL053C,124.999,104.196,132.01,575.397,611.933,592.196,858.36,897.001,986.57,993.912,1015.08
YOR229W,119.94,128.15,113.179,397.331,409.065,423.481,474.329,545.518,559.644,540.298,534.564
YOR275C,131.37,114.978,115.356,616.814,610.554,622.389,1102.58,1155.96,1252.69,1534.09,1551.74
YLR440C,115.759,105.086,140.917,961.129,1012.7,985,1316.55,1344.08,1391.78,1394.58,1412.89
YKR092C,134.863,116.076,111.326,355.689,385.639,382.618,437.56,481.243,469.443,474.145,443.455
YBR030W,126.1,121.833,114.683,356.141,373.237,364.54,423.695,425.879,469.526,329.833,346.254
YDL193W,122.271,109.086,131.882,1063.47,1110.04,1068.48,1834.16,1899.33,2040.86,2189.04,2218.91
YOL152W,127.224,109.295,127.112,1092.06,1116.51,1109.51,886.741,813.735,916.767,764.824,764.219
YLR344W,122.663,108.392,132.67,468.312,494.284,556.528,778.682,803.446,891.111,950.595,954.482
YBL004W,123.286,113.511,127.258,1252.52,1358.53,1305.82,1996.54,1994.17,2228.16,2357.21,2444.55
YBR159W,124.955,115.695,123.678,915.208,942.01,952.484,1396.14,1384.56,1499.32,1527.3,1475.1
YBL054W,122.751,132.418,109.747,246.038,232.839,242.761,175.414,208.686,184.298,171.756,152.798
YKR037C,128.321,106.619,130.118,232.949,252.169,237.106,285.188,285.089,340.393,249.315,291.524
YNL167C,114.12,122.938,128.578,435.327,452.741,423.659,605.574,623.929,644.578,538.529,582.998
YGL067W,127.494,120.162,118.417,573.084,544.212,617.822,887.189,1024.91,889.729,1180.12,1042.13
YNL139C,114.368,113.309,138.546,1120.7,1195.15,1134.96,1647.43,1603.9,1858.25,1710.17,1814.47
YDR186C,125.039,121.777,119.547,505.052,520.466,560.068,772.864,831.704,904.355,820.995,835.144
YDR435C,123.517,117.012,125.859,492.113,524.182,542.366,769.931,841.188,828.009,923.08,924.494
YEL037C,119.474,125.34,121.692,352.323,345.749,367.863,345.646,430.67,389.222,335.492,273.262
YGL140C,126.338,105.709,135.692,550.058,651.243,566.631,869.171,811.459,990.056,821.947,898.698
YGL038C,123.63,114.487,129.719,617.451,705.514,614.298,1041.75,1023.85,1172,1090.04,1252.96
YER131W,134.15,120.886,112.812,497.868,440.179,315.772,671.052,545.263,820.888,952.317,1095.51
YJR094W-A,129.828,124.392,113.821,432.732,417.967,470.375,690.513,812.251,759.33,1049.54,947.939
YLR071C,116.519,114.662,137.289,980.706,1087.51,1043.96,1569.78,1600.55,1767.02,1740.12,1852.21
YPR020W,121.373,118.254,130.137,338.481,338.037,329.93,647.591,734.066,691.483,901.618,878.518
YDR296W,139.286,109.744,121.528,408.508,466.071,433.44,574.004,571.794,639.921,446.184,494.114
YGR092W,128.005,121.567,121.069,564.805,572.885,550.886,926.033,958.091,990.499,990.766,1070.95
YGL133W,122.581,119.937,128.439,663.963,702.722,689.881,931.58,975.089,1003.09,1030.89,1072.7
YLL058W,121.876,132.427,116.924,454.627,538.359,501.989,699.591,726.634,767.555,644.144,682.835
YJL098W,130.149,115.476,126.758,519.401,534.17,513.324,625.096,636.437,713.269,670.359,710.744
YER128W,118.443,119.314,134.791,523.472,562.257,542.987,848.744,859.822,990.617,930.554,1020.72
YFR047C,132.177,112.777,127.656,437.785,500.59,430.222,753.125,742.794,835.175,854.371,940.79
YLR057W,122.088,114.465,136.356,542.102,581.97,562.936,860.845,866.771,918.84,922.978,924.19
YDL116W,122.635,120.06,130.946,1061.68,1111.88,1093.98,1721.54,1779.76,1847.87,1937.39,1949.45
YBR095C,138.814,115.832,119.266,332.898,340.985,305.52,411.96,415.858,464.476,389.817,463.774
YOL032W,125.591,124.004,124.747,619.532,648.807,643.767,1074.05,1153.81,1164.33,1490.56,1504.63
YJR143C,128.454,102.374,143.567,822.737,982.769,846.505,1369.62,1180.99,1413.06,1213.44,1387.9
YNR047W,126.385,124.842,123.291,749.242,772.585,825.294,1217.88,1371.08,1324.51,1604.18,1478.06
YDL102W,119.73,115.612,140.495,831.397,882.767,910.13,1170.45,1319.89,1317.74,1259.61,1259.06
YJL164C,122.629,111.62,141.996,596.902,650.918,652.878,1142.35,1156.51,1268.46,1337.26,1495.28
YKL028W,135.604,108.141,132.552,382.134,435.379,363.811,584.446,533.594,671.768,563.992,665.099
YMR060C,125.898,120.491,131.043,673.02,636.65,686.816,933.59,1013.6,1017.98,1094.11,1056.38
YOR143C,128.118,127.333,122.451,433.61,427.247,449.98,590.237,704.791,637.825,799.578,750.83
YGR100W,139.005,114.007,126.478,607.404,633.536,631.426,1043.51,1082.72,1092.18,1300.15,1302.72
YJR047C,129.415,107.019,143.405,637.39,727.015,677.683,2079.52,2019.57,2386.56,2544.28,2784.65
YPR124W,120.027,125.442,134.4,503.621,542.874,503.134,573.756,539.723,645.647,873.553,949.247
YDL042C,124.551,121.44,133.886,567.792,609.026,555.513,730.57,761.324,799.851,782.303,803.744
YDR236C,138.107,111.904,129.895,460.02,486.806,452.362,577.659,597.022,624.263,550.837,527.116
YMR028W,136.588,109.153,134.811,558.647,636.215,563.498,1007.64,980.507,1178.91,1152.84,1343.41
YER047C,128.324,124.825,128.274,451.02,497.146,467.874,674.889,662.951,727.035,843.284,877.782
YHR148W,116.903,126.073,138.888,425.376,470.173,442.365,590.547,595.867,649.949,594.565,611.322
YPL143W,134.637,113.349,134.066,460.221,506.531,427.878,655.441,582.851,763.13,655.057,792.039
YDL213C,136.574,115.629,130.042,666.263,657.128,677.16,1159.86,1233.87,1248.52,1337.61,1340.68
YLR008C,136.106,120.825,125.427,325.154,328.76,339.575,544.915,593.527,591.072,585.777,560.996
YLR388W,124.224,144.115,114.074,460.997,418.36,502.546,508.141,627.317,559.941,649.913,509.004
YKL167C,126.465,139.853,116.246,386.608,406.736,443.422,632.921,698.929,608.125,520.469,472.695
YGR196C,129.789,135.606,117.209,299.093,310.897,301.038,459.051,469.487,470.895,465.541,450.046
YLR352W,139.332,114.179,129.585,695.236,758.05,722.914,1230.6,1280.87,1392.77,1605.47,1731.98
YPL180W,137.715,116.154,129.282,342.629,377.803,359.892,491.131,505.133,541.076,476.669,468.385
YDR096W,126.174,120.343,136.98,397.932,425.489,423.231,530.309,580.96,588.792,621.552,624.593
YMR228W,122.777,120.801,141.001,546.439,593.663,585.708,954.836,929.215,1036.34,1057.03,1141.69
YER176W,136.804,117.427,130.554,567.32,583.87,542.529,790.935,793.499,864.167,987.244,1021.69
YBR061C,122.583,117.2,145.195,588.715,648.783,596.412,900.882,897.999,997.503,907.292,1000.29
YJL085W,132.329,112.249,140.583,748.341,871.596,824.091,1343.75,1394.55,1560.42,1578.64,1718.4
YDR246W,130.571,124.614,130.491,400.743,428.486,413.722,613.749,629.59,687.697,655.975,726.628
YGR060W,135.908,108.417,141.579,848.061,960.773,831.806,1440.21,1176.13,1531.37,1256.83,1507.06
YLR077W,137.128,115.547,134.809,510.749,541.273,524.816,773.21,804.859,789.365,791.858,814.348
YOL142W,136.168,126.952,125.227,403.333,412.803,414.471,510.57,552.9,533.206,579.361,526.436
YDR045C,126.023,143.147,119.726,358.075,300.441,412.287,366.993,510.748,375.033,453.368,348.175
YBR212W,136.845,127.916,124.864,300.137,302.118,318.355,348.511,416.717,419.497,332.885,321.567
YIR035C,138.254,116.882,134.881,580.681,644.715,637.581,1457.46,1549.52,1621.5,2112.11,2239.62
YML006C,123.255,142.838,124.358,472.408,438.148,510.642,668.897,759.394,662.47,922.972,828.009
YIL106W,137.066,129.13,124.797,425.414,456.14,437.298,623.418,667.655,707.672,752.701,797.903
YOR175C,131.741,120.144,139.186,847.592,886.315,880.325,1309.71,1319.33,1447.92,1422.58,1444.39
YDR054C,138.29,129.433,123.416,298.643,329.382,296.872,272.672,280.489,278.948,208.051,193.024
YOR304C-A,141.114,119.692,131.382,68.3411,75.277,68.4561,75.5938,83.6431,88.6465,49.891,58.6895
YPR135W,135.042,138.784,119.824,400.382,392.371,417.42,547.746,596.696,588.096,647.337,630.125
YOR126C,144.127,119.663,129.874,321.22,380.921,344.446,469.131,464.929,517.241,482.028,531.249
YDL113C,134.378,128.536,131.175,563.149,539.572,580.395,879.663,1040.27,941.511,1204,1108.61
YBR265W,129.691,124.477,140.3,416.707,450.68,431.803,413.497,421.389,454.035,321.357,347.936
YJL031C,131.288,116.122,147.154,664.418,689.197,671.29,1023.59,1027.05,1085.7,1238.02,1294.04
YLR306W,132.808,117.61,145.123,352.832,366.539,368.567,478.147,546.64,574.128,574.307,622.805
YDR469W,143.386,125.391,126.892,287.064,294.646,306.415,424.328,451.105,482.682,455.073,459.43
YER013W,133.571,122.994,139.327,698.322,762.382,735.918,934.222,988.416,1083.9,951.808,1000.03
YDR229W,144.891,121.393,129.717,324.483,350.609,337.238,426.743,419.172,461.362,479.856,489.114
YDL107W,140.217,121.498,135.395,606.776,669.657,620.31,904.918,884.949,967.295,934.892,937.943
YPL196W,142.599,119.089,135.791,407.972,456.522,443,531.184,534.604,617.027,384.188,437.233
YOR189W,137.207,139.726,120.819,247.45,268.191,232.253,230.453,248.086,268.657,173.799,152.216
YGL018C,134.764,119.719,143.665,473.29,548.1,519.413,862.623,833.999,949.588,973.415,1051.33
YFR013W,132.536,138.296,127.772,650.451,616.701,616.952,978.603,1035.52,1063.89,1158.71,1164.38
YBL097W,142.143,128.23,129.034,373.4,387.133,363.294,430.489,433.723,479.379,384.19,383.671
YPL271W,135.124,128.896,135.449,377.619,376.048,392.059,492.146,529.715,525.165,463.56,412.599
YHR082C,132.863,118.38,149.131,714.185,765.302,708.699,1162.8,1271.57,1298.98,1610.02,1667.41
YPL249C-A,137.08,114.199,149.128,485.04,601.51,507.196,784.416,736.257,889.928,829.749,995.734
YNL264C,129.885,139.513,131.345,672.282,716.096,693.287,1081.42,1165.27,1218.92,1254.02,1307.39
YDL141W,136.64,122.063,142.658,551.22,590.325,572.642,885.837,882.384,986.533,897.219,966.828
YER139C,136.977,134.395,130.087,412.422,403.994,419.747,507.366,575.201,559.127,548.587,498.366
YKL186C,139.268,131.911,130.887,467.841,489.835,494.345,711.975,775.217,821.003,844.76,811.132
YKL010C,134.193,122.596,145.305,1222.82,1402.97,1282.3,2528.4,2422.14,2665.29,3070.12,3215.56
YML042W,132.458,130.446,139.436,267.217,303.566,288.155,602.696,589.155,615.799,986.508,1021.03
YPR154W,125.89,129.053,147.524,557.414,536.618,553.526,1078.64,1220.87,1284.77,1473.26,1449.95
YDL161W,142.045,125.614,135.095,391.487,425.543,408.633,655.202,642.147,726.789,604.777,688.622
YPL040C,134.092,123.422,145.317,887.176,945.999,904.273,1370.73,1370.13,1521.89,1520.35,1554.44
YPL067C,132.524,133.014,137.378,615.34,668.178,646.518,1865.84,2068.55,1991.02,4107.97,4004.52
YJL155C,145.821,118.927,138.443,706.647,794.195,687.839,1230.32,1232.46,1350.1,1690.69,1827.85
YDL155W,136.204,128.642,139.079,154.738,158.188,148.299,195.113,204.488,197.148,271.898,267.803
YML058W,143.837,152.123,108.123,245.729,227.515,258.15,285.177,378.249,323.343,201.357,168.424
YGL224C,149.031,110.596,144.869,606.812,679.145,619.914,1284.12,1183.95,1436.55,1432.6,1585.22
YML117W,141.058,127.696,136.092,525.155,591.318,541.641,907.959,892.005,984.508,1210.54,1288.87
YDL173W,151.36,126.292,127.469,542.272,612.702,561.191,1035.39,986.512,1089.16,1135.97,1200.74
YLR450W,147.703,102.915,154.958,1185.36,1292.6,1249.16,2404.92,2291.83,2667.44,2763.24,3020.32
YPR113W,135.644,128.754,141.273,927.874,960.321,1012.68,1710.97,1767.91,1852.53,2091.76,1936.1
YMR263W,138.327,128.64,139.562,582.062,630.846,630.817,658.232,695.711,745.332,656.88,678.677
YNR021W,140.583,124.074,141.883,1312.69,1384.93,1366.86,2212.55,2190.47,2378.17,2279.58,2346
YLR096W,152.317,117.973,136.482,628.967,689.13,698.083,805.453,847.614,942.885,969.076,961.891
YJR024C,134.626,135.53,137.345,450.593,475.905,450.455,485.252,460.189,499.235,441.897,427.513
YHR165C,142.864,117.523,147.13,1150.69,1267.3,1102.25,1667.03,1679.17,1888.1,1846.45,1983.21
YIL007C,141.39,135.762,130.964,464.211,484.666,463.911,539.752,544.297,586.116,413.902,444.405
YBR065C,141.165,123.373,143.697,665.955,701.827,706.943,1158.47,1175.27,1229.47,1421.38,1469.81
YKL218C,148.925,122.174,137.139,333.061,397.192,360.795,716.892,722.652,797.521,941.202,949.247
YPR055W,140.188,131.925,136.595,652.096,751.829,662.313,1184.15,1145.39,1329.35,1370.67,1437.64
YGL095C,145.376,130.194,133.292,556.55,639.382,604.255,980.018,1040.67,1090.7,1241.14,1278.72
YDR195W,141.415,129.937,137.727,579.591,615.784,622.496,845.243,905.569,960.104,936.324,931.415
YLR220W,133.09,143.137,133.024,805.34,923.12,833.126,1351.1,1350.5,1476.35,1437.74,1510.39
YGR005C,139.433,133.423,136.431,691.177,668.553,675.175,991.754,1102.93,1005.58,1226.78,1108.63
YGL070C,137.247,139.224,132.821,279.613,284.503,312.921,343.44,355.263,380.668,372.596,366.84
YLL062C,144.778,124.676,139.872,488.958,516.064,468.472,564.456,596.157,669.522,586.076,606.059
YER022W,134.734,141.493,134.042,877.686,879.258,898.629,1268.82,1400.59,1336.56,1642.45,1503.72
YPL245W,134.09,128.052,148.65,638.703,632.182,650.545,1185.24,1257.03,1209.1,1785.67,1777.19
YKL090W,145.722,126.799,139.2,559.518,633.911,590.361,853.429,866.48,938.997,835.997,927.492
YPR159W,145.267,126.105,141.069,757.127,791.455,788.812,1437.74,1400.29,1492.63,1661.03,1699.46
YNL177C,158.814,128.606,125.306,383.493,414.161,432.129,554.748,623.35,636.021,659.507,615.621
YNL168C,150.554,130.176,132.231,407.677,463.889,473.901,657.536,705.857,766.326,810.908,838.779
YKR087C,147.851,120.719,144.569,717.273,741.93,687.593,1023.15,1052.32,1055.8,1105.7,1122.39
YPR042C,142.479,132.077,139.043,532.646,519.523,518.873,772.457,817.263,844.447,805.768,798.61
YLR038C,164.009,103.832,145.953,99.554,134.829,99.7697,255.778,232.731,319.956,247.624,336.864
YKL058W,145.361,142.508,126.633,384.96,323.457,369.501,378.732,469.022,386.853,448.816,411.209
YOR201C,158.241,113.923,142.443,494.15,576.878,486.669,729.325,675.222,800.804,654.672,700.298
YDR231C,139.858,129.21,146.452,713.684,726.588,752.49,1228.3,1268.1,1312.3,1522.6,1534.5
YNL005C,145.228,125.265,145.074,811.646,791.855,836.824,1129.56,1251.73,1225.41,1206.83,1163.5
YKL069W,157.857,123.501,135.117,413.376,445.734,449.029,583.556,622.963,664.957,581.555,592.851
YML059C,143.676,112.58,160.59,2539.39,2699.57,2600.21,4872.64,4760.74,5313.19,5220.54,5273.78
YOL056W,137.589,133.87,145.789,368.454,386.058,384.003,476.899,486.794,521.558,390.617,406.855
YGL058W,144.153,135.522,137.846,437.422,414.256,458.631,586.601,636.797,571.71,652.075,590.267
YPL097W,144.307,127.082,146.496,536.29,589.351,565.92,781.85,770.721,844.351,792.513,862.776
YGL143C,143.508,138.546,135.887,564.291,572.235,591.039,720.919,831.808,800.001,660.492,658.055
YGL039W,150.22,117.919,150.763,386.054,443.829,375.373,643.99,569.919,713.571,718.894,815.991
YNL267W,144.062,133.651,141.666,721.441,787.739,756.217,1197.47,1199.35,1326.58,1333.48,1442.88
YLR277C,136.203,120.699,163.074,553.454,642.998,551.729,806.362,777.952,945.218,775.639,877.155
YJL145W,141.589,158.655,120.201,736.231,729.288,812.633,1004.59,1241.05,1088.77,1224.15,1032.01
YOR236W,137.333,153.185,130.516,396.111,387.796,394.582,449.638,515.709,510.142,556.593,497.862
YML080W,159.176,122.148,139.885,369.285,479.119,391.253,499.729,452.466,550.401,376.682,476.588
YDL190C,129.079,152.412,140.673,1154.38,1156.15,1279.74,2173.05,2282.59,2292.51,2709.6,2570.72
YCR037C,135.879,129.902,156.621,1028.73,1075.13,1072.99,1368.19,1331.36,1536.22,1350.39,1339.41
YGR198W,145.691,135.553,141.65,836.692,882.851,825.922,1192.05,1124.41,1214,1277.74,1323.37
YFL002C,152.601,135.543,134.887,786.132,836.347,797.301,1018.63,1019.69,1089.33,877.859,892.51
YNL158W,148.279,131.658,143.707,651.128,708.593,661.732,934.141,916.928,1021.17,910.019,944.245
YCR008W,153.685,128.664,141.358,551.266,599.366,541.06,658.439,740.469,768.59,848.588,864.112
YGR074W,146.731,135.951,141.196,282.465,311.545,289.761,423.774,436.585,454.746,526.33,541.261
YKL173W,141.989,127.289,154.606,951.606,1000.02,969.709,1370.53,1367.01,1489.92,1429.61,1458.8
YPR179C,147.07,123.391,154.007,577.69,646.972,591.611,806.305,781.96,888.704,799.471,812.155
YDR243C,143.397,149.13,132.395,669.279,749.527,711.787,1102.15,1126.05,1252.32,1322.35,1411.99
YBR198C,146.426,137.44,141.299,465.411,487.435,483.257,588.001,591.447,654.908,574.158,575.759
YBR122C,150.968,128.916,145.31,526.217,551.625,522.683,690.224,739.549,767.367,660.001,699.886
YDR012W,145.501,136.436,144,503.826,548.748,537.426,777.966,826.057,902.556,887.953,915.876
YMR135C,149.094,134.65,143.475,553.711,568.642,570.51,959.415,1074.56,1118.48,1279.48,1282.58
YPL270W,133.131,137.492,156.754,918.798,966.741,1022.57,1538.14,1659.85,1602.11,1805.48,1731.35
YPL125W,153.205,126.244,148.465,1131.76,1245.16,1136.86,1907.35,1853.76,2044.3,2253.34,2310.13
YML088W,149.76,138.674,139.676,446.774,489.684,457.512,622.931,648.718,709.372,744.92,809.086
YGR010W,146.717,137.839,143.691,397.699,419.739,408.676,471.51,479.675,510.731,440.743,442.379
YJL117W,150.795,121.335,156.812,1276.08,1414.05,1360.29,2239.28,2136.07,2395.09,2255.14,2282.3
YER101C,151.824,125.061,152.112,718.87,835.617,700.324,1237.56,1160.36,1361.96,1321.09,1581.23
YGR150C,143.909,145.014,140.316,681.843,746.786,698.221,1114.14,1120.02,1216.45,1241.34,1294.93
YDR227W,150.323,134.672,144.313,548.452,594.859,562.134,834.475,812.2,868.105,786.803,830.939
YOR210W,122.753,189.262,117.937,463.987,329.993,468.291,365.989,576.867,373.331,519.508,332.674
YNL262W,144.405,136.883,148.675,1029.33,1088.07,1058.04,1588.05,1634.73,1714.76,1661.8,1689.34
Q0250,133.363,147.741,150.293,726.594,745.563,717.449,975.381,955.785,1056.24,1103.27,1087.53
YPL013C,147.851,146.21,137.503,561.899,571.944,569.445,696.874,765.656,828.932,760.692,767.994
YER029C,144.074,159.188,128.399,514.444,475.195,531.487,664.773,820.024,699.44,872.097,787.291
YGR296W,150.408,138.754,142.832,579.807,585.444,604.32,727.508,762.182,783.873,877.455,837.475
YMR096W,150.968,141.827,139.674,141.863,171.575,140.495,580.426,578.004,634.589,912.948,909.328
YML016C,137.177,124.195,171.477,894.345,933.007,953.471,2170.27,2261.98,2447.15,4182.08,4251.7
YER154W,135.983,137.401,160.005,924.213,966.393,923.74,1479.67,1549.69,1731.58,1732.59,1795.6
YPL011C,158.495,121.808,153.47,564.802,636.471,570.648,857.003,774.674,930.351,789.721,865.301
YHR039C,147.641,140.626,145.543,1465.89,1456.7,1534.58,3200.81,3391.7,3419.15,4997.01,4754.09
YOR076C,153.431,144.001,136.452,712.164,695.402,750.037,1040.34,1122.85,1116.31,1206.73,1158.68
YBR037C,138.795,144.987,150.28,560.129,562.677,574.129,784.532,893.804,839.998,970.822,921.688
YBR256C,134.271,154.464,145.835,629.771,572.237,678.272,1413.66,1871.39,1444.26,2026.31,1648.38
YBR054W,142.783,140.429,151.364,1290.72,1407.36,1356.57,1934.38,1615.06,2067.71,1965.81,1973
YDR163W,143.866,138.747,152.034,474.207,532.956,520.059,707.124,753.916,842.768,710.85,721.587
YIL104C,157.648,129.265,149.192,699.702,778.896,732.629,1026.12,1114.32,1175.03,1227.56,1222.11
YNL035C,154.399,134.589,147.351,880.414,956.629,960.993,1497.86,1602.16,1649.57,1744.42,1751.52
YOR018W,144.653,142.082,149.728,622.828,692.772,664.106,1139,1166.66,1269.01,1414.39,1423.95
YMR288W,153.977,142.368,140.617,1049.84,1093.83,1070.4,1416.01,1480.15,1524.31,1466.84,1498.42
YHR186C,151.717,139.401,145.957,733.066,744.687,739.512,983.214,1077.37,1049.59,1166.63,1147.65
YNR029C,143.462,142.788,150.828,473.264,511.093,506.956,718.468,818.213,832.538,889.872,854.556
YNL201C,148.721,126.149,163.541,685.913,787.383,700.194,899.947,851.317,1029.07,799.457,912.93
YER001W,144.748,137.711,156.29,1262.02,1306.09,1315.72,2814.77,2743.46,2875.4,3086.31,3177.74
YOR304W,149.572,138.787,150.566,816.486,868.471,843.484,1053.46,1072.59,1207.07,1094.44,1169.02
YLR348C,150.256,138.931,150.549,624.554,644.896,618.455,1065.18,1033.65,1058.73,1446.4,1407.53
YKL197C,151.941,140.619,147.255,636.253,698.117,630.073,1068.3,1157.36,1243.69,1333.42,1407.34
YHR073W,141.212,150.668,148.646,624.711,641.478,630.843,849.602,908.877,905.56,954.532,951.166
YKL038W,156.636,128.165,157.726,713.687,754.298,772.109,984.725,1072.38,1140.2,1306.1,1377.56
YCL024W,149.315,137.58,155.673,654.121,668.766,663.802,1141.89,1182.53,1242.86,1591.63,1589.29
YNR019W,151.331,128.382,162.961,1373.58,1488.89,1427.2,2734.43,2665.83,2912.96,3073.77,3106.11
YNL200C,156.684,130.34,156.509,546.767,600.831,577.628,1250.12,1299.78,1410.4,1717.09,1801.71
YGR129W,152.926,138.975,151.67,557.19,637.962,578.786,933.965,888.617,1071.8,948.446,1083.84
YJL029C,150.794,137.881,155.089,885.447,951.38,888.941,1349.94,1401.61,1519.23,1583.63,1696.01
YNL272C,157.854,137.086,148.858,652.5,671.107,665.156,977.712,1029.22,1062.27,1050.91,1035.52
YOR194C,153.653,136.928,153.529,293.071,305.638,306.982,329.456,344.101,362.594,327.948,315.645
YIL144W,150.521,135.8,157.818,367.362,406.189,403.027,427.584,469.354,483.128,458.74,486.093
YNR052C,164.538,122.555,157.115,524.761,522.986,574.051,680.523,728.055,720.118,771.197,732.898
YOR290C,148.082,142.195,154.034,595.54,706.53,601.898,787.877,797.626,898.588,754.404,813.63
YLL036C,150.337,158.265,135.745,337.183,346.723,356.812,394.638,442.79,418.003,448.068,416.151
YMR301C,161.2,132.901,150.791,796.529,837.043,840.834,1140.03,1153.64,1260.24,1211.26,1262.74
YLR239C,155.72,143.881,145.514,727.679,830.665,792.074,1200.52,1209.82,1343.56,1277.35,1319.95
YBR086C,156.32,128.768,160.281,1185.67,1243.52,1154.41,1947.43,1755.05,2076.2,2052.74,2198.83
YJL112W,160.941,139.139,145.915,364.262,384.178,392.017,524.089,571.885,576.098,549.659,525.771
YBR023C,152.132,143.777,150.434,652.501,677.252,637.655,1077.17,1030.64,1152.77,1381.88,1356.67
YJR074W,151.085,140.105,155.168,721.356,764.013,715.182,1294.93,1299.43,1422.93,1425.16,1506.51
YLR143W,159.841,123.651,163.007,467.423,517.388,506.848,565.979,588.225,634.656,500.672,559.019
YNL297C,144.689,145.74,156.21,1185.04,1267.35,1281.66,2046.96,2086.14,2265.06,2559.3,2718.16
YER100W,158.332,137.659,150.982,631.705,693.805,644.644,933.507,931.451,1062.52,949.09,1015.36
YKL057C,151.842,137.997,157.14,1253.55,1350.96,1303.55,2018.17,2009.74,2154.73,2306.92,2390.85
YBL079W,136.482,142.586,168.915,1099.81,1155.42,1164.32,1509.3,1529.79,1748.73,1579.48,1683.85
YMR165C,154.622,141.979,152.597,579.57,684.276,606.248,1010.87,992.315,1164.24,1177.89,1293.65
YOL067C,160.984,137.516,150.819,369.941,388.937,411.001,456.999,466.461,502.795,352.768,372.529
YML108W,160.007,133.125,156.709,284.526,359.843,289.681,431.297,356.212,466.463,378.557,449.35
YGR286C,169.012,144.395,137.687,641.734,699.635,682.7,1279.68,1415.6,1503.35,1487.52,1464.35
YOR367W,153.37,146.623,154.097,316.822,348.428,329.962,264.124,285.221,301.822,144.768,163.223
YLR305C,154.022,137.15,163.346,1325.33,1395.28,1366.61,2012.07,1909.62,2110.08,2147.35,2211.48
YER020W,151.706,152.497,152.625,532.364,602.234,561.587,766.811,697.075,844.347,938.355,1008.11
YDR119W,163.505,131.747,161.852,1186.18,1272.38,1274.71,1817.61,1852.44,2036.58,1946.1,1976.22
YLR126C,161.201,144.898,151.062,536.706,588.311,550.662,644.795,659.825,754.799,615.694,653.193
YDR017C,140.437,162.99,154.154,635.146,683.024,672.212,913.281,956.725,1018.3,869.082,911.549
YGL172W,150.596,162.377,144.841,431.749,418.719,426.346,542.175,614.382,576.969,674.476,562.437
YGL200C,168.873,123.841,165.941,736.233,816.193,729.932,1366.79,1287.26,1548.05,1483.31,1656.89
YJR049C,173.126,142.726,143.502,837.546,838.541,831.942,1396.93,1487.48,1469.39,1757.14,1762.51
YJL179W,150.716,148.956,159.7,385.083,411.335,398.993,520.178,545.544,559.031,540.861,557.886
YGL005C,150.597,144.076,165.049,350.494,391.963,397.712,472.852,513.06,554.402,497.655,526.014
YNL258C,166.505,136.753,156.702,917.618,981.677,914.558,1353.44,1336.91,1524.61,1425.16,1635
YLR321C,159.159,140.635,160.95,261.491,264.882,258.944,294.286,289.831,316.494,263.299,255.56
YDL150W,157.447,141.771,161.646,768.671,781.343,792.632,1413.69,1514.46,1583.49,1580.02,1549.09
YDR405W,166.318,149.255,146.366,456.07,507.226,474.423,596.991,612.374,639.919,504.171,505.953
YGL014W,160.621,148.319,153.899,375.953,385.029,390.164,507.189,585.695,603.455,653.989,663.695
YDR208W,165.643,140.753,156.53,681.136,683.723,683.556,892.835,989.021,965.126,1082.47,1061.53
YJR041C,160.987,138.232,163.747,1501.54,1633.91,1545.92,2407.98,2391.7,2542.86,2631.97,2815.32
YJR101W,164.603,146.108,152.268,465.224,475.357,460.624,673.452,751.027,722.867,718.825,682.394
YMR285C,161.698,151.342,151.252,616.822,656.972,671.667,815.51,818.087,848.086,798.777,768.539
YLR275W,157.39,148.631,158.787,434.283,453.897,462.826,482.884,510.616,514.554,419.361,439.989
YJR034W,172.796,138.847,153.452,491.235,522.856,462.82,804.427,836.425,898.138,849.421,874.071
YPL137C,164.753,144.973,155.958,660.601,682.625,644.852,850.923,881.813,983.565,909.908,896.689
YPR107C,149.126,140.189,178.146,382.922,375.85,405.108,495.862,519.957,538.175,551.545,569.238
YDL203C,164.181,142.092,161.321,542.912,605.931,580.89,719.53,737.725,816.657,735.459,788.896
YKL105C,161.294,155.439,151.249,739.075,769.883,736.279,1159.93,1255.34,1308.73,1273.38,1294.98
YPL127C,153.841,166.773,147.556,169.221,161.795,170.451,286.26,328.165,306.557,484.857,465.406
YGL233W,174.156,116.734,177.643,868.502,1009.61,835.9,1339.2,1255.37,1567.75,1362.61,1603.75
YAL039C,151.29,161.993,155.372,715.386,745.534,724.808,1177.48,1274.58,1298.06,1173.33,1160.04
YBR246W,164.109,150.904,154.167,569.785,600.294,568.58,857.891,880.807,939.947,938.539,975.824
YPR062W,166.098,145.851,157.422,490.09,529.879,498.518,716.733,725.164,819.322,727.741,723.218
YHR077C,158.517,145.232,165.978,843.281,945.223,863.526,1263.35,1209.04,1364.81,1397.26,1502.69
YLR378C,162.24,125.75,181.754,1512.98,1698.12,1563.49,2609.03,2423.98,2777.49,2594.56,2663.37
YJL154C,159.374,145.713,164.916,969.83,1054.14,992.026,1663.62,1675.8,1760.45,1913.16,2039.35
YOL141W,164.07,149.574,156.401,563.711,620.367,572.284,456.927,482.901,532.19,309.696,367.44
YDR183W,168.32,161.324,140.463,456.363,483.044,474.489,682.618,783.193,768.411,824.238,788.043
YHR188C,153.202,158.869,158.634,980.964,1062.3,983.782,1589.04,1520.6,1632.4,1703.04,1705.29
YGL016W,162.304,150.482,159.022,1037.7,1064.24,1086.95,1656.58,1713.75,1724.12,2031.63,2019.12
YPL122C,165.42,140.759,165.664,1213.03,1415.35,1335.8,2185.42,2229.08,2443.92,2722.68,3051.54
YOR285W,155.985,158.817,157.695,514.348,520.585,473.111,841.402,1022.38,991.938,918.214,871.232
YER166W,160.209,147.659,164.734,1145.34,1170.64,1168.75,1737.62,1825.19,1936.21,2103.74,2020.06
YMR095C,155.351,147.516,169.87,392.3,424.022,423.699,1956.39,2160.54,2185.74,3197.22,3121.65
YMR305C,158.233,140.135,174.687,882.401,1041.03,910.541,1412.05,1385.16,1591.92,1435.3,1572.73
YOR206W,176.172,133.861,163.223,873.995,1037.56,888.762,1425.32,1235.56,1538.41,1555.74,1788.88
YGR245C,163.982,150.336,159.021,594.829,615.045,644.117,672.003,713.376,741.076,522.29,514.081
YKR067W,166.1,136.57,170.815,1569.23,1713.56,1627.75,2960.89,2795.63,3298.96,3065.72,3313.45
YCL008C,173.762,142.042,157.949,551.032,593.079,569.224,751.813,795.309,845.831,765.185,777.247
YPL051W,166.123,159.564,148.62,477.277,505.896,500.746,773.573,850.574,877.745,1002.68,997.037
YGL227W,159.792,142.344,173.109,717.093,735.938,732.505,1262,1277.37,1410.61,1550.95,1614.11
YJR131W,169.021,144.968,161.877,886.289,1022.52,958.628,1387.47,1304.6,1536.62,1387.97,1522.98
YJR091C,164.882,147.437,164.441,757.36,807.491,805.585,1525.44,1715.28,1792.06,2288.91,2237.99
YDR441C,160.568,142.445,173.897,501.878,549.347,499.766,739.443,752.286,806.091,722.25,716.064
YGR248W,162.699,143.61,171.095,337.243,410.606,343.493,801.027,706.602,905.569,1083.23,1324.97
YBL035C,164.712,145.614,167.27,470.926,546.369,477.519,584.376,594.612,668.346,531.628,550.102
YGL246C,170.334,148.258,159.016,661.077,721.44,643.1,897.722,898.905,959.304,1007.13,1074.14
YEL040W,169.133,156.956,151.89,482.491,464.965,495.438,656.549,638.375,667.512,713.614,676.686
YDR354W,158.043,141.434,179.726,476.962,533.619,499.398,952.686,884.192,1141.79,1024,1230.26
YCL026C-B,158.475,161.369,159.397,718.244,727.655,744.213,1837.05,1953.27,1975.35,2950.14,2875.51
YOR160W,160.976,160.704,158.486,1295.07,1302.59,1297.18,1789.15,1924.28,1957.9,2024.93,2008.26
YBR164C,162.192,170.392,147.741,895.36,873.972,942.394,1254.41,1391.53,1281.68,1418.77,1301.76
YDL077C,154.72,150.579,175.613,897.324,1003.29,897.834,1426.93,1426.75,1593.43,1601.92,1712.43
YDR392W,173.919,154.149,152.903,483.269,515.635,540.579,606.678,626.418,606.751,642.878,628.084
YDR333C,169.441,146.021,166.508,814.207,1030.63,842.219,1652.8,1370.29,1902.69,1664.34,2144.51
YKL082C,168.597,150.59,162.823,620.358,674.463,681.632,1080.71,1144.7,1236,1318.62,1278.33
YDR264C,168.321,143.65,170.626,1146.56,1237.33,1199.61,1720.85,1797.32,1947.02,1989.17,2078.74
YJL165C,158.435,156.979,167.499,612.825,605.109,619.955,919.654,987.153,1028.2,1271.6,1268.74
YDR261C,173.036,147.663,163.293,687.268,802.322,718.777,1629.16,1499.61,1737.48,2466.75,2661.52
YOR283W,167.073,163.364,153.924,584.759,590.683,587.614,824.676,862.344,884.021,923.624,905.127
YDR518W,165.507,155.869,165.026,695.701,729.181,717.471,1127.24,1155.7,1234.45,1416.05,1408.7
YOR188W,166.969,158.345,161.285,621.311,668.129,657.592,810.285,863.57,857.391,1140.37,1141.14
YJR051W,144.814,153.085,189.306,954.81,987.461,1004.43,1714.64,1750.08,1818.42,1997.84,2000.31
YMR093W,167.343,153.391,166.526,620.232,705.494,612.678,981.445,939.246,1102.45,1085.69,1152.66
YMR193W,170.751,153.327,163.622,804.57,863.074,832.815,1185.67,1173.55,1279.7,1266.11,1325.5
YDR162C,163.739,149.434,174.957,427.049,455.444,466.695,640.792,641.002,709.239,678.895,696.88
YDR088C,162.586,158.709,167.172,644.83,672.548,669.307,873.123,986.274,986.268,930.514,933.329
YIL129C,163.093,146.11,179.355,915.083,1040.08,1017.06,1440.41,1447.5,1617.68,1599.02,1678.18
YHR057C,178.717,140.283,169.924,506.907,524.861,510.86,540.883,548.388,618.981,387.885,422.131
YGR076C,177.983,138.518,173.62,491.773,568.373,514.894,719.007,714.748,836.724,667.355,721.445
YCL039W,166.258,163.887,160.341,900.865,962.805,966.554,1681.32,1768.08,1773.95,2116.69,2129.19
YER061C,163.889,157.584,170.302,727.874,737.974,791.651,1309.33,1448.82,1511.13,1787.19,1731.78
YMR015C,162.401,142.756,187.231,1550.54,1726.07,1574.3,2891.2,2748.68,3189.67,2614.86,2750.66
YDR063W,157.043,169.557,165.965,498.807,472.266,499.841,597.034,697.877,654.388,597.19,516.619
YMR004W,161.578,155.473,177.418,746.703,875.522,794.072,1192.62,1130.5,1301.47,1278.33,1414.48
YLR387C,164.585,150.206,180.459,945.9,1010.28,973.323,1720.52,1823.04,1968.33,2190,2300.6
YNL102W,166.966,153.288,175.029,767,843.736,824.092,1230.36,1235.37,1356.04,1170.21,1285.9
YLR215C,176.883,155.543,163.096,500.264,576.96,533.997,729.171,668.757,807.15,665.941,754.998
YDL136W,165.299,149.411,181.219,768.798,835.781,795.181,1445.07,1616.08,1711.31,1879.15,1925.55
YOR288C,170.778,167.124,158.04,624.154,694.273,644.933,1034.71,1087.62,1168.23,1393.2,1519.73
YJL063C,167.717,151.127,177.31,487.492,531.911,520.699,649.064,639.49,705.603,561.515,587.637
YGL119W,163.857,168.604,163.735,751.237,766.13,755.799,1110.58,1206.33,1246.82,1254.15,1222.25
YPR063C,164.456,159.347,172.849,530.531,540.868,548.392,745.361,792.034,794.992,716.838,745.541
YER058W,174.285,148.933,173.516,473.584,514.222,520.686,691.072,743.856,755.289,765.509,794.002
YCR011C,165.13,163.259,168.396,1244.43,1282.69,1302.3,1892.99,1921.44,2022,2078.13,2049.66
YDR257C,169.507,157.124,170.631,967.083,1047.66,973.157,1441.51,1439.17,1549.42,1346,1440.5
YOR274W,171.496,147.424,178.521,838.712,929.279,927.946,1155.75,1169.42,1278.84,1259.08,1331.37
YNL306W,165.354,168.123,163.969,450.812,485.601,456.787,615.364,640.409,657.164,557.364,585.357
YGL022W,183.173,139.09,175.239,1898.34,2129.51,2004.6,3184.1,2958.86,3362.57,2901.11,3031.71
YBL061C,163.57,165.292,168.69,547.982,567.32,581.59,947.363,974.893,1003.1,1507.7,1499.69
YPR047W,179.619,146.832,171.477,930.939,962.8,971.077,1638.8,1720.71,1751.72,1935.88,1948.48
YDR144C,168.445,165.365,164.175,509.489,584.663,552.207,763.901,811.046,859.613,775.175,746.985
YDR176W,181.266,149.418,169.731,409.055,452.32,424.535,505.969,499.189,564.505,379.077,391.051
YGL252C,172.57,149.484,178.556,895.201,1023.51,899.565,1539.55,1417.71,1704.72,1668.92,1886.5
YKR065C,182.576,144.133,173.928,626.933,705.903,706.966,1113.03,1162.19,1256.8,1277.56,1323.16
YDL192W,166.727,179.401,154.637,552.234,523.288,599.06,721.93,925.251,745.276,962.762,744.293
YLR066W,155.524,162.842,182.916,539.629,592.649,578.568,794.471,813.232,843.64,832.955,806.297
YNL265C,167.921,162.337,171.524,1029.8,1119.63,1050.99,1852.31,1873.51,2058.98,2442.27,2477.39
YLR002C,171.843,164.586,166.81,1090.08,1128.54,1170.85,1593.3,1720.73,1709.93,1842.53,1818.68
YLR328W,164.225,173.635,165.668,558.014,551.735,597.452,588.453,633.651,600.648,632.181,598.069
YNL298W,181.949,165.733,155.937,662.254,728.572,677.32,1044.42,1097.02,1165.86,1064.02,1131.21
YJL178C,157.178,171.338,175.863,887.315,904.963,953.521,1282.64,1343.17,1334.25,1439.54,1452.52
YBR133C,172.705,166.744,165.672,779.253,811.843,835.853,1028.47,1077.38,1093.68,1078.94,1102.27
YGR111W,168.621,165.587,171.64,854.689,909.007,907.214,1494.5,1517.64,1575.75,1813.41,1744.15
YGL169W,177.163,167.766,161.415,590.698,601.637,595.872,851.027,875.187,914.099,909.787,942.01
YNL077W,174.699,165.77,166.204,424.983,426.834,433.612,406.684,442.516,461.615,370.943,380.679
YHR038W,178.56,156.169,172.137,761.613,837.355,849.768,1304.15,1359.76,1475.96,1401.26,1429.43
YBR179C,174.57,172.079,160.424,510.573,556.937,530.582,564.364,585.161,623.539,556.763,535.039
YMR262W,180.042,177.86,149.49,708.386,700.094,682.721,1227.11,1391.44,1308.23,1546.28,1543.06
YCR026C,166.139,154.965,186.782,1007.06,1052.44,1052.39,1700.32,1786.19,1829.4,1960.66,1982.92
YKL032C,168.717,172.315,167.197,248.429,249.434,247.049,249.158,242.424,274.909,226.394,262.816
YDL088C,171.256,166.006,171.125,521.618,536.321,548.932,697.465,767.289,804.27,786.407,734.064
YDL222C,170.344,167.782,171.772,163.54,194.683,169.493,170.309,148.956,184.035,253.979,238.89
YCR071C,170.454,156.619,183.769,444.533,494.605,477.659,555.708,583.596,599.118,482.873,491.419
YLR227W-B,170.833,137.326,202.805,1523.61,1907.94,1606.2,2034.07,1894.69,2370.24,1545.17,1862.87
YGR202C,167.403,161.281,184.585,671.389,706.58,701.208,998.741,1085.83,1202.5,1088.4,1129.87
YOL025W,163.37,146.548,203.673,941.285,1046.84,965.014,1653.99,1646.72,1788.71,1955.39,2116.78
YGL210W,177.846,163.996,173.788,582.021,660.683,594.689,805.008,805.61,882.8,793.366,847.054
YLR182W,176.818,168.974,169.958,589.172,596.684,574.525,684.251,723.263,776.919,687.9,698.87
YLR138W,185.014,162.005,170.304,838.102,877.829,852.324,1278.76,1169.19,1289.83,1951.19,2024.17
YOL115W,195.823,158.015,164.623,740.003,778.867,732.028,1039.85,1049.26,1140.78,1081.67,1115.95
YMR212C,180.629,148.458,189.65,892.428,1061.02,887.148,1478.64,1377.07,1644.01,1515.69,1673.97
YJR133W,172.868,171.323,174.849,601.108,638.306,605.154,885.086,905.323,942.783,916.421,902.063
YLR095C,178.892,171.842,168.452,838.331,910.857,899.925,1143.38,1196.82,1222.72,1194.89,1226.62
YOR197W,186.894,165.025,168.006,448.295,499.986,480.851,725.549,756.755,797.36,852.443,845.863
YKL114C,184.498,149.459,186.346,980.751,1063.11,1038.15,1706.46,1748.66,1922.19,1857.98,2020.13
YEL022W,162.925,171.693,185.861,1184.49,1281.98,1201.96,2049.08,2032.74,2244.42,2484.97,2670.12
YOR181W,186.455,159.29,175.04,439.421,458.784,432.319,624.967,606.709,700.119,642.393,684.407
YDL234C,167.845,164.725,188.234,647.629,720.366,706.751,1867.44,1886.31,1959.72,5555.43,5637.53
YOL005C,183.975,169.454,168.976,490.475,468.266,486.937,532.802,554.636,571.236,483.722,486.963
YCR090C,183.38,150.226,188.801,601.031,620.186,610.643,832.042,916.336,878.592,867.269,874.019
YIR026C,170.872,165.158,186.458,645.626,642.487,681.767,827.501,912.131,891.551,943.976,939.31
YNR031C,182.411,160.15,180.708,558.746,569.898,536.327,664.305,615.496,777.875,694.464,723.973
YBR082C,178.518,163.445,181.591,930.618,937.568,939.725,1661.67,1736.39,1861.19,1985.36,2059.12
YMR295C,184.043,160.009,180.569,642.551,678.468,666.938,935.655,953.061,1044.27,978.903,959.065
YHL020C,180.822,169.747,174.563,396.002,439.619,414.813,506.967,508.431,571.144,449.991,487.936
YML021C,187.557,168.349,169.255,542.127,603.174,580.4,765.248,804.734,886.458,794.59,809.796
YFR040W,175.815,167.972,181.58,870.03,963.484,917.427,1311.8,1284.89,1439.21,1325.65,1354.28
YPR190C,172.028,185.233,169.195,1136.24,1176.37,1167.02,1704.48,1845.74,1859.88,2003.46,1997.87
YPR143W,171.031,172.222,183.207,632.083,649.92,636.409,876.139,945.715,936.703,832.531,818.001
YDR036C,184.569,172.343,169.956,546.089,524.656,570.873,707.645,765.857,788.294,811.091,795.486
YDR262W,187.883,157.698,182.732,346.357,395.598,363.82,717.988,773.002,799.379,1113.1,1211.04
YNL233W,175.212,165.672,187.482,537.333,562.766,541.781,703.751,680.69,817.973,756.091,807.897
YMR218C,172.711,181.039,174.718,1153.58,1180.37,1209.35,1547.9,1715.75,1690.16,1884.15,1794.46
YER009W,182.363,163.529,182.8,438.839,470.351,433.006,696.204,743.781,818.066,664.011,698.499
YNL151C,175.335,170.801,182.629,428.673,440.328,431.288,578.02,619.143,656.138,595.311,617.737
YGL242C,181.201,176.785,171.574,499.219,509.463,547.845,768.494,911.43,797.531,879.997,751.625
YNL155W,185.945,139.643,204.534,661.898,779.244,641.1,1124.47,1035.72,1334.68,1102.96,1271.62
YEL052W,179.575,175.541,175.382,920.963,923.647,884.406,1233.99,1309.66,1342.68,1458.71,1438.37
YGR157W,190.785,145.977,193.92,1680.06,1904.49,1665.47,2660.79,2453.21,2979.83,2353.62,2626.97
YFL013C,191.572,164.811,174.456,785.442,921.101,939.564,1103.61,1105.87,1232.01,982.613,917.283
YGR063C,182.632,170.227,179.183,383.131,387.551,409.923,405.958,474.447,473.204,364.439,342.915
YGR261C,190.035,169.207,172.9,1019.27,1063.34,1074.85,1601.05,1694.54,1758.74,1780.87,1702.49
YML097C,175.288,177.831,180.34,630.546,693.422,616.536,858.47,860.602,934.05,811.737,832.8
YMR296C,191.184,159.074,183.411,1315.82,1380.66,1347.58,2126.64,2186.63,2290.58,2384.98,2270.57
YOR221C,183.092,162.747,188.126,744.289,790.607,767.766,1092.21,1189.99,1172.82,1305.69,1301.97
YDR122W,179.927,178.198,176.104,801.984,834.954,819.325,1292.55,1346.75,1428.04,1527.93,1496.52
YKL062W,194.731,176.179,163.479,517.514,589.94,548.726,766.982,822.624,889.469,998.319,1060.44
YPR032W,179.235,162.79,192.443,883.823,962.855,944.771,1473.47,1492.81,1567.64,1824.26,1861.1
YPR073C,180.602,180.863,173.009,395.48,448.622,450.545,677.881,701.649,747.53,807.797,866.832
YBR137W,185.929,176.3,172.39,424.595,476.829,459.186,649.137,667.75,721.935,709.431,734.116
YPL263C,180.672,169.412,184.912,814.848,911.227,884.943,1350.84,1338.84,1488.66,1651.46,1732.71
YBR244W,183.986,179.017,172.179,393.751,465.753,468.941,670.2,727.357,754.754,874.549,824.941
YKL047W,214.874,141.039,179.504,1112.6,1213.9,1240.7,1870.4,1908.72,2043.93,2275.6,2215.17
YNL023C,201.285,153.077,181.78,530.348,609.157,557.875,766.427,717.374,841.473,698.681,768.754
YBL057C,186.073,152.16,198.637,838.119,1006.88,901.602,1530,1383.2,1698.1,1435.83,1573.84
YNR033W,197.705,164.877,174.822,844.646,914.926,856.72,1378.52,1416.33,1513.69,1614.81,1697.25
YGL197W,185.651,169.355,182.943,910.565,962.627,890.713,1248.8,1287.41,1463.06,1501.39,1590.48
YER063W,168.672,188.093,181.276,484.88,488.6,525.383,566.383,633.787,610.631,575.492,579.719
YER134C,186.208,170.824,181.163,558.138,622.144,578.543,874.828,971.601,1023.86,966.024,972.49
YLR086W,178.204,166.28,194.635,706.4,767.978,713.824,992.192,975.376,1103.65,1028.96,1026.97
YGL050W,173,181.124,185.188,623.431,647.672,655.955,767.086,825.34,815.561,822.362,800.123
YML075C,187.931,159.993,191.462,1821.1,2054.88,1956.78,3644.61,3592.91,4078.37,4276.45,4457.96
YJL131C,184.627,182.488,172.498,940.036,1037.41,947.796,1423.04,1529.43,1581.4,1506.6,1527.86
YNL147W,171.292,192.238,176.64,581.761,565.528,571.32,802.015,905.488,867.863,934.813,900.629
YDR087C,194.365,148.923,197.368,871.33,953.328,848.12,1189.57,1094.79,1230.64,1105.39,1219.76
YHR199C,179.076,171.242,190.569,725.497,828.883,771.931,1539.43,1594.47,1749.8,1925.83,1957.16
YNL209W,170.767,178.624,193.286,531.505,556.731,574.882,730.123,827.344,817.522,879.226,851.104
YBR283C,187.061,171.872,184.123,1422.06,1555.89,1444.43,2052.09,1915.86,2131.24,1632.01,1750.1
YPL118W,187.444,187.214,168.423,658.347,587.042,669.545,852.485,1071.84,913.13,1012.47,919.656
YCR035C,195.447,169.964,177.885,547.218,615.423,557.877,686.629,696.037,760.882,715.902,792.071
YOR090C,197.663,178.403,168.138,457.886,506.663,492.657,722.288,744.114,774.957,740.739,783.224
YLR045C,180.43,189.016,174.984,598.977,548.129,595.19,810.322,934.655,843.948,1058.91,941.222
YBR151W,184.213,165.938,194.38,604.304,725.988,673.458,1399.17,1347.97,1651.88,1907.38,2093.09
YNL192W,197.599,168.919,179.855,505.265,545.25,520.609,894.741,802.066,979.869,1544.42,1494.14
YDR303C,186.588,177.874,182.504,920.914,964.287,953.146,1131.99,1157.92,1227.32,1100.2,1170.42
YIL105C,190.766,172.072,184.248,512.494,569.145,561.691,839.412,841.64,900.901,1018.55,1050.06
YJR103W,192.777,169.543,185.496,1047.34,1113.09,1087.76,2418.98,2571.19,2730.11,3594.46,3665.08
YHR132W-A,206.32,152.469,189.039,380.625,474.606,389.896,599.216,565.593,697.067,555.486,663.503
YJL073W,183.742,173.309,191.455,1397.49,1526.8,1370.46,2329.6,2326.48,2518.49,3096.23,3253.69
YCR073W-A,190.263,186.284,174.111,600.813,609.083,661.748,909.764,1034.59,973.592,1105.41,959.857
YGR184C,196.405,167.43,186.856,1286.84,1338.27,1282.37,2104.74,2229.57,2360.03,2880.57,2897.29
YML127W,186.824,172.03,192.11,894.489,903.177,878.991,1028.16,1124.09,1123.21,1060.74,1012.04
YBR014C,191.438,168.813,191.201,632.443,669.381,652.466,798.728,771.765,848.455,626.627,696.105
YLR144C,197.209,165.5,189.128,979.563,1050.2,1033.99,1689.78,1705.18,1868.9,2061.38,2118.85
YBR052C,191.376,169.881,191.606,598.857,603.843,640.938,784.653,898.213,868.378,831.348,850.556
YNR022C,183.654,197.307,171.906,464.244,448.747,518.81,577.871,675.877,593.965,589.676,514.728
YNR054C,182.42,200.225,170.621,1009.5,901.11,1094.79,1443.85,1942.56,1516.86,1879.8,1426.83
YNL197C,183.855,184.183,185.439,364.429,367.217,370.902,439.031,461.148,475.297,494.122,500.962
YPL199C,187.405,199.566,167.118,735.1,742.093,769.219,764.847,796.224,837.121,767.572,717.216
YDR312W,198.152,177.015,179.229,664.973,713.332,698.575,1060.33,1104.07,1210.59,1418.47,1438.51
YKR031C,181.855,182.2,191.07,548.903,530.046,577.591,801.7,879.242,849.359,916.518,866.335
YFL034C-A,186.714,178.009,190.565,669.909,727.621,711.44,1091.27,1158.55,1217.31,1201.87,1270.61
YML012W,180.507,177.629,199.285,601.318,600.77,577.286,933.508,998.807,1074.82,1068.77,1141.76
YDR391C,181.605,167.521,208.462,828.422,853.016,917.43,1865.07,2053.21,2028.17,2923.99,2773.49
YGR093W,196.56,184.613,177.328,737.121,801.217,782.009,874.249,933.699,930.756,728.181,746.226
YPR131C,188.593,178.059,191.957,674.688,726.741,725.812,1022.4,1051.1,1091.71,1203.76,1244.63
YER169W,181.445,181.248,197.465,663.24,666.035,662.855,924.13,948.66,1031.29,916.855,1022.19
YDR117C,194.895,179.276,186.182,683.651,698.208,718.478,1061.24,1181.16,1143.94,1337.95,1327.78
YPR048W,199.936,173.602,187.971,896.804,979.633,926.885,1303.98,1371.85,1393.61,1401.68,1451.51
YGR220C,194.197,173.557,194.265,577.048,636.342,606.078,811.682,828.344,924.802,668.707,732.393
YLR090W,188.267,181.147,193.133,941.956,936.958,954.319,1388.16,1517.57,1560.48,1626.76,1612.01
YER183C,201.454,184.169,177.365,512.65,561.15,518.123,687.208,712.955,792.563,763.663,825.685
YER014W,187.421,188.287,187.509,802.45,897.24,861.544,1411.32,1494.7,1643.65,1789.46,1847.48
YLR039C,200.046,161.624,201.57,1176.72,1372.81,1187.98,1834.32,1721.89,2022.35,1910.31,2236.78
YPL123C,183.113,182.58,199.883,572.135,600.318,594.745,945.278,1011.33,1005.98,1216.02,1213.44
YMR184W,183.015,197.372,185.75,822.259,764.087,855.354,972.905,1156.79,1051.89,1152.11,1033.88
YGL062W,200.816,164.474,201.648,791.481,934.026,846.486,1242.59,1222.39,1430.52,1440.92,1571.09
YGR179C,202.75,172.77,192.04,644.039,645.966,628.213,876.724,915.698,983.726,999.458,1055.48
YJR068W,188.962,169.057,209.723,805.17,897.796,815.563,1317.8,1253.88,1516.15,1471.71,1622.92
YLR413W,180.06,187.8,200.415,1047.54,1091.23,1051.06,920.563,850.617,964.597,605.609,574.33
YPL116W,201.791,175.352,191.611,609.158,726.37,645.506,1035.41,965.205,1158.33,1240.93,1410.32
YDR097C,194.701,178.283,196.001,613.45,673.673,693.017,853.445,898.985,971.977,904.646,931.361
YCR028C-A,212.524,170.978,188.18,433.401,473.435,429.896,538.47,509.125,614.642,458.283,526.812
YDL052C,181.799,192.805,197.366,1880.71,2064.01,1939.41,3296.88,3355.92,3656.28,3683.22,3851.14
YIL005W,202.438,175.293,194.49,1109.98,1152.36,1109.73,1536.35,1586.3,1646.96,1640.52,1622.07
YCR016W,200.239,176.163,195.936,607.281,645.098,605.304,857.178,873.198,996.944,840.323,854.53
YDR138W,198.95,173.219,200.225,1121.02,1210.34,1153.74,1613.72,1569.15,1744.36,1589.73,1788.22
YPL104W,192.256,194.533,185.634,1043.16,1084.93,1121.26,1613.97,1711.15,1784.7,1567.87,1592.79
YEL056W,202.672,167.74,202.628,446.778,500.009,469.733,642.914,641.146,735.706,669.782,698.325
YOR294W,201.193,180.136,193.34,748.138,889.671,846.141,943.548,987.334,1078.38,928.187,951.261
YGR255C,202.794,185.351,186.808,785.701,817.338,834.799,1364.56,1433.21,1475.34,1450.92,1446.93
YJR067C,196.111,192.326,186.985,643.756,709.645,685.498,864.416,910.166,978.553,765.577,806.749
YJL141C,189.893,183.132,202.758,868.253,929.482,945.539,1681.94,1742.38,1843.34,2188.36,2227.02
YLR146C,205.383,176.33,194.193,554.401,574.574,568.726,736.918,742.734,791.728,747.666,796.764
YGL004C,191.585,202.498,182.163,844.768,777.156,890.473,1026.72,1211.27,1112.36,1148.55,1032.61
YER099C,205.436,183.829,187.149,623.14,655.18,629.99,931.791,1003.6,1061.65,1071.92,1139.5
YKR021W,199.479,185.217,192.411,724.738,796.407,778.751,1175.02,1192.19,1352.2,1331.68,1406.37
YOR373W,193.668,179.957,204.088,284.741,301.434,306.754,280.697,291.682,328.341,262.266,264.91
YBR162C,199.011,181.978,198.131,308.013,354.032,346.816,676.232,690.066,760.879,1041.67,1021.51
YBR073W,215.284,167.858,196.082,1246.26,1264.58,1246.59,2406.31,2540.99,2677.78,2940.83,3056.15
YOR238W,195.417,182.097,201.827,1254.08,1300,1306.12,2137.28,2297.33,2337.61,2626.56,2545.77
YLR345W,190.169,197.204,192.192,1041.27,1106.02,1102.15,1730.64,1876.7,1829.58,2256.14,2086.83
YML131W,196.587,184.648,198.471,1129.02,1165.21,1163.68,3019.08,3299.98,3287.23,5174.24,4886.87
YBR231C,203.428,188.2,188.698,529.043,558.873,531.647,566.786,584.65,617.457,453.716,478.933
YDR400W,193.242,192.955,195.195,818.745,807.635,865.315,1134.33,1235.47,1209.19,1402.57,1379.3
YKL088W,203.655,185.156,192.665,628.793,699.882,647.959,934.752,948.369,1095.96,1036.67,1132.48
YOR227W,201.695,188.893,191.029,930.962,1012.94,960.469,1454.87,1552.51,1575.87,1738.63,1825.42
YHR111W,207.304,179.321,195.395,766.367,836.396,755.799,1148.17,1149.64,1291.1,1235.31,1288.84
YDL021W,203.587,158.146,220.901,1281.86,1476.02,1291.84,3003.14,2987.7,3499.21,3819.13,4289.96
YLR074C,195.799,200.777,189.825,838.536,791.171,854.726,857.572,1020.03,907.188,723.259,686.975
YOR043W,206.48,191.756,189.018,815.311,907.857,883.662,1275.78,1305.39,1395.23,1531.11,1578.05
YJL053W,205.067,169.915,212.985,982.864,1097.72,995.068,1729.92,1561.87,1854.19,1829.85,2120.4
YLR163C,206.129,183.201,199.529,567.083,617.458,571.833,829.341,829.679,910.178,792.373,838.22
YNL154C,204.054,171.174,213.796,938.916,1015.7,945.451,1389.49,1268.62,1513.35,1623.31,1608.49
YHR138C,197.884,184.519,208.777,397.016,448.726,428.207,1009.76,1190.02,1255.46,1788.11,1947.89
YOL023W,212.395,176.009,204.581,751.241,832.673,756.831,1333.47,1341.4,1485.52,1496.23,1583.24
YDR041W,198.86,201.737,192.909,567.186,625.549,596.01,769.681,816.738,854.445,656.797,747.377
YGR186W,214.153,181.508,198.524,958.143,917.914,978.367,1304.24,1478.48,1396.24,1498.48,1419.42
YPL030W,217.577,174.883,204.996,652.716,732.641,687.797,1019.61,1101.27,1155.2,1194.01,1265.78
YLR149C,211.134,194.573,192.089,323.145,357.578,333.792,616.09,640.654,674.594,752.225,789.628
YJL084C,201.524,196.038,200.353,903.889,930.246,887.785,1447.68,1478.47,1602.3,1447.73,1595.57
YJL140W,207.312,200.242,190.366,602.576,634.961,638.105,709.071,761.118,799.149,659.159,644.615
YBR260C,204.658,190.723,204.865,995.064,1027.42,1027.66,1391.4,1453.32,1539.5,1725.84,1708.9
YOR163W,201.251,188.651,210.752,555.831,575.27,605.456,935.815,952.724,998.403,1088.54,1070.44
YGL151W,203.267,189.348,208.182,1366.66,1507.89,1396.51,2313.73,2250.23,2510.67,2394.68,2535.94
YBR123C,206.092,187.14,207.707,816.519,877.028,834.557,1051.35,1083.2,1195.85,1156.76,1219.36
YNR015W,213.366,193.429,194.236,812.838,814.935,885.194,1029.37,1103.7,1101.07,1021.7,981.601
YDR376W,212.097,178.136,210.838,882.483,999.23,883.744,1617.25,1561.87,1807.13,1829.84,1932.65
YPL249C,203.354,189.511,208.889,1065.92,1072.04,1104.9,1749.47,1865.18,1893.57,2020.83,1991.1
YNL183C,210.491,189.287,202.754,733.827,761.733,724.493,873.441,876.244,919.607,838.958,890.181
YMR061W,217.724,179.363,206.19,1379.59,1435.55,1411.86,2199.7,2305.7,2423.56,2492.02,2481.72
YOL030W,205.807,181.698,217.571,433.064,473.925,455.57,754.685,734.186,860.304,965.362,889.351
YGR274C,204.896,196.568,203.681,789.956,868.201,818.82,1029.49,1050.33,1173.63,1112.88,1139.4
YBL056W,219.84,188.722,196.612,501.452,569.246,525.69,853.345,855.484,981.326,974.301,1115.34
YKL018W,209.073,182.304,213.835,578.752,661.812,596.091,841.433,811.961,946.052,814.149,908.642
YBR041W,201.523,196.18,208.899,1267.1,1349.44,1384.01,2503.34,2530.84,2664.56,3218.23,3153.45
YAL059W,206.969,183.184,216.545,726.754,843.441,738.031,1114.19,1115.94,1318.78,986.198,1093.53
YGL189C,179.88,220.735,206.295,946.886,802.778,1144.06,1397.36,1876.06,1456.28,2164.5,1549.44
YGR205W,197.798,211.097,198.047,942.391,891.913,954.333,1297.28,1577.21,1363.98,1489.67,1332.46
YNL236W,213.188,193.333,200.646,1706.17,1786.35,1767.04,2700.93,2816.23,2891.54,3133.05,3152.01
YBR280C,216.138,188.601,202.535,638.605,672.884,674.814,1226.49,1336.04,1363.78,1659.3,1661.17
YDR175C,201.027,199.915,207.478,527.753,596.018,586.423,763.041,806.249,826.171,785.558,824.377
YOL088C,210.76,177.962,220.476,1080.76,1222.74,1176.07,1873.16,1813,2034.08,2002.64,2175.79
YBR252W,215.569,177.084,216.721,432.628,488.9,448.03,594.939,570.072,680.386,555.802,641.39
YGR017W,206.893,203.467,199.125,656.703,728.117,738.311,1001.42,978.128,1047.29,987.731,1084
YOR111W,218.013,181.774,211.001,555.558,616.038,557.584,816.689,789.539,886.587,711.476,783.105
YML004C,204.132,214.487,192.206,210.211,217.03,226.725,191.269,216.505,213.858,221.224,215.648
YPL110C,204.833,187.978,218.457,1337.26,1436.7,1423.39,3189.43,3313.21,3408.03,6546.52,6491.52
YAL043C,207.984,183.806,219.877,1488.94,1567.45,1552.56,2048.33,2151.53,2292.82,2242.19,2336.99
YAL029C,196.605,191.468,224.61,1632.26,1616.01,1739.74,2745.27,3019.15,2974.11,3478.73,3253.51
YPR097W,198.736,202.528,211.668,1157.07,1221.87,1203.34,1696.29,1817.97,1885.9,1981.92,1922.82
YLR287C-A,209.789,207.876,195.38,1123.75,1111.67,1165,1674.1,1855.36,1795.9,1954.22,1875.1
YDL181W,207.662,175.022,230.737,378.441,464.229,421.27,630.713,591.531,679.944,669.63,694.758
YJL186W,204.775,172.007,237.436,1664.94,1824.46,1640.43,2542.59,2513.74,2808.2,2646.85,2836.85
YPR171W,203.614,193.072,217.848,563.353,629.506,616.109,744.095,715.155,825.588,713.222,767.866
YMR115W,216.876,188.688,209.376,1018.68,1142.03,1071.66,1707.5,1787.65,1848.4,1958.08,2031.74
YKR020W,195.566,195.875,224.086,652.12,652.811,642.456,730.49,783.756,778.989,635.38,611.8
YGL087C,193.196,216.665,206.826,747.613,672.044,814.182,1035.76,1354.23,1138.64,1189.27,953.007
YIL036W,215.121,193.176,209.982,776.125,862.902,888.755,1163.08,1206.3,1305.7,1253.24,1259.28
YDR434W,220.388,178.262,219.814,1476.4,1678.96,1494.18,2585.21,2405.13,2874.13,2803.56,3098.76
YJL104W,219.812,192.596,206.257,648.511,722.578,663.235,1072.43,1061.7,1212.76,1118.42,1151.64
YBR059C,207.955,205.548,205.176,966.854,999.571,1031.87,1503.29,1550.42,1604.8,1576.13,1548.94
YHL002W,212.566,196.268,210.215,732.192,765.112,823.343,1091.85,1239.78,1187.76,1259.26,1200.42
YOL090W,211.545,200.858,207.024,1109.3,1171.46,1153.37,1654.71,1682.25,1775.85,1835.62,1847.81
YLR181C,217.917,195.354,206.366,770.65,850.652,794.241,1225.64,1232.86,1325.29,1131.01,1170.31
YBR017C,204.598,188.506,226.589,1316.59,1475.5,1381.65,2174,2157.6,2353.71,2446.45,2667.27
YDR505C,205.202,201.83,214.275,544.047,562.745,569.965,857.74,878.013,950.757,1044.12,1121.55
YLR276C,215.67,193.159,213.323,1015.07,1106.02,1039.32,1706.31,1734.79,1908.93,2104.62,2176.12
YBR139W,208.272,200.815,213.257,578.189,588.175,645.277,1096.63,1258.32,1189.78,1433.14,1368
YMR247C,219.934,191.201,212.056,1664.15,1787.91,1720,2776.28,2836.33,3102.29,3351.46,3530.59
YMR170C,209.069,188.569,225.802,776.457,839.486,870.189,2094.74,2336.95,2357.12,4698.07,4382.64
YJR130C,210.877,198.331,214.263,818.211,919.2,920.619,1888.27,1962.14,2102.74,2682.68,2760.75
YOL031C,216.857,204.34,202.384,756.654,807.046,784.24,1197.05,1198.52,1262.04,1645.79,1675.65
YGR208W,217.307,187.866,219.027,578.305,687.487,603.383,1007.7,970.157,1154.01,1086.84,1255.79
YPL214C,220.273,205.597,198.353,1230.44,1287.95,1328.32,3333.98,3694.29,3544.32,6155.48,5616.41
YMR158W,216.196,209.811,199.598,648.739,669.632,707.416,834.7,915.805,892.985,803.659,806.75
YER164W,209.536,193.684,222.85,1152.98,1207.28,1185.5,1623.56,1730.65,1795.78,1643.62,1683.1
YMR276W,219.618,176.962,230.003,512.137,592.663,499.308,650.034,615.444,707.973,439.231,530.675
YLR055C,229.4,191.566,205.705,478.107,524.82,497.48,597.815,579.073,683.281,544.909,554.087
YHR088W,198.139,218.825,209.88,871.143,827.012,900.692,972.517,1120.66,1027.72,1000.09,954.194
YLR300W,195.033,225.843,205.976,110.51,125.076,119.904,245.256,250.153,255.387,282.918,298.611
YGL164C,209.86,207.458,209.774,720.939,812.126,782.442,1120.1,1111.8,1204.98,1158.62,1232.37
YDR490C,218.03,189.807,219.512,1147.71,1211.59,1160.16,1934.84,1926.79,1984.15,2064.8,2140.52
YPL207W,212.012,196.188,219.183,1600.96,1713.33,1721.01,2456.31,2407.45,2653.66,2184.94,2219.38
YKR080W,216.826,192.745,218.357,926.085,997.496,937.796,2217.42,2385.88,2644.3,2894.54,3125.53
YOL055C,215.452,188.739,225.447,1397.94,1611.87,1463.51,4385.75,4410.08,4841.95,9288.25,9912.99
YGR037C,209.921,225.139,195.984,408.766,371.916,438.145,672.774,938.781,822.388,1019.97,1014.99
YKR052C,223.747,177.453,230.783,638.13,771.231,636.58,1338.75,1256.59,1467.55,1526.68,1675.6
YGL232W,214.615,202.91,215.015,1012.74,1079.41,1077.33,1507.65,1604.35,1704.02,1750.97,1752.47
YDL148C,222.969,187.796,222.151,1217.27,1268.96,1198.38,1794.4,1812.93,1898,2073.69,2098.81
YLR118C,218.957,194.567,219.496,664.244,745.846,719.515,1344.21,1324.25,1540.83,1528.06,1608.69
YDR020C,225.498,203.505,205.388,587.097,597.443,570.807,685.611,718.083,733.051,657.039,658.814
YBL023C,225.73,211.864,196.967,619.304,677.751,627.39,793.1,815.617,854.127,881.062,950.444
YDR289C,206.727,211.127,217.132,752.607,826.923,791.617,1199.57,1295.38,1334.37,1255.81,1300.17
YNL161W,196.823,206.532,232.351,1051.67,1087.6,1041.56,1739.27,1899.66,1968.03,2429.4,2498.91
YDL182W,217.699,211.467,206.655,511.08,500.061,510.717,815.487,990.456,964.037,917.069,912.561
YKL013C,200.748,202.389,233.903,779.429,803.582,842.964,1395.56,1476.95,1463.26,1730.12,1697.69
YHR094C,226.483,193.98,217.981,1040.89,1121.91,1119.98,1181.99,1034.33,1268.96,1094.42,1096.02
YGL035C,225.8,193.601,219.876,461.612,520.232,500.564,554.71,523.763,641.363,443.641,454.872
YLR119W,219.35,213.727,206.287,561.447,581.784,574.808,591.998,648.866,700.491,550.867,514.722
YML125C,229.362,194.764,215.457,1578.01,1709.43,1612.17,2620.92,2553.4,2866.22,2585.63,2734.44
YIL173W,218.043,191.906,230.37,1735.63,1908.94,1845.76,3749.83,3668.16,4035.33,6564,6905.35
YER172C,221.401,201.313,218.128,1562.91,1644.04,1672.49,2480.51,2611.43,2758.19,2813.29,2854.45
YDR527W,221.41,207.514,213.547,842.861,915.348,845.722,1292.63,1302.33,1388.93,1494.54,1525.24
YOR158W,220.043,193.223,229.361,868.602,974.915,905.232,1155.54,1168.67,1326.32,870.989,968.135
YGL055W,226.004,203.149,214.716,1699.42,1775.86,1781.27,2251.35,2267.39,2434.22,2005.28,1969.09
YNL224C,211.591,211.267,221.071,1003.69,1061.39,1038.77,1591.7,1669.91,1746.3,1698.15,1741.89
YHR135C,228.029,188.237,228.332,961.105,1114.21,952.812,1477.38,1259.01,1580.57,1554.89,1691.19
YMR183C,231.855,191.386,221.56,660.496,719.176,700.701,889.059,817.708,1004.86,907.663,911.518
YMR266W,213.275,193.635,238.994,667.316,730.331,667.41,709.935,679.01,782.214,844.53,809.317
YER048W-A,219.896,193.282,232.858,593.597,772.92,639.277,1198.15,1088.81,1340.96,1385.03,1608.16
YHR025W,216.173,199.932,231.682,1014.76,1090.1,1102.73,1746.46,1823.09,1932.45,2040.81,2063.57
YNL308C,236.289,188.221,224.113,625.467,691.569,624.625,989.054,943.212,1086.65,1122.2,1186.24
Q0140,237.856,202.988,207.888,735.12,772.241,760.756,1106.53,1128.17,1194.78,1234.41,1275.64
YBL026W,226.479,212.098,210.637,461.731,467.214,487.574,725.275,784.424,783.339,892.186,878.232
YGR028W,229.689,208.719,211.798,1097.54,1096.25,1087.27,1643.11,1843.99,1852.37,1844.39,1838.36
YMR074C,198.495,254.849,197.216,731.817,612.44,801.563,987.168,1386.95,1058.17,1313.66,1051.95
YHR034C,220.93,208.308,221.488,934.004,1017.15,982.204,1385.16,1426.54,1490.52,1514.99,1491.85
YOR132W,214.79,211.828,224.154,820.275,870.642,844.325,1490.79,1603.9,1583.74,1988.07,1931.86
YNL229C,230.075,212.282,208.563,682.189,780.386,734.599,1177.77,1171.85,1204.24,1385.73,1374.51
YFL038C,217.132,223.52,210.442,1470.5,1351.79,1579.13,2116.2,2526.78,2295.91,2785.74,2425.8
YGR277C,225.573,212.274,214.277,915.727,985.028,944.016,1525.29,1537.22,1681.12,1805.92,1870.22
YPL082C,208.591,203.544,240.191,1027.25,1085.71,1032.05,1402.63,1427.34,1550.81,1669.6,1789.37
YHR046C,224.11,185.265,244.495,835.263,932.306,912.285,1545.77,1543.39,1700.4,1746.75,1877.93
YKR038C,215.023,205.901,232.962,883.478,913.322,949.309,1323.26,1401.9,1455.81,1444.39,1516.08
YCL045C,242.23,170.056,241.811,1950.79,2241.57,1957.76,3881.01,3558.78,4278.06,4069.64,4457.38
YBR097W,203.466,249.282,202.216,796.236,702.333,877.225,930.775,1164.19,995.448,1175.05,1004.32
YHR112C,225.677,207.856,221.929,1029.6,1127.07,1068.5,2185.71,2056.58,2368.71,2845.1,3001.62
YNL091W,226.392,194.431,235.19,768.575,853.233,781.844,1205.31,1159.98,1303.24,1203.73,1284.83
YFL047W,226.578,202.667,227.453,920.327,953.376,976.935,1247.12,1295.99,1342.56,1460.72,1463.65
YHR065C,225.107,197.847,236.683,1357.65,1483.59,1389.08,2491.26,2429.22,2795.62,2982.85,3182.8
YFL010C,232.898,208.814,218.06,524.089,611.88,553.677,1043.34,1072.44,1260.98,1096.39,1169.4
YPL001W,226.418,213.467,221.229,957.707,997.196,978.482,1325.72,1388.68,1484.19,1486.35,1568.15
YCL001W,237.199,195.276,229.678,1210.24,1389.64,1289.09,1879.99,1791.56,2024.19,1895.21,2050.25
YGR027C,230.246,206.617,225.887,785.254,828.267,824.817,1516.52,1616.15,1679.29,2236,2246.97
YOR138C,238.555,208.808,216.865,795.404,881.918,858.502,1298,1282.3,1490.47,1329.55,1380.42
YBR029C,233.049,202.701,230.879,664.608,772.829,711.429,954.633,856.12,1009.72,815.348,964.809
YHR115C,224.295,214.415,228.36,772.301,802.777,776.075,1094.5,1124.46,1156.76,1172.61,1194.19
YOL149W,225.806,225.009,216.437,532.455,521.162,558.722,631.97,764.999,697.417,766.398,703.208
YGL212W,222.074,216.404,229.407,695.443,720.285,732.64,955.606,1047.16,988.491,1102.65,1028.39
YER146W,229.322,217.176,221.751,392.498,448.46,417.269,549.549,535.555,627.462,581.25,668.085
YPR086W,234.996,206.789,227.301,737.148,868.482,779.361,1397.73,1433.33,1500.08,2081.83,1950.77
YIR001C,217.127,220.131,232.604,953.854,907.308,983.95,1216.77,1366.79,1300.57,1278.86,1236.43
YGL191W,243.737,209.108,217.141,536.939,616.648,545.72,780.073,756.093,825.211,666.734,744.612
YNL186W,236.055,206.995,227.114,781.71,860.444,825.103,1093.6,1144.06,1333.43,1109.04,1171.5
YMR237W,218.199,223.056,229.636,1298.17,1340.08,1335.41,2083,2081.5,2279.18,2513.39,2512
YLL015W,242.049,205.393,224.052,1444.7,1566.73,1542.42,2629.38,2650.3,2810.82,3394.1,3379.91
YEL002C,235.375,189.846,246.467,1477.19,1722.68,1547.37,2307.4,2154.58,2417.74,2170,2244.43
YNL222W,238.523,215.348,218.294,558.416,645.78,594.494,660.762,683.375,786.204,620.587,681.908
YDR156W,210.258,228.072,234.049,536.326,537.87,556.434,587.179,679.079,646.544,539.009,522.293
YPL049C,233.12,215.212,225.087,761.082,789.694,808.563,1062.58,1185.64,1155.34,1041.62,1007.77
YFR007W,238.047,206.177,229.265,1200.88,1269.77,1214.91,1829.24,1922.76,2052.25,1720.48,1765.84
YIR004W,217.424,246.841,209.366,689.056,657.71,756.914,938.211,1136.02,1006.18,1015.17,879.485
YGR009C,229.925,212.65,231.072,664.14,722.899,670.304,920.56,950.032,1018.58,849.42,900.705
YGR078C,246.615,213.789,214.039,532.915,605.554,578.203,704.636,717.878,808.055,560.162,611.336
YOL130W,238.96,198.339,237.397,908.279,983.596,937.797,1117.61,1039.76,1204.89,1149.78,1166.79
YHR072W,229.883,205.977,239.064,1168.81,1283.02,1215.67,1931.34,1992.68,2180.37,2379.1,2460.47
YOL094C,228.498,218.709,228.079,704.316,768.936,729.353,1182.73,1194.61,1329.59,1394.46,1377.5
YML025C,247.303,215.345,213.785,597.774,561.62,631.32,632.723,678.895,686.589,527.724,498.267
YOL082W,226.257,229.882,220.57,537.559,558.339,607.651,888.875,1046.79,960.159,1112.65,1033.61
YDL147W,237.433,203.684,237.932,1038.8,1133.2,1094.02,1896.2,1825.54,2072.14,2225.71,2344.95
YLR063W,226.867,218.276,234.061,1036.21,1076.01,1067.27,1363.37,1427.26,1524.03,1413.74,1419.5
YML093W,235.87,220.515,223.423,677.237,744.172,709.509,1029.65,1075.8,1161.17,1116.21,1190.13
YHR040W,235.408,210.866,234.007,829.526,962.544,885.811,1395.56,1311.39,1536.3,1427.91,1537.93
YMR241W,218.297,230.939,231.4,1410.31,1319.05,1591.93,2148.4,2657.99,2439.33,3199.93,2801.6
YDR320C,228.159,205.275,247.436,1035.14,1138.31,1059.36,1645.26,1688.3,1902.98,1778.39,1986.43
YKR074W,236.355,240.179,205.222,690.603,680.889,754.339,857.25,1029.98,847.398,911.021,804.674
YML130C,234.165,199.108,249.395,2742.09,2882.21,2935.86,4736.26,4743.91,5205.89,6187.18,6439.76
YOR357C,233.317,193.222,256.218,903.863,1093.82,990.764,1582.04,1582.6,1832.75,1762.51,1914.81
YKL012W,233.585,213.163,237.354,955.918,980.092,995.8,1447.06,1499.16,1530.93,1611.99,1623.28
YGR271C-A,240.886,233.494,211.852,965.096,894.731,997.899,1576.39,1787.3,1708.01,1787.12,1647.08
YDL205C,248.048,210.332,228.274,462.645,531.068,485.088,515.699,519.328,610.068,468.605,468.582
YDL101C,226.751,226.341,235.885,751.994,796.019,788.901,1513.79,1616.29,1779.04,2067.21,2195.78
YGL040C,241.902,219.995,227.177,844.852,853.734,852.621,1233.45,1282.07,1316.68,1256.91,1261.67
YDR283C,238.294,209.803,243.5,1329.43,1472.33,1403.23,2504.05,2622.92,2769.22,3358.56,3478.42
YOR020W-A,261.558,203.513,227.042,280.4,339.032,266.637,514.543,461.853,579.35,443.502,494.825
YDL074C,230.703,212.357,249.09,636.126,660.118,663.646,789.548,804.59,906.765,732.055,760.259
YPL195W,221.574,223.07,247.669,1602.33,1673.57,1640.35,2603.6,2754.84,2817.52,3038.07,3017.97
YPR165W,234.451,218.063,240.282,935.152,981.413,1016.05,1710.63,1685.64,1796.74,2342.72,2270.79
YNL040W,233.158,214.872,244.843,1003.77,1004.83,1017.85,1527.74,1568.17,1734.22,1758.46,1710
YJR009C,251.266,188.568,254.059,702.326,825.971,721.803,2083.8,1976.3,2363.98,2703.5,3025.91
YHR005C,245.601,210.394,238.048,890.59,1034.08,914.475,1188.3,1006.52,1327.6,1244.92,1406.88
YGL066W,232.033,213.833,248.486,752.663,831.611,791.715,1034.33,1082.83,1217.29,945.28,989.476
YBR172C,237.536,212.903,243.962,915.754,1020.15,926.219,1419.82,1376.36,1602.84,1406.22,1460.06
YOR220W,238.317,217.389,238.992,718.747,724.435,709.208,1305.39,1384.47,1413.52,1691.81,1711.04
YPL225W,242.406,196.504,255.978,848.875,939.372,902.346,1720.99,1656.84,1813.92,1985.28,2070.3
YGR012W,237.742,221.291,236.773,842.346,846.178,865.017,1200.51,1272.5,1284.61,1385.37,1418.27
YNL002C,242.132,223.052,231.332,912.411,970.746,960.505,1275.06,1353.83,1402.61,1195.81,1197.85
YBR281C,238.497,223.091,235.288,1142.75,1168.53,1195.25,1752.71,1870.45,1893.58,2020.94,1948.16
YPR175W,246.385,218.174,233.392,825.73,878.461,816.709,1161.04,1234.94,1222.55,1211.97,1235.73
YPL031C,238.72,214.909,244.384,849.688,885.809,840.29,1200.32,1284.19,1307.75,1303.52,1302.81
YLR418C,240.178,211.609,247.548,694.591,783.759,691.029,1009.84,1024.58,1179.73,1049.91,1166.52
YLR221C,251.669,203.204,245.25,609.47,755.444,635.574,917.648,822.756,1021.39,855.382,937.815
YBR176W,244.559,227.354,229.048,724.514,770.334,738.437,1056.75,1108.1,1196.99,1198.29,1193.96
YER174C,238.903,236.342,227.968,686.815,747.222,707.42,901.508,912.663,952.471,901.48,888.782
YJR132W,249.451,204.04,251.363,1634.92,1733.42,1672.14,2182.11,2263.88,2405.11,2399.8,2486.23
YCL028W,239.171,210.857,255.454,687.812,775.955,751.124,1186.29,1196.87,1324.86,1109.65,1185.13
YLR222C,237.534,209.266,260.252,842.629,937.261,915.643,1152.28,1175.66,1302.9,1221.8,1294.88
YDR348C,230.7,237.052,239.37,1094.86,1168.9,1145.56,1646.95,1751.91,1785.59,1683.88,1735.78
YJL088W,221.47,263.623,222.391,553.485,498.1,574.834,1552.25,1868.16,1554.78,2631.66,2269.45
YDR507C,246.805,219.808,241.277,993.984,1096.06,1072.57,1624.75,1671.71,1789.93,1798.05,1829.25
YMR110C,238.85,225.922,243.897,1600.12,1667.03,1714.9,3610.34,3762.85,3734.83,5175.08,4898.24
YDR398W,256.958,205.391,248.887,992.009,1055.79,1037.28,1390.52,1461.98,1514.27,1555.29,1543.09
YGR181W,231.837,239.405,240.208,745.179,763.115,838.313,1034.42,1182.91,1125.95,959.278,868.896
YDR239C,250.919,230.616,230.53,705.785,761.025,727.724,1113.2,1158.36,1246.44,1247.27,1304.03
YHR169W,251.553,223.14,237.611,934.023,978.299,971.168,1361.51,1449.73,1506.09,1605.82,1577.84
YFR050C,247.836,240.982,223.535,791.514,787.273,861.145,1175.09,1251.51,1227.98,1357.22,1364.01
YER126C,253.415,230.844,229.34,908.608,943.505,876.359,1296.16,1246.05,1429.86,1204.26,1258.3
YBR199W,238.735,210.164,264.726,1541.86,1728.43,1589.68,2888.67,2801.19,3187.18,3230.34,3508.3
YER114C,258.401,209.572,245.93,834.821,941.707,806.783,1206.02,1155.38,1270.14,1213,1347.23
YML111W,241.258,235.675,237.17,1235.52,1264.36,1299.19,1862.86,2001.42,1979.15,2215.36,2177.76
YHR197W,246.282,213.342,254.9,1377.56,1557.96,1392.65,2064.12,2039.95,2304.25,2192.96,2424.34
YKL143W,244.555,226.254,243.777,908.183,991.083,904.591,1363.36,1336.17,1558.43,1201.41,1255.97
YPL146C,247.113,233.061,234.625,971.797,995.983,960.086,1405.07,1517.25,1588.17,1588.72,1638.78
YDR356W,245.318,239.231,231.882,456.907,475.212,460.935,495.534,527.294,570.92,477.234,493.416
YPR091C,241.439,222.069,253.142,1846.23,1944.85,1858.1,2830.69,2825.65,2975.43,3039.36,3026.98
YGL073W,226.064,257.203,233.522,531.528,488.541,499.197,591.486,685.267,645.594,593.289,533.777
YKL041W,244.893,220.44,252.138,749.076,822.835,802.764,1117.79,1180.53,1253.62,1213.04,1218.41
YMR039C,265.653,223.229,229.188,1473.93,1540.49,1501.65,2553.77,2677.78,2802.13,3438.4,3588.89
YJR072C,245.345,232.163,240.576,952.649,1067.17,1040.99,1466.57,1489.5,1638.97,1575.34,1568.64
YKL135C,243.679,210.251,264.92,1302.67,1465.08,1335.14,2081,2026.32,2373.3,2383.6,2630.79
YGL228W,234.666,219.143,265.684,2020.34,2046.34,2190.88,3349.94,3547.28,3520.16,3783.65,3677.76
YOR123C,243.972,215.731,259.937,555.735,597.81,600.163,716.295,808.428,804.393,820.099,841.053
YOR196C,259.753,222.844,237.512,898.369,968.299,897.696,1416.67,1483.21,1548.04,1687.81,1805.98
YKR070W,253.572,217.753,250.146,1105.5,1173.29,1103.09,1779.78,1907.5,1916.39,1966.39,2021.31
YBR291C,235.239,243.902,242.346,1060.82,1062.45,1121.09,1624.63,1798.46,1705.67,2067.29,1979.69
YMR207C,243.022,215.959,262.695,1211.95,1364.04,1354.63,1856.93,1904.55,1992.58,1907.36,1961.6
YIL108W,249.887,212.502,259.402,1487.42,1645.65,1564.45,3555.93,3435.77,3919.07,5807.05,6181.57
YPR178W,243.699,232.629,246.078,624.015,696.915,665.247,760.225,769.016,889.834,730.368,764.191
YDR529C,246.978,209.319,267.314,603.248,719.582,645.348,948.001,933.392,1068.32,935.256,1019.53
YAL017W,249.366,229.514,245.294,1120.94,1245.31,1149.61,2022.8,2073.71,2286.33,2391.25,2480.69
YDL051W,235.999,237.65,251.116,1102.33,1160.38,1088.67,1672.48,1738.27,1837.7,1841.19,1938.87
YOR115C,246.586,218.47,260.788,828.5,904.035,798.517,1129.11,1041.7,1262.73,1135.19,1320.95
YDR294C,251.049,214.058,261.168,2572.04,2876.07,2728.45,5935.37,5909.96,6411.42,7853.86,7834.27
YGR281W,251.285,232.736,242.734,1205.88,1245.97,1243.75,1687.8,1582.14,1849.05,2065.85,2040.06
YGR270W,242.496,240.287,245.89,1158.38,1224.13,1201.67,1792.75,1937.92,2028.74,1951.23,2035.02
YDR044W,250.686,223.89,254.203,1168.42,1261.64,1323.22,2929.16,3018.19,3231.05,3531.65,3489.12
YDR141C,262.002,217.124,250.005,1623.49,1857.9,1640.14,2905.8,2707.21,3152.14,3396.9,3791.73
YDR508C,252.434,225.377,251.854,1284.87,1340.04,1322.56,1325.18,1395.18,1474.91,1122.19,1189.01
YBR087W,248.144,240.314,241.573,1216.39,1199.16,1235.6,1690.03,1794.12,1869.18,1978.15,1973.84
YKL194C,251.718,237.82,240.951,1020.59,1161.62,1058.12,1739.7,1838.01,1913.25,2029.79,2121.69
YDL201W,269.364,203.856,257.288,954.278,1040.03,940.578,1181.52,1284.5,1336.66,1215.56,1283.41
YOR336W,263.184,222.48,245.427,1867.06,2005.6,1902.9,3052.27,3024.37,3295.13,3527.78,3630
YAR002C-A,267.282,190.275,273.98,1131.69,1435.29,1205.4,2196.41,1856.77,2448.61,2044.4,2548.02
YNL039W,250.802,230,251.079,664.86,767.236,715.091,817.771,850.07,919.858,818.766,910.128
YGL112C,254.177,230.597,248.211,1275.92,1311.65,1231.54,1654.44,1786.1,1791.52,1624.02,1623.92
YHR205W,245.076,235.989,252.211,1043.32,1223.86,1117.67,1838.56,1795.83,2146.91,2026.79,2265.86
YHR200W,256.079,247.75,230.576,719.187,743.447,797.146,890.852,987.05,964.211,821.439,708.701
YKL106W,241.055,235.738,259.423,893.069,1006.69,960.213,1504.67,1527.96,1688.02,1988.82,2056.73
YMR024W,251.537,240.268,244.706,933.703,911.208,972.284,1210.16,1366.84,1341.05,1244.35,1139.7
YIL070C,259.955,198.816,279.324,535.595,687.856,606.339,907.979,828.676,1100.82,785.028,841.657
YPL204W,244.069,247.509,247.698,1089.2,1101.74,1103.8,1444.11,1575.22,1593.26,1503.88,1503.93
YJL176C,253.757,254.928,231.738,469.95,490.271,491.199,454.558,478.516,486.682,428.321,393.701
YOR014W,243.898,236.649,261.032,1464.17,1470.97,1452.34,2445.32,2661.54,2641.96,2909.45,2897.96
YAL019W,241.623,254.796,245.532,1055.82,1057.26,1089.84,1374.84,1478.3,1434.07,1547.36,1477.09
YER120W,256.691,213.62,273.675,1504.77,1670.22,1525.23,2462.24,2303.4,2673.45,2239.72,2538.91
YDR308C,272.287,202.596,269.647,458.705,558.641,487.096,571.069,511.063,659.846,404.346,464.12
YDR049W,259.519,222.298,263.577,864.607,966.083,854.967,1225.96,1220.72,1369.42,1292.64,1528.76
YGL082W,248.282,235.35,262.082,669.208,726.728,679.503,1111.25,1090.27,1269.77,1320.8,1395.02
YBL016W,253.426,248.764,245.033,948.023,969.749,913.503,1399.8,1440.77,1494.61,1573.55,1609.37
YGL120C,254.535,229.933,263.502,1385.05,1432.68,1434.46,2251.38,2319.26,2409.91,2584.4,2562.07
YLR206W,254.052,233.646,264.194,688.828,746.311,726.94,1130.17,1171.9,1238.31,1374.08,1431.6
YOR112W,277.473,208.031,266.496,1646.59,1847.33,1691.35,3072.51,3014.26,3460.86,3590.63,3892.55
YML062C,258.483,261.202,233.611,659.354,706.699,706.297,883.573,968.509,990.608,975.26,976.825
YGL244W,258.045,236.217,259.982,928.35,960.898,916.682,1199.35,1215.65,1268.04,1224.94,1243.54
YDR135C,263.888,231.664,258.754,2668.04,2789.24,2689.11,5157.61,5279.51,5476.56,6762.49,6905.71
YHL030W,264.944,214.475,275.357,2296.59,2362.11,2446.88,3653,3884.61,4035.58,4503.97,4528.88
YNL108C,267.051,242.196,246.063,526.722,599.432,576.959,620.686,668.158,725.137,622.713,607.41
YNL157W,268.257,224.802,262.38,581.811,612.217,607.071,889.231,923.763,962.433,964.361,1070.74
YNL052W,275.031,234.129,246.86,537.992,570.575,553.883,558.005,578.416,592.993,552.071,539.937
YLR262C,242.577,248.607,265.072,1210.68,1339.74,1239.2,1910.97,1893.78,2036.04,2093.72,2190.01
YPR161C,242.931,244.619,268.804,1244.38,1289.88,1294.62,1830.28,1911,1987.58,2067.14,2185.24
YOL084W,265.186,247.764,243.738,227.374,268.779,239.765,252.156,247.09,243.672,1198.9,1140.6
YER087W,245.22,246.361,266.297,1056.76,1076.83,1120.21,1776.04,2013.57,2025.63,2159.67,2141.71
YBR236C,258.916,244.71,254.429,1105.62,1154.72,1113.77,1498.37,1600.98,1663.42,1693.05,1784.86
YPL115C,257.018,242.347,258.697,832.469,859.359,827.918,1062.97,1076.43,1184.35,979.994,1031.77
YBR202W,264.266,235.296,259.938,875.887,916.225,919.062,1167.14,1230.91,1355.52,1239.58,1293.45
YOR254C,261.987,223.337,274.304,2909.14,3008.28,3164.33,4751.52,4764.84,4953.92,4964.19,4958.67
YML103C,261.635,231.756,266.238,2349.42,2542.96,2436.99,4139.2,4167.56,4473.24,4833.33,5076.44
YJL061W,253.25,261.105,247.282,1014.37,1012.43,1085.66,1308.76,1470.48,1481.05,1439.22,1403.56
YER027C,263.237,236.501,262.344,652.599,751.957,682.664,974.268,952.677,1074.12,981.82,1069.72
YBR229C,255.922,238.309,267.928,1470.16,1683.87,1516.61,2635.14,2485.63,2840.29,2552.93,2908.42
YIL074C,275.375,225.006,261.967,792.2,893.58,766.98,1116.8,1062.8,1279.18,864.471,973.82
YBR081C,256.47,237.053,269.639,1174.47,1191.85,1176.64,1672.21,1709.09,1810.73,1792.2,1776.15
YGR008C,277.75,253.397,233.171,330.98,338.677,361.627,427.593,449.501,464.077,498.889,469.145
YML036W,248.285,260.881,255.921,709.674,777.091,714.744,1108.29,1170.87,1240.48,1207.51,1258.5
YBR085C-A,230.205,292.045,243.229,567.278,513.527,621.828,699.291,947.491,796.016,931.446,726.746
YNL207W,250.467,256.085,258.98,866.455,899.718,917.388,1228.88,1343.26,1318.33,1211.15,1138.05
YDR093W,262.56,235.628,267.355,1627.78,1748.02,1673.48,2327.5,2251.7,2560.69,2326.83,2408.53
YAL016W,265.15,230.235,272.285,1416.68,1523.84,1504.14,2404.82,2470.16,2584.31,2642.62,2802.17
YFL048C,277.75,241.682,249.02,1784.56,2029.5,1822.85,2906.51,2873.44,3274.09,3161.78,3434.86
YGR267C,262.443,245.383,260.652,717.62,777.495,719.002,1145.49,1171.66,1267.57,1247.69,1332.13
YGL167C,250.345,282.016,238.102,1944.1,2190.14,2051.1,3110.9,3020.03,3450.22,3207.35,3475.08
YPL055C,264.61,247.807,258.699,505.229,518.062,507.672,463.674,519.451,510.258,403.837,417.558
YMR188C,240.673,259.509,271.172,943.376,948.417,973.072,1226.74,1376.99,1365.4,1225.53,1183.01
YJL010C,269.278,226.174,276.192,1423.75,1556.43,1443.47,2318.47,2214.68,2490.21,2565.04,2717.46
YJL074C,258.95,253.005,259.738,709.684,763.04,747.964,980.492,1036.27,1068.03,1048.42,1104.33
YER012W,261.159,253.846,257.172,746.297,763.004,721.651,1252.66,1335.58,1366.65,1578.29,1558.31
YHL031C,264.492,237.74,270.481,1105.62,1151.61,1138.79,1610.39,1715.79,1807.09,1759.97,1811.04
YCR083W,256.203,244.331,274.877,808.785,874.171,897.66,1664.73,1851.65,1868.61,2307.79,2228.35
YGR195W,244.894,256.874,273.658,769.541,821.452,811.062,905.925,1001.24,1015.12,994.766,950.026
YBR006W,266.703,266.505,242.24,823.873,749.848,837.407,1354.33,1656.15,1403.65,2129.69,1807.53
YMR089C,264.588,249.061,262.155,1124.94,1245.15,1103.64,1676.43,1627.8,1907.07,1559.61,1740.13
YDR494W,273.506,247.289,256.465,797.841,863.132,835.748,1039.47,1070.99,1140.02,996.829,1038.97
YBL003C,278.958,247.888,250.449,236.647,281.329,258.419,362.014,378.718,420.758,426.453,460.508
YMR308C,252.808,228.726,295.811,2207.9,2414.22,2362.75,3693.39,3679.04,4158.03,4102.08,4293.02
YHR102W,263.396,254.682,265.599,1031.93,1041.28,1018.86,1589.16,1637.97,1744.73,1877.43,1936.14
YDR267C,259.904,259.982,263.984,685.612,693.369,706.726,851.059,914.32,895.405,948.875,949.081
YHR170W,280.643,255.137,251.204,996.616,1063.61,1000.37,1307.99,1336.36,1455.43,1354.44,1367.91
YER094C,281.607,234.411,271.204,796.175,933.207,819.27,1354.28,1394.2,1563.53,1489.32,1641.47
YEL026W,268.655,273.364,245.662,605.049,552.295,604.642,766.548,928.287,930.32,920.812,906.637
YMR161W,261.981,257.613,269.299,1023.13,933.378,1115.41,1216.2,1442.28,1347.76,1366.86,1138.79
YBR003W,276.75,243.713,270.075,775.828,848.118,856.897,1412.17,1478.56,1631.3,1628.12,1718.96
YEL051W,272.826,246.873,271.833,992.632,1098.01,1082.56,1652.35,1676.72,1867.61,1781.04,1900.51
YPR137W,267.271,247.437,277.179,944.738,997.772,971.633,1252.95,1315.97,1383.41,1392.99,1431.93
YLR029C,277.667,235.737,279.375,1803.1,1994.26,1713.74,2490.11,2231.42,2597.82,2807.87,3202.06
YPL215W,276.241,257.171,262.347,1060.46,1031.11,1093.76,1420.91,1650.23,1505.73,1729.77,1573.17
YJL039C,268.091,253.248,274.731,2054.7,2077.97,2115.04,3002.7,3189.53,3234.76,3647.19,3571.07
YGR271W,270.815,262.434,262.866,1701.65,1869.94,1852.52,2527.25,2605.24,2767.64,2584.63,2685.59
YCL029C,267.076,254.122,275.435,691.925,753.191,711.846,937.814,940.12,1035.9,926.329,955.279
YLR025W,275.58,229.263,292.4,786.715,931.096,797.355,1353.6,1347.53,1624.87,1379.86,1564.8
YMR267W,253.362,280.931,263.725,946.203,889.68,966.713,1194.22,1435.68,1299.19,1312.34,1186.86
YPL247C,262.089,256.564,280.169,678.205,747.999,725.468,1067.05,1080.6,1217.51,1049.1,1051.2
YFR011C,284.021,242.976,273.115,959.801,1048.97,983.938,1462.82,1500.12,1668.32,1369.12,1461.09
YBR251W,280.394,240.505,280.382,750.28,850.729,747.46,978.647,945.224,1064.87,766.717,820.674
YOR280C,265.968,244.535,291.028,814.069,837.09,838.86,1222.83,1280.71,1343.15,1322.81,1311.59
YLR399C,287.962,254.745,263.225,760.479,824.718,813.371,1211.87,1304.58,1346.95,1432.08,1541.67
YKR072C,267.306,269.379,269.681,880.976,900.273,889.992,1161.91,1278.49,1296.99,1231.43,1218.57
YKL110C,261.292,265.98,279.962,1116.64,1140.8,1174.87,1968.24,2043.45,2097.1,2752.23,2712.74
YNR035C,277.415,227.245,302.982,1120.44,1357.59,1227.94,2287.16,2184.39,2645.81,2665.32,3120.1
YIL128W,269.81,251.997,287.41,1804.01,1889.08,1925.18,2744.71,2860.81,2883.55,2982.95,2968.5
YIL145C,284.559,251.495,273.429,750.482,862.042,805.352,1210.37,1234.79,1365.62,1357.61,1412.52
YEL042W,288.362,245.115,276.658,1254.38,1445.77,1344.47,1774.14,1772.79,2022.05,1786.27,1902.2
YOR048C,278.579,254.352,277.474,1654.12,1739.33,1714.16,2502.52,2690.41,2758.04,2980.35,3055.05
YLR100W,291.13,249.868,269.445,2047.69,2023.85,2107.64,3351.77,3515.86,3379.81,3918.21,3751.38
YBL041W,299.879,250.637,260.506,916.146,953.375,969.639,1303.43,1409.49,1475.89,1462,1542.07
YIL124W,299.059,223.458,290.145,1417.72,1742.11,1485.03,3120.02,2776.83,3467.3,3333.18,4011.9
YHL011C,285.509,232.237,295.312,988.392,1125.42,1009.8,1739.36,1593.85,1948.05,1986.05,2261.18
YOR065W,281.799,249.054,283.302,1003.13,1065.63,1028.28,1378.08,1514.24,1552.14,1611.6,1601.4
YBL101C,258.384,274.326,281.453,936.676,961.546,971.249,1616.19,1752.44,1755.49,2597.48,2673.28
YIL093C,284.777,244.853,284.717,639.101,730.467,659.587,617.419,652.107,720.715,480.419,501.495
YOR216C,256.683,294.924,263.935,1180.81,1062.79,1248.85,1650.99,2058.52,1747.32,2132.31,1793.98
YDR377W,283.783,256.773,275.231,876.502,909.703,909.124,1289.13,1422.35,1424.69,1505.53,1429.38
YKL129C,284.785,252.152,279.536,1633.19,1691.56,1661.59,3059.52,3327.13,3448.6,4570.23,4494.59
YNL250W,286.331,234.266,296.187,1095.52,1202.75,1100.44,1751.23,1804.68,1960.01,2233.74,2318.75
YNL310C,286.541,266.25,267.763,907.186,976.644,936.491,1430.27,1550.19,1662.44,1827.71,1870.03
YNR034W,292.801,247.686,280.163,1075.92,1134.3,1156.99,1679.22,1780.19,1864.64,1794.15,1870.38
YER082C,291.353,250.365,278.998,1000.6,1134.08,1101.33,1823.9,1807.15,2030.62,2209.71,2280.73
YER177W,269.651,246.15,305.304,696.482,745.757,761.008,1149.17,1230.06,1298.47,1341.51,1309.73
YJR142W,277.444,268.273,276.607,1139.11,1204.53,1240.96,1887.53,1948.48,1905.85,2287.92,2216.99
YLR274W,292.187,257.48,274.951,988.036,1064.35,1077.52,1438.3,1496.45,1591.42,1355.52,1348.39
YMR178W,278.691,274.535,271.437,840.346,906.551,921.207,1313.66,1401.32,1364.88,1443.62,1376.89
YEL038W,282.8,259.878,283.108,757.435,808.097,823.385,1100.17,1196.7,1297.67,1144,1059.59
YDL061C,287.74,262.12,277.007,659.327,635.885,658.794,901.355,980.831,975.666,1036.23,1051.42
YHR098C,277.927,265.697,283.552,1447.04,1532.44,1422.24,2196.93,2344.1,2523.79,2625.6,2670.48
YDR347W,294.09,269.63,264.542,966.226,992.673,1037.88,1267.67,1416.62,1464.21,1326.93,1264.58
YHR016C,298.054,253.481,277.555,878.157,979.506,895.292,1493.17,1489.95,1660.68,1617.18,1834.45
YLR319C,294.699,259.14,275.748,861.487,881.883,931.862,1211.13,1345.22,1308.61,1363.19,1305.54
YGR082W,281.461,255.205,293.041,777.966,912.742,841.909,1437.06,1318.12,1598.23,1296.73,1449.97
YBR046C,303.907,239.161,289.06,852.973,1048.81,820.854,1800.88,1662.16,2042.88,2072.4,2487.95
YGL150C,289.164,262.614,280.672,1365.05,1427.77,1411.33,1779.73,1940.11,1991.79,1791.22,1834.11
YJR134C,288.367,277.382,266.96,841.558,840.743,889.399,1125.63,1282.75,1194.74,1200.61,1143.05
YLR133W,278.326,266.494,288.16,1466.53,1627.4,1541.28,2589.14,2559.84,2939.57,3125.11,3273.84
YBR120C,279.886,257.47,296.461,795.544,869.891,828.222,1077.79,1081.51,1191.12,1009.83,1111.29
YAL042W,284.345,276.464,273.089,1596.12,1662.07,1783.48,2472.47,2771.41,2739.76,2946.99,2753.64
YDL090C,293.038,268.506,273.148,857.681,909.804,862.424,1066.9,1169.89,1201.44,1185.99,1261.87
YLR409C,278.462,278.064,281.577,1472.59,1549.05,1549.06,2145.18,2262.39,2319.26,2476.53,2462.36
YFL044C,306.231,245.478,286.535,981.244,1054.33,1048.06,1312.71,1264.34,1423.45,1285.82,1370.37
YNL084C,281.283,270.862,287.471,1060.34,1075.54,1061.42,1506.77,1573.11,1654.94,1629.12,1646.41
YAL041W,287.59,262.824,290.139,1271.63,1328.22,1261.95,1809.76,1868.16,1969.59,1938.92,1939.79
YBR109C,264.559,307.643,269.099,712.768,619.621,726.786,994.621,1479.88,1255.17,972.982,937.326
YOR267C,289.36,267.286,285.05,933.762,950.927,968.436,1400.78,1434.22,1596.68,1698.61,1790.94
YMR124W,291.904,260.51,289.31,663.717,706.487,699.71,964.709,1065.49,1089.78,994.655,964.47
YBR010W,299.866,262.294,280.306,634.259,665.182,576.824,680.152,635.734,707.641,615.051,690.092
YEL032W,274.473,281.255,288.101,796.591,841.785,861.217,945.68,1011.54,1026.79,1001.17,953.786
YIL063C,303.315,265.188,277.642,949.706,956.829,976.019,1140.56,1246.91,1293.15,1155.46,1081.99
YOR057W,277.232,284.89,284.077,1461.9,1498.97,1478.59,2568.09,2740.71,2833.89,3129.92,3158.67
YAL023C,286.063,279.426,280.879,2622.08,2514.48,2652.61,3491.38,3637.28,3581.78,3536.95,3236.39
YGR194C,278.907,286.273,281.36,1080,1066.86,1144.33,1809.11,1984.75,1937.81,2196.7,2202.78
YER182W,277.9,286.568,283.059,1018.38,1047.28,1101.01,1902.68,2148.16,1969.31,2439.2,2250.28
YHR141C,278.88,274.54,294.986,1258.69,1307.08,1273.99,1898.87,1899.53,1992.68,2218.86,2363.23
YPL243W,299.465,238.882,310.261,1113.48,1305.79,1165.59,1648.87,1486.43,1783.28,1656.13,1857.81
YDR116C,285.333,276.098,289.448,702.278,762.069,701.018,892.561,910.815,1030.63,817.324,880.874
YDR280W,288.688,290.135,272.109,853.97,841.863,905.255,958.233,1109.26,1045.01,1107.4,1011.75
YDR121W,283.386,259.236,309.054,741.59,806.365,758.947,926.919,942.292,1054.49,778.522,848.35
YKR024C,294.041,268.616,289.374,1059.33,1167.25,1106.25,1782.5,1862.72,2013.2,2309.31,2442.45
YMR302C,289.35,258.11,305.413,1719.76,1812.22,1743.54,2727.56,2740.68,3055.33,2979.79,3175.25
YDL167C,295.504,274.061,283.376,902.581,951.33,934.556,1099.65,1180.3,1228.92,1060.06,1069.95
YOR212W,303.273,258.937,291.003,635.871,680.76,658.293,827.658,868.974,921.71,796.989,874.037
YNL088W,303.79,251.233,298.419,1116.11,1233,1141.11,1984.58,1955.1,2267.59,2534.34,2795.2
YFL017C,296.448,276.83,281.068,815.836,874.888,844.639,1104.39,1191.3,1285.83,1072.83,1119.37
YEL036C,301.082,248.608,305.229,1666.05,1763.73,1733.96,2520.99,2522.87,2699.32,2745.09,2836.59
YEL003W,244.577,367.185,244.065,858.273,576.394,966.029,595.455,930.277,565.108,576.078,394.41
YPR173C,295.666,293.473,267.163,840.371,841.958,886.066,1295.82,1495.01,1511.18,1608.73,1592.65
YIR003W,302.058,258.355,296.254,791.797,856.023,830.546,1174.49,1197.79,1342.5,1175.09,1229.95
YBR103W,299.694,263.581,298.338,760.081,823.78,758.282,1000.68,1029.84,1093.11,907.957,949.018
YNL166C,288.359,301.738,271.744,742.65,803.463,768.666,1005.44,1066.83,1065.05,950.653,951.321
YNL284C,291.172,265.229,306.117,1106.49,1206.48,1161.78,1516.88,1566.26,1691.08,1589.71,1647.75
YCL014W,296.859,281.031,285.63,745.591,806.732,760.864,1101.26,1187.53,1268.29,1223.01,1240.15
YHR028C,294.65,259.4,309.603,838.718,877.705,876.393,1198.35,1275.77,1297.41,1151.96,1159.47
YOR001W,281.761,286.066,296.18,1517.24,1484.26,1484.74,1823.95,1965.95,1985.83,1816.54,1832.16
YJL192C,302.362,280.59,284.851,897.763,941.846,919.326,1227.98,1282.27,1310.95,1207.97,1217.5
YKL019W,285.493,281.968,301.144,1208.2,1250.14,1270.48,1619.66,1636.12,1740.37,1745.16,1741.59
YJR076C,303.551,273.038,293.222,824.389,895.248,857.826,1245.67,1273.9,1402.4,1387.18,1396.9
YAR042W,298.871,266.718,304.307,1705.43,1822.24,1725.08,2820.97,2889.04,3120.6,3027.81,3206.91
YMR291W,301.393,272.911,296.955,784.511,848.846,766.659,999.041,977.256,1090.29,775.999,843.671
YDR292C,311.639,249.847,310.046,1827.78,1996.39,1934.24,3282.02,3235.6,3524.2,3713.66,3982.36
YLR285W,294.024,269.317,308.291,663.057,745.739,722.833,865.068,944.001,984.455,947.58,929.517
YFL028C,309.62,282.756,279.326,1251.43,1311.74,1308.77,1937.02,2049.96,2220.15,2204.05,2205.2
YPR133C,289.581,288.88,294.206,1057.24,1137.64,1135.18,1529.55,1672.99,1743.32,1473.07,1477.76
YNL022C,292.203,279.87,300.64,929.365,1046.45,988.483,1185.61,1234.67,1283.39,1070.12,1075.31
YBL017C,279.492,282.351,311.6,1905.44,1987.28,1998.56,3353.08,3538.16,3548.92,5373.89,5134.11
YNL004W,289.14,292.928,292.419,926.896,959.39,968.001,1301.13,1457.31,1431.23,1480.82,1438.38
YMR067C,303.071,277.267,294.805,941.293,1045.3,975.555,1434.75,1455.95,1616.6,1525.41,1633.21
YOR217W,303.735,283.017,289.502,1753.51,1859.67,1847.47,3264.27,3429.4,3512.75,3961.21,3886.75
YNL251C,316.2,278.302,281.803,888.222,945.065,935.29,1432.56,1545.3,1657.44,1771.89,1811.01
YOR207C,292.708,284.496,301.856,1813.12,1898.5,1848.99,2735.16,2693.34,2950.81,2919.43,3101.79
YOR276W,276.384,318.307,286.33,1002.17,957.617,1100.61,985.731,1299.98,1068.32,1236.46,977.568
YOR164C,317.444,252.324,311.287,1298.16,1425.22,1417.36,2133.91,2226.52,2418.63,2590.75,2697.51
YLR199C,304.025,274.167,302.983,1118.46,1268.76,1164.47,1698.48,1687.86,1881.24,1728.1,1863.94
YKL014C,292.814,266.349,322.867,2986.13,3287.63,3062.54,4672.05,4600.96,4975.29,5118.89,5290.29
YJL171C,299.848,258.881,324.6,833.179,871.358,908.312,1876.26,1808.89,2037.89,3447.45,3545.26
YDL202W,287.306,288.329,308.558,1004.9,1051.25,1042.93,1605.4,1669.99,1782.54,1724.46,1749.58
YGL100W,296.595,274.121,315.498,1063.94,1123.05,1119.88,1566.06,1670.64,1733.12,1708.96,1707.65
YDR365C,326.175,263.543,299.812,927.129,1034.56,932.064,1489.56,1457.53,1690.56,1704.82,1877.91
YLR421C,306.359,281.063,303.518,839.608,927.637,922.599,1087.03,1103.21,1159.77,1098.44,1111.74
YHR043C,303.218,285.427,302.859,1182.02,1175.4,1213.44,2006.18,2172.16,2245.2,2382.66,2303.8
YKL007W,292.746,292.025,307.983,928.576,1020.11,1064.36,1198.02,1324.72,1390.95,1064.57,978.669
YMR086W,308.974,280.296,304.037,1422.62,1474.91,1434.02,1954.07,1982.32,2144.24,2046.53,2137.01
YMR173W,304.911,293.113,295.361,291.888,292.999,280.394,312.425,333.038,356.239,512.084,523.574
YIL110W,319.251,284.129,290.991,846.711,910.115,904.791,1185.48,1230.04,1339.44,1277.2,1283.8
YNL049C,299.593,282.377,313.19,1600.63,1674.33,1620.62,2360.76,2384.28,2522.18,2577.94,2671.57
YLR406C,309.55,259.476,326.692,1081.22,1297.88,1120.25,1446.94,1283.31,1660.19,1351.46,1581.06
YKR095W-A,311.802,301.194,284.153,795.908,822.899,815.048,813.308,858.898,871.693,516.655,492.345
YKL191W,300.909,291.064,305.699,1240.59,1342.91,1278.81,1730.21,1706.58,1882.11,1578.96,1675.59
YPR034W,311.665,285.047,302.448,780.981,841.603,780.005,983.18,968.357,1076.88,939.009,971.904
YDR390C,324.858,282.924,292.179,1164.49,1220.66,1197.07,1887.61,1976.36,2204.8,2370.73,2486.87
YLR336C,328.776,277.666,294.505,2171.36,2273.63,2191.59,3112.54,3154.22,3547.35,3541.23,3641.52
YPL210C,322.635,272.352,308.434,1269.19,1341.93,1326.74,1832.14,1918.98,2027.84,2218.33,2254.84
YBR166C,314.874,269.341,319.839,1359.48,1492.9,1427.45,2298.39,2296.67,2542.39,3288.39,3466.99
YIL009W,309.735,287.163,308.91,1068.75,1135.23,1034.88,1248.95,1273,1357.3,1352.45,1406.38
YGL091C,317.075,297.851,292.256,796.716,849.227,792.376,827.575,865.344,944.818,560.649,567.081
YIL035C,323.009,279.883,304.482,1391.67,1437.91,1503.53,2199.14,2292.16,2363.76,2642.92,2602.74
YHR097C,301.134,308.348,298.294,817.386,819.693,845.854,1395.82,1553.38,1453.39,2220.95,2071.83
YJL033W,305.674,290.959,313.5,1517.74,1562.13,1630.76,2555.93,2846.62,2872.12,3140.9,3127.08
YGR083C,310.096,276.869,323.898,1541.79,1670.07,1651.37,2712.37,2807.68,3091.05,3373.9,3334.31
YNR017W,307.883,315.726,287.699,1107.81,1014.24,1180.74,1491.07,1794.46,1605.55,1863.98,1577.45
YOL077C,303.36,291.337,320.452,1195.9,1328.09,1348.62,1837.99,1957.3,1918.95,1942.46,1912.43
YDR161W,327.583,262.423,325.276,974.839,1144.95,1034.59,1402.93,1335.84,1581.48,1247,1442.1
YER107C,315.399,287.763,312.659,839.375,891.934,905.712,1047.87,1177.27,1177.94,1080.88,1068
YOL010W,301.09,286.003,335.923,1619.82,1671.24,1759.59,2168.42,2325.33,2299.15,2510.98,2435.21
YGL056C,320.952,296.364,306.997,1018.19,1076.35,1042.64,1484.54,1564.25,1608.44,1628.1,1650.99
YNR003C,307.477,302.993,313.858,1088.86,1090.27,1100.23,1393.58,1488.5,1568.53,1396.95,1442.73
YML057W,334.032,289.719,301.221,1071.03,1154.78,1180.15,1711.06,1867.87,1897.77,2259.32,2173.21
YGR103W,328.827,283.262,314.562,1288.06,1490.01,1349.95,2126.8,1978.39,2400.02,2580.4,2836.92
YBL105C,321.447,285.771,320.022,1325.8,1467.93,1412.59,2132.54,2150.61,2357.3,2566.62,2664.53
YER105C,315.715,286.726,325.911,2075.28,2201.72,2146.13,3254.23,3366.87,3558.39,3632.44,3728.12
YAL036C,318.488,291.299,320.114,1173.35,1236.46,1199.35,1588.72,1597.25,1720.41,1505.34,1524.27
YDR516C,328.521,274.845,327.85,1269.37,1374.97,1274.94,2325.99,2203.17,2520.07,2481.79,2746.93
YNR046W,318.846,287.016,325.362,794.882,872.001,788.995,974.35,978.235,1167.65,820.719,900.839
YOR124C,312.499,298.018,322.243,1996.58,2084.41,2098.68,3333.82,3461.48,3632.26,4055.14,4066.64
YPL184C,319.452,311.182,302.288,1027.87,1099.97,1048.03,1480.95,1544.35,1579.56,1745.22,1804.36
YKR079C,318.499,303.919,311.628,1237.32,1290.08,1265.35,1850.83,1950.94,2002.31,2132.13,2109.48
YOR089C,310.035,284.988,339.215,1476.05,1530.2,1557.24,2505.1,2588.18,2655.14,3321.35,3329.91
YLR061W,326.508,265.262,343.194,1120.67,1173.96,1161.44,1933.79,2075.39,2216.44,2286.38,2434.57
YOR195W,304.501,310.093,321.555,902.294,950.912,939.569,1543.41,1605.65,1722.14,1907.56,1934.41
YOR155C,311.316,312.045,313.641,882.167,858.546,940.706,1393.66,1551.08,1464.66,1769.04,1629.8
YML091C,337.858,285.263,314.711,1168.91,1259.02,1189.42,2048.43,2039.49,2243.22,2389.72,2530.86
YER002W,323.875,303.682,310.909,1034.64,1041.07,1060.79,1248.17,1319.63,1342.53,1087.9,1057.88
YMR139W,322.903,295.61,320.296,1136.84,1231.68,1159.87,1664.58,1637.16,1852.63,1919.76,2015.14
YFL041W,318.782,312.607,307.933,1136.53,1139.35,1124.16,1435.82,1509.04,1640.67,1445.23,1455.51
YGR175C,304.404,293.149,342.419,2544.47,2672.96,2523.03,5710.42,5535.53,6107.88,6577.57,6915.57
YGL115W,317.452,301.347,322.459,1406.06,1466.95,1448.67,2245.44,2343.65,2473.72,2748.47,2742.16
YGR148C,327.979,245.848,367.49,1155.65,1370.17,1239.91,2082.77,1927.99,2329.87,2078.51,2279.08
YGR145W,326.406,290.417,324.541,1176.26,1214.97,1181.66,1613.77,1658.46,1769.3,1626.06,1699.29
YDR457W,315.304,274.637,352.548,2586.41,2738.69,2695.15,4306.42,4456.56,4701.84,5363.27,5489.5
YBR222C,316.019,288.729,338.083,2121.49,2297.34,2258.75,4489.52,4697.09,5009.1,7132.64,7277.04
YFL036W,341.798,274.35,326.895,1749.78,1942.75,1814.36,2562.64,2481.74,2851.78,2391.28,2563.54
YGL068W,321.206,272.853,350.079,674.447,764.293,660.167,990.146,1022.07,1104.34,951.328,1060.45
YPR029C,323.328,302.57,318.896,1672.49,1783.06,1768.83,2736.92,2863.65,2987.25,3288.67,3347.86
YBL015W,314.734,342.645,288.99,821.332,785.159,855.678,1172.38,1472.25,1258.03,1807.32,1509.96
YHR030C,322.167,288.666,335.911,1182.96,1297.7,1259.18,2432.28,2501.73,2676.09,3486.73,3737.29
YKL128C,318.477,307.851,321.003,937.677,935.63,960.224,1087.89,1178.11,1141.96,1033.55,1000.09
YML017W,324.134,294.929,329.494,1022.08,1151.14,1076.85,1629.19,1633.45,1800.31,1733.59,1867.64
YHR069C,327.578,293.986,327.658,903.906,1029.19,926.578,1237.93,1187.46,1331.28,1166.77,1261.85
YNL137C,323.295,308.251,318.546,1300.1,1410.47,1319.12,2193.2,2294.31,2389.75,2287.93,2355.22
YIR036C,325.632,298.849,326.403,901.864,1024.85,949.395,1111.87,1136.93,1264.33,958.732,1048.14
YER008C,333.395,287.522,330.361,1757.72,1822.03,1752.63,2758.87,2801.07,3023.23,3093.01,3227.36
YDL130W-A,331.653,248.366,371.546,460.676,640.372,460.305,1263.69,1026.11,1523.09,1358.16,1728.71
YBR130C,324.754,321.19,305.931,859.008,917.547,878.266,1126.17,1263.3,1279.74,1188.12,1177.56
YPR187W,340.917,284.525,327.614,450.555,481.999,507.436,496.835,529.087,569.439,456.916,448.444
YOL012C,328.048,311.519,313.61,378.485,437.689,422.313,427.189,447.812,482.065,567.4,568.05
YBR058C,325.432,300.849,327.185,1344.64,1465.32,1428.07,2101.37,2231.95,2408.19,2455.73,2472.52
YPL023C,339.399,287.141,328.529,1123.57,1175.53,1129.9,1629.64,1702.28,1807.37,1881.48,1997.41
YMR029C,340.114,314.46,300.612,1100.55,1179.65,1163.34,1551.96,1636.11,1728.07,1705.26,1781.57
YFL007W,332.512,295.762,327.065,2266.2,2475.03,2311.56,3391.94,3333.88,3618.73,3745.85,3890.42
YJR033C,336.181,318.516,301.386,1296.57,1372.04,1335.48,1965.22,1971.02,2158.2,2212.38,2385.16
YGR187C,317.122,298.277,341.194,1254.58,1336.75,1291.79,1770.02,1838.91,1956.26,1920.95,1987.05
YOL145C,317.393,294.437,345.636,2368.09,2560.82,2578.37,3379.45,3508.7,3776,3784.56,3972.25
YGR266W,328.382,292.904,336.373,1595.32,1814.92,1654.93,2810.47,2681.22,3137.63,3352.92,3713.38
YER143W,334.584,309.081,316.037,1192.44,1213.71,1258.21,1789.42,1959.21,1966.43,2093.17,2005.6
YER122C,335.581,285.069,339.88,1227.72,1314.95,1244.7,1757.6,1767.32,2110.79,1843.91,2012.48
YDR051C,343.092,303.167,314.42,961.803,1131.04,1004.07,1458.12,1418.45,1630.88,1540.47,1757.02
YPL086C,328.531,289.177,345.088,1204.39,1463.73,1272.2,2135.79,1915.51,2369.66,2079.14,2506.37
YGR001C,317.586,310.617,335.808,1250.74,1298.5,1289.95,1501.71,1691.63,1624.04,1460.49,1416.65
YOR101W,344.118,301.703,318.399,844.238,944.06,889.862,965.487,929.163,1075.14,1100.62,1087.9
YOL071W,331.211,314.469,319.249,870.037,943.247,901.558,1226.49,1313.92,1356.64,1132.49,1133.68
YKL096W,331.953,303.955,329.944,125.913,149.838,139.503,321.22,317.737,349.993,403.634,441.413
YKR081C,314.959,315.257,336.221,1485.71,1624.49,1519.63,2309.87,2335.3,2457.59,2704.96,2842.61
YNL330C,340.302,307.538,318.878,763.999,837.036,775.909,827.195,843.721,966.547,762.752,811.101
YLL013C,332.309,285.791,349.816,1316.63,1552.56,1395.22,2340,2248.45,2648.94,2490.62,2738.71
YKL033W-A,334.437,282.534,350.999,970.266,1107.2,1022.03,1618.95,1640.28,1909.28,1514.09,1660.22
YKL126W,337.626,314.607,315.965,1512.37,1570.24,1525.6,3019.1,3236.4,3387.25,4572.23,4526.93
YNL271C,345.197,317.336,306.515,1426.42,1527.04,1495.83,2082.86,2167.29,2271.67,2326.76,2288.25
YOL093W,329.044,297.944,342.561,1180.15,1330.49,1235.38,1691.87,1713.94,1913.49,1627.54,1754.04
YKL179C,339.818,302.828,327.869,1265,1348.63,1347.72,2037.4,2126.34,2259.5,2229.17,2251.96
YBR227C,332.903,298.973,340.823,1007.54,1121.65,1017.48,1593.44,1630.26,1853.96,1829.23,1887.17
YLR330W,339.986,307.041,326.775,1163.49,1230.47,1195.31,1849.72,1967.65,2159.42,2154.13,2208.01
YJL011C,345.724,307.082,322.629,902.902,927.518,908.046,1168.54,1158.24,1290.52,1241.23,1334.41
YDL031W,348.302,292.723,334.852,1379.56,1559.4,1444.67,2289.62,2347.23,2570.85,2705.2,2875.85
YMR215W,348.796,295.237,332.978,718.292,749.62,745.332,823.553,810.072,912.614,605.676,608.978
YJR117W,341.425,301.111,335.534,2754.91,2874.21,2996.91,4215.18,4172.48,4428.04,4095.56,3939.14
YER168C,333.944,313.304,332.544,1469.29,1510.96,1532.69,2170.97,2401.2,2461.04,2490.74,2489.8
YBR142W,329.243,311.321,339.308,1612.8,1699.65,1637.47,2706.95,2746.67,2895.96,3402.62,3569.2
YDL095W,338.67,292.746,348.936,2778.34,2918.47,2994.82,3939.27,4153.75,4305.06,4014.64,3880.83
YGL086W,337.503,312.08,330.973,1076.26,1113.78,1079.95,1416.36,1572.26,1557.5,1600.86,1610.21
YMR219W,329.585,324.03,327.642,1077.64,1143.3,1130.23,1801.92,1928.35,1977.44,2171.61,2157.56
YJR003C,327.821,329.498,326.433,942.042,1034.6,1039.51,1173.97,1289.78,1311.9,1270.64,1253.15
YDR510W,343.596,304.205,335.988,653.576,713.442,678.951,1020.94,1046.39,1145.56,1098.23,1135.2
YIL020C,338.016,313.591,332.597,1415.76,1488.84,1456.9,2251.4,2377.88,2474.62,2760.65,2768.9
YDR164C,342.247,302.929,340.294,2096.22,2221.27,2119.81,3185.25,3360.11,3634.2,3611.01,3827.06
YDL047W,332.324,337.124,317.573,1356.39,1240.28,1385.51,1663.39,1919.22,1703.28,1943.15,1738.66
YKR035W-A,336.116,313.014,338.291,901.184,949.063,935.326,1404.66,1539.78,1655.88,1609.96,1582
YBR261C,335.982,321.302,330.288,1186.74,1164.33,1296.51,1505.87,1740.9,1643.09,1626.94,1512.37
YOL052C,349.235,301.23,338.801,1645.37,1823.46,1769.53,2537.17,2759.93,2930.16,2627.64,2639.3
YDR145W,342.866,320.181,327.716,874.716,915.821,906.34,979.062,1065.12,1090.81,927.895,900.052
YDR449C,354.701,299.094,337.426,1655.3,1777.11,1680.55,2315.86,2342.18,2508.68,2605.18,2631.64
YGL019W,334.147,314.832,342.44,857.821,927.467,888.386,1156.92,1212.05,1320.91,1227.71,1269.14
YMR304W,343.251,305.194,344.668,2054.02,2137.29,2174.79,3745.52,4029.67,4095.39,4656.53,4467.76
YDL122W,340.949,324.73,327.807,1570.11,1613.01,1616.4,2385.86,2575.86,2579.32,2873.22,2777.12
YLR248W,347.84,316.577,329.186,1731.6,1811.02,1820.44,3506.23,3677.3,3791.1,4621.23,4653.41
YMR278W,353.352,289.299,352.247,1785.75,2052.7,1806.71,3628.4,3438,3951.01,4220.14,4657.61
YDL099W,340.159,317.228,337.685,1160.26,1272.33,1159.24,1724.12,1718.34,1858.42,1431.82,1519.2
YOR211C,332.191,331.388,332.228,1384.05,1454.98,1399.1,2317.62,2424.31,2573.52,2780.45,2859.07
YMR208W,323.348,285.868,387.049,1180.58,1170.79,1232.23,1871.01,2089.27,2053.97,2386.14,2341.54
YAL013W,355.648,328.6,313.066,579.342,638.773,587.101,526.232,538.829,583.318,441.436,446.501
YLR449W,335.587,320.238,342.433,1317.9,1362.08,1290.51,2144.86,2288.29,2331.57,2089.31,2045.34
YLR325C,345.488,329.445,323.474,1702.89,1659.18,1749.75,2162.58,2612.81,2492.67,2283.04,1998.97
YLR114C,339.752,320.916,338.623,1710.98,1803.86,1793.72,2484.7,2649.21,2736.06,2722.39,2732.33
YEL015W,337.958,309.203,352.604,923.675,1086.42,966.701,1334.64,1271.89,1512.19,1204.12,1325.07
YGL107C,347.851,318.436,334.739,1396.24,1517.13,1463.41,2065.65,2130.02,2285.73,2305.8,2322.43
YEL039C,342.93,330.163,328.278,733.369,792.767,764.408,1374.33,1446.65,1571.69,1923.28,1968.59
YBR170C,349.401,331.216,322.559,1392.25,1416.86,1507.57,2244.58,2436,2392.44,2886.71,2732.29
YJR048W,337.52,336.632,330.585,856.864,838.359,853.398,1444.78,1614.09,1598.96,1894.55,1787.12
YIL091C,346.115,321.662,337.47,1488.39,1512.02,1488.84,2031.91,2232.73,2310.35,2331.46,2286.75
YPR125W,350.437,309.917,345.03,1526.65,1690.96,1575.23,2237.93,2250.66,2503.1,2319.35,2445.33
YDR177W,352.612,302.363,350.647,1226.23,1316.01,1263.98,2089.37,2138.26,2350.49,2221.34,2337.32
YOL076W,341.995,317.773,346.01,1695.29,1839.68,1793.73,2539.95,2603.65,2711.96,2965.22,3018.42
YPL173W,358.557,317.504,330.209,909.509,883.494,860.794,1034.38,1164.52,1222.17,1005.91,994.48
YML048W,339.684,277.423,391.312,2337.04,2728.24,2495.09,3708.53,3393.1,4044.2,3517.89,3912.95
YPR040W,342.415,323.982,343.276,1219.21,1223.91,1268.22,1929.67,2109.25,2129.07,2445.37,2387.88
YNR006W,369.278,313.184,328.327,1312.27,1436.88,1368.75,2243.87,2318.1,2553.99,2585.33,2760.74
YBR247C,345.914,300.654,365.468,1385.34,1540.15,1476.12,2133.43,2173.4,2368.19,2326.38,2467.71
YFL005W,348.597,318.192,345.559,1624.52,1723.38,1815.04,2867.88,2926.24,3157.62,3454.67,3487.8
YHR005C-A,335.716,343.59,333.213,1089.98,1068.64,1125.22,1482.58,1772.99,1621.05,1826.96,1762.12
YKL067W,354.993,299.203,359.349,838.361,1002.59,879.602,1909.53,1783.15,2186.95,2448.21,2889.19
YJR125C,350.662,313.306,349.669,1012.28,1068.89,1052.05,1514.89,1586.25,1716.72,1513.08,1503.77
YKL196C,336.29,309.509,368.026,1918.71,2044.62,2063.74,3219.59,3462.89,3463.38,3634.59,3458.36
YCR009C,348.818,333.149,332.966,1134.01,1185.72,1246.52,1756.75,1980.39,1909.91,2190.36,2127.2
YDR062W,356.545,314.804,344.023,2593.17,2791.63,2718.24,4756.8,4688.4,5126.28,5519.8,5592.58
YNL292W,357.094,316.44,346.746,941.91,1014.2,978.467,1069.22,1150.91,1214.47,890.873,932.911
YCL017C,329.093,370.799,320.667,1283.19,1181.49,1357.89,1891.67,2378.81,2002.71,2801.66,2321.81
YKR003W,358.12,302.692,366.668,1691.08,1962.01,1690.84,2974.04,2744.46,3321.48,3106.24,3562.15
YML071C,343.338,323.048,361.797,1530.11,1733.38,1549.51,2629.21,2568.66,2924.92,2970.87,3282.15
YGL201C,354.269,318.231,356.125,1075.55,1112.36,1062.15,1371.32,1377.19,1456.62,1402.01,1456.97
YOR370C,365.71,325.73,338.146,1681.36,1789.81,1748.73,2567.85,2743.44,2863.91,3086.28,3087.62
YNL067W,354.75,298.341,377.662,1015.2,1297.75,1067.14,1747.82,1581.6,2026.01,1776.92,2171.06
YLR209C,358.651,334.453,338.011,960.939,1005.6,998.898,1570.34,1663.15,1689.72,1909.28,1928.37
YDR530C,364.257,335.867,331.757,654.897,709.904,672.319,957.491,1060.92,1089.39,1190.94,1232.63
YDR465C,366.38,325.288,342.026,779.481,805.746,774.917,665.399,638.697,720.292,409.448,442.467
YJL060W,372.54,321.629,339.743,1109.44,1195.23,1135.97,1857.33,1912.86,2061.37,2145.95,2205.43
YDL132W,353.985,310.271,375.341,2164.33,2314.01,2214.87,3780.92,3781.66,4262.9,4732.75,4957.13
YAL049C,335.099,372.614,334.058,1405.9,1353,1490.51,2429.11,2836.89,2630.84,3171.75,3008.26
YHR089C,343.518,346.374,351.941,718.364,707.833,763.182,761.004,941.599,766.444,800.234,723.907
YKR046C,348.382,338.822,354.677,1484.3,1519.36,1642.55,3773.66,4067.65,4064.05,6132.51,5805.75
YFL008W,355.895,335.081,352.164,1058.85,1114.87,1035.87,1554.27,1575.5,1722.49,1793.74,1823.58
YPL058C,366.365,320.499,356.983,1520.06,1546.4,1541.72,2556.9,2331.1,2750.09,3530.22,3352.37
YKL206C,374.609,326.121,343.555,1453.59,1546.45,1461.33,2314.65,2385.65,2562.18,2828.03,2900.77
YFR014C,351.775,331.585,361.524,1087.82,1129.68,1108.53,1801.76,1913.52,1907.07,2292.13,2302.04
YOR061W,352.206,314.237,378.694,1741.71,1861.23,1809.56,2943.86,3027.98,3238.6,3833.46,3908.41
YPL170W,360.238,308.24,377.556,805.798,976.71,886.404,1940.66,1913.34,2254.03,1945.96,2169.8
YKR018C,366.037,303.574,377.747,2214.14,2398.37,2299.88,3938.41,3773.14,4350.61,4068.11,4540.85
YOR091W,388.547,319.375,340.43,1402.59,1625.98,1505.12,2340.75,2320.49,2723.92,2226.63,2451.35
YKL021C,349.674,334.119,367.293,1589.2,1675.55,1768.95,2446.08,2623.79,2676.69,2810.54,2727.86
YMR058W,376.879,338.572,336.214,764.066,802.468,819.553,615.644,577.501,640.407,495.167,482.916
YPR103W,365.248,328.3,359.786,1098.02,1172.6,1166.45,1762.59,1872.33,1966.15,1966.74,2031.58
YPL111W,358.282,340.199,354.857,1563.08,1697.05,1677.6,2902.33,3235.93,3283.04,3549.38,3452.01
YNR038W,343.515,369.93,339.925,1889.27,1867.59,1964.52,2305.81,2609.89,2555.23,2757.42,2527.35
YDL060W,361.987,318.656,373.279,1551.79,1709.04,1592.69,2549.89,2620.92,2910.43,3136.1,3368.29
YGR231C,379.149,297.005,377.875,905.839,1026.98,955.709,1869.52,1767.25,2049.75,1900.37,2022.51
YDR211W,360.02,333.382,364.877,1732.31,1910.8,1793.1,2370.99,2422.46,2628.83,2475.38,2623.85
YML124C,362.939,336.639,359.865,1479.29,1602.07,1619.47,2349.21,2464.17,2612.86,2731.53,2829.62
YJL055W,362.435,337.257,363.223,862.655,946.526,890.052,1378.31,1351.64,1538.98,1406.15,1526.29
YLR258W,376.312,334.987,354.341,1062.82,1198.61,1134.02,2524.56,2645.5,2826.2,3759.49,3745.36
YBR078W,354.324,371.463,340.18,938.87,832.832,969.512,1318.4,1450.15,1412.26,1835.43,1557.62
YDR166C,360.641,344.135,364.585,1853.27,1976.68,1957.02,2864.74,2958.65,3213.32,3179.35,3328.82
YDR481C,388.963,310.976,370.061,1604.3,1809.84,1724.24,3636.98,3604.94,3936.87,4526.61,4894.69
YCR072C,378.163,341.655,350.247,1174.15,1233.26,1174.23,1511.62,1585.28,1667.22,1533.38,1546.09
YGR128C,362.218,337.864,371.694,1967.88,2162.5,2197.37,2974.82,3073.92,3257.96,3231.57,3236.39
YOL143C,405.31,266.128,400.495,991.824,1351.33,987.465,2164.37,1690.3,2566.22,2168.16,3073.55
YPL101W,369.226,350.712,352.872,1079.32,1123.58,1141.93,1327.21,1398.17,1406.74,1305.87,1213.8
YDR237W,359.899,335.625,377.531,1282.75,1347.76,1359.3,1817.03,1926.8,2067.41,1763.33,1754.12
YDR406W,359.456,352.646,361.112,1770.63,1833.83,1935.29,2409.51,2274.63,2569.06,2981.74,2717.5
YBL068W,347.942,350.408,375.911,1208.03,1295,1287.19,1853.55,1989.54,1994.95,2205.67,2197.82
YDR311W,369.613,347.705,358.804,1330.54,1321.73,1309.38,1969.78,2156.04,2193.43,2326.62,2278.8
YBR200W,347.204,338.117,391.546,1138.02,1192.21,1172.48,1509.28,1535.34,1638.24,1459.34,1614.41
YJR080C,375.439,331.552,370.062,1681.82,1823.95,1721.38,2740.13,2866.16,3107.22,3165.22,3341.55
YDL029W,379.536,340.108,359.128,1224.54,1226.55,1234.81,1969.95,2089.91,2127.41,2502.82,2533.31
YNL244C,356.261,375.09,347.712,1228.28,1216.88,1317.88,1869.87,2167.07,1987.23,2301.82,2161.12
YJR096W,385.447,328.933,368.249,881.034,1016.91,896.023,1749.62,1668.37,1984.49,2213.32,2567.24
YDR322W,367.254,343.132,374.554,1138.43,1225.66,1199.27,1443.25,1556.63,1607.87,1240.31,1330.46
YJR113C,372.599,357.165,355.544,1058.76,1142.77,1097.21,1356.75,1452.88,1516.89,1190.28,1206.44
YNL131W,375.614,325.57,385.329,873.218,995.984,989.453,1422.36,1466.57,1544.84,1528.65,1570.42
YKR014C,377.251,338.901,375.277,1854.15,1959.61,1936.43,3545,3571.31,3903.58,3808.01,3956.63
YGL129C,382.496,345.3,364.861,1072.26,1125.65,1085.01,1373.1,1460.27,1502.55,1363.53,1393.46
YOL016C,377.545,343.784,372.328,1279.42,1380.21,1342.39,2876.04,3061.98,3032.13,5325.86,5210.95
YOR260W,372.518,359.495,362.286,1110.21,1126.89,1176.43,1551.67,1779.18,1766.91,1925.93,1803.53
YOR108W,366.835,358.967,368.749,956.751,958.847,990.81,1188.09,1316.59,1296.58,1132.02,1032.62
YAL021C,377.28,341.342,376.908,1551.46,1610.93,1609.22,2343.67,2454.45,2581.46,2624.47,2599.5
YGL027C,373.867,355.196,368.346,1908.15,1985.27,1945.32,2669.46,2849.72,2916.42,2991.14,2888.96
YNR053C,377.531,342.213,381.51,1428.64,1569.37,1453.6,2022.15,1978.83,2200.58,2128.01,2188.39
YOR286W,370.953,335.517,395.23,1044.9,1148.36,1109.37,1351.23,1479.47,1598.76,1210.23,1213.69
YML001W,388.562,330.686,384.692,1655.26,1661.68,1735.29,2515.93,2719.23,2825.71,3002.49,2917.71
YIL116W,371.677,333.577,398.8,1433.5,1515.88,1488.35,4159.82,4362.89,4672.18,6019.31,6115.54
YDR060W,360.012,371.978,372.211,2298.35,2406.32,2407.57,3478.67,3720.56,3832.27,3794.66,3745.49
YJL068C,376.167,347.511,381.641,1501.59,1626.27,1562.65,2663.9,2722.83,2874.15,2829.54,2711.24
YIL137C,383.51,330.262,391.943,1877.32,2154.8,2023.03,2863,2825.38,3259.19,2889.02,3310.61
YMR152W,390.584,336.684,379.436,1425.48,1508.38,1498.85,2853.11,2927.93,3128.15,3687.49,3805.82
YMR128W,377.418,341.139,388.267,1865.53,2110.16,1970.14,3495.71,3523.39,3883.01,4420.44,4659.05
YPR188C,380.803,356.673,373.279,446.734,481.805,458.434,445.354,515.438,552.079,335.386,317.418
YGL125W,381.652,367.419,361.998,1596.27,1669.2,1632.37,3110.31,3261.58,3427.58,3427.21,3610.66
YCR036W,356.009,369.379,385.693,1339.5,1316.13,1396.77,2193.58,2450.32,2377.73,2824.62,2633.74
YEL024W,390.689,332.765,387.631,979.186,1009.5,986.319,1244.02,1307.94,1303.2,1421.51,1338.95
YGR080W,369.056,391.923,350.761,1292.54,1284.94,1386.63,1892.38,2191.12,2053.52,2082.12,1817.38
YMR167W,400.882,336.238,377.097,1509.05,1661.08,1410.47,2025.31,1955.84,2129.26,2057.26,2141.72
YHR070W,385.275,337.637,391.832,1055.2,1135.73,1099.68,1446,1470.73,1662.38,1652.17,1706.62
YLR129W,385.725,327.87,404.056,2769.23,3028,2851.05,4141.55,4066.97,4564.36,4344.3,4695.74
YIL010W,377.987,349.609,390.425,1401.45,1436.44,1366.42,2168.11,2205.86,2305.21,2407.5,2397.87
YDR055W,408.5,351.311,359.329,180.345,219.124,202.954,636.944,636.762,708.359,768.884,830.155
YFL023W,367.62,384.595,367.06,1757.87,1766.09,1894.18,2772.01,3073.19,2956.76,3354.55,3176.66
YPL266W,375.964,361.02,382.833,1664.17,1771.16,1708.93,2433.07,2546.26,2665.71,2916.06,2970.35
YPL228W,364.207,379.107,380.331,977.42,1020.63,1024.71,1184.44,1301.22,1283.82,1184.37,1139.92
YBR208C,364.123,343.826,417.845,1886.83,2116.13,2049.58,6562.34,6632.19,7181.98,9930.96,10170.2
YER152C,384.498,350.462,391.108,1073.83,1205.24,1195.53,1599.98,1632.84,1720.69,1709.98,1792.28
YPL009C,388.534,370.13,368.07,1609.46,1711.42,1724.5,2509.19,2691.9,2732.46,3458.12,3371.97
YBR242W,373.179,350.108,404.693,1260.99,1348.62,1361.35,2245.46,2434.92,2495.31,3561.76,3646.62
YOR174W,381.725,388.246,358.064,1109.39,1184.54,1115.24,1404.76,1496.24,1529.36,1380.41,1357.32
YJR010W,374.744,359.716,396.1,644.713,694.311,649.834,1220.31,1254.24,1295.69,1802.75,1846.42
YJL005W,391.214,351.326,388.174,1657.19,1840.99,1675.9,2431.97,2485.15,2758.13,2535.8,2699.33
YPL211W,374.243,374.03,383.102,1126.9,1174.48,1191.8,1542.38,1643.9,1692.83,1713.21,1692.25
YGL099W,382.825,378.98,370.814,1501.16,1513.64,1540.95,2364.24,2552.79,2616.01,2779.25,2730.61
YHR099W,393.186,341.462,401.785,3814.62,4111.45,3883.75,5706.93,5759.44,6144.6,6406.48,6570.05
YDR221W,393.887,362.327,381.932,1388.3,1478.63,1424.82,1994.19,2136.99,2209.57,2147,2142.08
YJL002C,399.458,352.404,386.442,1344.59,1377.51,1385.21,1907.35,2078.2,2136.14,2156.85,2069.73
YEL058W,401.187,349.531,388.615,1990.06,2259.37,2116.56,3235.87,3124.05,3516.65,3415.45,3684.2
YDL235C,398.531,348.154,392.97,1346.32,1505.15,1480.26,2418.5,2453.18,2843.52,2954.01,3132.59
YGL156W,407.611,336.191,396.35,1908.93,2103.66,1989.42,5480.03,5619.41,5992.91,10240.7,10540.3
YHR196W,393.711,354.181,394.932,1345.38,1490.01,1368.71,1993.07,1998.97,2222.3,2114.67,2233.57
YOR165W,385.949,330.312,427.396,3253.33,3521.01,3496.43,5780.85,5748.75,6316.09,6256.69,6450.3
YPL139C,396.814,357.534,390.332,783.994,856.913,785.582,1005.47,1036.47,1126.72,960.78,1075.08
YCL037C,383.615,381.654,380.311,1637.31,1638.95,1667.54,2322.27,2665.21,2547.03,2577.05,2372.93
YNL290W,389.58,356.115,400.801,1415.57,1511.55,1506.96,2140.4,2279.91,2383.16,2470.42,2487.85
YDL204W,401.668,351.886,393.151,1026.88,1105.31,1072.67,2149.87,2186.13,2324.59,3799.63,3867.61
YLR380W,394.894,341.686,412.203,1073.33,1271.06,1116.88,1850.67,1776.55,2111.63,2137.36,2324.39
YJL042W,390.269,362.638,396.626,1194.41,1242.09,1270.16,1523.96,1671.93,1722.1,1787.42,1782.13
YLR347C,387.747,388.312,375.699,2438.06,2317.94,2621.36,3428.04,4099,3774.11,4124.22,3585.37
YHR021C,369.575,411.833,370.763,1086,988.468,944.765,1221.82,1171.66,1230.75,1208.52,1212.95
YKL142W,416.49,345.884,393.769,933.012,1142.85,1003.36,1610.17,1544.19,1821.66,1364.93,1431.94
YBL033C,402.785,384.959,368.738,1114.02,1199.58,1195.19,1641.25,1773.82,1806.19,1699.1,1667.22
YOL027C,394.168,375.517,389.739,1836.97,1944.55,1836.04,3008.61,3146.46,3334.08,3304.14,3305.02
YDR388W,384.961,374.74,400.618,1659.24,1625.11,1762.96,2380.03,2670.2,2449.58,2833.39,2562.29
YJR065C,382.249,370.892,407.537,1436.48,1542.64,1456.73,2544.29,2799.68,2958.94,2999.04,3027.15
YER155C,382.651,386.701,392.032,2523.83,2661.71,2588.49,3906.01,4011.76,4251.39,4496.28,4615.11
YHL007C,403.674,373.501,384.48,1774.3,1944.06,1881.37,2417.11,2504.72,2812.4,2304.74,2392.66
YGR229C,415.762,363.407,382.843,918.429,999.265,914.22,1218.09,1284.29,1312.14,1159.33,1203.58
YOR074C,401.423,360.056,403.695,1093.05,1237.85,1102.06,1809.5,1747.34,2008.04,1971.2,2193.86
YIL118W,385.209,356.398,424.532,1453.59,1462.08,1456.01,1962.61,1909.77,2059.65,2087.77,2065.37
YEL013W,399.3,354.68,412.65,2390.83,2661.42,2518.36,4249.23,4078.98,4688.35,4879.35,5222.95
YKR042W,393.725,400.129,372.824,1308.81,1244.54,1373.1,2236.19,2654.98,2453.02,3065.15,2844.55
YKR082W,401.517,360.229,405.822,2488.03,2672.84,2573.34,3863.91,3933.41,4109.45,4392.01,4501.89
YIL038C,407.502,391.564,368.997,1606.94,1637.57,1615.09,2100.19,2325.01,2347.56,2271.53,2252.94
YLR192C,399.182,393.046,376.14,1534.44,1505.43,1617.65,1995.78,2382.95,2203.98,2223.09,1989.71
YER056C-A,406.309,367.593,395.69,2091.01,2139.26,2265.62,2852.54,3145.59,3119.89,3154.65,2978.93
YNL026W,398.319,355.837,418.037,1908.16,2051.83,2026.07,3101.17,3373.2,3399.62,3739.38,3721.2
YHR029C,396.882,377.45,398.842,1084.85,1141.45,1147.48,1872.57,1985.83,1952.26,2083.21,2140.84
YOL070C,418.751,356.767,398.607,718.631,809.803,744.272,947.43,951.138,1082.48,918.158,995.461
YLR369W,409.107,363.234,402.403,1105.25,1293.21,1149.96,1916.24,1829.24,2123.02,2064.18,2341.79
YNR051C,398.221,397.29,381.55,1543.65,1588.54,1570.44,1938.57,2085.17,2163,2019.19,2076.82
YCR077C,390.841,374.117,412.479,1454.31,1521.59,1473.63,1670.65,1770.35,1890.67,1587.07,1627.39
YIL076W,403.985,374.012,399.779,1234.73,1311.78,1276.88,1954.18,2019.03,2135.8,2211.37,2221.73
YJR017C,408.308,375.696,394.053,1270.04,1288.8,1368.42,1636.57,1820.96,1755.99,1757.69,1686.15
YKL172W,397.088,376.929,404.053,1410.18,1450.69,1415.81,2124.46,2215.5,2437.17,2431.98,2622.17
YBR009C,398.213,408.551,371.899,336.224,332.795,342.761,357.87,396.063,392.759,610.475,583.451
YDR519W,405.587,389.261,385.276,812.329,832.843,871.113,1142.2,1248.02,1260.23,1264.5,1210.03
YER021W,388.395,379.774,412.275,1661.17,1712.23,1826.27,2587.74,2806.34,2899.63,3308.88,3127.11
YDR295C,413.63,354.912,412.809,1067.91,1152.65,1115.86,1498.99,1528.84,1669.95,1527.66,1623.87
YNL163C,409.715,377.967,396.895,2149.48,2205.07,2180.67,3237.97,3435.13,3492.32,3935.25,3937.52
YML086C,393.329,362.321,430.046,2447.12,2613.25,2566.67,4237.67,4288.16,4699.91,4823.26,4931.71
YMR220W,390.415,374.277,421.288,1655,1659.27,1757.61,2654.19,2970.78,2910.69,3340.28,3323.4
YOR340C,379.186,445.231,363.011,1470.81,1283.3,1536.29,1592.29,2016.73,1648.77,1932.38,1557.9
YJL121C,408.399,376.498,402.968,1413.24,1489.32,1469.61,2071.88,2147.31,2252.76,2049.53,2143.09
YBR049C,398.693,381.044,409.041,1018.66,1125.89,1064.82,1172.58,1228.13,1344.66,964.497,1041.22
YJL172W,399.13,395.513,395.051,2787.82,2767.89,2965.63,5701.55,6370.89,6110.95,7984.15,7382.81
YNL175C,416.984,394.624,378.356,1749.7,1742.06,1817.31,2285.68,2581.53,2440.43,2469.89,2303.09
YPR108W,411.912,361.167,416.942,1971.69,2158.27,2150.13,2988.87,3250.06,3345.01,3406.07,3346.63
YKL204W,416.004,366.842,408.337,1749.81,1907.14,1786.87,2939.78,3186.12,3468.57,3407.55,3569.8
YFR002W,410.691,354.931,426.489,1824.71,2021.45,1917.06,2767.05,2763.15,3168.24,2979.07,3256.19
YHR117W,409.049,393.072,390.688,1979.06,2085.27,1991.97,3098.68,3233.27,3317.62,3298.05,3201.44
YGL171W,402.623,403.752,387.591,2003.56,2139.47,2116.77,3369.76,3638.61,3700.78,3724.46,3880.72
YJL217W,375.516,405.231,414.378,2068.06,1974.97,2273.17,4157.16,4939.99,4406.4,6344.87,5624.76
YNL075W,415.523,378.406,402.193,956.422,1077.27,1006.2,1325.3,1306.19,1537.4,1433.52,1577.32
YHR024C,412.264,361.549,422.577,1148.25,1261.98,1243.52,1807.51,1845.91,2080.47,1836.85,1911.75
YDL110C,408.734,414.872,372.924,169.085,166.735,184.795,330.199,394.809,370.094,438.393,441.194
YNL189W,423.589,363.28,411.392,1782.59,1885.52,1806.87,2962.68,3068.02,3275.9,3414.42,3574.2
YJR077C,411.491,360.59,427.137,2048.5,2185.98,2137.62,3163.49,3240.18,3273.06,3329.44,3353.95
YER089C,403.449,395.31,408.636,1090.75,1088.77,1099.78,1511.73,1608.75,1654.87,1786.3,1773.53
YER081W,420.887,374.66,415.748,940.841,1013.05,1000.33,1409.16,1480.52,1633.53,1182.64,1230.14
YKR076W,418.706,389.712,405.62,1295.92,1325.96,1369.3,2556.11,2644.92,2784.95,3262.23,3308.09
YDR011W,401.447,376.09,438.248,2189.4,2390.37,2235.5,3087.31,2861.52,3374.44,3574.15,3420.5
YNL087W,416.622,394.77,405.435,2199.5,2298.51,2218.94,2647.46,2608.76,2860.8,2567.62,2606.94
YAL060W,408.963,391.809,416.091,1768.21,1705.8,1825.88,2496.09,2926.83,2745.57,2792.53,2609.59
YDR460W,449.522,332.084,436.052,1086.12,1265.84,1072.7,1525.09,1416.01,1694.43,1418.66,1666.96
YER006W,419.729,393.121,405.153,1076.78,1164.69,1101.6,1775.75,1846.16,1994.16,2308.16,2419.04
YBR094W,428.137,380.5,410.591,1251.74,1293.71,1263.25,1542.34,1585.9,1674.47,1490.62,1523.07
YML074C,415.92,366.919,437.642,1493.89,1710.48,1604.85,3190.99,3145.75,3621.53,3041.49,3238.37
YBR101C,447.607,353.314,420.12,1670.56,1905.73,1731.83,2114.79,2025.56,2366.23,1786.31,1954.48
YDR061W,401.302,403.55,418.369,1346.41,1400.11,1384.36,2023.6,2161.92,2218.87,2332.57,2439.38
YDR513W,424.056,357.723,442.701,1133.34,1252.01,1184.05,2270.81,2234.27,2557.8,2461.94,2449.32
YFR015C,419.073,404.604,401.495,1155.72,1198.95,1242.39,2043.29,2224.36,2239.3,3092.76,2863.73
YNL301C,401.038,431.271,393.291,1979.99,1789.06,2144.61,2482.03,3019.77,2579.59,3528.71,2975.28
YNL315C,427.359,373.796,425.425,1214.8,1344.75,1252.23,1929.49,1848.7,2085.95,1872.69,2093.66
YIL083C,411.237,396.325,420.75,1573.65,1680.36,1686.13,2242.67,2494.3,2568.91,2654.65,2701.9
YER175C,434.858,385.697,408.213,985.049,1078.01,1003.45,1876.95,1927.44,2080.9,1979.85,2043.9
YBR234C,428.943,364.866,435.545,1633.79,1757.8,1648.21,2873.48,2849.71,3135.58,3401.98,3556.3
YPR183W,417.415,400.213,413.242,2699.88,2733.71,2855.12,4097.63,4384.09,4485.59,4490.34,4294.42
YKL193C,426.392,386.482,418.996,1254.43,1359.58,1261.62,2322.46,2361.63,2476.14,3470.32,3611.15
YOL059W,419.368,400.538,414.996,1796.23,1849.81,1836.31,2931.81,3225.7,3342.4,3449.41,3394.91
YLR337C,419.262,404.505,415.428,909.531,949.431,931.246,1284.8,1390.9,1396.92,1510.55,1532.69
YLL001W,440.938,377.605,421.837,2009.49,2195.39,2138.56,3182.51,3233.36,3515.3,3254.19,3401.3
YLL008W,420.27,384.974,435.319,1817.82,1957.72,1957.83,3264.35,3362.38,3514.58,3973.18,3898.65
YMR129W,442.411,374.625,425.574,2728.07,2899.01,2893.9,4328.7,4469.07,4874.91,4682.11,4814.95
YKR066C,439.258,377.248,429.88,1120.43,1190.81,1176.71,1718.74,1721.75,1941.42,1542.65,1622.61
YNL252C,420.779,426.158,400.765,1076.53,1070.5,1152.87,1170.78,1312.5,1240.12,1005.27,956.353
YBL072C,384.451,463.927,399.676,2399.46,2076.43,2497.09,3229.59,4113.64,3532.37,4583.01,3769.76
YDR345C,433.596,363.483,450.988,1631.77,1922.91,1703.49,2344.01,1980.85,2548.55,1949.88,2173.32
YIL021W,433.527,393.761,421.172,908.881,964.35,963.906,1118.25,1197.1,1300.59,1203.3,1235.21
YOR086C,428.675,393.858,430.209,2598.82,2764.35,2688.91,4603.87,4666.79,5015.24,5338.55,5542.38
YDR228C,441.259,366.698,445.418,1739.88,1878.22,1813.32,2869.84,2960.56,3192.34,3301.48,3610.78
YJL101C,420.014,397.445,438.616,1361.18,1407.21,1452.27,2053.65,2153.19,2264.8,2611.63,2592.4
YBR273C,437.999,381.616,437.672,1440.98,1488.32,1364.47,2315.8,2465.65,2613.92,2675.61,2808.56
YLR250W,440.143,384.518,434.374,1091.73,1163.68,1131.65,1748.97,1852.04,1919.91,1927.04,2027.14
YPL239W,426.495,454.687,378.252,820.367,730.84,839.28,964.573,1260.26,1068.27,1142.26,997.236
YPR169W,425.86,395.612,437.982,1566.07,1663.4,1602.08,2232.64,2389.69,2588.26,2637.38,2753.27
YOL061W,425.556,412.744,421.187,1656.07,1682.72,1608.45,2254.45,2496.29,2509.25,2464.93,2476.91
YCL009C,422.281,414.776,422.835,1014.83,1127.23,1038.78,1793.03,1874.8,2115.66,2233.76,2270.72
YDL135C,438.342,391.559,431.074,1545.12,1766.9,1638.6,2841.67,2921.93,3176.38,3763.97,3872.3
YIR008C,412.058,427.733,422.525,1118.26,1110.41,1150.71,1357.32,1583.85,1595.13,1499.81,1388.49
YJL115W,447.366,403.537,412.34,1393.25,1466.07,1454.04,2155.16,2216.49,2368.86,2462.95,2499.99
YER151C,430.575,395.863,437.145,1566.86,1665.32,1585.92,2084.21,2201.33,2295.18,2291.96,2389.79
YNL134C,438.464,380.138,446.142,1530.32,1664.67,1601.27,3458.72,3618.47,3868.92,4026.26,4151.32
YDR153C,440.078,400.641,424.108,1722.53,1751.8,1713.97,2396.32,2512.6,2663.05,2309.35,2428.18
YOL080C,426.475,411.179,427.414,505.473,528.091,519.514,641.587,711.194,775.86,797.231,819.848
YOL111C,431.081,404.972,429.174,1469.87,1503.11,1587.18,2199.7,2420.14,2446.36,2451.19,2388.18
YCL059C,446.157,377.238,442.614,1436.9,1598.97,1433.06,2724.18,2744.75,3350.01,3532.04,4001.1
YFR024C-A,424.79,411.425,430.162,1664.7,1615.68,1739.55,2330.43,2608.65,2549.78,2678.07,2489.01
YDR266C,422.086,393.463,451.456,1266.62,1391.12,1336.01,1836.27,1930.7,2125.58,2192.24,2212.87
YPL048W,459.459,369.01,439.849,2301.44,2628.98,2433.48,4607.26,4543.11,5270.2,5586.06,6050.14
YKL091C,466.879,375.823,427.147,1165.99,1346.01,1270.64,2230.34,2208.35,2397.78,2705.87,2717.97
YNL153C,455.818,366.848,447.424,452.263,586.713,495.543,818.773,709.602,914.731,785.915,971.436
YJR059W,438.423,382.914,448.96,1540.81,1728.82,1609.09,2457.48,2432.15,2767.69,2816.36,2870.77
YMR192W,434.296,418.129,418.276,2232.55,2362.02,2307.73,3722.24,4027.06,4117.7,4707.91,4679.26
YKR025W,431.071,414.849,425.234,1014.96,1025.04,1066.29,1367.93,1533.28,1526.44,1258.74,1163.76
YNL312W,446.516,406.844,418.15,1132.24,1164.67,1120.64,1594.57,1750.86,1751.01,1697.22,1706.6
YJL054W,440.369,400.485,431.906,1548.03,1707.65,1627.54,2571.29,2692.57,2963.21,2897.01,3119.1
YDR483W,425.587,372.381,474.965,2542.93,2665.71,2741.17,4274.43,4457.37,4756.55,5307.79,5227.78
YJL081C,435.447,394.442,443.518,1204.13,1306.97,1220.18,1839.19,1844.99,2045.64,2065.1,2264.1
YFR028C,457.201,379.657,440.387,1744.21,1846.07,1836.04,2212.82,2300.81,2463.49,2275.66,2283.85
YEL055C,417.079,412.225,448.668,2651.17,2752.67,2712.27,3014.38,3155.82,3296.04,3037.95,3136.76
YML094W,438.997,411.508,428.488,1277.95,1287.12,1371.8,1603.3,1786.99,1729.78,1681.7,1489.47
YOR232W,429.851,411.391,439.708,1015.66,1082.78,1109.1,1442.38,1532.31,1614.62,1484.27,1489.66
YBR279W,422.114,479.666,380.925,1047.68,970.77,1148.42,1111.34,1424.89,1130.98,1244.74,1033.92
YDR068W,445.905,422.872,413.989,1201.36,1279.65,1245.29,1696.31,1799.2,1819.33,1724.59,1701.29
YJR069C,465.567,386.092,433.776,1038.1,1138.2,1033.37,1514.15,1557.38,1762.09,1595,1674.65
YGL031C,472.07,366.158,449.498,1480.63,1995.91,1535.31,3016.7,2457.48,3547.17,2813,3685.58
YBL055C,438.96,413.731,436.632,1173.77,1237.8,1176.85,1636.76,1744.5,1866.56,1893.44,1941.23
YLR389C,438.903,402.611,449.983,2119.57,2267.46,2166.27,3588.12,3743.96,4069.86,3890.23,3947.33
YOR354C,463.708,382.463,449.379,1902.42,2076.36,1941.57,2979.8,3056.07,3423.37,2993.79,3129.25
YMR260C,461.75,384.358,451.81,1367.75,1633.43,1565.22,2508.03,2555.68,2721.1,2197.93,2221.89
YDL064W,429.273,447.702,423.145,1238.62,1130.88,1217.51,1434.74,1714.63,1515.11,1691.27,1495.27
YGR097W,442.225,417.28,440.736,1949.99,2023.71,2003.91,3641.29,3929.24,3878.44,4915.73,4849.78
YMR090W,428.124,458.162,416.827,942.85,878.485,941.241,1574.86,1843.46,1674.08,2430.93,2115.39
YML123C,462.526,391.92,449.368,2054.06,2263.16,2152.79,2186.8,2048.83,2365.87,1414.84,1465.72
YCR004C,452.103,428.639,423.706,1816.69,1833.21,1964.7,2785.31,2932.61,3105.97,3719.9,3410.45
YDR233C,453.079,354.947,497.93,2951.9,3485.29,3183.66,5915,5480.88,6661.74,5630.8,6008.44
YHR074W,467.295,393.987,444.686,2427.52,2540.07,2505.29,3743.83,3884.86,3935.11,4312.25,4335.86
YNL313C,442.654,408.089,456.154,2436.09,2708.63,2454.86,3428.03,3505.36,3823.96,3714.8,3941.06
YKR084C,436.681,427.863,445.3,1817.11,1886.79,1913.03,2500.35,2630.89,2738.93,2595.69,2597.1
YDL097C,462.057,376.603,471.357,1970.92,2330.18,1948.27,3400.34,3084.69,3751.21,3388.77,3922.15
YJL208C,452.885,423.567,433.862,1298.39,1355.86,1397.21,1901.25,2045.86,2070.65,2137.33,2118.55
YML073C,458.144,403.096,450.408,1460.8,1709.83,1564.14,2418.2,2296.92,2767.41,2646.04,3046.88
YDR293C,461.59,399.674,453.702,932.506,1009.3,875.759,1256.05,1192.09,1451.79,1216.76,1370.19
YMR033W,436.955,439.535,438.697,1248.04,1210.07,1201.33,1298.52,1475.6,1417.36,1430.97,1373.9
YHR190W,456.515,402.661,457.536,3691.95,3986.66,3956.78,7809.54,7397.64,8195.72,8792.19,8995.97
YKL212W,444.337,418.989,453.844,2931.1,3008.6,3060.95,5048.05,5023.54,5259.68,5958.9,5907.02
YDL125C,472.089,384.594,464.765,1061.33,1172.37,1078.54,1598.42,1584.08,1763.7,1472.67,1640.75
YPL010W,445.527,425.422,451.9,1609.14,1676.49,1695.72,2358.83,2510.94,2543.4,2596.65,2574.39
YNR037C,474.216,375.94,472.868,1117.76,1254.99,1176.65,1529.83,1543.1,1803.26,1310.75,1410.83
YGR119C,454.201,450.069,419.327,1176.77,1154.86,1176.94,1421.87,1662.01,1558.57,1593.77,1531.88
YOR020C,456.137,444.489,423.647,2070.42,2059.13,2219.46,3089.55,3725.68,3284.78,3768.46,3368.13
YOL006C,473.895,397.493,456.473,1626.12,1805.07,1684.39,2717.94,2720.91,3106.22,3307.17,3586.4
YGR232W,462.168,427.149,439.796,1551.51,1666.79,1599.97,2427.85,2720.38,2793.68,2916.1,2971.32
YJL125C,448.99,456.091,428.244,1535.42,1614.42,1649.72,2029.61,2185.65,2218.94,2314,2328.82
YIR037W,435.41,422.714,475.927,1526.22,1648.49,1604.35,2797.61,2998.29,3233.56,3578.27,3731.56
YLR357W,488.684,407.042,439.689,992.412,1109.48,1005.46,1170.9,1276.04,1304.13,1114,1204.28
YMR027W,451.638,413.902,473.032,2506.43,2677.6,2690.17,4294.43,4337.38,4601.38,4656.37,4875.61
YNL059C,446.427,435.137,463.669,1640.91,1757.43,1689.04,2391.86,2494.66,2665.97,2656.81,2731.66
YPL105C,446.577,428.034,471.242,1063.9,1228.16,1145.8,1462.95,1495.46,1677.68,1403.67,1531.14
YIL043C,461.763,405.292,479.371,1662.12,1779.59,1739.14,2399.65,2396.53,2607.98,2242.74,2312.65
YLR172C,470.281,381.086,495.54,1684.54,2024.91,1733.14,2750.08,2541.08,3136.51,2806.93,3251.08
YGR165W,463.196,422.783,461.35,1525.01,1704.69,1619.65,2143.45,2154.57,2374.56,1966.93,1993.23
YML079W,469.265,411.037,473.018,1354.29,1484.06,1388.44,2132.45,2152.93,2431.91,2281.85,2595.8
YJR032W,447.741,436.933,469.339,1979.9,2140.79,2033.51,3090.97,3112.19,3470.69,3319.53,3584.33
YLL029W,464.498,452.932,437.309,2109.22,2240.76,2180.98,3372.24,3375.75,3508,3680.76,3760.86
YGL111W,486.106,416.825,454.767,1911.27,2073.57,2051.99,3086.72,3161.45,3455.7,3413.34,3584.22
YFR052W,474.291,409.353,474.32,1279.42,1354.03,1312.67,2087.23,2061.73,2359.26,2107.68,2243.91
YKR028W,472.807,421.419,464.414,1826.17,2035.5,1846,2379.57,2417.96,2645.55,2690.59,2892
YLR301W,464.107,427.922,466.927,1473.72,1594.36,1510.61,2290.12,2327.57,2429.91,2409.83,2564.69
YMR125W,476.623,418.746,465.203,2538.68,2617.52,2628.36,3494.2,3595.26,3801.02,3791.02,3958
YER042W,473.748,412.391,474.651,1128.74,1320.02,1120.59,1901.6,1797.49,2114.98,1835.02,2092.86
YJL148W,488.387,383.435,489.425,1124.4,1342.66,1152.75,1417.65,1332.5,1657.12,1304.58,1519.84
YHR201C,476.377,431.182,454.643,1483.97,1606.92,1517.39,2044.1,2155.53,2336.63,2164.86,2300.31
YPR052C,495.503,410.035,456.957,766.171,889.209,753.443,577.475,527.861,629.64,287.845,320.513
YNL098C,470.87,436.068,462.538,1527.59,1563.34,1681.44,2248.44,2304.35,2421.09,2891.58,2639.68
YBR093C,448.123,483.666,438.382,664.896,672.8,652.297,1063.27,1237.69,1138.7,888.594,791.956
YPL237W,454.056,454.183,462.589,1328.13,1426.79,1375.73,2276.25,2409.1,2517.67,2898.97,2908.16
YOR099W,485.449,402.98,482.632,1703.84,1978.94,1748.4,2583.31,2371.98,2940.85,3061.88,3428.14
YHR023W,467.49,459.94,444.759,1226.29,1295.42,1279.39,1815.89,1958.17,2020.66,2138.79,2146.72
YDR471W,465.281,450.463,456.818,1760.41,1805.36,1892.05,2567.6,2991.8,2772.48,3031.5,2873.83
YJL197W,474.768,413.69,488.443,1871.07,2187.95,1956.94,2744.29,2567.75,3052.52,2538.38,2818.14
YNL132W,485.212,411.981,481.259,3546.09,3685.81,3744.73,5709.35,5928.02,6380.56,6906.52,6968.6
YPR189W,467.541,444.271,466.761,2692.07,2866.92,2829.54,3677.72,3905.5,4036.82,3836.51,3901.16
YPR072W,469.519,428.189,486.398,1744.51,1903.5,1846.59,2431.78,2548.94,2707.23,2755.85,2816.94
YBR177C,473.249,408.032,503.529,2137.11,2359.84,2266.32,4411.81,4453.18,4975.22,5518.95,5905.9
YDR170C,476.45,427.376,480.99,3500.41,3786.53,3669.87,5457.17,5473.71,5835.23,6061.39,6347.82
YLL048C,425.123,431.945,528.53,4436.69,4611.94,4659.28,7658.33,8121.89,8490.38,9151.33,8917.84
YDL236W,478.829,453.927,453.107,1649.94,1673.36,1801.13,2178.84,2378.29,2389.99,2349.21,2263.68
YNL111C,450.214,417.656,520.433,2014.96,2105.13,2300.95,3922.08,4049.88,4312.39,4896.17,4650.62
YER057C,481.989,431.974,477.396,951.275,1066.33,989.59,1221.84,1238.49,1424.18,883.393,972.431
YOR281C,488.51,431.939,471.267,1461.73,1603.65,1536.15,2235.05,2272.25,2495.56,2306.37,2457.56
YEL011W,464.502,454.672,474.404,1540.96,1573.54,1568.27,3313.8,3467.77,3449.15,4358.7,4250.75
YPL032C,494.601,431.055,468.415,1665.79,1870.78,1788.78,2580.23,2644.24,2876.97,3309.45,3502.41
YPL012W,494.025,410.511,492.551,3033.27,3339.46,3118.63,4899.23,4843.1,5467.36,5651.79,5994.68
YDL166C,471.532,453.172,472.712,1146.76,1241.27,1218.46,1327.25,1382.78,1484.61,1184.03,1229.95
YPL129W,470.754,446.366,481.196,1087.86,1252.72,1114.75,1698.72,1689.92,1833.18,1762.02,1740.82
YGR090W,460.607,431.401,509.791,3321.81,3462.69,3553.16,5124.62,5396.07,5501.56,5873.35,6007.42
YGR054W,473.829,459.46,469.209,2346.51,2391.95,2411.11,3482.84,3894.66,3899.51,4189.61,4132.85
YDL215C,459.663,419.453,524.085,3453.3,3587.16,3593.28,7699.59,8151.54,8398.89,10330.7,10237.3
YHR007C,456.913,434.099,512.802,4045,4118.64,4260.91,7234.22,7675.78,7709.38,9188.97,8689.75
YHR113W,488.954,450.283,467.347,1227.43,1338.72,1265.48,1869.81,1960.76,2063.03,2180.51,2238.99
YDL058W,484.195,445.482,477.769,1964.76,2163.06,1981.5,2755.62,2769.99,3010.53,2678.08,2816.56
YJL087C,502.945,447.122,459.043,2261.79,2432.9,2375.31,3588.34,3661.47,3968.75,4105.21,4186.72
YGL130W,496.253,443.795,471.426,1519.95,1559.76,1510.36,2054.88,2150.48,2230.77,2882.18,2898.87
YJL036W,484.916,420.408,506.462,1579.17,1797.99,1632.03,2712.56,2685.08,3101.86,2950.82,3304.6
YGL030W,476.302,460.791,475.573,1329.03,1401.88,1351.11,1773.56,1834.01,1948.66,1769.89,1805.37
YJL180C,499.442,450.726,462.881,1464.86,1605.77,1470.08,2259.23,2279.3,2568.04,2372.97,2496.99
YJR060W,493.725,433.232,487.329,1210.73,1332.54,1245.28,1576.18,1548.58,1823.74,1258.82,1365.5
YLR195C,483.977,433.659,498.476,2141.69,2179.28,2193.7,3181.94,3359.35,3377.85,3312.36,3387.54
YBR214W,482.106,446.306,490.169,1408.84,1543.4,1453.42,2677.45,2717.07,2940.33,3039.96,3113.16
YOR257W,492.7,466.188,459.867,495.876,528.63,519.036,543.645,599.748,614.622,427.518,473.42
YHR132C,475.757,443.913,500.176,1844.66,1992.47,1939.06,3164.91,3340.02,3462.9,3995.11,4010.54
YER004W,511.619,424.592,484.888,953.114,1059.97,1001.89,1244.65,1248.03,1432.74,1169.11,1279.77
YKL027W,490.074,442.485,488.617,1982,2281.08,2057.38,3195.42,2963.81,3507.06,3283.49,3677.94
YFR010W,497.282,429.331,494.736,1863.97,2012.99,1886.75,3051.63,3269.72,3429.96,3400.23,3458.57
YDL046W,515.689,439.975,467.444,605.199,682.842,590.313,577.735,586.145,617.292,665.071,741.453
YBR056W,487.828,397.927,539.909,1588.85,1819.31,1730.18,3291.21,3163.87,3693.58,4033.98,4367.8
YIL126W,476.943,452.225,497.5,1877.03,2019.08,1933.14,2224.59,2317.83,2461.27,1999.24,2133.69
YMR080C,486.84,465.202,477.781,2057.94,2133.52,2090.05,2798.25,2839.97,3012.87,3030.14,3161.77
YEL031W,469.305,445.4,516.749,4592.32,4800.09,4710.58,6758.91,6969.67,7409.67,7355.06,7258.17
YCR093W,468.892,450.272,514.326,3329.53,3440.04,3384.39,4984.19,5201.53,5425.71,5259.06,5396.65
YML035C,489.352,462.621,485.937,2531.23,2561.31,2664.84,4302.18,4844.51,4787.16,5610.74,5542.23
YBR053C,490.183,427.467,524.637,2011.58,2119.08,2035.15,3839.54,3911.39,4152.47,4171.55,4337.5
YGL238W,497.708,454.85,491.158,3361.04,3462.49,3486.05,5420.9,5619.34,5923.51,6027.88,6191.7
YGR275W,463.027,494.362,489.456,834.94,850.361,858.157,1183.16,1312.66,1334.83,1336.48,1331.85
YJR002W,500.332,435.743,511.237,1704.14,1874.52,1770.91,2352.75,2402.98,2547.6,2422.48,2529.67
YOR251C,495.127,479.818,472.524,1555.76,1574.76,1641.86,2486.44,2821.51,2831.22,2941.11,2718.69
YBR015C,503.565,427.988,520.349,2616.75,2851.1,2874.95,3884.83,3880.53,4209.46,4236.19,4376.62
YNL243W,475.518,491.296,485.451,2113.34,2111.16,2190.54,3019.88,3323.71,3283.9,3521.33,3241.16
YLR083C,492.849,464.727,499.074,1575.01,1664.67,1697.05,2216.88,2322.31,2401.16,2562.11,2526.87
YKR008W,514.379,453.031,492.39,1649.74,1865.98,1742.08,1976.11,2030.41,2260.5,1936.86,2087.91
YNL045W,516.282,437.835,508.153,2604.68,2693.52,2699.29,4719.83,4973.07,5176.63,6093.96,6154.47
YOR239W,499.951,464.725,499.576,1785.97,1828.05,1847.76,2376.44,2504.22,2730.38,2400.36,2407.82
YIL062C,499.403,453.746,513.108,1743.11,1880.27,1847.78,2388.84,2550.37,2743.65,1712.51,1588.07
YHR092C,512.997,461.817,492.445,1384.07,1457.71,1429.2,1493.43,1348.34,1606.55,1266.89,1238.59
YLR203C,492.838,490.181,484.844,2297.56,2352.1,2433.87,4031.93,4358.6,4358.01,4802.97,4679.11
YDL112W,501.13,459.868,507.247,2935.2,2998.59,3023.12,4111.68,4399.48,4365.14,4782.43,4699.14
YOR362C,507.756,454.697,507.266,1552.09,1705.14,1555.3,2446.67,2342.72,2828.19,2355.43,2623.69
YLR179C,530.284,419.968,520.951,2161.43,2419.27,2219.08,4506.85,4562.17,5036.01,5237.71,5547.39
YMR259C,518.881,464.98,487.565,2941.15,2952.18,3001.91,4044.59,4338.84,4236.04,4532.1,4422.64
YDR408C,498.518,461.563,512.473,1748.37,1885,1902.4,3083.13,3272.98,3379.9,3300.3,3256.3
YPL212C,503.813,456.032,513.895,1856.49,1992.46,1936.16,2950.52,2973.07,3220.76,3289.42,3487.43
YKL054C,497.823,476.044,504.585,2140.95,2210.3,2314.5,3204.34,3716.2,3618.33,4073.51,3831.35
YGL196W,508.338,463.941,507.355,1484.42,1601.89,1580.51,2226.99,2290.08,2466.69,2746.79,2844.97
YHR087W,504.528,443.718,531.743,607.761,697.84,672.256,977.658,1018.6,1100.14,1238.47,1194.22
YLR351C,512.286,471.732,497.9,1879.98,1989.94,2021.5,3067.25,3361.49,3495.03,3786.73,3758.93
YOR259C,509.024,495.703,478.016,1775.05,1724.51,1839.88,2425.24,2592.97,2617.95,2372.49,2343.33
YER007C-A,497.972,456.842,528.24,1430.51,1565.87,1549.23,2247.24,2355.59,2412.87,2433,2454.73
YBL091C,504.946,486.174,492.709,1498.69,1649.54,1584.95,2077.97,2197.56,2369.66,2394.66,2478.35
YOR141C,493.64,477.488,516.021,2743.03,2737.95,2859.22,4450.63,5072.44,5050.39,5551.57,5394.8
YOR215C,500.241,489.251,499.369,1100.8,1050.8,1127.78,1739.91,2011.01,1898.11,1916.38,1782.6
YPL183C,508.871,467.729,512.38,2184.02,2309.41,2294.48,2750.45,2864.41,2961.37,2757.36,2700.91
YHR163W,471.357,503.914,515.284,1860.1,1792.31,1877.95,2623.8,2994.26,2895.09,2733.97,2619.47
YDR300C,515.631,437.221,540.756,2404.5,2572.42,2517.98,3689.05,3828.7,4092.99,3665.49,3863.95
YLR069C,518.213,472.559,504.666,1850.61,2064.64,1944.98,3343.23,3483.8,3706.27,3864.82,3942.88
YOL049W,508.642,474.816,513.983,1637.87,1766.03,1660.19,2944.53,3030.56,3193.01,3269.82,3583.49
YMR174C,541.132,462.572,505.345,241.334,298.312,275.78,445.949,492.336,491.104,345.853,370.601
YER133W,543.928,434.554,534.456,1679.8,1951.24,1751.65,2797.38,2705.7,3154.64,3142.5,3621.17
YMR275C,512.675,484.506,519.78,2235.33,2389.1,2234.46,3124.45,3264.41,3447.82,3416.82,3734.4
YLR291C,523.334,465.302,537.489,2618.3,2671.86,2653.33,3156.51,3245.23,3420.22,2739.44,2801.15
YDL086W,521.499,507.06,497.84,1253.45,1307.64,1257.47,1797.56,2006.62,2043.65,2547.44,2287.42
YPL260W,513.292,472.027,543.5,2300.43,2482.2,2450.74,4468.56,4755.42,5051.62,5691.69,5908.29
YML105C,557.116,455.646,516.682,1645.02,1797.77,1679.35,2218.43,2159.99,2407.82,2137.12,2340.31
YNL206C,518.093,490.992,522.025,1370.5,1430.25,1482.52,1848.6,2062.13,2103.89,2125.18,2132.52
YNL281W,535.67,480.097,515.743,2611.17,2704.22,2711.99,3846.43,4015.02,4205.76,3822.37,3644.63
YGR019W,545.088,471.94,514.807,2642.3,2863.46,2858.87,6155.55,6411.48,6867.55,6824.91,6843.47
YMR145C,529.797,476.277,528.622,2224.13,2253.33,2398.13,4125.08,4512.91,4274.14,6092.63,5564.78
YDR372C,511.381,519.622,504.972,2335.43,2481.51,2566.96,4211.83,4623.12,4474.05,6051.9,5902.89
YDL019C,535.59,480.497,520.158,1586.63,1770.81,1648.22,2179.12,2174.93,2413.2,2253.34,2359.29
YER055C,524.29,461.762,552.124,1143.54,1277.43,1205.54,1942.41,1967.26,2169.94,2129.9,2199.8
YBR154C,533.462,517.97,488.194,1297.24,1350.52,1348.5,1494.26,1669.84,1636.43,1359.79,1268.38
YPL059W,540.532,492.587,512.082,1010.59,1086.71,1092.67,1381.76,1602.92,1652.12,1321.69,1273.39
YLL045C,538.423,473.804,533.526,1554.52,1741.47,1474.77,2420.08,2057.33,2832.07,2442.25,2972.6
YIL162W,532.808,469.649,544.669,1298.5,1342.28,1323.78,1262.25,1392.83,1483.35,1154.5,1165.56
YPR112C,537.002,493.251,517.716,2131.91,2303.51,2234.13,3325.62,3478.66,3739.44,3573.06,3648.52
YOR347C,524.446,475.293,550.508,1689.64,1882.9,1761.95,2739.35,2836.13,3046.98,2516.28,2497.45
YDL065C,524.376,503.021,522.858,1317.76,1457.16,1363.2,2186.52,2202.93,2416.49,2430.16,2511.45
YGL049C,533.684,501.186,516.454,2548.44,2667.3,2737.83,3721.45,4088.07,4052.08,4390.02,4412.46
YDR032C,523.537,513.34,520.494,1959.7,1903.77,2110.64,3951.91,4724.01,4502.37,6089.98,5508.45
YDR358W,539.437,495.05,523.234,1851.98,1952.27,2014.34,3220.12,3424.36,3630.46,3914.72,3856.7
YKR006C,513.582,545.486,498.847,1162.84,1122.66,1203.61,1039.86,1247.92,1122.14,629.394,562.179
YKL024C,529.433,475.971,553.049,1972.8,2144.45,2136.64,3060.21,3148.98,3384.22,3396.64,3538.44
YNL085W,567.538,434.332,556.767,2875.27,3458.16,3009.8,5409.6,5087.22,6129.32,6045.24,6970.27
YHR013C,538.317,487.045,533.723,1089.56,1232.57,1125.06,1222.97,1208.92,1430.63,937.52,1018.22
YKL148C,519.775,540.698,501.03,1471.02,1430.47,1535.38,2159.82,2431.57,2383.93,2788.34,2581.42
YLR017W,548.599,478.905,535.699,1194.69,1308.4,1311.18,1324.57,1408.56,1519.79,1225.57,1212.26
YCR057C,557.351,473.023,542.502,2448.3,2728.48,2518.22,3579.88,3485.05,4023.47,3674.37,3988.64
YBL064C,536.119,469.055,568.657,1776.59,1969.48,1876.14,4147.83,4200.79,4551.71,5873.03,6023.77
YOR173W,545.253,488.643,544.592,1306.14,1402.43,1340.01,2463.53,2545.19,2750.12,3502.47,3668.71
YFR006W,531.308,525.418,522.37,1810.59,1851.34,1874.27,2627.59,2868.48,2776.32,2720.52,2569.94
YDR171W,525.506,493.158,561.07,1271.58,1414.05,1352.98,1977.94,1953.55,2139.07,2339.76,2440.18
YOR271C,554.484,479.368,549.026,2283.67,2545.55,2384.88,3550.83,3549.46,3921.5,3683.85,3912.55
YDR001C,580.186,458.775,545.249,2155.82,2457.53,2371.75,6079.01,5830.38,6574.83,8191.91,8728.94
YPL217C,541.524,493.73,549.518,1935.65,2045.91,1997.89,2894.01,2965.53,3146.75,3590.12,3657.46
YCR030C,546.021,512.113,526.659,1648.41,1750.76,1680.78,2546.06,2740.88,2887.7,2928.87,2989.69
YCL054W,543.383,490.923,551.637,1795.94,1927.09,1809.83,2719.1,2706.44,3009.36,3448.41,3593.37
YLR113W,567.042,484.233,534.716,1904.33,2052.38,1912.27,3196.42,3246.53,3534.45,3494.08,3747.63
YJL109C,523.136,478.68,585.236,4887.92,5274.99,5126.68,7689.77,7785.43,8378.89,8494.85,8845.95
YBR106W,550.918,505.624,531.877,3918.37,4147.8,4098.52,6368.59,6433.88,6838.72,6779.34,6792.82
YGR118W,531.55,525.538,535.75,2487.78,2447.97,2619.08,3561.53,3976.96,3829.39,4590.87,4231.88
YNR034W-A,539.678,538.788,515.662,564.831,611.649,588.268,1135.4,1221.16,1227.61,1204.47,1169.68
YGR250C,566.668,499.807,529.353,1961.88,2193.52,2112.78,3912.56,3967.11,4304.26,5212.72,5475.61
YDR335W,565.505,483.452,549.61,2920.87,3224.66,2955.87,5021.82,4666.87,5428.42,5887.2,6434.95
YOR261C,550.638,538.045,509.956,1703.58,1691.18,1792.24,2378.36,2808.81,2679,2806.99,2614.27
YCR052W,537.482,538.42,523.868,1271.19,1285.58,1391.03,1421.22,1656.1,1574.61,1388.79,1326.65
YER031C,523.437,523.772,556.196,2512.63,2542.66,2631.64,3898.27,4144.23,4116.84,4486.13,4217.11
YLL034C,546.117,512.239,546.723,1710.09,1882.74,1824.48,2537.72,2608.44,2855.11,2836.68,2924.91
YIL033C,535.818,505,565.044,1675.72,1845.94,1796.77,2915.11,2985.64,3156.99,3167.54,3417.13
YLR186W,547.422,534.58,524.934,1981.69,1947.93,2115.77,2715.17,3169.86,3055.32,3782.08,3425.25
YLR432W,557.771,513.539,535.742,1734.83,1735.39,1803.28,2225.27,2473.95,2441.35,2410.96,2306.85
YNL256W,543.914,508.191,558.142,1635.15,1781.15,1685.14,2294.95,2326.18,2483.46,2428.36,2561.38
YMR300C,537.981,549.67,523.334,1965.55,1960.42,2009.4,3090.31,3488.11,3416.38,3943.36,3815.03
YKL181W,547.68,503.694,559.809,2016.8,2111.06,2061.19,3053.13,3234.99,3441.98,3571.75,3619.29
YDR188W,546.054,480.745,586.966,1998.88,2216.16,2150.17,2999.74,2922.73,3284,3091.99,3211
YGR200C,565.424,520.906,528.561,1833,1961.76,1908.39,2505.65,2629.82,2741.96,2805.37,2788.37
YPR088C,567.472,510.522,541.508,1443.65,1510.83,1486.33,2010.86,2207.21,2287.34,2044.61,2078.16
YGR207C,558.666,500.554,560.791,1972.8,2113.26,2088.57,3141.05,3280.48,3431.05,3282.41,3291.53
YNL061W,562.631,513.377,544.045,1581.33,1628.29,1657.56,2539.98,2816.71,2858.42,3272,3186.72
YER023W,582.796,500.544,543.805,1835.61,2076.65,1904.23,3120.91,3243.76,3628.52,3636.78,4054.71
YHR049W,562.138,515.431,556.656,1723.68,1810.96,1778.65,2837.06,3139.74,3158.49,4041,3905.63
YNL016W,560.615,455.723,618.518,929.057,1123.54,981.846,1448.15,1414.55,1704.57,1534.07,1734.29
YIL155C,568.981,516.079,551.635,1771.09,1947.71,1785.48,4077.61,4217.49,4371.83,5759.27,5948.18
YBR181C,597.748,478.199,562.49,2344.3,2769.33,2469.37,3699.58,3501.92,4058.27,3457.8,4024.49
YOR270C,577.908,479.943,580.679,3742.9,3958.1,4035.26,6459.09,6541.6,6945.85,7587.15,7649.47
YNL307C,566.888,501.01,570.778,1612.75,1770,1625.69,2484.55,2560.82,2743.09,2678.14,2854.69
YDR324C,574.498,502.408,566.38,2268.09,2346.89,2392.78,3026.45,3183.39,3242.24,3140.72,3110.69
YHR018C,574.982,493.963,575.235,2048.34,2193.55,2167.35,5194.71,5583.53,5726.54,6431.61,6253.9
YGL001C,577.981,508.288,571.604,1962.71,2150.5,2038.29,3194.83,3356.27,3530.24,3572.33,3745.31
YDR189W,539.806,538.754,579.569,2100.97,2068.6,2163.54,2544.68,2888.93,2771.19,2669.86,2594.13
YKL120W,556.204,511.11,591.888,2515.63,2752.4,2613.21,3908.46,3818.01,4300.1,4043.41,4171.79
YNL069C,587.609,504.192,568.032,2201.97,2330.9,2194.23,2401.85,2450.71,2581.33,3217.89,3530.86
YGR043C,572.792,519.894,567.315,1109.92,1216.17,1199.11,2755.87,2848.32,3079.19,4801.38,5002.25
YGL157W,553.499,532.304,575.9,1841.4,1962.03,1949.66,4279.91,4581.58,4935.25,6487.28,6551.43
YFR009W,564.753,556.386,541.714,2342.22,2357.13,2409.74,3596.12,4022.39,3854.07,4372.35,4112.98
YPR024W,562.822,528.287,572.589,1996.07,2302.53,2094.64,2976.94,2902.45,3338.51,2793.07,3048.82
YDR071C,571.53,562.459,535.378,1523.78,1575.64,1602.43,1908.72,2080.63,2115.55,1879.81,1842.82
YHR121W,583.934,504.013,584.223,1630.51,1834.15,1712.77,2875.38,2900.39,3207.05,3260.01,3561.2
YNR067C,579.003,538.961,557.086,450.775,490.386,468.145,305.198,333.994,352.964,275.494,286.689
YHR114W,569.79,546.465,559.934,1718.55,1856.84,1769.97,2333.46,2508.65,2589.09,2187.01,2146.02
YPL043W,580.909,499.65,599.211,1899.6,2064.24,1987.31,2743.12,2745.22,3090.94,2827.01,3014
YGL203C,562.188,540.683,577.717,1674.71,1773.1,1749.95,2224.53,2341.9,2510.32,2268.68,2303.3
YIL109C,576.805,505.276,600.608,2595.47,2845.07,2776.13,4006.82,4008.94,4386.26,4381.05,4582.38
YGL106W,596.348,518.615,579.307,1316.44,1451.85,1367.53,1746.3,1917.95,2139.87,1417.74,1590.96
YOR021C,596.367,508.894,591.318,1360.8,1593.18,1344,1953.32,1800.23,2165.87,1658.58,1918.02
YNL135C,596.46,495.531,605.964,1598.48,1830.73,1704.67,3031.62,2983.35,3415.85,3119.3,3412.57
YMR314W,600.134,502.936,598.923,1673.64,1788.15,1782.76,2439,2597.4,2715.67,2601.57,2579.42
YOL004W,578.258,549.411,576.814,2791.44,2967.79,2916.36,3347.33,3509.58,3686.75,3169.27,3218.87
YDR272W,553.664,571.065,580.981,1814.61,1868.19,1918.17,2607.37,2903.32,2865.31,2970.58,2852.13
YMR261C,576.195,530.354,599.855,2870.28,3077.83,2990.71,5431.67,5473.66,5989.95,6257.73,6698.07
YMR214W,572.125,553.773,581.275,2190.64,2240.36,2426.75,3022.41,3366.47,3212.04,3551.73,3381.7
YIL149C,613.62,539.793,553.863,1247.52,1359.43,1257.12,1474.13,1525.99,1723.08,1369.85,1445.33
YDR453C,557.667,592.206,559.428,1708.29,1699.52,1766.01,3058.92,3434.41,3115.12,4293.64,4055.82
YDR330W,586.09,558.73,566.297,1559.77,1693.24,1643.47,2461.59,2463.98,2660.5,2530.33,2634.52
YDR194C,609.671,519.764,582.349,1908.65,2134.46,2027.17,2823.52,2877.08,3158.55,3074.55,3297.27
YOL041C,561.712,575.024,577.123,2013.3,2088.73,2143.48,3067.31,3348.22,3358.27,3501.37,3431.84
YBL050W,547.982,581.584,585.526,1891.45,1770.15,1961,2466.11,2958.02,2676.77,2834.54,2432.01
YDR533C,607.668,544.928,566.073,906.108,998.333,973.424,2009.19,2241.17,2318.5,4077.07,4115.98
YDL225W,598.869,551.361,576.423,1391.26,1479.25,1412.82,1832.68,1941.91,1999.12,1846.27,1861.34
YER017C,578.128,562.857,587.434,3044.16,2927.88,3148.85,4221.23,4775.47,4380.46,4820.52,4272.73
YDR539W,599.186,539.041,590.388,1636.87,1917.24,1831,2703.42,2748.24,3095.93,3167.86,3307.29
YCR051W,616.443,554.721,561.619,1287.12,1383.74,1415.85,1290.99,1463.82,1507.98,849.049,908.443
YDR047W,589.456,596.656,552.235,2038.82,2003.34,2138.42,2760.54,3106.08,3016.33,3093.27,3000.88
YNL255C,621.301,550.44,569.789,592.407,638.201,592.204,750.816,678.885,774.376,819.488,730.333
YPL240C,587.229,591.253,563.153,3631.34,3307.21,3704.76,5048.02,5957.65,5261.04,6549.05,5912.37
YPR004C,603.876,571.446,571.831,2006.74,1960.73,2053.69,3035.86,3509.95,3401.88,3424.21,3197.14
YDR395W,586.913,576.626,586.106,3866.16,3968.94,4031.87,6070.35,6536.51,6356.24,7158.4,6935.73
YNL113W,630.111,525.484,597.894,776.895,842.938,795.266,907.211,910.13,1026.9,542.807,609.577
YMR250W,597.343,555.118,601.312,2164.9,2247.04,2296.63,4571.66,4902.01,5052.33,6385,6298.51
YML056C,620.053,534.553,599.664,1937.1,2213.9,1992.2,2784.9,2881.74,3235.89,2915.7,3238.88
YLR398C,600.011,570.232,587.406,2437.75,2606.87,2537.76,4011.91,4107.78,4491.21,4825.52,5015.18
YKL094W,607.494,548.28,604.395,2014.58,2165.72,2122.11,2932.35,3088.19,3234.18,3291.85,3319.71
YFR051C,618.696,570.667,572.537,1580.13,1647.94,1604.63,2164.6,2286.61,2448.07,2409.1,2464.02
YOR051C,620.289,548.145,594.568,1726.28,1751.37,1800.78,2597.63,2719.76,2746.5,2860.26,2673.83
YPL218W,612.988,551.281,600.973,2510.14,2596.68,2550.94,3757.91,4049.05,4162.44,4432.37,4194.93
YDR361C,603.891,589.739,574.881,1559.23,1552.56,1553.07,1780.35,1942.17,1895.5,1728.06,1770.29
YPL117C,627.112,544.159,599.437,1576.15,1731.94,1654.26,2652.15,2656.86,2868.17,2956.54,3059.34
YFR004W,606.025,590.806,576.184,1641.18,1630.21,1749.65,2207.75,2470.23,2389.42,2471.86,2309.9
YDR429C,617.259,562.262,595.106,1269.24,1387.91,1314.91,1641.74,1703.04,1885.02,1722.27,1751.63
YML106W,632.97,535.834,608.009,2142.35,2371.77,2297.62,3646.56,3629.71,4095.74,4138.81,4320.08
YNL118C,610.516,597.508,574.855,1859.4,1825.05,1899.12,2276.44,2442.45,2503.97,2313.91,2285.99
YOR109W,628.593,536.959,619.536,2404.41,2485.51,2487.07,3582.67,3746,3893.16,4047.07,4023.28
YDL174C,621.405,544.782,620.425,2139.15,2381.53,2265.89,3731.29,3830.47,4119.1,4360.01,4306.71
YDL007W,623.956,573.56,593.557,1646.92,1728.04,1787.2,2724.77,3042.38,3097.89,3051.09,2907.42
YDR214W,615.223,513.534,663.522,4516.37,5126.24,5015.29,7419.57,7336.83,8072.24,8240.5,8838.32
YGL221C,615.918,586.842,590.866,1687.26,1676.21,1710.69,2416.26,2729.99,2824.88,3546.78,3312.18
YMR091C,645.194,558.235,592.041,1060.64,1194.82,1101.56,1209.01,1153.38,1303.9,991.152,1086.43
YDR152W,616.537,561.111,618.47,2160.27,2332.44,2237.8,3159.83,3243.49,3506.3,3466.13,3640.36
YIL034C,612.112,592.73,596.264,1807.95,1813.64,1841.2,2833.47,3048.59,3058.62,3411.67,3340.06
YGR218W,623.284,530.413,647.67,5268.44,5905.87,5712.96,10849,10721.5,11752.2,13802,14504.7
YER052C,633.274,578.925,605.314,2354.94,2452.95,2489.1,4326.69,4811.72,4606.4,5160.96,4876.97
YJL052W,638.411,513.733,667.244,1606.57,1840.07,1782.13,9965.13,10353.9,11142.1,22547.1,22656
YOL123W,621.104,570.534,631.958,1922.6,2149,2090.86,3131.17,3206.75,3504.01,3160.19,3312.78
YKL016C,631.315,627.87,580.407,1709.74,1720.45,1718.68,2275.86,2507.85,2425.71,2441.47,2399.58
YMR315W,607.691,624.79,609.223,1590.45,1595.98,1671.5,2487.7,2793.4,2829.97,3124.16,3146.86
YKL127W,622.139,572.615,648.127,2137.25,2268.2,2279.28,3538.47,3688.91,3697.12,4530.89,4525.93
YER068W,648.483,553.397,643.662,1812.82,1917.24,1830.4,2234.11,2252.51,2486.4,1863.48,1914.88
YCR005C,641.376,609.855,600.316,1245.93,1340.1,1321.43,2167.5,2331.74,2356.55,4109.82,3978.42
YNL182C,638.893,600.568,614.348,1610.17,1757.5,1659.13,2024.03,2066.42,2299.63,2100.33,2179.32
YLR359W,620.258,591.715,644.756,2538.45,2662.59,2732.88,3954.24,4317.07,4309.63,4447.37,4329.47
YIL022W,645.997,566.992,644.176,2012.68,2158.39,2049.04,2822.61,2807.58,3110.48,2677.7,2853.68
YDR148C,636.62,589.563,632.034,1553.36,1664.24,1636.8,2658.42,2818.59,3010.45,3016.06,3073.81
YDR120C,614.558,614.874,628.923,2423.75,2512.6,2501.68,3191.45,3403.89,3570.7,3615.69,3509.43
YMR009W,607.081,604.589,646.978,1748.1,1855.66,1854.04,2215.86,2434.29,2489.84,2069.19,2095.49
YHL004W,638.225,586.107,635.298,1655.42,1791.09,1743.27,1876.09,1990.83,2109.43,1403.3,1451.72
YNL001W,632.318,601.909,626.173,2061.34,2222.19,2148.18,2667.88,2791.43,2969.27,2671.63,2730.48
YGR279C,621.99,627.746,612.596,1928.92,1886.64,1993.49,2439.89,2830.64,2631.85,2832.03,2590.81
YKR016W,625.629,608.609,628.377,2220.58,2228.54,2309.75,2782.96,3169.66,3198.41,2591.28,2382.16
YJL050W,663.769,508.902,690.015,3413.38,3836.12,3455.21,4567.24,4429.4,5010.81,4627.09,5104.42
YDR447C,632.536,586.948,645.14,2763.38,2740.55,2934.77,4115.38,4732.72,4462.09,5011.37,4579.75
YAL062W,654.497,614.399,596.609,1511.85,1564.11,1558.67,2524.48,2825.7,2888.13,3169.65,3247.6
YBR117C,666.361,587.985,613.054,554.608,599.208,549.036,679.406,712.289,751.353,760.485,764.99
YDL134C,631.566,609.657,626.605,2018.32,2233.7,2075.27,3306.48,3197.24,3514.35,3638.05,3789.25
YKR043C,641.428,579.724,647.149,1893.48,2096.58,2017.94,3268.03,3284.06,3598.87,4039.54,4170.79
YPL093W,637.565,597.628,640.062,2556.23,2698.9,2727.41,3023,3245.68,3382.72,2915.64,2995.69
YIL041W,646.355,630.891,599.985,1970.19,1933.94,2036.6,3063.01,3447.63,3284.55,3168.68,3076.47
YLR208W,633.01,603.105,643.858,1902.58,1960.05,2098,2713.14,2952.86,2943.49,3143.36,2952.95
YPR016C,662.466,561.67,661.708,1257.94,1405.35,1350.34,1647.49,1554.62,1717.84,1620.55,1683.04
YKL040C,629.531,588.17,670.892,1604.73,1706.12,1666.82,2353.85,2442.42,2601.52,2585.32,2732.98
YNL185C,641.498,580.286,667.573,1862.38,2121.72,2071.17,3020.69,3114.77,3427.82,2987.72,3056.73
YNL239W,640.127,557.819,691.963,2769.47,3129.19,2965.51,7257.49,7380.73,8158.59,10209.6,10711.1
YLR410W,631.133,615.779,643.41,3640.96,3692.08,3835.16,5946.45,6456.63,6539.03,7846.71,7700.32
YDR477W,655.321,589.152,654.033,3124.17,3441.72,3307.27,5007.58,5156.67,5660.34,5625.72,5808.82
YOR142W,644.127,603.116,654.912,1786.64,1861.44,1940.62,3261.74,3594.66,3634.1,4484.31,4519.89
YGR256W,675.008,551.474,676.627,2382.2,2715.9,2542.26,5142.24,5037.06,5741.65,7349.87,7961.46
YDL040C,638.685,594.049,673.784,3058.16,3337.75,3207.2,4912.45,4909.5,5240.28,5451.96,5526.99
YJL159W,636.671,597.109,673.366,1208.83,1317.81,1295.95,2254.03,2415.21,2476.47,2245.9,2130.96
YEL060C,640.785,590.341,676.291,1215.93,1366.05,1341.39,3580.56,3856.45,3955.27,7147.95,7105.45
YML022W,649.708,585.968,676.441,1822.94,1916.11,1841.7,2327.12,2303.93,2386.45,2149.47,2248.12
YOR298C-A,650.423,566.692,703.035,1995.02,2116.97,2150.15,2952.62,3001.84,3144.44,3273.89,3385.97
YGR123C,656.412,623.276,641.708,2345.08,2487.48,2396.01,3045.09,3249.87,3396.39,3091.17,3128.29
YHR146W,672.427,609.3,640.571,1641.14,1873.71,1775.42,3493.51,3510.9,3814.98,4547.02,4825.12
YDR165W,677.055,590.662,655.575,2126.09,2244.33,2175.65,2740.46,2862.1,3062.3,2971.8,2982.71
YDL168W,669.432,575.241,680.026,2899.49,3364.25,3143.64,6328.76,6392.29,7074.94,8518.46,9182.33
YNL173C,633.656,602.179,694.184,1586.33,1712.8,1749.86,2291.71,2465.46,2623.43,2772.12,2841.06
YGR132C,636.598,676.354,622.69,1877.89,1766.72,2098.88,2641.27,3206.63,2859.32,2608.07,2212.62
YOL038W,664.902,569.803,701.676,1818.09,2085.37,1906.45,2670.18,2704.92,2998.58,2313.78,2367.67
YNL138W,650.57,679.116,619.486,2413.7,2301.67,2611.22,3692.92,4490.14,4108.12,5050.6,4595
YCR002C,671.124,591.062,687.447,1797.56,1976.88,1963.24,2814.41,2845.32,3085.11,3079.06,3193.3
YBL007C,672.919,606.127,673.395,1769.8,1939.16,1894.25,2628.6,2815.91,2951.63,3028.64,3002.81
YGR193C,658.352,639.059,658.139,1579.43,1736.67,1638.06,2527.23,2806.67,2927.45,2659.44,2729.58
YPL126W,691.187,572.47,693.301,2884.14,3355.25,2984.16,4436.98,4279.45,5113.38,4554.8,5098.95
YKL029C,671.626,629.237,657.402,1846.65,1931.46,1853.03,2836.29,2912.53,3084.05,2355.62,2366.01
YHR063C,683.516,569.227,711.582,2481.65,2753.73,2498.13,4157.73,3972.69,4604.58,4581.89,4975.8
YBR048W,670.687,616.909,677.062,3060.73,3153.2,3226.37,3895.96,4149.78,4033.79,4636.05,4512.33
YML120C,661.014,607.618,696.945,2315.25,2454.16,2508.61,3722.03,3924.38,4213.91,4313.5,4377.46
YNL248C,654.575,636.053,676.278,3320.78,3407.64,3436.34,4494.28,4817.98,4954.26,4986.21,4958.92
YPR118W,657.311,616.569,696.258,2283.3,2445.7,2426.85,3004.81,3191.73,3269.32,2999.66,2906.81
YGL092W,673.005,627.364,670.497,2956.69,3244.7,3130.66,4620.53,4669.73,5138.59,5298.67,5433.24
YMR203W,661.575,658.201,653.499,1635.03,1665.35,1812.67,2344.76,2738.62,2673,2812.11,2581.81
YOR265W,665.839,623.933,685.009,1747.64,1857.52,1890.11,2921,3016.96,3249.6,2884.63,2964.22
YPR060C,661.556,630.327,685.926,2336.98,2542.49,2495.82,3763.73,3707.17,4207.75,3919.31,4217.32
YGR173W,684.079,587.905,707.713,1916.09,2166.14,1875.63,2908.34,2743.25,3243.66,2754.52,3157.77
YBL036C,661.811,648.227,671.856,2409.73,2561.67,2613.26,3591.94,3860.1,3984.64,3995.23,4062.94
YDL143W,670.405,665.791,647.058,1975.31,1998.96,2156.15,2566.79,2941.37,2867.06,2847.7,2723.28
YJL190C,638.833,702.867,642.55,2121.83,1993.43,2227.34,2656.55,3314.52,2853.62,3308.49,2896.29
YDR028C,702.253,604.521,687.318,1849.17,2108.74,1883.09,3471.94,3454.14,3935.02,4454.77,4896.2
YGR253C,679.879,644.427,675.675,1852.52,1933.06,1958.81,2647.29,2815.65,2829.87,2668.99,2569.34
YKL103C,698.277,630.94,673.366,1768.33,1858.35,1814.81,3126.68,3316.15,3515.52,3734.44,3870.31
YOR128C,681.32,633.669,687.888,2269.54,2347.45,2437.74,4335.32,4725.54,4780.92,5443.2,5527.93
YIR012W,701.596,609.239,696.904,1660.45,1853.93,1709.89,2477.35,2431.74,2675.03,2614.28,2782.17
YHR052W,710.925,604.724,696.35,2082.85,2273.27,2095.54,2858.65,2909.05,3182.08,2572.04,2746.19
YOL098C,706.012,629.729,676.729,3796.66,3969.09,4025.82,5808.06,6047.28,6307.07,6925.53,6832.3
YLR043C,697.665,662.149,659.478,1441.37,1492.45,1455.35,2425.82,2741.85,3056.35,2718.72,2824.8
YDR101C,713.155,616.974,692.681,1807.91,1914.64,1868.52,2414.55,2538.65,2714.19,2597.82,2612.3
YKL151C,684.553,661.057,689.994,1505.9,1602.05,1611.11,3504.27,3844.66,3800.57,5535.11,5305.66
YDR033W,695.957,633.177,712.079,2260.97,2442.39,2343.21,2251,2025.58,2403.7,2254.38,2107.59
YJL076W,684.795,693.957,662.609,2843.71,2813.1,2852.18,4058.72,4322.68,4487.78,4659.42,4706.56
YGR020C,695.471,680.101,670.916,1523.8,1544.86,1638.19,1658.26,2025.57,1740.16,1434.73,1195.11
YBL005W-A,666.214,654.245,728.198,4871.87,5023,5036.68,8496.34,8833.5,9365.68,10202.9,10536.5
YLR401C,718.844,676.051,654.952,2419.31,2408.73,2458.56,2763.34,3054.03,2916.68,2979.91,2857.74
YIR034C,719.276,639.189,693.493,2176.2,2420.01,2389.83,5731.19,6013.87,6424.4,7791.95,7945.17
YEL047C,685.229,643.758,724.681,2295.31,2400.87,2371.46,4796.13,5106.05,5424.42,5236.78,5271.61
YGR210C,735.325,631.615,687.492,2418.03,2690.21,2557.48,3257.54,3325.15,3554.9,3149.82,3427.14
YNL141W,716.787,661.088,686.082,1790.22,1888.88,1842.4,2019.82,2072.94,2234.28,1874.91,2002.9
YOR326W,759.359,621.057,687.595,3936.73,4269.94,4149.65,5994.61,6208.1,6651.45,6658.35,6886.69
YKL080W,713.549,644.343,710.79,2451.29,2699.51,2510.23,3823.85,3778.12,4321.87,3928.54,4192.37
YBR026C,701.391,686.078,683.32,2116.4,2117.55,2161.94,3263.32,3668.82,3620.25,3643.62,3365.45
YMR189W,724.196,655.409,695.638,2266.33,2519.72,2363.54,4362.63,4423.47,4916.67,5078.46,5337.53
YPL273W,742.649,654.861,680.325,2051.4,2155.14,2099.81,3212.09,3262.43,3436.06,3073.89,3169.47
YMR038C,731.215,638.716,711.959,1465.3,1610.93,1486.73,1942.61,2045.54,2212.79,1915.22,2102.63
YMR307W,741.659,613.452,727.99,1332.4,1482.7,1368.24,1554.7,1402.11,1810.85,1381.25,1489.28
YBR034C,740.925,644.458,699.072,1576.26,1725,1688.93,1959.97,1944,2124.25,2016.24,2002.55
YKL068W,731.208,608.233,747.063,1536.78,1738.89,1513.97,2213.47,2132.47,2522.37,2256.07,2683.04
YMR120C,747.602,650.91,689.597,2401.23,2408.24,2479.53,6369.23,7335.82,7091.97,8950.38,8274.42
YGR032W,743.727,610.923,735.56,5218.9,5543.15,5368.01,8343.32,7943.7,8671.34,11296.2,11409.6
YBR112C,754.206,647.174,691.261,1664.56,1854.45,1705.86,1973.14,2067.34,2257.35,1792.23,1895.01
YDR381W,726.535,659.303,710.613,1994.92,2169.79,2128.69,2328.18,2426.19,2510.18,2314.62,2383.43
YOR171C,703.925,697.71,705.484,3266.89,3332.8,3457.4,4492.34,4650.77,4765.85,5081.59,4854.18
YKL112W,716.058,656.843,737.909,1669.19,1731.68,1660.1,1737.33,1765.72,1912.14,1475.05,1503.68
YOR151C,716.007,660.483,736.596,4130.15,4609.94,4261.34,6970.75,6862.48,7719.12,8577.93,9230.3
YFL037W,712.65,674.373,726.478,2000,2121.58,2064.33,2956.84,3022.71,3221.05,3262.52,3318.19
YOR046C,697.419,662.48,754.057,2571.49,2789.21,2764.99,4180.05,4463.56,4686.7,4714.39,4718.18
YBR145W,729.032,657.52,730.152,2184.85,2302.25,2336.17,4265.99,4537.33,4798.35,4834.32,4769.53
YJL001W,730.721,618.689,772.55,1858.1,2028.41,1971.13,2734.89,2709.7,3114.2,2841.57,3080.09
YDR496C,701.147,641.224,781.182,3857.27,4145.47,4106.16,5865.23,6002.58,6553.99,6773.4,6947.72
YHR009C,734.468,670.67,721.127,1554.62,1735.72,1627.77,2434.73,2569.36,2757.48,2815.42,2948.57
YDR298C,719.314,656.652,752.63,1891.2,1992.67,1955.35,2969.62,3116.17,3389.85,3269.44,3455.24
YMR290C,760.953,649.146,723.616,2894.55,3143.95,3001.1,4146.24,4202.87,4506,4584.99,4753.17
YDR299W,735.379,671.45,727,1875.42,2092.55,1972.9,2803.8,2865.05,3148.23,2982.43,3228.35
YDR427W,704.468,680.482,751.271,3349.68,3457.04,3607,5310.68,5732.14,5798.57,6371.32,6205.52
YLR397C,743.051,720.291,676.862,2186.37,2186.36,2286.53,2662.86,2968.51,2845.16,2773.69,2640.09
YKL195W,766.177,669.846,712.897,1203.14,1379.47,1277.77,1623.29,1592.35,1791.21,1401.83,1528.03
YOR042W,770.405,629.703,749.146,2039.44,2247.93,2123.85,2982.85,2955.4,3326.96,2909.35,3128.4
YAL035W,727.502,702.75,720,3131.46,3200.11,3384.59,5018.04,5426.64,5352.38,6293.19,5985.25
YER048C,751.481,667.756,731.443,2149.54,2419.02,2147.64,3347.44,3359.8,3761.27,3261.51,3392.48
YMR196W,751.36,696.078,709.948,2579.93,2770.17,2797,5396.87,5854.06,5916.75,7900.98,7620.17
YFR030W,750.118,670.897,738.067,2334.59,2440.24,2453.19,3478.24,3585.64,3733.38,3109.39,3193.85
YBR035C,731.219,688.637,739.229,1832.52,1940.06,1901.38,2824.73,2976.71,3087.39,2847.44,2824.73
YGR244C,775.082,635.632,752.636,2784.89,3169.82,2974.14,5998.21,6108.91,6779.24,7731.4,8173.82
YMR049C,750.729,674.978,739.922,2499.52,2743.47,2705.74,3455.68,3571.17,3756.08,3606.45,3716.08
YFL016C,795.065,600.279,771.257,2587.36,3130.65,2602.65,4354.9,3895.45,4925.18,4107.53,4991.19
YOR116C,746.101,654.208,769.876,4268.08,4764.28,4446.73,5868.61,5901.25,6615.38,5646.54,5982.04
YLR342W,734.836,676.191,767.677,4267.71,4356.9,4553.09,5696.75,5905.4,6068.53,5760.33,5522.94
YER062C,741.956,684.977,753.077,2192.15,2227.03,2251.31,3842.75,4255.24,4368.23,5119.34,5303.73
YDR487C,737.189,659.877,783.158,1430.6,1545.29,1524.57,2342.38,2518.43,2691.51,2812.2,2804.52
YIL133C,759.182,684.638,736.53,2788.88,2946.44,2755.42,3152.61,3178.17,3431.66,3729.41,3975.2
YOR176W,747.872,684.276,749.621,1592.31,1786.83,1630.54,2382.88,2422.13,2777.59,2468.63,2641.07
YDL153C,765.929,699.543,725.073,2058.41,2184.54,2109.84,3081.95,3200.72,3364.38,3135.55,3200.02
YGR282C,762.975,642.907,785.788,1357.88,1747.61,1555.91,2548.24,2400.75,2804.53,3402.66,3688.51
YEL021W,731.925,706.985,758.959,1710.87,1746.19,1790.27,2131.44,2396.24,2365.52,2415.46,2208.85
YML092C,751.07,709.662,740.175,1985.41,2042.74,2025.36,2699.35,3011.57,2976.96,2944.28,2745.66
YDR399W,752.277,689.521,759.242,1662.95,1873.45,1776.06,2549.19,2495.89,2833.09,2865.39,3079.01
YOL064C,769.718,715.773,716.041,1919.55,1936.65,2161.77,2784.75,3049,2965.19,3159.42,2927.55
YKL117W,751.893,704.666,763.402,2012.37,2167.8,2127.55,3067.11,3279.66,3423.97,3315.31,3383.15
YPL145C,760.403,698.031,762.265,2694.64,2976.62,2820.39,4722.63,4745.82,5224.72,5584.3,5947.16
YHR076W,784.497,689.312,750.183,1798.72,1955.51,1861.29,2260.52,2239.81,2542.04,2136.46,2274.97
YMR109W,769.523,688.325,766.47,3305.7,3753.29,3411.8,5043.72,4854.82,5628.01,5562.88,6085.34
YLR106C,733.519,694.915,796.775,7639.52,8101.96,7992,12044.2,12415.8,13230.8,14644.6,14870.4
YDL178W,754.933,677.919,793.311,2559.35,2665.21,2776.07,3836.39,4031.66,4207.15,4102.65,3919.84
YPR036W,758.674,675.399,794.276,3505.23,3826.51,3638.71,5667.94,5594.35,6383.3,5976.36,6332.25
YDL022W,763.758,672.444,795.456,2684.68,2895.58,2864.61,5903.45,6302.04,6499.09,7406.35,7362.16
YGL190C,760.412,725.834,765.416,1888.19,1980.97,2025.26,2721.08,2964.17,2981.07,3382.22,3343.58
YGR135W,775.604,670.82,805.357,1930.6,2161.47,2102.42,2990.72,3047.85,3397.83,3131.48,3322.56
YPL084W,774.75,736.564,741.227,3298.84,3444.21,3438.36,5301.84,5614.73,5864.66,5925,6070.67
YLR196W,756.393,741.438,758.588,2167.71,2325.96,2285.14,3276.76,3535.28,3634.54,3774.71,3817.18
YML028W,782.854,679.633,794.712,2496.22,2873.57,2778.36,4891.46,4848.1,5250.5,5775.97,5979.96
YKR071C,780.009,712.401,771.436,3036.25,3228.19,3176.1,4198.66,4412.88,4710.52,4801.71,4980.09
YPR148C,750.546,727.1,788.694,2151.15,2273.57,2254.43,3902.61,4112.8,4294.75,4572.79,4533.71
YML069W,778.163,708.694,782.154,1750.28,1953.45,1854.37,2728.9,2765.67,3014.57,2843.65,2975.58
YGL101W,762.716,717.111,789.373,957.918,1001.85,970.208,868.623,931.673,951.513,867.22,810.335
YJL012C,761.938,696.954,826.937,3569.22,3900.61,3707.03,5529.4,5438.59,6135.8,5785.91,6387.09
YOR198C,791.114,761.493,749.171,3864.05,4044.53,4188.34,5950.41,6587.56,6383.43,6561.91,6319.8
YBL030C,796.061,717.206,794.528,4924.14,5088.92,5220.46,8328.24,8753.81,9004.1,9865.96,9929.37
YBR111C,806.623,737.554,764.746,2518.73,2732.27,2610.27,4037.64,4281.95,4501.88,3499.36,3436.87
YLR420W,803.982,733.101,787.047,2005.46,2125.49,2032.85,3192.65,3321.14,3639.9,3875.81,4137.3
YBR221C,788.252,771.537,769.489,2371.32,2430.43,2422.05,3430.12,3799.95,3876.96,3927.44,3862.85
YPR160W,791.708,723.588,816.028,2664.79,2886.16,2842.49,6704.12,6725.81,7282.45,9955.3,10142.9
YGL187C,806.496,702.59,826.814,1271.97,1394.33,1357.53,1879.95,1990.56,2213.75,2137.43,2320.2
YPL078C,780.129,762.975,802.997,1992.24,2068.1,2095.68,3117.69,3404.23,3469.59,3696.61,3658.78
YDR232W,798.579,749.076,799.816,2392.76,2461.92,2488.57,3091.52,3419.97,3403.76,3223.08,3156.74
YER125W,792.783,764.976,792.223,2825.34,2996,3007.35,4541.13,4731.8,4993.67,5105.05,5106.75
YPR035W,783.434,760.423,806.622,1829.93,1895.61,1957.52,3099.68,3329.84,3381.08,4205,4112.1
YBL027W,761.892,775.768,814.644,3914.3,3839.08,3935.7,4238.59,4537.21,4553.94,4938.27,4755.93
YLR089C,836.8,682.066,836.037,1766.87,2105.79,1853.4,2999.84,2852.95,3466.56,3190.38,3609.62
YGL097W,809.76,745.945,810.643,2036.13,2117.3,2112.22,2617.01,2809.63,2868.33,2793.65,2855.03
YMR194W,815.024,760.719,794.845,2746.59,2975.47,2985.48,4030.33,4217.89,4263.52,4844.51,4889.52
YOL151W,811.215,778.346,783.688,1395.12,1333.2,1510.3,2824.53,3285.2,3000.03,6029.76,5569.3
YOR145C,785.354,854.394,734.785,2365.2,2174.18,2517.53,3184.67,3795.24,3336.42,3723.25,3150.83
YHR001W,808.919,743.286,822.883,2779.5,2924.08,2955.86,3802.17,3997.64,4063.42,3798.47,3775.09
YHR008C,813.472,757.394,824.057,1398.45,1484.31,1517.05,2654.69,2993.37,2894.41,4331.66,4042.63
YNL216W,818.854,776.952,801.447,1683.08,1770.45,1746.67,1597,1708.47,1809.86,1367.91,1377.99
YKL216W,825.045,740.221,837.644,2304.7,2572.63,2402.34,3641.3,3588.11,4101.17,4331.93,4837.64
YIL075C,826.599,733.97,845.293,4519.53,4799.84,4745.48,7384.88,7741.73,8251.32,8647.57,8714.42
YPR033C,826.754,781.901,808.214,3358.43,3528.9,3566.29,5398.77,5758.23,6088.19,6058.2,6036.14
YBR092C,832.104,749.225,836.775,2224.14,2526.6,2391.47,3393.26,3525.81,3829.12,2817.33,2886.28
YMR246W,845.615,727.909,845.509,4082.51,4534.92,4402.58,7208.72,7582.21,8244.45,8096.92,8423.05
YOR310C,843.467,717.64,860.472,2606.35,2912.28,2831.31,3205.04,3186.04,3614.48,3322.26,3587.78
YNL287W,830.455,768.62,823.422,4651.05,4954.96,4827.66,7291.78,7629.13,8197.03,8214.28,8189.25
YKL009W,798.096,810.537,818.669,2493.46,2538.46,2659.67,2926.82,3191.04,3269.94,3078.26,2904.39
YLL011W,828.158,762.166,838.714,3028.46,3221.21,3030.13,3676.19,3745.31,3963.46,3487.47,3580.77
YJL167W,819.233,719.71,893.568,2863.31,3179.64,3058.63,5789.98,6045.55,6569.71,7019.65,7340.16
YMR072W,837.796,745.513,862.973,2695.12,2847.34,2909.49,3957.02,4164.61,4360.26,4532.26,4565.14
YOR243C,848.327,734.847,865.61,2288.49,2623.88,2419.93,3368.72,3232.17,3783.37,3610.35,3903.72
YDL100C,823.122,751.706,877.466,3814.82,4007.09,4135.54,6803.86,7207.06,7518.33,7910.43,7694.32
YMR099C,829.866,809.241,817.296,3706.58,3738.57,3993.72,6213.49,6980.58,6657.79,7672.19,7158.49
YKL211C,862.56,770.241,823.724,2532.19,2518.18,2636.25,3966.74,4284.14,4395.42,3910.6,3768.97
YLL040C,837.88,779.832,840.878,4896.42,5101.51,5060.02,8195.63,8683.5,8895.18,10228,10302.1
YDL160C,856.679,815.26,787.859,2059.02,2152.49,2098.55,2226.98,2390.32,2398.54,2276.49,2278.91
YDR346C,834.289,817.49,812.301,2142.75,2078.74,2185.06,2849.44,3182.6,2972.41,3548.62,3365.64
YOR241W,854.692,765.055,848.726,2299.83,2532.04,2445.65,3539.59,3722.89,3924.31,4074.85,4126.87
YBR080C,860.093,771.049,840.699,3308.69,3509,3506.93,5216.42,5402.18,5817.85,6191.99,6220.75
YPL063W,855.109,766.879,856.515,2992.87,3137.04,3071.96,3694.96,3753.59,3963.77,3208.48,3169.98
YMR131C,848.421,790.064,842.508,1928.75,2002.05,1951.02,2318.71,2446.2,2522.13,2388.59,2455.64
YJR025C,869.148,777.551,842.865,2087.39,2306.44,2218.11,4121.71,4456.4,4751.16,4620.53,4805.78
YDL066W,860,761.023,870.197,2967.87,3310.09,3233.26,5500.8,5621.06,6288.69,6266.21,6576.32
YMR079W,869.553,740.946,882.761,2532.93,2812.95,2694.93,4143.29,4101.6,4635.14,4530.31,4822.09
YPL190C,865.856,797.867,839.455,2014.15,2116.86,2061.54,2517.36,2684.89,2819.21,2744.05,2819.96
YOR098C,861.406,819.624,822.925,2536.97,2703.01,2689.5,3099.68,3458.97,3413.23,3079.86,2987.42
YDR304C,864.966,746.417,894.308,2106.86,2406.69,2281.58,3356.11,3369.71,3905.59,4007.93,4275.3
YDL130W,890.44,705.619,910.185,1235.17,1522.73,1287.86,1868.63,1777.16,2218.04,1582.6,1880.93
YGR233C,868.563,789.48,853.195,4335.61,4601.35,4514.85,6342.06,6681.69,6969.67,7171.54,7184.08
YLR075W,842.771,826.88,841.903,3250.86,3214.21,3347.33,4413.01,4880.66,4850.89,5428.08,5123.67
YBR245C,834.935,821.776,862.732,3564.04,3728.94,3706.02,4625.59,4873.4,5053.72,4932.26,4968.14
YHR047C,856.474,776.789,888.357,4945.45,5275.51,5236.16,8728.08,9011.59,9430.87,9812.08,10026.6
YMR311C,882.009,843.205,801.666,1047.98,1100.81,1054.1,1215.79,1346.99,1375.71,1055.91,1093.85
YCL011C,880.827,764.391,884.325,2214.56,2464.44,2319.58,3020.32,3006.87,3370.13,2794.05,3021.64
YML054C,874.054,826.832,831.391,1896.81,1944.6,1932.22,3645.13,4073.25,3895.52,4899.4,4643.01
YMR105C,874.114,762.05,905.076,2263.91,2510.74,2377.27,4151.29,4077.06,4570.99,4829.06,5269.81
YOL022C,909.027,806.318,826.418,2514.01,2582.4,2578.27,3383.12,3622.9,3769.98,3497.63,3536.06
YGL207W,872.394,812.408,870.012,3770.68,3949.67,3913.27,5447.19,5770.92,5937.72,6069.48,6192.45
YGL011C,894.605,772.505,888.384,2559.3,2871.68,2688.71,4010.72,3900.62,4391.86,3885.86,4140.25
YPR191W,865.647,798.21,902.627,2678.03,2754.28,2917.24,4687.56,5171.44,5320.41,6197.98,6145.76
YDR394W,879.047,805.248,882.248,2533.96,2822.82,2624.3,3856.33,3827.33,4203.16,3739.88,4060.38
YHR128W,896.008,748.163,936.541,2375.51,2882.8,2462.78,4334.67,3992.04,4963.1,4429.72,5289.82
YER156C,899.648,843.325,848.439,2211.97,2286.12,2245.22,2611.73,2798.26,2812.92,2516.43,2669.87
YOL057W,901.151,823.835,868.223,3283.73,3636.41,3421,4695.25,4965.15,5391.36,5012.79,5323.01
YKR056W,876.621,867.573,850.286,2458.13,2547.01,2654.49,2998.8,3450.3,3373.13,3571.03,3292.29
YNL231C,881.779,821.452,891.748,3555.95,4021.62,3728.72,5892.49,5925.18,6773.98,6756.53,7264.37
YNL274C,896.504,796.396,903.184,1932.09,2230.64,2067.2,4338.91,4257.81,4861.38,5003.55,5141.22
YER110C,858.384,808.518,932.194,6391.08,6728.49,6947.38,9856.79,10792.3,11134.4,11744.8,11396.8
YKL073W,899.537,811.318,889.908,3422.54,3619.61,3443.17,5126.68,5231.85,5655.11,5636.46,5876.97
YLR447C,894.381,803.931,912.459,2654.01,2801.78,2835.76,4183.83,4403.47,4672.15,4923.49,5041.31
YER178W,903.877,793.029,920.778,2873.58,3197.21,2983.09,4798.42,4768.48,5402.59,5146.55,5573.68
YOL140W,945.262,790.887,886.699,1473.83,1697.43,1570.9,3935.45,4075.77,4454.18,5707.03,6075.38
YNL160W,912.777,832.081,887.269,2564.91,2807.35,2620.05,2764.59,3011.49,3119.63,2050.5,2134.95
YPR019W,908.941,859.858,868.53,2257.03,2409.63,2388.1,3073.61,3201.57,3279.86,3375.82,3367.67
YFR033C,880.227,854.772,909.555,1138.64,1259.72,1199.01,1122.62,1117.74,1235.51,1085.43,1142.09
YMR092C,897.472,841.089,907.867,3073.67,3165.94,3330.45,5463.39,6040.85,6190.19,6879.62,6653.5
YDR038C,886.536,891.748,870.305,3316.39,3433.27,3410.58,3776.26,3671.72,3985.83,4671.38,4457.5
YGL122C,902.798,871.893,882.576,1852.37,1911.58,1842.79,2074.93,2107.82,2175.31,2407.29,2226.63
YDR129C,949.528,816.964,895.264,3693.25,3983.9,3997.41,6292.67,6485.88,6832.46,7728.83,7871.31
YOR356W,933.455,816.727,911.578,2458.82,2733.16,2523.25,3856.32,3860.48,4269.92,4042.7,4322.75
YHR108W,927.117,791.737,947.327,3172.77,3629.86,3395.65,5324.93,5175.99,6037.16,5683.55,6373.45
YLR109W,941.406,780.521,946.603,2838.12,3161.68,2746.67,5820.3,5383.98,6452.11,6239.06,7057.45
YHR104W,889.022,848.085,934.685,4296.19,4332.71,4554.09,8003.2,8773.89,8596.7,11490.2,10979.8
YLR309C,908.961,829.771,933.195,2979.27,3210.34,3126.25,4813.54,4992.57,5505.59,5335.4,5579.41
YNL010W,908.713,851.802,914.472,3063.29,3098.87,3225.37,4728.31,5282.43,5222,5512.32,5467.27
YGL048C,929.762,831.867,920.548,2455.32,2615.04,2492.25,3492.04,3538.79,3764.33,3432.21,3568.94
YPL037C,914.092,872.321,904.383,2698.34,2776.7,2976.2,3939.25,4677.67,4469.36,4370.48,3856.36
YIL053W,936.948,808.167,947.402,2699.8,2993.74,2845.85,4808.11,4830.89,5244.22,4874.53,5134.83
YPR184W,921.471,858.614,914.253,2561.79,2664.29,2618.38,4467.17,4688.72,4817.27,6298.57,6340.32
YDL075W,757.759,1129.2,816.747,4754.59,3265.57,3200.95,4371.92,4045.5,4614.34,5873.56,5678.62
YOL139C,927.941,845.764,934.472,2129.5,2414.02,2159.99,2826.05,2754.46,3107.9,2520.41,2796.07
YBR126C,950.536,842.615,917.994,2821.22,3005.13,2951.26,5255.62,5263.11,5613.31,6204.41,6549.1
YJL136C,887.364,880.918,948.575,1938.32,1926.94,2082.08,2156.07,2466.81,2344.71,1950.99,1795.31
YOR136W,923.665,834.907,964.209,3223.25,3620.94,3473.53,6150.97,6221.7,6942.06,7109.2,7503.19
YGR034W,920.614,838.83,966.947,3298.21,3541.85,3469.18,4449.44,4769.66,4944.67,5001.43,4995.75
YGR162W,941.042,831.542,957.737,2586.75,2818.03,2720.64,3307.07,3340.62,3608.84,3058.8,3183.2
YPL169C,939,872.615,922.001,3209.84,3211.51,3396.93,4200.44,4805.99,4762.21,4433.54,4310.61
YHR068W,963.255,825.561,949.355,2505.45,2759.28,2613.79,3492.58,3498,3959.88,3593.91,4012.06
YER073W,952.873,826.917,960.964,2579.68,2873.04,2682.83,4948.34,4825.54,5545.07,5285.1,5786.55
YDL078C,965.368,827.606,958.359,2365.26,2555.06,2487.51,4165.98,4334.3,4696.59,4765.48,5043.88
YOR187W,979.339,856.206,916.691,2952.42,3200.46,3028.88,4800.98,5083.76,5405.2,5381.77,5429.24
YNL212W,945.333,902.566,905.215,2368.25,2410.11,2432.21,2995.91,3139.17,3216.95,3608.28,3628.69
YNR043W,935.917,816.058,1001.8,3458.75,3602.38,3683.3,6030.78,6367.9,6502.07,7445.89,7111.21
YGL153W,952.121,872.061,944.426,2177.02,2364.52,2342.08,2759.24,2930.27,3165.82,2175.71,2249.98
YLR438W,953.428,874.154,946.731,3278.36,3396.64,3351.19,4613.27,4833.17,5077.58,5486.26,5653.85
YDR430C,977.031,864.874,940.189,3848.98,4145.73,3952.79,6082.28,6134.31,6696.79,6405.49,6616.54
YBR031W,976.449,884.382,933.504,3643.29,3680.54,3607.79,5071.75,5391.65,5598.99,5755.56,5882.18
YBL092W,942.87,887.239,964.343,3362.91,3410.28,3497.79,4598.86,5066.83,5070.74,4339.13,4079.8
YMR062C,958.538,908.557,936.303,2321.5,2374.31,2415.09,5648.56,6117.16,6374.74,7950.65,7974.75
YDR035W,971.987,868.143,964.087,2127.98,2466.19,2252.79,3979.33,3988.13,4532.51,4988.25,5417.43
YPR129W,957.697,924.156,925.928,2459.51,2497.12,2637.87,3415.18,3854.16,3966.92,3614,3533.65
YBL058W,969.803,870.297,967.701,2922.88,3103.56,3091.75,4120.75,4348.22,4537.32,4454.05,4615.05
YNL123W,955.687,918.55,937.273,3690.22,3798.37,3892.7,5431.5,5880.27,5901.39,6377.77,6116.75
YHL001W,928.851,903.793,981.819,3670.06,3671.65,4064.63,5221.13,6006.09,6055.89,6784,6403.35
YCL035C,947.15,917.171,955.449,2260.63,2358.5,2413.2,4939.66,5507.55,5812.09,6136.38,5890.27
YOR095C,1006.93,864.709,961.315,1582.65,1739.32,1658.15,1620.77,1734.66,1784.28,1510.57,1522.35
YIL138C,954.736,976.175,904.329,452.063,486.813,456.65,685.313,735.918,709.249,742.705,782.148
YML008C,966.579,936.476,945.509,3413.41,3447.77,3594.6,6133.65,6757.31,6734.4,8661.03,8399.65
YER067W,1022.77,862.402,965.253,1047.13,1173.5,1085.87,1610.47,1613.35,1777.33,2918.83,3228.45
YAL044C,965.244,855.684,1034.31,2313.19,2523.48,2518.35,3874.51,3956.98,4352.11,4296.64,4346.69
YGL123W,975.573,949.865,930.372,2999.85,2957.6,3110.74,4259.27,4743.1,4817.6,5946.79,5758.46
YOR184W,994.697,876.034,990.988,2947.82,3198.52,3145.62,6035.66,6350.11,6834.86,7297.43,7500.91
YBR249C,958.093,921.812,992.673,2658.26,2797.12,2832.96,5589.67,6035.98,6217.43,7341.32,7194.36
YPL154C,961.842,932.727,978.218,2287.89,2430.8,2474.63,4408.92,4675.8,4785.87,5661.54,5677.78
YGL043W,969.572,875.938,1027.51,3556.75,3938.49,3878.47,5921.23,6058.92,6733.51,6550.92,6722.83
YMR047C,997.307,886.445,991.269,2449.8,2688.18,2604.97,3630.57,3641.78,4048.04,3737.28,3907.02
YAR007C,991.703,939.792,948.423,2586.34,2635.2,2617.61,3433.4,3656.06,3672.56,3436.77,3368.8
YHR027C,983.672,887.448,1008.9,4638.38,5012.42,4766.2,7091.2,7272.49,7635.14,7241.16,7584.74
YIL094C,982.021,880.961,1019.12,2921.75,3228.51,3067.29,5329.26,5320.48,5893.8,5576.27,6032.78
YBR039W,986.978,948.853,949.706,2960.38,2943.31,3037.42,4087.04,4439.23,4371.16,3684.01,3490.36
YDR432W,1046.7,849.027,993.163,1590.6,1916.78,1599.32,2213.07,2134.09,2639.71,2348.79,2769.9
YLR180W,992.642,953.008,945.474,1807.22,1868.8,1870.61,2276.55,2650.92,2607.37,2475.34,2451.08
YOR303W,938.137,972.783,980.746,2623.94,2532.63,2759.25,3448.2,3889.78,3728.64,4161.04,3867.93
YDR238C,985.484,928.765,987.031,6020.19,6392.4,6311.18,8866.79,9261.65,9717.88,9498.36,9735.26
YHR072W-A,1016.74,877.183,1009.58,1643.26,1971.85,1690.58,2199.89,2072.23,2492.82,2009.08,2377.19
YOR069W,983.68,923.611,998.026,3215.07,3439.75,3313.99,4557.91,4858.09,5064.95,4857.87,4960.08
YML110C,1014.69,914.383,980.11,3270.57,3402.25,3444.29,4998.11,5321.2,5521.76,5327.6,5328.76
YLR175W,1022.63,875.983,1023.36,2844.06,3179.6,2974.43,3807.09,3763.01,4257.33,4367.07,4683.75
YDL226C,1043.82,861.007,1020.17,1973.7,2376.35,2051.41,2577.66,2407.27,2949.69,2128.19,2421.97
YHR042W,1008.01,911.359,1006.58,3135.5,3309.62,3328.04,4874.63,5068.44,5438.71,5446.15,5415.6
YIR006C,1038.11,863.104,1024.97,2721.44,3092.17,2745.14,3939.51,3838.88,4517.89,3618.32,3949.37
YGR085C,971.55,926.922,1029.39,3274.3,3345.65,3509.13,4578.07,5002.13,4934.2,5345.29,5203.93
YLR178C,1007.51,959.853,961.986,1449.78,1422.65,1453.94,2764,3192.64,3063.68,3893.18,3703.76
YOL021C,1023.08,873.543,1043.83,3854.65,4296.6,3986.9,5321.55,5293.32,6040.44,5306.08,5732.93
YML072C,1017.49,903.952,1029.34,4824.72,5267.69,5083.78,7732.51,7782.91,8469.53,8038.99,8003.33
YDR064W,1024.13,943.854,988.095,1958.41,2060.93,2041.15,3239.53,3440.15,3550.27,5707.99,5836.51
YAR002W,1020.91,956.108,980.243,2479.99,2660.28,2594.4,2993.56,3236.21,3314.38,2952.97,3007.42
YOR096W,910.695,992.315,1066.47,3051.67,2796.86,3262.34,3987.91,4784.94,4364.89,4982.7,4369.17
YNL037C,1019.96,885.983,1066.97,3488.02,3754.27,3735.6,6896.73,7198.22,7595.78,8082.6,7704.68
YOL058W,1003.72,911.333,1066.2,2466.98,2720.95,2682.17,10306.5,10737.8,11736,13911.3,13889.6
YDR172W,1014.11,935.918,1035.1,3980.95,4180.11,4245.88,5750.18,6118.82,6413.03,6576.73,6689.96
YER049W,1033.14,928.033,1028.62,3273.04,3483.54,3393.54,4536.34,4809.96,5015.26,5022.92,5167.78
YHR107C,1048.01,904.898,1038.73,3504.62,3714.72,3733.86,5004.44,5148.02,5471.11,5590.64,5593.82
YKL104C,1013.95,959.492,1024.71,4565.07,4775.8,4756.62,8849.91,9333.6,9450.67,13830.9,13494.1
YDR234W,1014.48,1022.88,965.371,2712.78,2663.62,2938.24,3981.13,4655.88,4399.36,4330.18,4000.69
YOR317W,1037.92,876.427,1097.03,4341.6,4893.6,4679.13,9451.96,9478.56,10639.2,12946.5,13811.2
YAL012W,1014.42,924.605,1073.29,3219.33,3384.17,3480.18,5104.61,5550.52,5719.74,5690.6,5688.46
YLR293C,1053.03,903.21,1058.1,3027.91,3596.32,3301.26,5459.92,5305.5,6017.49,5890.57,6471.7
YML085C,999.024,1015.19,1004,2566.17,2496.84,2585.13,3152.7,3410.75,3380.86,3662.17,3557.13
YKR001C,1020.3,968.947,1036.56,4890.68,4959.59,5168.35,7983.63,8748.56,8694.36,9345,8719.19
YPL085W,1041.04,979.15,1011.59,5157.89,5214.78,5361.92,7689.16,8656.55,8560.56,8723.15,8342.57
YHR215W,1062.76,991.69,1007.67,709.233,706.559,721.666,642.006,662.991,687.606,511.185,537.648
YLR314C,1009.81,1025.7,1036.6,3474.72,3484.5,3750.59,4993.02,5894.88,5463.72,5954.7,5525.39
YMR309C,1085.57,944.147,1056.6,5375.21,5599.04,5513.43,7833.17,8215.93,8454.79,8621.1,8692.13
YMR318C,1034.52,963.813,1088.01,3306.6,3671.48,3417.05,5785.03,5887.88,6590.1,6533.99,7138.74
YCR031C,890.187,1220.57,989.48,3681.39,2907.52,3263.26,3168.76,3605.95,3405.89,2896.73,2373.59
YPR010C,1066.98,959.494,1075.66,5091.86,5485.26,5304.01,7463.85,7541.2,8193.81,8066.18,8481.9
YBR155W,1102.38,872.389,1136.91,2688.88,3031.39,2791.81,3497.84,3454.7,4022.29,3117.48,3334.89
YLR167W,1089.56,913.01,1115.46,3489.33,4072.25,3628.77,5259.68,5024.15,6000.1,5027.92,5734.82
YKL215C,1054.21,984.477,1082.16,4702.55,4956.59,4857.34,6649.01,7018.86,7327.36,6934.1,6958.59
YOR234C,1074.15,1071.42,981.248,2764.02,2667.31,2876.4,3236.6,3797.25,3424.19,4001.59,3453.19
YER074W,1093.68,964.328,1072.49,4179.27,4549.16,4403.68,5911.26,6082.29,6609.97,6074.98,6533.01
YJR144W,1076.53,999.228,1058.16,2578.76,2653.79,2739.58,3213.1,3416.14,3564.91,3474.16,3344.36
YDL082W,1043.96,1049.81,1041.13,5563.57,5398.7,5553.22,6810.91,7714.59,7466.12,7645.58,7567.56
YJR137C,1079.16,1008.75,1057.18,2948.6,3089.54,3082.21,4675.3,5067.64,5209.48,4604.41,4683.57
YDL137W,1071.1,1025.55,1063.55,3627.13,3977.95,3851.16,5636.89,5786.51,6104.58,6535.89,6658.48
YEL046C,1086.83,989.524,1092.81,3505.1,3521.37,3640.61,4733.92,5126.56,5171.43,4896.33,4735.33
YHR216W,1055.28,1060.02,1057.46,2663.81,2678.61,2770.23,3488.6,3866.24,3889.6,3984.89,3905.66
YKL157W,1064.06,1010.94,1111.25,5973.85,6241.6,6415.73,11142.7,11834.8,12166.8,13292.5,13285.5
YHR037W,1089.76,986.956,1114.06,2701.67,2867.97,2704.2,3979.89,4219.43,4340.34,4661.74,4639.51
YLR150W,1073.71,958.757,1162.62,5340.14,5579.17,5742.31,8996.36,9739.8,10289.3,11005.4,10697.3
YGL105W,1073.27,1029.66,1095.45,4982.83,5201,5282.79,7935.6,8464.02,8662.65,8725.03,8546.18
YOR272W,1111.34,991.582,1103.49,2564.84,2816.97,2688.02,3491.38,3565.18,3962.31,3627.17,3855.97
YJR007W,1110.72,977.877,1121.28,3248.63,3516.08,3320.96,4851.62,5045.98,5436.63,5309.95,5467.05
YPR181C,1109.87,1011.58,1089.45,4017.07,4408.06,4259.73,6137.67,6458.18,6987.18,7016.34,7336.19
YHR051W,1120.11,998.532,1093.54,1032.45,1145.51,1065.77,1851.44,2034.9,2170.41,2219.99,2381.84
YGR211W,1130.7,965.36,1116.5,3408.67,3919.27,3469.34,5188.67,5008.14,5902.42,5509.58,6253.21
YDR150W,1118.69,1066.44,1033.56,2529.15,2588.64,2706.54,3400.63,3731.64,3716.28,4020,3888.31
YDR212W,1069.62,997.507,1161.74,4135.54,4415.52,4442,5865.12,6044.6,6333.54,6060.64,6142.98
YDR091C,1123.86,1029.72,1077.44,3840.69,4062.2,4037.41,5188.98,5497.94,5800.53,5793.6,5768.31
YPL262W,1138.08,975.875,1136.17,3285.37,3732.41,3370.19,7288.79,7300.93,8240.62,9161.42,10130.5
YLR027C,1062.6,1144.57,1059.66,3154.33,3117.24,3291.59,4667.64,5496.79,5226.74,5618.17,5307.47
YOL127W,1083.83,992.972,1202.05,4044.12,4585.41,4371.84,7011.97,7259.41,8452.46,8062.54,8606.27
YIL136W,1147.17,983.843,1169.24,1978.52,2137.52,2140.24,4065.29,4271.75,4601.98,6477.29,6599.36
YLR270W,1129.36,1022.71,1151.41,4131.35,4449.34,4371.9,8950.64,9338.82,9843.16,11738.3,11633.9
YMR235C,1156.79,1031.76,1117.47,3787.34,4025.2,3934.58,5380.81,5653.83,5941.12,5926.36,6028.99
YGR285C,1165.61,966.462,1181.13,5540.46,6199.44,5851.98,10653.9,10911.9,12032.6,11890.5,12495.4
YKR095W,1154.28,1043.3,1118.76,2407.14,2606.22,2480.28,3222.23,3340.53,3540.4,3278.84,3331.65
YKL145W,1162.99,1008.1,1145.32,2601.5,2912.08,2679.78,3403.42,3413,3778.44,2928.38,3029.36
YDR168W,1158.94,1033.07,1143.51,3443.08,3721.12,3661.7,5320.26,5513.9,6061.15,5250.77,5584.57
YGR209C,1137.27,974.735,1246.35,2728.12,3062.78,2890.9,5282.73,5433.06,6239.62,5638.74,5915.46
YAR015W,1189.22,1010.24,1159.31,3717.7,4205.68,3804.91,8076.61,7913.05,9165.53,9074.19,10214.5
YCL057W,1147.57,1071.71,1144.92,2999.39,3301.41,3127.93,3964.26,4112.71,4361.07,4028.73,4239.66
YPR069C,1132.45,1017.4,1214.76,3337.08,3579.87,3854.26,5575.58,6303.44,6554.48,7101.02,6676.99
YLR244C,1152.69,1033.68,1180.93,3292.13,3607.87,3382.98,4804.28,4881.53,5320.88,5235.3,5815.98
YDR342C,1166.5,1011.71,1193.66,2443.15,2695.37,2508.72,3596.57,3033.38,3745.75,4580.4,4516.19
YMR226C,1164.8,1081.44,1133.66,3720.51,3832.49,3809.26,6206.72,6718.57,6744.73,6583.67,6505.85
YER036C,1141.05,1118.54,1124.45,4269.14,4392.08,4495.59,5868.29,6469.09,6371.06,6718.5,6394.49
YLR216C,1158.31,1048.69,1180.78,7351.01,7561.62,7818.8,11736,13064.9,12902.8,15729.1,15339.5
YLR384C,1173.11,1043.83,1171.27,5113.24,5521.39,5399.47,7535.1,7639.94,8276.34,7795.03,8054.37
YPL019C,1143.12,1078.87,1176.7,5003.36,5203.55,5340.03,6919.75,7375.02,7600.58,7508.07,7545.6
YDR321W,1166.89,1065.18,1171.6,3547.11,3686.11,3743.53,4730.08,5130.53,5284.12,4579.35,4468.02
YJL111W,1168.44,1085.12,1168.25,3703.01,4101.65,3817.08,5294.79,5323.7,5968.67,5544.06,6047.99
YGL195W,1155.96,1020.86,1249.3,11154.4,11590.1,11834.2,19443.1,20530.3,20978.7,24713.7,24216.8
YFL004W,1177.04,1070.99,1201.3,5066.39,5287.67,5256.91,7312.34,7613.03,8133.35,7280.36,7181.16
YFR016C,1205.44,1091.79,1152.8,3267.08,3416.42,3409.99,4950.89,5346.19,5527.97,5544.79,5599.19
YBL045C,1150.67,1094.13,1207.83,3149.14,3335.85,3378.5,5513.22,5924.64,6147.58,7096.06,7003.01
YOR230W,1173.6,1142.27,1147.95,3001.12,2954.12,3061.73,5223.47,5957.4,5787.82,7240.67,6922.17
YGR185C,1131.6,1115.61,1218.98,5454.45,5862.85,6064.84,9171.69,9804.29,10296.8,11019.5,10904.9
YHR039C-A,1173.94,1037.17,1255.55,3285.27,3519.41,3419.07,5408.87,5337.25,5972.09,5472.86,5803.74
YLR257W,1182.54,1125,1172.17,2730.95,2831.62,2907.98,4495.03,5162.27,5055.1,5564.1,5368.9
YLL021W,1228.45,1067.66,1183.98,3208.36,3437.06,3212.39,4158.32,4194.4,4571.44,3856.35,4051.79
YER080W,1187.21,1142.16,1167.92,3561.42,3568.46,3562.43,5015.82,5646.39,5674.02,5688.42,5383.88
YGL206C,1204.69,1022.59,1273.42,10552.1,11506.2,11154.2,19207.7,19484,21339.7,21441.4,23521
YKL085W,1204.03,1074.37,1225,3089.28,3405.67,3216.17,5759.52,5805.09,6515.01,6498.51,6910.29
YOR209C,1248.34,1013.5,1244.59,3253.53,3751.39,3335.78,5028.13,4937.76,5712.69,5460.65,6121.72
YGR116W,1196.39,1120.24,1200.38,5497.05,5863.76,5618.51,7567.89,7742.96,8152.67,8232.2,8437.99
YHR158C,1205.05,1159.45,1161.01,2615.63,2745.91,2673.22,3218.48,3445.3,3600.4,3104.1,3132.87
YOR153W,1195.42,1080.04,1268.65,5497.83,6003.28,5799.59,8200.5,7308.84,8884.1,9906.72,9706.52
YLR028C,1219.94,1119.98,1215.36,3792.71,4110.68,3975.05,6691.85,7064.15,7669.42,7615.6,7908.94
YBL024W,1243.95,1106.49,1210.57,4489.07,4795.75,4764.77,6403.07,6757.09,7096.66,6881.79,6972.31
YJL020C,1225.6,1135.76,1201.62,4108.53,4305.85,4316.37,7145.81,7760.79,8057.38,7834.82,7879.77
YGL037C,1238.2,1050.07,1284.54,2919.84,3473.68,3009.39,6396.32,6032.74,7119.21,8016.51,9180.46
YBR248C,1199.18,1119.77,1262.8,3904.38,4191.21,4079.39,7096.42,7432.11,7940.61,6976.3,7191.81
YML100W,1204.01,1188.64,1195.17,3684.16,3820.09,3864.93,6287.77,6884.42,6958.74,8126.76,7937.37
YDL145C,1249.8,1077.09,1291.28,7012.28,7686.93,7451.29,12062.4,11938.6,13278.7,13859.1,14643.3
YHR179W,1204.47,1174.87,1239.77,5752.19,5821.88,6145.49,12214.5,13434.9,13373.1,18224,17690.4
YIL115C,1242.33,1156.19,1225.47,3270.11,3535.27,3353.7,4651.76,4954.46,5182.08,4005.19,4049
YPL235W,1252.03,1166.85,1219.61,3262.79,3466.88,3395.54,4761.45,5056.14,5263.14,5266.44,5417.94
YGL173C,1239.58,1123.48,1276.4,5530.31,5870.04,5712.23,8283.18,8472.76,8946.49,9686.79,10374.1
YER070W,1262.41,1167.5,1214.94,3563.33,3621.57,3662.61,5601.14,6048.15,6273.13,5816.04,5790.68
YGR159C,1289.01,1053.48,1313.48,2443.59,2799.44,2488.99,3230.96,3180.29,3651.01,3281.15,3557.96
YJL123C,1248.92,1151.18,1257.7,3485.03,3756.23,3760.29,5158.64,5365.64,5873.57,4897.27,5012.2
YDL103C,1253.5,1129.59,1279.09,4062.59,4290.84,4232.77,6541.05,6953.24,7262.08,6958.63,7005.87
YMR297W,1269.17,1183.86,1221.98,3488.22,3701.85,3490.73,5801.87,6194.52,6589.61,7263.91,7481.1
YBL100W-B,1246.66,1145.73,1285.76,14230.6,14321.5,14771,16026.9,17053.9,17689.5,14000.8,14336.5
YML010W,1282.48,1145.13,1255.61,3408.93,3667.41,3624.75,5053.08,5185.31,5608.63,5187.52,5411.57
YLR264W,1182.17,1300.02,1209.09,3410.32,3031.6,3311.27,3814.84,4196.86,3997.53,4335.19,3960.9
YIL051C,1324.59,1003.65,1378.05,2542.78,3262.23,2727.12,4363.7,3969.34,5194.53,3737.28,4271.35
YDR418W,1287.48,1155.64,1288.91,3126.42,3359.95,3232.98,4350.72,4492.08,4938.69,4244.28,4460.56
YBR149W,1269.98,1179.36,1283.15,3752.49,4078.4,4075.15,6310.41,6759.6,6983.72,7482.3,7384.29
YBL022C,1286.43,1190.25,1259.39,4472.71,4691.84,4579.07,6476.22,6666.59,7189.14,6543.1,7004.91
YMR012W,1306.85,1124.16,1316.13,5873.4,6279.57,6211.76,8952.38,9318.61,10106.8,9526.41,9849.14
YLL018C,1225.46,1283.69,1245.55,6219.75,5610.36,6835.9,9586.53,11877.1,9994.13,12245.2,10229.4
YJL041W,1314.2,1199.35,1242.2,3010.54,3275.81,3035.09,4128.62,4320.08,4655.08,3979.93,4126.27
YKR048C,1256.39,1243.22,1270.2,3883.31,3947.69,4172.59,5161.66,5823.07,5546.15,5609.99,5320.35
YPL091W,1272.41,1284.85,1227.85,3842.03,3836.96,3982.5,5724.45,6309.96,6107.44,6992.68,6793.75
YJR139C,1266.36,1273.1,1251.15,4145.47,4065.9,4307.04,6794.66,7695.32,7579.33,8805.69,8281.22
YHL021C,1341.23,1211.8,1243.25,2853.19,3087.14,2951.87,4755.81,5013.84,5291.68,5812.23,5957.16
YDR190C,1278.53,1208.32,1310.64,3494.12,3640.85,3700.02,5177.54,5407.56,5627.87,5590.63,5624.53
YDL131W,1320.09,1080.43,1399.54,3108.74,3702.53,3311.19,6544.56,6021.84,7349.61,6381.45,7337.7
YJR105W,1340.57,1161.85,1305.14,3703.71,4098.33,4008.32,6187.08,6166.57,6834.98,5919.93,6345.76
YDR174W,1278.03,1164.46,1378.94,2190.78,2305.14,2257.72,2004.5,2106.19,2215.89,1893,1882.39
YNL247W,1325.28,1149.5,1347.56,4878.89,5285.51,5089.51,7454.35,7632.38,8513.38,8258.59,8828.58
YDR074W,1331.32,1189.76,1332.24,4581.89,4892.95,4828.46,7918.35,8190.41,8772.78,9210.43,9327.6
YBR088C,1336.96,1201.06,1317.08,2866.37,3112.19,2916.47,5428.87,5450.54,5774.85,6901.87,7154.01
YGL078C,1322.02,1211.46,1322.24,3643.17,3806.77,3678.8,4688.85,4998.77,5239.64,5418.99,5273.71
YIL125W,1362.73,1162.33,1336.62,3731.35,4202.64,3844.36,6602.3,6450.2,7508.55,8269.4,9335.29
YOR120W,1343.81,1206.03,1314.17,2670.8,2992.81,2840.2,5114.41,5467.94,5820.27,5073.72,5150.66
YLL050C,1337.51,1166.5,1363.23,3180.78,3548.63,3561.73,5305.38,5578.48,5865.93,6065.14,6256.4
YPR110C,1270.68,1358.55,1282.55,3584.02,3443.64,3790.22,3899.41,4522.07,4199.6,3772.74,3461.26
YNR001C,1349.95,1198.31,1363.62,4693.6,4950.01,5041.06,10190.1,10983.6,11208,14737.1,14541.1
YER090W,1378.55,1145.56,1394.71,4316.08,4860.54,4489.42,8225.62,7977.9,9301.94,8551.34,9357.01
YDR380W,1374.58,1241.2,1310.81,1668.48,1776,1695.2,1582.26,1599.2,1733.29,2463.16,2587.98
YEL071W,1321.48,1276.11,1337.63,2958.76,2999.13,3051.13,4350.41,4868.29,4771.26,5404.51,5363.31
YHR183W,1383.35,1171.75,1381.41,5266.73,5664.48,5683.02,9335.24,9720.75,10253.5,10902.5,11001.4
YOL040C,1311.51,1287.37,1340.78,4349.88,4449.8,4600.41,5767.15,6372.92,6390.07,6893.83,6540.43
YBR191W,1334.86,1227.64,1379.21,5592.78,5739.8,6433.56,7730.01,8488.66,8068.1,8497.18,8016.03
YHR137W,1384.58,1266.95,1311.9,2459.04,2580.2,2554.54,3552.45,3772.96,3801.91,4991.33,4915.67
YBR169C,1320.16,1288.01,1357.22,4335.12,4520.51,4669.76,7049.85,7892.23,7800.04,9282.23,8729.91
YML078W,1374.76,1232.93,1381.8,3578.99,3799.91,3741.19,5213.78,5491.73,5684.46,5563.18,5795.27
YDR450W,1392.79,1236.95,1380.06,4277.8,4640.06,4491.03,6320.09,6520.98,6938.99,6556,6657.86
YGL076C,1368.08,1242.2,1399.85,3917.99,4210.48,4241.69,6304.26,6564.69,6999.54,7671.15,7889.86
YGR178C,1371.55,1254.21,1385.05,4617.67,4942.07,4702.97,6995.78,7147.03,7690.97,7337.87,7686.47
YMR303C,1418.49,1313.67,1287.87,5088.73,5400.13,5299.65,9737.92,9948.28,10041.4,13455.3,13562.2
YMR230W,1299.37,1454.43,1291.45,3859.96,3339.02,3414.52,3872.05,4121.06,4135.6,4496.75,4284.69
YMR242C,1398.07,1289.67,1386.18,4495.72,4763.98,4669.47,5459.06,5735.69,5955.68,5540.9,5601.58
YCR053W,1440.11,1248.95,1391.56,5779.32,6083.13,6386.32,9512.17,10193.1,10035.3,9816.2,9613.78
YHR019C,1364.61,1293.48,1439.74,6324.69,6560.44,6913.44,10201.9,11267.4,11363.1,11720.4,11433.3
YJL200C,1402.66,1320,1375.74,2832.07,3022.66,2927.74,4033.81,4421.53,4509.18,3363.98,3454.62
YGR214W,1471.7,1285.08,1369.47,3919.79,4205.78,3998.27,5194.27,5277.76,5442.85,4956.66,4890.52
YPL028W,1411.25,1206.66,1509.39,4298.59,4923.66,4614.62,8598.3,8527.17,9942.33,9861.67,10736
YGL103W,1434.53,1263.63,1436.86,4430.84,4640.23,4660.8,6979.5,7310.41,7506.23,7603.52,7585.38
YNL015W,1421.94,1346.06,1370.39,2124.93,2220.55,2319.64,3723.33,4223.75,3932.8,4952.99,4514.33
YDR019C,1394.67,1340.93,1410.51,3962.7,4042.34,4324.29,8736.07,9785.05,9668.85,13008.5,12292.3
YFR037C,1458.78,1304.34,1413.55,2917.84,3186.45,2995.99,3480.74,3419.67,3783.66,3357.11,3537.76
YHL034C,1358.94,1374.52,1459.69,3151.35,3289.9,3590.42,4303.57,4999.67,4887.66,4980.55,4652.67
YOL097C,1411.58,1263.61,1536.34,4846.58,5211.62,5237.04,6985.1,7007.02,7715.35,7547.52,7748.7
YNR050C,1483.83,1299.3,1448.49,2415.33,2607.65,2459.94,3723.03,3824.86,4158.16,3924.33,4127.69
YKL150W,1460.3,1431.56,1371.38,2659.81,2488.12,2768.92,2983.78,3554.94,3402.91,3294.04,2922.28
YJR070C,1453.39,1400.93,1411.72,2959.16,3052.39,3226.2,3072.73,3471.23,3420.91,2669.65,2584.51
YER086W,1480.69,1343.33,1466.51,4159.62,4505.25,4336.33,7371.22,7525.49,8173.33,8504.18,8806.19
YBL087C,1489.02,1329.01,1504.81,4137.98,4529.48,4463.08,5900.39,5994.76,6528.03,5881.26,5993.21
YNL220W,1485.84,1377.77,1461.69,5536.97,5846.41,5903.95,12248.7,12957.1,13256.6,14315.9,14090.3
YLR060W,1461.32,1395.79,1475.15,4531.35,4738.76,4734.19,6385.72,6906.72,7115.67,7101.83,6988.11
YDL124W,1497.1,1387.77,1468.48,3946.48,4159.03,4217.38,6385.13,7030.53,7070.52,7594.08,7367.49
YJR064W,1440.9,1415.1,1503.49,4093.9,4173.74,4303.96,5382.01,5795.13,5802.34,5654.88,5518.71
YGL148W,1493.1,1391.13,1484.95,3316.89,3529.35,3427.99,4474.63,4703.7,4990.17,4188.94,4297.74
YMR083W,1316.35,1519.99,1543.99,5421.75,4657.57,4890.62,7745.47,8264.52,8030.71,9570.67,8994.33
YHL015W,1501.59,1295.14,1586,3790.12,4104.08,3557.6,5290.11,4732.97,5895.06,5198.33,6073.67
YOR332W,1480.02,1378.11,1527.4,4350.82,4421.93,4618.12,6774.42,7390.52,7667.59,6946.5,6599.09
YBR263W,1475.82,1424.07,1498.41,5196.2,5274.1,5501.32,8310.72,9227.92,9182.54,10674.5,10061.6
YGR088W,1507.49,1439.99,1451.19,1621.82,1738.4,1663.74,2126.61,2221.47,2318.71,2868.76,2959.12
YBL076C,1473.18,1363.28,1567.29,7650.31,8088.87,7891.86,11837.4,12156.8,13030.2,12724,13180.4
YNL104C,1503.29,1410.6,1490.73,3591,3607.45,3795.15,5673.52,6345.02,6222.08,7369.19,6848.09
YDR382W,1475.27,1441.21,1489.65,2345.38,2433.13,2552.32,3069.44,3743.84,3821.81,3646.47,3548.32
YJL014W,1512.62,1426.01,1469.02,4727.17,5002.44,4934.21,6561.88,7010.77,7210.84,6991.85,7093.85
YER103W,1556.35,1374.54,1535.9,2705.9,3075.95,2850.25,3806.21,3731.29,4378.22,3947.32,4362.29
YJR148W,1556.08,1403.76,1519.46,4586.51,4743.03,4759.52,6637.59,7198.75,7331.12,7001.46,7122.67
YOR007C,1516.89,1443.18,1525.9,5658.68,5844.8,6148.53,8814.92,9807.54,10036.4,10432.3,10142.3
YHR020W,1496.94,1445.26,1553.92,5108.63,5225.04,5463.82,7870.79,8807.71,8608.41,9135.37,8569.04
YGL202W,1565.73,1338.07,1598.59,3816.51,4247.01,4006.17,7871.02,7867.8,8928.39,9238.18,9933.69
YDR002W,1526.72,1400.26,1578.27,1877.27,2024.85,1911.55,2355.06,2564.12,2768.8,2264.18,2441.01
YDL140C,1576.39,1401.87,1580.41,6257.18,6831.3,6445.52,9490.18,9567.35,10455.9,10183.5,10890.9
YOR323C,1556.76,1444.16,1571.7,4192.97,4439.4,4362.15,5994.98,6286.31,6720.01,5893.78,6013.8
YNL071W,1555.42,1425.78,1593.1,5010.32,5285.57,5368.2,8061.08,8786.66,8855.93,8746.08,8432.39
YOR341W,1590.91,1387.27,1597.41,7208.46,7819.76,7475.64,10040.2,10269,11088.1,10696.7,11248.6
YBL002W,1593.49,1468.4,1519.18,2081.33,2108.16,2137.16,2820.08,3079.94,3031.07,3351.91,3282.85
YMR146C,1564.62,1424.36,1596.66,4010.34,4265.46,4173.73,4827.72,5083.49,5275.82,4227.41,4312.42
YOR361C,1541.33,1482.7,1561.63,4433.46,4399.73,4549.56,5849.64,6663.11,6397.16,6661.84,6303.74
YLR058C,1551.64,1482.44,1560.59,4123.21,4091.39,4194.15,6784.7,7495.05,7603.55,7968.1,7489.68
YNL036W,1550.31,1545.88,1502.27,1032.3,1074.32,1067.73,1542.67,1763.23,1625.2,6519.7,6149.69
YCL064C,1587.49,1429.39,1583.64,3040.06,3391.57,3249.92,2603.79,2642.38,2855.9,3146.02,3407.15
YDR454C,1603.92,1392.74,1609.63,4714.76,5161.72,4946.53,6799.22,7069.04,7826.76,6512.61,6883.18
YER069W,1564.08,1428.14,1617.01,3234.26,3691.51,3513.28,10434.9,10863.2,11820,16476.1,17136.3
YCL040W,1604.39,1427.61,1586.91,3583.97,3890.37,3586.23,6331.62,6443.2,7099.65,7162.04,7361.58
YJR104C,1624.23,1314.57,1688.53,2400.85,2993.25,2547.74,4012.33,3568.89,4533.39,3376.91,3917.72
YER136W,1586.33,1460.98,1590.52,5511.73,5813.76,5776.84,8791.55,9323.22,9852.03,9928.68,9828.19
YJL138C,1590.75,1448.41,1602.7,5195.75,5660.22,5566.57,8045.47,8166.29,8696.37,8087.81,8550.5
YJL026W,1588.19,1445.43,1621.16,5224.6,5693.65,5825.32,11226.1,11988.7,12030.4,16502.6,16161
YDR155C,1566.46,1488.89,1608.73,5305.91,5318.84,5408.17,7634.48,8270.16,8498.64,8050.87,8139.57
YJR123W,1568.24,1448.55,1684.42,3767.31,4216.42,4302.09,6105.84,6299.56,7120.92,7473.15,7588.1
YBR012W-B,1627.07,1426.96,1653.75,13886,14852.1,14573,19839.9,20397.2,22258.5,19460.1,20126.5
YGR130C,1618.21,1464.7,1629.79,2486.94,2747.8,2588.36,2945.47,3036.77,3351.38,2714.45,2826.51
YOR117W,1613.17,1525.35,1575.07,4278.21,4474.62,4399.18,6282.97,6704.13,7014.16,6382.49,6585.91
YJL177W,1570.19,1632.07,1545.26,4117.96,3926.42,3955.3,5158.24,5468.22,5676.95,5928.71,5929.97
YIL078W,1571.9,1531.95,1646.88,6932.99,7091.35,7389.35,9978.09,10692.8,10611.9,11338.9,11116.7
YDR023W,1646.05,1463.19,1648.26,4484.09,4966.81,4706.41,6870.31,7068.07,7654.47,7493.74,7839.99
YNL064C,1625.59,1561.94,1574.58,6836.91,6845.21,7278.38,9395.36,10836,10334.7,11860.7,11282.8
YDL083C,1622.92,1524.69,1628.67,4047.08,4060.15,4077.31,5634.45,6351.21,6171.02,7172.21,6914.99
YPL226W,1606.99,1574.31,1611.36,6911.55,6945.23,7212.96,9752.72,10832.2,10478.7,11595.3,10967.1
YGL135W,1620.5,1634.47,1560.94,7438.8,7150.7,7659.42,9661.88,10864.6,10206.6,12066.6,10946.2
YHR193C,1660.48,1491.67,1666.85,3457.39,3816.3,3594.88,5263.85,5525.33,6173.08,4949.23,5323.97
YER025W,1671.35,1450.47,1704.89,3829.96,4170.98,3917.06,5631.56,5882.39,6334.25,6225.08,6536.83
YLR448W,1677.72,1385.93,1770.86,5147.81,5837.26,5490.38,8457.66,8366.45,9488.64,9248.73,9758.02
YBR189W,1661.47,1475.18,1700.1,5131.11,5422.69,5392.39,8003.33,8088.37,8524.25,9400.61,9350.99
YER003C,1692.47,1523.9,1637.38,2868.08,3169.95,2998.36,3329.89,3484.7,3896.21,3142.2,3270.53
YPL131W,1648.09,1525.94,1695.28,6008.33,6157.93,6301.71,8551.43,8951.54,9241.67,9553.88,9333.77
YFL022C,1697.79,1488.76,1686.38,4711.04,5108.82,4791.05,6647.61,6532.47,7371.56,6237.28,6516.74
YGR086C,1632.51,1547.64,1710.88,2745.93,2773.56,2887.69,3882.35,4226.16,4270.6,4913.23,4767.54
YGL234W,1713.08,1496.66,1689.15,5338,5822.66,5522.14,9322.99,9581.36,10554.4,9077.15,9377.21
YDR258C,1684.07,1512.2,1707.17,6175.56,6604.09,6637.35,11682.1,12301.9,12807.1,14330.7,14329.2
YDL171C,1718.34,1542.5,1661.88,8813.9,9334.3,9179.72,15829.4,16250.9,17373.3,18211.8,18917.1
YGR180C,1708.64,1470.82,1756.42,4593.64,5203.62,4884.4,10060.5,10052,11369.5,15319.8,16330.2
YNL007C,1655.89,1611.26,1673.03,6051.39,6234.02,6495.98,8624.65,9596.65,9467.14,10556.6,10461.8
YCL050C,1695.31,1557.36,1691.49,5008.51,5332.37,5220.37,6984.63,7789.98,7960.85,7349.04,7425.26
YCR084C,1727.82,1578.5,1647.74,3570.17,3890.03,3697.92,4474.18,4630.38,4932.42,4198.66,4344.46
YGR167W,1705.8,1575.68,1719.86,1826.16,1979,1877.14,3338.75,3532.87,3680.91,3683.81,4022.38
YBR115C,1679.1,1678.01,1647.07,6466.6,6487.51,6836.33,12770.3,14620,13938.4,16275.2,15152
YBR072W,1735.57,1594.9,1681.11,2425.75,2605.77,2623.29,3723.48,3885.45,3867.38,7252.37,7318.98
YFL045C,1644,1698.92,1672.94,4131.83,4074.5,4306.21,4337.63,4876.53,4649.31,4563.47,4445.93
YJR109C,1724.81,1604.4,1694.28,4355.83,4501.16,4576.5,9156.25,10236.4,10239.7,12145.7,11743.4
YHR064C,1758.3,1458.03,1820.01,4972.41,5515.74,5405.81,8608.43,8626.17,9485.12,9238.55,9730.98
YDR368W,1701.19,1593.76,1741.78,4678.87,4893.99,5002.83,7415.49,8048.37,8155.18,7204.37,6989.05
YNL121C,1747.98,1569.73,1719.34,4244.51,4514.18,4351.04,6344.16,6566.86,6957.28,6329.95,6353.29
YPL004C,1703.05,1576.58,1765.81,2678.09,2970.78,2979.39,3680.78,3793.48,4134.33,3998.36,4161.47
YDL014W,1728.31,1671.44,1656.54,3476.72,3611.85,3587.04,4198.44,4426.99,4518.62,4445.98,4283.48
YLR335W,1768.36,1587.74,1707.4,3789.47,4286.14,3873.38,5392.18,5611.83,6212.59,5309.97,5629.4
YHR208W,1783.56,1573.6,1801.96,4704.33,4974.73,5060.88,7691.04,8414.04,8551.62,8309,8062.27
YML128C,1800.46,1660.99,1764.48,2326.55,2583.67,2448.49,3877.85,3990.74,4334.64,6242.07,6670.95
YGL137W,1786.86,1681.39,1766.71,5988.48,6342.7,6258,8517.59,8900.73,9277.65,9262.88,9259.54
YFR044C,1791.93,1680.61,1770.15,4338.3,4539.95,4473.87,6244.84,6718.21,6835.37,6868,6762.68
YIL142W,1826.9,1648.48,1806.59,4504.05,4815.94,4662.55,5634.56,5757.97,6308.27,4552.45,4613.67
YGL245W,1792.71,1704.38,1789.31,7426.97,7563.73,7676.41,11747.2,12813.3,12724.1,13924.6,13565.2
YGL008C,1797.7,1728.17,1777.94,8587.21,8407.97,8636.51,11015.9,10027.3,11366.8,12543.2,11372.9
YHL033C,1846.02,1554.88,1925.09,6946.8,7628.09,7736.08,10221.4,10663.8,11221,11943.6,11865.5
YBR143C,1861,1614.43,1878.5,4457.47,5030.79,4641.12,6520.34,6560.28,7347.68,6479.06,6993.35
YNL241C,1873.42,1648.99,1870.48,5835.81,6228.28,6144.51,8049.53,8272.71,8750.12,8523.47,8733.43
YGR264C,1844.44,1736.18,1850.7,6854.04,7279.06,7193.14,9466.11,10057.6,10468.5,9922.31,10296.8
YDL084W,1895.72,1680.9,1880.56,4245.26,4739.2,4525.65,5583.05,5701.96,6288.87,5581.51,5877.94
YFL014W,1892.43,1554.55,2012.45,856.092,1015.63,810.118,1795.01,2032.26,2205.85,3495.9,4074.73
YDR037W,1871.47,1662.07,1987.62,7639.74,8255.15,8153.83,13136.6,13464.8,14529.2,14863.6,15126.5
YBL039C,1868,1724.91,1932.74,6373.9,6956.26,6542.11,9823.69,9920.36,10891.5,11184.5,12032.7
YDR353W,1877.66,1793.75,1898.96,4446.16,4725.86,4744.48,6776.37,7400.22,7429.09,8173.3,8120.31
YOL109W,1982.51,1677.44,2003.38,3247.01,3779.85,3300.62,6323.44,5869.14,7029.98,6659.13,8093.16
YBL099W,1979.3,1691.99,2052.3,5050.36,5732.39,5287.25,9130.08,9016.82,10237.1,10605.6,11460.9
YOR375C,1968.51,1892.59,1873.53,3818.62,3815.79,4028.73,5508.1,6450.74,6174.5,6935.64,6412.3
YEL034W,1998.81,1791.96,1998.85,4859.39,5416.62,5202.28,6929.54,6847.28,7464.01,6452.03,6915.74
YKL056C,1921.03,1863.04,2011.3,4769.51,4827.83,5189.94,6102.35,7031.93,6599.21,6375.38,5887.86
YFR031C-A,1927.49,1888.92,1986.77,5693.18,5973.72,5744.28,7415.81,7504.19,7953.29,7710.14,8144.23
YJL008C,2037.95,1756.92,2047.66,5037.65,5769.12,5255.71,7323.19,7129.58,8253.02,7268.84,8014.03
YJR121W,2064.44,1776.15,2055.89,5181.09,5681.57,5461.01,8351.83,8527.93,9346.61,8850.39,9136.29
YMR031C,2029.58,1875.66,2003.6,4507.41,4765.94,4603.4,5073.25,5372.12,5825.64,4694.72,4803.27
YMR205C,2036.58,1772.81,2124.76,7533.94,8576.06,8019.61,13689.5,13985.3,15653.2,15254,16019.1
YLR303W,2032.11,1811.23,2100.08,3931.38,4353.29,4153.5,6896.27,6979.99,7716.89,7433.08,7770.67
YNL112W,2022.14,1954.33,1989.09,3795.06,3760.2,3852.76,3812.53,4210.62,4158.23,3576.09,3432.51
YNL055C,2057.17,1835.27,2085.64,6377.5,6913.2,6893.76,12984.7,13715.2,14134.9,17261.8,17049.7
YPR074C,2039.44,1857.38,2114.26,6252.29,6590.31,6318.62,10089.8,10340.2,11255.2,11432.2,12169.5
YBR025C,2051.83,1919.61,2070.94,7222.46,7715.62,7739.11,10555.5,11390.1,11503.1,12044.8,11927.9
YBR218C,2036.6,1909.27,2099.34,7537.5,7924.28,7887.02,11980.1,12529.4,12914.6,14009.6,14255.3
YGR094W,2095.67,1819.97,2138.06,9818.41,10807.5,10159.4,15845.7,15768.7,17267,16138.3,17385.6
YBR084W,2095.82,1943.76,2020.91,6753.18,7040.24,6971.52,9208.5,9784.73,10112.4,9900.96,9972.4
YBR286W,2192.9,1845.16,2057.01,4839.07,5407.12,4874.64,7571.08,7588.81,8736.79,8095.47,8884.34
YML070W,2139.4,1910.49,2065.34,6397.75,6978.72,6793.41,11535.3,11983.7,12640.3,13022,13328
YDR341C,2061.1,1877.29,2194.75,9143.93,9732.16,9997.11,15236.8,16016.7,16761,17063.4,17208.6
YPR145W,2086.12,1971.43,2080.99,4872.67,5074.58,5301.4,7886.65,8916,8609.51,9238.45,8807.9
YLR429W,2138.65,1986.39,2079.43,4551.37,4691.29,4686.15,4788.84,5082.69,5360.98,4455.99,4496.85
YLR197W,2162.8,1974.31,2122.12,6550.19,6712.02,6714.93,7839.95,8264.13,8554.65,9713.86,9708.15
YDR099W,2072.61,2074.26,2122.27,5920.91,6142.82,6012.59,8859.07,9079.69,9746.68,10232.4,10265
YDL223C,2151.85,2044.73,2098.99,2019.48,2182.95,2100.89,3112.35,3320.67,3572.44,6418.94,6638.14
YHR174W,2046.32,2192.42,2100.12,6400.15,6006.75,5639.75,9838.83,10029.3,11208,12232.9,12405
YOR204W,2186.88,1982.97,2184.73,4236.86,4594.95,4325.85,4930.76,4947.28,5466.07,4647.34,4844.25
YKL081W,2229.81,1912.73,2276.45,8714.29,9511.39,9125.47,13344.7,13310.1,14687.4,13840,14854.4
YFL018C,2207.94,2063.01,2178.8,6239.84,6509.87,6730.62,11384.3,12662.6,12578.2,14873.3,14474.9
YOR369C,2218.9,2108.19,2242.32,5283.45,5436.14,5647.11,6811.19,7339.08,7529.76,6775.65,6425.21
YBR196C,2189.97,2231.27,2174.66,8551.65,8156.37,8242.07,14630.8,15924.6,16066.6,19413.5,19122.2
YCR088W,2284.47,2032.45,2297.68,4953.7,5314.52,5193.69,8597.93,9038.84,9636.46,8929.44,9154.82
YKL035W,2279.02,2123.55,2291.21,6024.56,6037.11,6216.64,9632.32,10298.4,10456.4,10767.6,10417
YFL039C,2340.03,2003.31,2382.61,10222,11271.5,10888.5,18393.9,19072.3,20885.6,24789.8,25918.6
YLR354C,2226.24,2117.56,2384.11,9622.38,9937.78,10242.9,16283.7,17057.9,17638,20285.5,19725.2
YBR127C,2293.09,2199.57,2269.2,6028.03,6331.29,6432.92,9550.35,10381.3,10357.6,10525.3,10103.6
YPR041W,2281.92,2230.02,2277.42,6216.65,6222.21,6476.02,7785.13,8720.92,8444.22,7822.97,7451.84
YMR229C,2287.97,2096.05,2425.43,10809.8,11636.9,11370,16248,16605.1,17561.5,17350.4,18161.3
YMR217W,2426.88,2094.71,2435.51,6674.93,7170.98,7047.31,9798.12,10043.3,10705.3,11065.9,11472.1
YBR011C,2337.54,2311.63,2345.72,7361.9,7259.25,7598.85,10635.5,12220.3,11697.2,10751,10139.3
YOR168W,2431.04,2113.33,2461.04,8902.1,9834.42,9154.14,13946.1,13973.7,15766.3,15270.7,16551.3
YML126C,2425.41,2139.08,2457.07,7427.47,8189.88,7889.6,13703.7,13780.4,15086.7,15993.9,16630.3
YOR374W,2488.86,2150.67,2491.4,3690.55,4125.98,3842.42,6917.32,6956.34,7862.69,10932.4,11604.3
YDR226W,2465.13,2253.16,2422.48,5248.32,5648.84,5553.58,6859.99,7498.86,8018.25,5634.48,5658.42
YGR124W,2485.47,2222.91,2493.77,5429.51,5909.98,5761.91,8324.55,8429.26,9289.25,9462.57,9912.08
YBL075C,2512.3,2275.26,2486.31,3662.95,4120.58,3851.11,4725.97,5107.51,5343.28,7083.49,7214.91
YER043C,2456.6,2458.47,2436.81,8996.36,8728.22,9733.19,12448.9,14472.2,13307.9,14917,13489.8
YLR441C,2476.65,2367.86,2526.53,9300.58,9416.56,9993.96,14059.6,15612.6,15234.1,17005,15802.5
YCL030C,2524.47,2340.3,2527.4,4459.79,4797.01,4637.99,10155.6,10526.2,11354.1,10625.4,10897.4
YGR061C,2538.39,2307.12,2559.6,9449.23,10057.2,9645.59,16160,17450.8,18395.9,18615.9,18861.1
YCL043C,2545.17,2331.92,2645.36,7509.01,8155.13,8007.68,11912.7,12381.3,12783.8,14412.3,14466.9
YLR153C,2548.16,2284.07,2692.95,9232.11,9769.87,9809.45,15638.8,16386.8,17222.8,18727,18627.2
YOR027W,2546.99,2269.47,2710.08,10237.8,11498,11403.1,16593.6,17147.4,18916.8,16709.9,16869.2
YDR502C,2605.31,2336.93,2617.05,5571.75,6153.02,6010.08,8468.09,8772.17,9456.15,9257.67,9495.9
YFR053C,2624.15,2388.09,2565.47,7791.81,8392.43,8169.6,12308.2,12616.4,13593.3,12968.3,13490.8
YDL126C,2616.45,2362.37,2606.21,7406.04,7948.26,7802.48,12151,12806,13736.1,13219.8,13060.9
YGL147C,2643.27,2348.31,2646.7,7541.68,8190.12,7946.98,10812.7,10934.4,11958.8,11953.1,12562.5
YBR121C,2557.11,2393.35,2695.3,8497.25,9079.12,8939.04,12806.7,13564.4,14325.9,14202.9,14674.4
YBL047C,2685.7,2396.01,2597.63,6896.94,7348.64,7222.86,10992.9,11535.9,12404.2,9856.07,9846.17
YGL026C,2708.48,2378.73,2623.58,7204.44,7738.84,7200.75,13266.2,13832.3,14843.9,13973.7,14406.1
YDL195W,2668.39,2427.46,2647.29,6926.83,7408.16,7304.6,9727.39,10358.5,11005.5,10024.3,10152.8
YJR016C,2746.49,2492.55,2701.26,5229.31,5627.73,5403.05,8083.81,8539.05,8971.27,8172.28,8450.28
YGL009C,2776.08,2462.79,2734.55,10558.2,11090.8,10908.9,15642.6,16475.2,17250.8,14124.8,14544
YPR163C,2771.83,2584.82,2898.51,5543.79,5982.46,5783.84,6763.49,7079.81,7526.74,6688.83,6767.76
YJR045C,2798.75,2653.58,2837.78,9024.14,9376.46,9449.67,12912.9,13954.6,14361.5,12985.8,12710.5
YKL210W,2826.32,2574.81,2925.4,11111.2,11942.8,11917.9,16649.1,17414.1,18517.9,17547.1,17689.5
YOR063W,2844.6,2690.68,2862.31,13276.6,14280.1,14113.5,17367.7,18618.9,18811.6,18782.1,18661.9
YNL079C,3028.35,2571.09,2836.76,926.682,1129.75,1005.99,1414.45,1363.21,1502.14,1293.54,1289.91
YOL039W,2877.05,2744.59,2860.59,4589.19,4908.17,4625.7,6364.95,6793.34,7519.95,6964.64,7160.56
YLR304C,2879.8,2662.48,2966.92,7687.95,8138.02,8169.09,14264.7,15323.5,16098.1,14010.4,13923.9
YDR127W,2959.33,2748.2,2920.64,11248.8,11841.2,11633.1,18758.5,19634,20772.6,19929.8,20584
YGR204W,2969.54,2773.3,2952.28,8557.57,8836.02,8782.71,13919.8,14980.7,15257.3,15972.7,16175.9
YNL302C,2978.38,2684.73,3047.05,7932.86,8633.81,8252.68,10545.5,10427.9,11714,10494,11290.9
YHR203C,3000.72,2915.06,3008.46,6968.85,7351.8,7244.56,10303.6,10749.7,10654.7,15293.9,15488.1
YDR158W,2999.27,2853.82,3098.47,7342.76,7811.6,7687.11,15176.4,15785.4,16798.9,17829.7,17943.2
YGR240C,3073.63,2743.23,3227.91,11038,11874.3,11839.3,20115,21036.3,22403,24353.4,24909.9
YNL096C,3089.43,2851.36,3167.85,7103.38,7457.66,7376.45,8197.28,8709.57,8925.12,7831.63,7780.87
YDL081C,3294.19,2798.94,3251.93,4548.48,5339.36,4735.41,4806.77,5043.02,5957.47,3879.77,4103.59
YBR079C,3222.08,2882.17,3286.56,12040.1,13017.2,12927.7,17598,18246.7,19126.7,19014,19116.9
YJL130C,3189.69,2869.74,3362.93,15033.6,16224.9,15830,22409.9,23030.8,24616.1,24350.7,24719.7
YJL034W,3203.39,3066.27,3205.73,10950.5,11413.8,11997.6,15726.4,17116.7,16942.6,20874.1,19780
YER165W,3269.47,2886,3330.01,7622.28,8405.66,8027.62,9908.84,10092.5,11148.1,9785.79,10490.2
YGR155W,3276.46,2962.82,3314.69,8222.82,8883.72,8742.06,12479.5,13182.3,13750.7,13403.8,13737.7
YPL106C,3314.76,3231.71,3364.08,12178.5,12879.9,12733.8,19370.3,21158.3,21553.6,20580.9,19972.1
YKL152C,3294.14,3368.69,3371.89,9601.69,9077.98,9173.85,15086.1,16268.1,16491.1,17624.9,16961.6
YPL160W,3491.73,3187.38,3400.67,12411.6,13033.3,12748.2,17245.1,18423,19353.2,17686.2,17752.5
YMR108W,3507.97,3167.55,3592.16,8998.84,9699.25,9426.89,13578.7,14212.4,15344.7,12756.9,12923.7
YDL055C,3586.83,3291.5,3606.65,4799.13,4881.4,4885.3,5288.7,5860.83,5838.59,6406.28,6236.52
YNL178W,3440.2,3550.05,3521.79,9837.03,9647.39,9353.89,13165.4,13480.4,14367.1,15803.7,15897.5
YLR355C,3600.37,3249.19,3753.58,7262.38,8005.8,7610.9,11880.3,12141.5,13188.8,13080.3,13775.2
YLL024C,3648.66,3374.18,3667.82,8547.12,9447.48,9183.14,10722,11445.4,12176.2,10516,10963.5
YGL253W,3673.85,3392.35,3691.35,11503.4,12297.7,12162.6,19067,19897.5,21166.3,22981.8,23612.8
YDR050C,3616.95,3608.31,3702.05,8904.61,8865.09,9114.06,14806.5,16330.9,16370,19730.1,19098.9
YKL182W,3802.55,3236.64,3926.48,18733.6,20594.7,19630.8,32602.5,32780.6,36249.5,40630.5,43283.6
YLR259C,3705.42,3617.66,3670.08,14399.9,14688.2,15462.9,22922.7,25938.8,25442.4,26430.6,25560.2
YOR335C,3761.25,3717.18,3856.77,11367.9,11534.7,12191.2,15266.4,16992.5,16454.9,17084.7,16178.6
YLL026W,4034.49,3804.85,4063,13639.4,14246.7,14414.7,22495.8,24496,25169.8,28682.7,27803.1
YLR249W,4103.78,3837.82,4166.27,14196.1,14879,14935.1,19545,21418,22052.7,22824.9,22415.6
YMR116C,4216.79,3997.39,4143.39,9481.65,9605.02,10002.5,10301.4,11855.3,11430.7,8993.95,7784.14
YLR340W,4185.3,3800.36,4493.71,11444.1,12716.3,12341,16353.5,16473,18039.3,15615.2,16450.7
YPL231W,4300.05,4017.54,4324.03,17751,18555.1,18756.7,29803.7,32032.4,33181.3,39087,38873.6
YNR016C,4293.58,4002.5,4379.64,22702,23628.1,23960.6,32336.6,34558.4,35280.7,35436.9,35202.8
YAL003W,4459.17,4349.61,4436.41,9821.11,10003.6,10233.5,11467.3,12983.7,12893.5,9963.32,9271.04
YOL086C,4747.36,4471.09,4778.92,16932.8,18135.3,17367.2,30404.7,30121.7,33606.7,34290.2,36330.8
YDL185W,4817.66,4476.23,4813.69,17186.7,18280.6,18161.4,29302.7,30714.3,32228,34328.6,34683.5
YER091C,5055.73,4242.1,5006.88,9168.74,10369.7,9570.67,14202.7,14256.8,16208.6,13836.7,14859.2
YPL061W,4973.04,4569.65,4896.61,11540.6,12133.9,12146.9,16183.7,17484,18233.9,18142.1,18319.7
YMR169C,5188.01,4795.04,5128.93,6452.73,6732.35,6637.88,7926.89,8367.2,8638.6,11703.9,11508.5
YGR234W,5816.76,5645.75,5720.38,8535.14,8807.21,8851.59,8503.24,9411.14,9629.5,7879.08,7699.02
YJL080C,6134.43,5836.73,6074.36,17778,18207.5,18651.4,23911.6,26023,26274,26304.9,25926.7
YMR186W,6334.17,6446.77,6532.29,31430.5,30125.2,32205.6,43473.3,46788.2,46135,51380.5,48181.5
YDR385W,6779.68,6267.49,6723.91,23591.9,25546.3,24894.8,33308.1,34354.4,36527.8,32679.4,33846
YBR118W,6993.46,6436.49,7149.06,27838.8,29941.5,28251.5,40819.8,40831.7,45080.3,44856.5,47180.6
YLR044C,7108.32,6978.58,7109.41,26938.8,27031.3,27430.7,46463.2,50129.7,51179.2,60199.6,58914.2
YKL060C,7244.3,7466.23,7106.67,18873.3,18055.9,18201.1,31115.6,33628,34525.1,40576.6,39494.2
YGR254W,7341.43,7556.44,7512.99,25286.2,24566.2,24169.6,49004.9,49771.2,53302,61830.2,61906.8
YCR012W,7265.8,7932.82,7310.24,28698.3,25971,27409.1,45842.4,49747.2,49800,58603.8,55180.1
YDL229W,7875.15,7333.5,7890.13,18090.2,19303,19433.2,24912.4,26521.1,27139.8,25346.8,24807.3
YAL005C,9341.01,9076.08,9191.11,32555.8,33218.7,33231.1,42691.4,45987.4,47986,43136,43079
YAL038W,11244.7,11417.5,11067.5,33491.4,33083.3,34145,50559.3,56346.8,55830,60247.1,56835
YGR192C,11675.2,11626,11467.6,27368.2,27633.3,27586,53856.8,58480.7,59435.1,69910.6,67121.4