accession	input_id	mass
A0A0B7P3V8	A0A0B7P3V8	127189
D6VTK4	D6VTK4	47849
E9P8D2	E9P8D2	26233
O13297	O13297	61850
O13329	O13329	65318
O13516	O13516	22443
O13527	O13527	136732
O13535	O13535	202817
O13539	O13539	30299
O13547	O13547	23268
O13563	O13563	17902
O14467	O14467	16404
O60200	O60200	9712
O74700	O74700	10202
O94742	O94742	10386
P00044	P00044	12182
P00127	P00127	17257
P00128	P00128	14565
P00163	P00163	43656
P00175	P00175	65539
P00330	P00330	36849
P00331	P00331	36732
P00358	P00358	35847
P00359	P00359	35747
P00360	P00360	35750
P00401	P00401	58798
P00410	P00410	28567
P00420	P00420	30360
P00424	P00424	17140
P00431	P00431	40353
P00445	P00445	15855
P00546	P00546	34061
P00549	P00549	54545
P00560	P00560	44738
P00572	P00572	24687
P00635	P00635	52859
P00724	P00724	60639
P00729	P00729	59802
P00812	P00812	35662
P00815	P00815	87721
P00817	P00817	32300
P00830	P00830	54794
P00854	P00854	29099
P00890	P00890	53360
P00924	P00924	46816
P00925	P00925	46914
P00927	P00927	63831
P00937	P00937	53489
P00942	P00942	26795
P00950	P00950	27609
P00958	P00958	85678
P01094	P01094	7707
P01119	P01119	34347
P01120	P01120	34705
P01123	P01123	23214
P02293	P02293	14252
P02294	P02294	14237
P02309	P02309	11368
P02400	P02400	11050
P02406	P02406	16722
P02557	P02557	50923
P02829	P02829	81406
P02992	P02992	47972
P02994	P02994	50033
P03069	P03069	31310
P03870	P03870	48620
P03871	P03871	43231
P03873	P03873	49326
P03877	P03877	47917
P03878	P03878	63311
P03879	P03879	74580
P03962	P03962	29240
P03965	P03965	123915
P04037	P04037	17143
P04039	P04039	8907
P04050	P04050	191612
P04051	P04051	162301
P04147	P04147	64344
P04385	P04385	57944
P04386	P04386	99403
P04387	P04387	48323
P04397	P04397	78195
P04449	P04449	17614
P04456	P04456	15758
P04710	P04710	34121
P04786	P04786	89995
P04802	P04802	63516
P04806	P04806	53738
P04807	P04807	53942
P04817	P04817	65785
P04819	P04819	84828
P04821	P04821	179092
P04824	P04824	52102
P04840	P04840	30428
P04911	P04911	13989
P04912	P04912	13989
P05030	P05030	99619
P05066	P05066	66274
P05150	P05150	37845
P05317	P05317	33717
P05318	P05318	10908
P05319	P05319	10746
P05373	P05373	37740
P05374	P05374	101204
P05375	P05375	23150
P05453	P05453	76551
P05626	P05626	26925
P05737	P05737	27638
P05739	P05739	19986
P05740	P05740	20549
P05744	P05744	12154
P05745	P05745	11124
P05748	P05748	24422
P05750	P05750	26503
P05755	P05755	22299
P05756	P05756	17029
P05759	P05759	17216
P05986	P05986	45977
P06100	P06100	22363
P06101	P06101	58385
P06102	P06102	94403
P06103	P06103	88130
P06104	P06104	19706
P06105	P06105	134810
P06106	P06106	48672
P06115	P06115	64583
P06168	P06168	44368
P06169	P06169	61495
P06197	P06197	24824
P06208	P06208	68409
P06242	P06242	35247
P06243	P06243	58320
P06244	P06244	46076
P06245	P06245	44220
P06367	P06367	14537
P06634	P06634	65553
P06700	P06700	63262
P06701	P06701	111360
P06704	P06704	18751
P06738	P06738	103275
P06774	P06774	29867
P06777	P06777	126370
P06778	P06778	52404
P06779	P06779	63777
P06780	P06780	23152
P06781	P06781	21479
P06782	P06782	72045
P06784	P06784	57709
P06785	P06785	35047
P06786	P06786	164215
P06787	P06787	16135
P06838	P06838	24311
P06839	P06839	89786
P06843	P06843	38551
P06844	P06844	38800
P07143	P07143	34055
P07149	P07149	228691
P07170	P07170	24255
P07213	P07213	70123
P07244	P07244	86068
P07245	P07245	102205
P07246	P07246	40370
P07248	P07248	150941
P07249	P07249	19488
P07250	P07250	40353
P07251	P07251	58608
P07255	P07255	6963
P07256	P07256	50228
P07257	P07257	40478
P07258	P07258	45362
P07259	P07259	245041
P07260	P07260	24254
P07261	P07261	87729
P07263	P07263	59953
P07264	P07264	85794
P07267	P07267	44499
P07269	P07269	63391
P07270	P07270	34089
P07271	P07271	97682
P07272	P07272	102724
P07273	P07273	34843
P07274	P07274	13677
P07276	P07276	117838
P07277	P07277	48460
P07278	P07278	47219
P07280	P07280	15917
P07281	P07281	15891
P07283	P07283	29063
P07284	P07284	53310
P07286	P07286	50368
P07342	P07342	74937
P07347	P07347	27603
P07560	P07560	23506
P07702	P07702	155346
P07703	P07703	37687
P07834	P07834	86090
P07866	P07866	163150
P07884	P07884	50237
P07991	P07991	46086
P00045	P00045	12532
P08004	P08004	129871
P08018	P08018	72720
P08067	P08067	23365
P08153	P08153	79775
P08417	P08417	53152
P08425	P08425	54829
P08432	P08432	52285
P08458	P08458	55704
P08466	P08466	37210
P08518	P08518	138751
P08524	P08524	40483
P08525	P08525	10975
P08536	P08536	57725
P08539	P08539	54076
P08566	P08566	174755
P08638	P08638	100153
P08640	P08640	136111
P08678	P08678	227834
P08679	P08679	51413
P08964	P08964	223636
P09032	P09032	65700
P09064	P09064	31574
P09119	P09119	58037
P09201	P09201	38263
P09232	P09232	69621
P09440	P09440	106217
P09547	P09547	147938
P09620	P09620	82245
P09624	P09624	54010
P09733	P09733	49800
P09734	P09734	49694
P09798	P09798	94992
P09880	P09880	95337
P09938	P09938	46147
P09950	P09950	59362
P09959	P09959	90560
P0C0T4	P0C0T4	12009
P0C0V8	P0C0V8	9746
P0C0W9	P0C0W9	19720
P0C0X0	P0C0X0	7565
P0C2I2	P0C2I2	198527
P0C2I3	P0C2I3	198659
P0C2I5	P0C2I5	198545
P0C2I6	P0C2I6	198405
P0C2I9	P0C2I9	198568
P0C2J0	P0C2J0	198639
P0C2J1	P0C2J1	198374
P0C2J3	P0C2J3	202122
P0C2J7	P0C2J7	207970
P0C5R9	P0C5R9	9361
P0CD91	P0CD91	32713
P0CE41	P0CE41	166108
P0CG63	P0CG63	42826
P0CH08	P0CH08	14554
P0CH09	P0CH09	14554
P0CS90	P0CS90	70628
P0CT04	P0CT04	8590
P0CX25	P0CX25	10091
P0CX26	P0CX26	10091
P0CX27	P0CX27	12212
P0CX28	P0CX28	12212
P0CX29	P0CX29	16038
P0CX30	P0CX30	16038
P0CX31	P0CX31	15329
P0CX32	P0CX32	15329
P0CX35	P0CX35	29410
P0CX36	P0CX36	29410
P0CX37	P0CX37	26996
P0CX38	P0CX38	26996
P0CX39	P0CX39	22490
P0CX40	P0CX40	22490
P0CX41	P0CX41	14473
P0CX42	P0CX42	14473
P0CX43	P0CX43	24486
P0CX44	P0CX44	24486
P0CX45	P0CX45	27408
P0CX46	P0CX46	27408
P0CX47	P0CX47	17749
P0CX48	P0CX48	17749
P0CX49	P0CX49	20563
P0CX50	P0CX50	20563
P0CX51	P0CX51	15847
P0CX53	P0CX53	17823
P0CX54	P0CX54	17823
P0CX55	P0CX55	17038
P0CX56	P0CX56	17038
P0CX63	P0CX63	202039
P0CX64	P0CX64	202039
P0CX77	P0CX77	38687
P0CX78	P0CX78	38687
P0CX79	P0CX79	38687
P0CX80	P0CX80	6650
P0CX81	P0CX81	6650
P0CX82	P0CX82	21704
P0CX83	P0CX83	21704
P0CX84	P0CX84	13910
P0CX85	P0CX85	13910
P0CY06	P0CY06	20413
P0CY08	P0CY08	24282
P0CZ17	P0CZ17	38687
P10080	P10080	32990
P10081	P10081	44697
P10127	P10127	41142
P10174	P10174	6932
P10363	P10363	47690
P10507	P10507	51084
P10591	P10591	69657
P10592	P10592	69470
P10614	P10614	60720
P10622	P10622	10668
P10659	P10659	41818
P10664	P10664	39092
P10823	P10823	50448
P10862	P10862	55230
P10863	P10863	24906
P10870	P10870	96719
P10961	P10961	93282
P10962	P10962	35696
P10964	P10964	186432
P11075	P11075	226886
P11076	P11076	20529
P11154	P11154	130099
P11325	P11325	101920
P11353	P11353	37712
P11412	P11412	57522
P11433	P11433	96940
P11484	P11484	66602
P11491	P11491	63004
P11632	P11632	10802
P11633	P11633	11476
P11655	P11655	51608
P11709	P11709	51092
P11710	P11710	57779
P11745	P11745	45816
P11746	P11746	32802
P11747	P11747	19132
P11792	P11792	91812
P11914	P11914	53338
P11938	P11938	92413
P11972	P11972	79716
P11978	P11978	152062
P11986	P11986	59642
P12294	P12294	57791
P12383	P12383	121794
P12385	P12385	49006
P12611	P12611	55346
P12630	P12630	63730
P12683	P12683	115626
P12684	P12684	115692
P12688	P12688	76480
P12689	P12689	112227
P12695	P12695	51818
P12709	P12709	61299
P12753	P12753	152569
P12754	P12754	70852
P12866	P12866	144766
P12868	P12868	117478
P12904	P12904	36401
P12945	P12945	98905
P12954	P12954	134306
P12962	P12962	18223
P13099	P13099	74371
P13134	P13134	90003
P13185	P13185	120071
P13186	P13186	128338
P13259	P13259	49406
P13365	P13365	64991
P13382	P13382	166809
P13393	P13393	27003
P13433	P13433	153047
P13517	P13517	32629
P13574	P13574	77867
P13586	P13586	104571
P13587	P13587	120357
P13663	P13663	39544
P13712	P13712	47365
P13856	P13856	30391
P14020	P14020	30362
P14064	P14064	62412
P14065	P14065	35079
P14120	P14120	11415
P14126	P14126	43758
P14164	P14164	81753
P14180	P14180	109882
P14242	P14242	99355
P14284	P14284	172957
P14291	P14291	95538
P14306	P14306	24357
P14540	P14540	39621
P14680	P14680	91245
P14681	P14681	42692
P14682	P14682	34065
P14693	P14693	37404
P14724	P14724	14081
P14736	P14736	87174
P14737	P14737	148398
P14741	P14741	34025
P14742	P14742	80047
P14743	P14743	52838
P14747	P14747	68528
P14772	P14772	176874
P14832	P14832	17391
P14904	P14904	57093
P14906	P14906	75345
P14907	P14907	86516
P14908	P14908	39727
P14922	P14922	107202
P15019	P15019	37036
P15108	P15108	80900
P15180	P15180	67959
P15202	P15202	58555
P15274	P15274	93302
P15303	P15303	85385
P15315	P15315	24425
P15367	P15367	18762
P15424	P15424	76269
P15436	P15436	124619
P15442	P15442	190193
P15454	P15454	20637
P15496	P15496	33352
P15565	P15565	64052
P15624	P15624	67365
P15625	P15625	57511
P15646	P15646	34465
P15700	P15700	22933
P15703	P15703	34119
P15705	P15705	66265
P15731	P15731	16456
P15732	P15732	16281
P15790	P15790	44668
P15801	P15801	143502
P15807	P15807	31918
P15873	P15873	28916
P15891	P15891	65576
P15938	P15938	121653
P15992	P15992	23880
P16140	P16140	57749
P16370	P16370	35298
P16387	P16387	46343
P16451	P16451	45362
P16467	P16467	61912
P16474	P16474	74468
P16521	P16521	115945
P16522	P16522	73114
P16550	P16550	36493
P16603	P16603	76772
P16622	P16622	44596
P16649	P16649	78308
P16658	P16658	44109
P16661	P16661	51929
P16664	P16664	75317
P16861	P16861	107970
P16862	P16862	104618
P16892	P16892	40772
P17064	P17064	58201
P17065	P17065	84652
P17076	P17076	28125
P17106	P17106	39388
P17119	P17119	84004
P17157	P17157	34906
P17214	P17214	81800
P17255	P17255	118637
P17260	P17260	32158
P17442	P17442	134029
P17505	P17505	35650
P17536	P17536	23541
P17555	P17555	57521
P17629	P17629	87829
P17649	P17649	52946
P17695	P17695	15861
P17709	P17709	55377
P17883	P17883	163726
P17890	P17890	27724
P17891	P17891	26532
P17898	P17898	44829
P17967	P17967	58227
P18238	P18238	33313
P18239	P18239	34426
P18409	P18409	56237
P18410	P18410	30114
P18412	P18412	55157
P18480	P18480	102543
P18494	P18494	79383
P18562	P18562	24594
P18759	P18759	84056
P18851	P18851	46581
P18852	P18852	12625
P18888	P18888	37607
P18898	P18898	42690
P18899	P18899	46233
P18961	P18961	76664
P19073	P19073	21323
P19097	P19097	206947
P19145	P19145	65656
P19146	P19146	20658
P19211	P19211	17131
P19262	P19262	50431
P19263	P19263	123358
P19358	P19358	42256
P19414	P19414	85368
P19454	P19454	39404
P19524	P19524	180680
P19541	P19541	50082
P19657	P19657	102172
P19658	P19658	71294
P19659	P19659	120309
P19807	P19807	62056
P19812	P19812	224838
P19880	P19880	72533
P19882	P19882	60752
P19955	P19955	13689
P20050	P20050	68876
P20052	P20052	33227
P20081	P20081	12158
P20095	P20095	99814
P20107	P20107	48345
P20133	P20133	36666
P20134	P20134	83345
P20424	P20424	59624
P20433	P20433	25414
P20434	P20434	25079
P20435	P20435	17910
P20436	P20436	16511
P20447	P20447	58827
P20448	P20448	87193
P20449	P20449	53874
P20457	P20457	62263
P20459	P20459	34718
P20485	P20485	66317
P20486	P20486	17795
P20604	P20604	35538
P20606	P20606	21451
P20676	P20676	113581
P20795	P20795	79271
P20840	P20840	70340
P20967	P20967	114416
P21147	P21147	58403
P21182	P21182	46232
P21190	P21190	41858
P21192	P21192	86634
P21242	P21242	31536
P21243	P21243	28001
P21268	P21268	94572
P21269	P21269	62485
P21372	P21372	96359
P21373	P21373	59469
P21374	P21374	28024
P21375	P21375	55065
P21524	P21524	99561
P21538	P21538	91874
P21560	P21560	39084
P21576	P21576	78737
P21592	P21592	52148
P21651	P21651	35683
P21672	P21672	97515
P21691	P21691	76933
P21734	P21734	24178
P21801	P21801	30231
P21825	P21825	31347
P21826	P21826	62794
P21827	P21827	53014
P21951	P21951	255671
P21954	P21954	48190
P21957	P21957	46065
P21965	P21965	43136
P22007	P22007	48190
P22082	P22082	194051
P22108	P22108	36841
P22133	P22133	40731
P22134	P22134	34333
P22137	P22137	187234
P22138	P22138	135742
P22139	P22139	8278
P22140	P22140	44560
P22141	P22141	22517
P22146	P22146	59582
P22147	P22147	175460
P22148	P22148	43060
P22149	P22149	77683
P22203	P22203	26471
P22204	P22204	66148
P22211	P22211	85990
P22213	P22213	74679
P22214	P22214	25058
P22216	P22216	91962
P22217	P22217	11235
P22219	P22219	166372
P22224	P22224	105064
P22276	P22276	129456
P22289	P22289	7476
P22336	P22336	70348
P22515	P22515	114266
P22516	P22516	98806
P22543	P22543	100921
P22579	P22579	174839
P22696	P22696	19405
P22768	P22768	46928
P22803	P22803	11204
P22804	P22804	15720
P21306	P21306	6743
P22855	P22855	124499
P22936	P22936	41439
P22943	P22943	11693
P23179	P23179	45413
P23201	P23201	163143
P23202	P23202	40271
P23254	P23254	73806
P23255	P23255	161471
P23287	P23287	63002
P23291	P23291	61715
P23292	P23292	62079
P23293	P23293	74239
P23301	P23301	17114
P23337	P23337	80510
P23394	P23394	66641
P23503	P23503	54151
P23542	P23542	46058
P23561	P23561	80721
P23585	P23585	59841
P23594	P23594	41938
P23595	P23595	43047
P23615	P23615	168291
P23638	P23638	28714
P23639	P23639	27162
P23642	P23642	61092
P23643	P23643	116922
P23644	P23644	42038
P23724	P23724	26871
P23776	P23776	51311
P23900	P23900	73877
P23968	P23968	22596
P24004	P24004	117276
P24276	P24276	139954
P24279	P24279	107518
P24280	P24280	34901
P24309	P24309	47741
P24384	P24384	130011
P24482	P24482	78340
P24583	P24583	131477
P24783	P24783	60999
P24784	P24784	67917
P24813	P24813	45752
P24814	P24814	132734
P24867	P24867	32095
P24868	P24868	54871
P24869	P24869	56247
P24870	P24870	49476
P25042	P25042	41838
P25043	P25043	28268
P25044	P25044	38868
P25045	P25045	62207
P25046	P25046	24857
P25087	P25087	43431
P25293	P25293	47885
P25294	P25294	37590
P25296	P25296	19639
P25297	P25297	64382
P25298	P25298	79960
P25299	P25299	32791
P25300	P25300	75046
P25301	P25301	52247
P25302	P25302	123806
P25303	P25303	41543
P25333	P25333	66666
P25336	P25336	116534
P25340	P25340	56040
P25341	P25341	81462
P25342	P25342	37025
P25343	P25343	30250
P25344	P25344	38971
P25346	P25346	57322
P25348	P25348	21437
P25353	P25353	84734
P25357	P25357	138397
P25358	P25358	40002
P25359	P25359	44011
P25364	P25364	63647
P25368	P25368	34470
P25369	P25369	39872
P25373	P25373	12380
P25374	P25374	54467
P25375	P25375	81934
P25376	P25376	69671
P25377	P25377	39348
P25378	P25378	23338
P25384	P25384	202096
P25385	P25385	27500
P25386	P25386	206452
P25389	P25389	116475
P25441	P25441	46667
P25443	P25443	27450
P25453	P25453	36613
P25454	P25454	42963
P25491	P25491	44671
P25502	P25502	111414
P25515	P25515	16351
P25554	P25554	29381
P25555	P25555	48729
P25573	P25573	47156
P25574	P25574	87181
P25576	P25576	29673
P25580	P25580	47923
P25582	P25582	96485
P25583	P25583	38672
P25586	P25586	37159
P25588	P25588	124326
P25591	P25591	47843
P25604	P25604	43330
P25605	P25605	33987
P25613	P25613	30726
P25615	P25615	67527
P25618	P25618	107883
P25623	P25623	96137
P25627	P25627	30742
P25632	P25632	54165
P25635	P25635	103983
P25637	P25637	29017
P25641	P25641	58435
P25644	P25644	88511
P25646	P25646	49421
P25648	P25648	166861
P25651	P25651	21751
P25653	P25653	166036
P25655	P25655	240279
P25656	P25656	44982
P25693	P25693	35207
P25694	P25694	91996
P25719	P25719	19919
P25808	P25808	69422
P25846	P25846	109409
P25847	P25847	108884
P26188	P26188	21499
P26263	P26263	61580
P26309	P26309	67360
P26321	P26321	33715
P26364	P26364	25194
P26370	P26370	61224
P26449	P26449	38445
P26570	P26570	77491
P26754	P26754	29936
P26755	P26755	13816
P26783	P26783	25039
P26784	P26784	22201
P26785	P26785	22249
P26786	P26786	21622
P26793	P26793	43279
P27351	P27351	80453
P27466	P27466	50296
P27472	P27472	80079
P27476	P27476	44535
P27514	P27514	99490
P27515	P27515	56296
P27614	P27614	64597
P27616	P27616	34603
P27636	P27636	110242
P27637	P27637	78981
P27654	P27654	20728
P27680	P27680	36331
P27692	P27692	115650
P27697	P27697	56742
P27705	P27705	55532
P27796	P27796	44730
P27801	P27801	107398
P27809	P27809	51387
P27810	P27810	46022
P27825	P27825	56968
P27882	P27882	21639
P27895	P27895	113311
P27999	P27999	14288
P28000	P28000	16151
P28004	P28004	42483
P28005	P28005	19574
P28007	P28007	21480
P28240	P28240	62409
P28241	P28241	39739
P28263	P28263	24633
P28272	P28272	34801
P28273	P28273	140428
P28274	P28274	64710
P28319	P28319	24268
P28320	P28320	32312
P28321	P28321	35563
P28495	P28495	30699
P28496	P28496	48992
P28519	P28519	43038
P28627	P28627	21433
P28707	P28707	24082
P28708	P28708	58956
P28737	P28737	40343
P28742	P28742	125795
P28743	P28743	78378
P28777	P28777	40838
P28791	P28791	43882
P28795	P28795	50676
P28817	P28817	56288
P28834	P28834	39324
P29029	P29029	59015
P29055	P29055	38200
P29056	P29056	66906
P29295	P29295	57340
P29311	P29311	30091
P29340	P29340	21118
P29366	P29366	61605
P29453	P29453	28112
P29461	P29461	85868
P29465	P29465	131601
P29468	P29468	64552
P29469	P29469	98780
P29496	P29496	86411
P29509	P29509	34238
P29539	P29539	217931
P29547	P29547	47088
P29703	P29703	37508
P29704	P29704	51720
P29952	P29952	48189
P30283	P30283	50431
P30605	P30605	63570
P30619	P30619	83480
P30620	P30620	76399
P30624	P30624	77866
P30656	P30656	31637
P30657	P30657	29443
P30665	P30665	105003
P30771	P30771	109430
P30775	P30775	46770
P30822	P30822	124104
P30902	P30902	19810
P30952	P30952	62791
P31109	P31109	13201
P31111	P31111	100035
P31115	P31115	50889
P31116	P31116	38502
P31244	P31244	91430
P31373	P31373	42542
P31374	P31374	152332
P31376	P31376	72514
P31377	P31377	29049
P31378	P31378	45577
P31380	P31380	128507
P31382	P31382	86870
P31383	P31383	70907
P31384	P31384	94670
P31385	P31385	46978
P31386	P31386	36467
P31412	P31412	44189
P31539	P31539	102035
P31688	P31688	102976
P31755	P31755	55156
P32074	P32074	104831
P32178	P32178	29747
P32179	P32179	39149
P32259	P32259	111297
P32266	P32266	99178
P32288	P32288	41766
P32316	P32316	58712
P32318	P32318	34991
P32319	P32319	177777
P32323	P32323	73354
P32324	P32324	93289
P32325	P32325	80690
P32327	P32327	130167
P32328	P32328	65880
P32329	P32329	60010
P32332	P32332	35153
P32333	P32333	209977
P32334	P32334	133115
P32335	P32335	50880
P32336	P32336	94104
P32337	P32337	121031
P32338	P32338	33904
P32340	P32340	57250
P32342	P32342	18425
P32343	P32343	65061
P32344	P32344	12772
P32345	P32345	35264
P32347	P32347	41349
P32349	P32349	74017
P32350	P32350	83843
P32352	P32352	24896
P32353	P32353	42730
P32354	P32354	65815
P32356	P32356	85879
P32357	P32357	41688
P32361	P32361	126976
P32363	P32363	51242
P32364	P32364	73799
P32366	P32366	39791
P32367	P32367	73554
P32368	P32368	71125
P32377	P32377	44116
P32379	P32379	28617
P32380	P32380	111782
P32381	P32381	44074
P32383	P32383	100548
P32386	P32386	189162
P32389	P32389	74373
P32419	P32419	37186
P32432	P32432	74785
P32447	P32447	31603
P32454	P32454	107755
P32457	P32457	60054
P32458	P32458	47649
P32461	P32461	59775
P32462	P32462	50615
P32465	P32465	63261
P32466	P32466	62558
P32467	P32467	63910
P32468	P32468	46668
P32471	P32471	22627
P32472	P32472	14487
P32474	P32474	58982
P32476	P32476	55126
P32478	P32478	41059
P32479	P32479	93858
P32480	P32480	98445
P32481	P32481	57866
P32485	P32485	48858
P32486	P32486	80123
P32490	P32490	56720
P32491	P32491	56758
P32492	P32492	169344
P32494	P32494	79282
P32495	P32495	17122
P32497	P32497	93204
P32499	P32499	77881
P32500	P32500	74134
P32501	P32501	81161
P32502	P32502	42570
P32504	P32504	111917
P32505	P32505	58321
P32521	P32521	160267
P32523	P32523	56570
P32524	P32524	33052
P32526	P32526	74245
P32527	P32527	49020
P32528	P32528	201832
P32529	P32529	13661
P32558	P32558	118630
P32561	P32561	48904
P32562	P32562	81031
P32563	P32563	95529
P32565	P32565	104232
P32566	P32566	57079
P32567	P32567	95031
P32569	P32569	78476
P32570	P32570	13863
P32571	P32571	105192
P32573	P32573	31109
P32578	P32578	91071
P32579	P32579	46538
P32580	P32580	84324
P32582	P32582	56022
P32584	P32584	27888
P32585	P32585	34289
P32588	P32588	50763
P32589	P32589	77366
P32591	P32591	92926
P32597	P32597	156743
P32598	P32598	35907
P32599	P32599	71773
P32600	P32600	281568
P32602	P32602	32803
P32603	P32603	51809
P32604	P32604	52595
P32605	P32605	34378
P32607	P32607	19016
P32609	P32609	59443
P32610	P32610	29194
P32614	P32614	50844
P32621	P32621	56822
P32622	P32622	55874
P32623	P32623	49906
P32626	P32626	25187
P32628	P32628	42367
P32629	P32629	58182
P32639	P32639	246185
P32641	P32641	75727
P32642	P32642	27493
P32643	P32643	34768
P32644	P32644	126970
P32657	P32657	168241
P32660	P32660	177798
P32767	P32767	123531
P32768	P32768	160668
P32769	P32769	68730
P32771	P32771	41042
P32773	P32773	32201
P32774	P32774	13458
P32776	P32776	72894
P32783	P32783	50341
P32784	P32784	85694
P32789	P32789	76372
P32790	P32790	135848
P32791	P32791	78854
P32793	P32793	50902
P32794	P32794	84748
P32795	P32795	81772
P32796	P32796	77242
P32797	P32797	104904
P32378	P32378	41001
P32798	P32798	48155
P32799	P32799	15021
P32800	P32800	30752
P32801	P32801	72150
P32802	P32802	75963
P32803	P32803	23332
P32807	P32807	70647
P32828	P32828	71071
P32829	P32829	77650
P32830	P32830	12284
P32832	P32832	49651
P32833	P32833	71238
P32835	P32835	24810
P32838	P32838	42433
P32839	P32839	51107
P32842	P32842	17037
P32844	P32844	93428
P32849	P32849	134002
P32854	P32854	33006
P32855	P32855	122225
P32860	P32860	29174
P32861	P32861	55988
P32862	P32862	128240
P32863	P32863	101754
P32864	P32864	67374
P32867	P32867	33106
P32873	P32873	124913
P32874	P32874	259163
P32891	P32891	65293
P32892	P32892	84843
P32893	P32893	63368
P32895	P32895	47047
P32897	P32897	23244
P32898	P32898	112180
P32899	P32899	21885
P32900	P32900	81849
P32901	P32901	68044
P32905	P32905	28024
P32906	P32906	63057
P32908	P32908	141280
P32909	P32909	81397
P32910	P32910	36135
P32911	P32911	12312
P32912	P32912	36711
P32913	P32913	63204
P32914	P32914	11158
P32915	P32915	52937
P32916	P32916	69278
P32917	P32917	102727
P32939	P32939	23043
P32943	P32943	44145
P32944	P32944	92468
P33122	P33122	32689
P33201	P33201	27058
P33202	P33202	167843
P33203	P33203	69065
P33296	P33296	28383
P33297	P33297	48256
P33298	P33298	47894
P33299	P33299	51983
P33300	P33300	44808
P33301	P33301	96365
P33302	P33302	170438
P33307	P33307	109356
P33308	P33308	17376
P33309	P33309	44058
P33310	P33310	75950
P33313	P33313	44112
P33314	P33314	126663
P33317	P33317	15307
P33322	P33322	54705
P33328	P33328	12957
P33330	P33330	43416
P33332	P33332	154695
P33333	P33333	33887
P33334	P33334	279504
P33336	P33336	86241
P33338	P33338	108911
P33339	P33339	120229
P33399	P33399	32104
P33400	P33400	68232
P33401	P33401	63112
P33413	P33413	80617
P33416	P33416	91336
P33418	P33418	126820
P33419	P33419	29280
P33420	P33420	100290
P33421	P33421	22068
P33441	P33441	44996
P33442	P33442	28743
P33734	P33734	61068
P33748	P33748	77861
P33749	P33749	69723
P33751	P33751	26733
P33753	P33753	72852
P33754	P33754	24231
P33755	P33755	65782
P33760	P33760	115571
P33767	P33767	49392
P33775	P33775	92675
P33891	P33891	81167
P33892	P33892	296698
P33895	P33895	52973
P34077	P34077	96174
P34078	P34078	53390
P34087	P34087	19058
P34110	P34110	109142
P34111	P34111	132108
P34160	P34160	100018
P34161	P34161	42739
P34162	P34162	22894
P34163	P34163	62979
P34164	P34164	46405
P34167	P34167	48522
P34216	P34216	150783
P34217	P34217	73776
P34218	P34218	97582
P34219	P34219	59226
P34223	P34223	46987
P34225	P34225	78768
P34226	P34226	77066
P34227	P34227	29496
P34230	P34230	97126
P34233	P34233	65685
P34241	P34241	203287
P34243	P34243	78273
P34244	P34244	169607
P34247	P34247	29735
P34252	P34252	52272
P34730	P34730	31061
P34756	P34756	257420
P34758	P34758	97305
P34760	P34760	21590
P34761	P34761	71253
P34909	P34909	65354
P35056	P35056	69324
P35169	P35169	281140
P35177	P35177	152617
P35179	P35179	8944
P35180	P35180	20317
P35181	P35181	18152
P35182	P35182	31550
P35187	P35187	163837
P35189	P35189	27440
P35191	P35191	55561
P35192	P35192	46516
P35193	P35193	47599
P35194	P35194	287560
P35196	P35196	32694
P35197	P35197	39296
P35200	P35200	26506
P35201	P35201	62473
P35203	P35203	56336
P35206	P35206	45442
P35207	P35207	146059
P35208	P35208	72922
P35688	P35688	116651
P35691	P35691	18741
P35718	P35718	24326
P35728	P35728	49647
P35729	P35729	120448
P35732	P35732	83973
P35734	P35734	32072
P35817	P35817	76978
P35843	P35843	49505
P35844	P35844	49492
P35845	P35845	135098
P35997	P35997	8879
P35999	P35999	88183
P36000	P36000	81869
P36003	P36003	103956
P36005	P36005	49633
P36006	P36006	142451
P36007	P36007	34899
P36009	P36009	82713
P36010	P36010	17167
P36012	P36012	26841
P36013	P36013	74376
P36014	P36014	19485
P36015	P36015	22707
P36016	P36016	99572
P36017	P36017	23081
P36018	P36018	26132
P36022	P36022	471348
P36024	P36024	62478
P36027	P36027	39146
P36033	P36033	80072
P36035	P36035	69376
P36037	P36037	79506
P36041	P36041	69762
P36046	P36046	44536
P36047	P36047	38887
P36048	P36048	114041
P36049	P36049	49734
P36051	P36051	105693
P36056	P36056	72190
P36057	P36057	26974
P36060	P36060	34138
P36068	P36068	28251
P36075	P36075	50874
P36076	P36076	65238
P36077	P36077	13854
P36081	P36081	46036
P36084	P36084	60460
P36088	P36088	19734
P36091	P36091	49565
P36094	P36094	42271
P36095	P36095	26242
P36096	P36096	87880
P36100	P36100	54742
P36102	P36102	76455
P36104	P36104	37122
P36105	P36105	15167
P36107	P36107	45193
P36108	P36108	26291
P36112	P36112	61082
P36113	P36113	63569
P36116	P36116	18912
P36117	P36117	102540
P36119	P36119	60799
P36122	P36122	88044
P36124	P36124	85480
P36126	P36126	195204
P36130	P36130	72832
P36131	P36131	34078
P36132	P36132	42748
P36135	P36135	36955
P36136	P36136	31022
P36143	P36143	69724
P36146	P36146	59351
P36148	P36148	83645
P36149	P36149	22129
P36152	P36152	38543
P36156	P36156	43274
P36160	P36160	39599
P36161	P36161	133321
P36162	P36162	15072
P36163	P36163	39328
P36165	P36165	102717
P36170	P36170	122165
P36421	P36421	44020
P36531	P36531	20091
P36775	P36775	127112
P37012	P37012	63089
P37020	P37020	87592
P37254	P37254	88544
P37292	P37292	53686
P37296	P37296	101661
P37297	P37297	214607
P37298	P37298	20249
P37299	P37299	8593
P37303	P37303	42815
P37366	P37366	45210
P37370	P37370	82594
P37838	P37838	77825
P38009	P38009	65263
P38011	P38011	34805
P38013	P38013	19115
P38041	P38041	109295
P38042	P38042	85396
P38063	P38063	35720
P38069	P38069	67774
P38071	P38071	42067
P38074	P38074	39786
P38075	P38075	26908
P38077	P38077	34351
P38080	P38080	123989
P38084	P38084	67769
P38085	P38085	68758
P38086	P38086	107946
P38088	P38088	78184
P38109	P38109	57639
P38110	P38110	321524
P38111	P38111	273342
P38112	P38112	87048
P38115	P38115	38884
P38116	P38116	20434
P38121	P38121	78774
P38123	P38123	34754
P38125	P38125	63407
P38128	P38128	49414
P38129	P38129	88968
P38130	P38130	47482
P38132	P38132	94943
P38137	P38137	60489
P38138	P38138	110266
P38139	P38139	43287
P38140	P38140	60311
P38143	P38143	18406
P38144	P38144	131102
P38146	P38146	21834
P38147	P38147	60017
P38149	P38149	98071
P38153	P38153	54837
P38165	P38165	54140
P38167	P38167	123610
P38169	P38169	52429
P38170	P38170	86216
P38174	P38174	47518
P38181	P38181	169475
P38182	P38182	13627
P38198	P38198	174177
P38199	P38199	41683
P38203	P38203	11163
P38205	P38205	77879
P38207	P38207	59445
P38208	P38208	15512
P38211	P38211	50759
P38212	P38212	23887
P38217	P38217	103681
P38221	P38221	51823
P38225	P38225	77141
P38227	P38227	77287
P38228	P38228	64252
P38236	P38236	41433
P38237	P38237	88630
P38238	P38238	34701
P38242	P38242	27035
P38244	P38244	111035
P38247	P38247	18354
P38248	P38248	43769
P38249	P38249	110344
P38250	P38250	105854
P38251	P38251	39942
P38255	P38255	48629
P38257	P38257	78764
P38261	P38261	85538
P38262	P38262	59161
P38263	P38263	41245
P38264	P38264	21137
P38265	P38265	28066
P38270	P38270	40454
P38272	P38272	47417
P38273	P38273	80732
P38274	P38274	95153
P38279	P38279	33497
P38283	P38283	79186
P38285	P38285	62686
P38286	P38286	38708
P38287	P38287	44382
P38289	P38289	67570
P38291	P38291	15814
P38295	P38295	51255
P38297	P38297	97808
P38298	P38298	36420
P38301	P38301	30341
P38304	P38304	25268
P38307	P38307	24391
P38310	P38310	51420
P38313	P38313	37462
P38316	P38316	21106
P38319	P38319	62333
P38323	P38323	57946
P38324	P38324	35857
P38328	P38328	42475
P38329	P38329	123999
P38332	P38332	43308
P38333	P38333	55137
P38334	P38334	19700
P38336	P38336	32881
P38339	P38339	74619
P38340	P38340	26068
P38341	P38341	12388
P38342	P38342	35973
P38344	P38344	45862
P38345	P38345	15504
P38348	P38348	55543
P38351	P38351	51801
P38352	P38352	70495
P38353	P38353	53312
P38356	P38356	35764
P38360	P38360	131875
P38361	P38361	62654
P38426	P38426	118835
P38427	P38427	123018
P38428	P38428	22763
P38429	P38429	23026
P38431	P38431	45261
P38439	P38439	53920
P38523	P38523	26066
P38555	P38555	24469
P38590	P38590	54217
P38604	P38604	83460
P38615	P38615	43005
P38623	P38623	68062
P38624	P38624	23548
P38626	P38626	31494
P38627	P38627	64511
P38628	P38628	62067
P38629	P38629	38204
P38630	P38630	94903
P38631	P38631	214851
P38632	P38632	30354
P38633	P38633	14741
P38634	P38634	32223
P38636	P38636	8221
P38637	P38637	36485
P38689	P38689	35124
P38691	P38691	117082
P38179	P38179	52861
P38692	P38692	117062
P38695	P38695	66251
P38696	P38696	42995
P38697	P38697	56530
P38700	P38700	69990
P38701	P38701	13907
P38703	P38703	48455
P38704	P38704	60792
P38710	P38710	32823
P38711	P38711	8865
P38712	P38712	55969
P38713	P38713	113760
P38715	P38715	37119
P38717	P38717	142820
P38719	P38719	47878
P38720	P38720	53543
P38731	P38731	70899
P38736	P38736	25395
P38741	P38741	80109
P38742	P38742	129973
P38753	P38753	51161
P38755	P38755	49805
P38757	P38757	50642
P38758	P38758	57614
P38764	P38764	109492
P38766	P38766	81581
P38768	P38768	39519
P38770	P38770	53385
P38778	P38778	59768
P38779	P38779	42530
P38781	P38781	101335
P38782	P38782	32819
P38785	P38785	35238
P38786	P38786	32224
P38788	P38788	58238
P38792	P38792	39427
P38793	P38793	56514
P38797	P38797	37782
P38800	P38800	149680
P38801	P38801	21045
P38803	P38803	37867
P38805	P38805	35121
P38806	P38806	32086
P38810	P38810	103950
P38811	P38811	433180
P38815	P38815	24646
P38817	P38817	64347
P38820	P38820	49361
P38821	P38821	54174
P38822	P38822	71171
P38823	P38823	46098
P38825	P38825	71856
P38826	P38826	50296
P38827	P38827	123912
P38830	P38830	71479
P38836	P38836	49829
P38838	P38838	30627
P38840	P38840	58528
P38843	P38843	34898
P38844	P38844	33417
P38850	P38850	123017
P38853	P38853	131094
P38855	P38855	32037
P38856	P38856	71660
P38857	P38857	14555
P38859	P38859	171694
P38861	P38861	59095
P38862	P38862	71428
P38863	P38863	96825
P38869	P38869	26284
P38873	P38873	177609
P38874	P38874	35220
P38875	P38875	68771
P38878	P38878	32063
P38879	P38879	18709
P38881	P38881	36421
P38882	P38882	65271
P38883	P38883	86739
P38886	P38886	29747
P38888	P38888	91246
P38889	P38889	69202
P38890	P38890	60547
P38891	P38891	43596
P38894	P38894	111982
P38902	P38902	13616
P38903	P38903	85335
P38907	P38907	52672
P38910	P38910	11372
P38911	P38911	46553
P38912	P38912	17435
P38915	P38915	66190
P38920	P38920	87062
P38922	P38922	52142
P38925	P38925	63264
P38927	P38927	28760
P38928	P38928	90783
P38929	P38929	130861
P38930	P38930	29842
P38931	P38931	160001
P38932	P38932	67017
P38934	P38934	54639
P38953	P38953	46350
P38954	P38954	60873
P38956	P38956	18667
P38959	P38959	113412
P38960	P38960	57511
P38961	P38961	45985
P38967	P38967	65404
P38968	P38968	138717
P38970	P38970	95455
P38987	P38987	27296
P38989	P38989	133928
P38990	P38990	126872
P38991	P38991	42946
P38992	P38992	40734
P38993	P38993	72360
P38994	P38994	89320
P38995	P38995	109829
P38996	P38996	90439
P38998	P38998	41465
P39001	P39001	91124
P39002	P39002	77947
P39003	P39003	62705
P39004	P39004	62735
P39006	P39006	56595
P39007	P39007	81529
P39008	P39008	49682
P39009	P39009	58633
P39010	P39010	85840
P39013	P39013	40297
P39014	P39014	72835
P39015	P39015	29995
P39016	P39016	95422
P39073	P39073	62847
P39081	P39081	71898
P39083	P39083	112832
P39104	P39104	119923
P39105	P39105	71667
P39107	P39107	45955
P39108	P39108	42323
P39109	P39109	171121
P39111	P39111	13461
P39112	P39112	110822
P39515	P39515	16584
P39516	P39516	14650
P39517	P39517	57544
P39518	P39518	83438
P39520	P39520	122492
P39521	P39521	103502
P39522	P39522	62861
P39524	P39524	153765
P39531	P39531	97471
P39533	P39533	86583
P39538	P39538	143192
P39540	P39540	36234
P39552	P39552	27091
P39676	P39676	44646
P39678	P39678	93908
P39683	P39683	49019
P39685	P39685	151653
P39702	P39702	144962
P39704	P39704	24064
P39705	P39705	59039
P39706	P39706	48655
P39707	P39707	31313
P39714	P39714	41582
P39717	P39717	98656
P39719	P39719	87469
P39720	P39720	118891
P39722	P39722	75150
P39723	P39723	72106
P39726	P39726	18793
P39727	P39727	46235
P39729	P39729	40701
P39730	P39730	112268
P39731	P39731	33243
P39742	P39742	21607
P39743	P39743	52774
P39744	P39744	81601
P39875	P39875	80162
P39904	P39904	74333
P39923	P39923	69859
P39925	P39925	84544
P39926	P39926	33734
P39928	P39928	134435
P39929	P39929	26987
P39935	P39935	107101
P39936	P39936	103899
P39940	P39940	91816
P39943	P39943	43119
P39946	P39946	56901
P39952	P39952	44816
P39956	P39956	90211
P39958	P39958	51206
P39960	P39960	245430
P39962	P39962	60261
P39966	P39966	50388
P39968	P39968	63208
P39969	P39969	115688
P39976	P39976	55225
P39979	P39979	18814
P39984	P39984	45060
P39985	P39985	115894
P39986	P39986	135269
P39990	P39990	13569
P39993	P39993	165668
P39995	P39995	31644
P39997	P39997	57355
P39998	P39998	61340
P40009	P40009	71852
P40010	P40010	57709
P40011	P40011	25563
P40013	P40013	38362
P40014	P40014	25244
P40015	P40015	53940
P40016	P40016	60393
P40018	P40018	22379
P40021	P40021	119350
P40024	P40024	68377
P40028	P40028	87364
P40032	P40032	74041
P40034	P40034	56530
P40046	P40046	14371
P40047	P40047	56693
P40048	P40048	105224
P40054	P40054	51193
P40055	P40055	62317
P40056	P40056	31493
P40059	P40059	73048
P40061	P40061	164368
P40063	P40063	24413
P40064	P40064	156649
P40065	P40065	35753
P40066	P40066	40523
P40068	P40068	86835
P40069	P40069	122601
P40070	P40070	21276
P40072	P40072	30764
P40073	P40073	41126
P40075	P40075	26926
P40078	P40078	29723
P40084	P40084	26240
P40086	P40086	54658
P40087	P40087	47354
P40089	P40089	10423
P40090	P40090	72141
P40091	P40091	48165
P40094	P40094	92544
P40096	P40096	15517
P40106	P40106	27814
P40107	P40107	37019
P40150	P40150	66595
P40151	P40151	66544
P40152	P40152	37151
P40160	P40160	49125
P40161	P40161	51621
P40164	P40164	98053
P40167	P40167	34318
P40186	P40186	32037
P40202	P40202	27330
P40204	P40204	8482
P40208	P40208	51729
P40215	P40215	62774
P40217	P40217	38755
P40218	P40218	46677
P40219	P40219	16384
P40302	P40302	25604
P40303	P40303	28439
P40308	P40308	73613
P40316	P40316	41838
P40318	P40318	151455
P40319	P40319	39465
P40327	P40327	48828
P40335	P40335	42547
P40339	P40339	36149
P40340	P40340	157407
P40341	P40341	93276
P40343	P40343	70974
P40344	P40344	35887
P40345	P40345	75393
P40348	P40348	39742
P40352	P40352	124528
P40353	P40353	61036
P40356	P40356	43079
P40357	P40357	73624
P40358	P40358	75144
P40359	P40359	25061
P40360	P40360	65610
P40362	P40362	66424
P40367	P40367	94851
P40368	P40368	82085
P40395	P40395	121650
P40414	P40414	19093
P40416	P40416	77522
P40422	P40422	7716
P40438	P40438	174428
P40450	P40450	156852
P40453	P40453	123134
P40454	P40454	45082
P40457	P40457	195141
P40458	P40458	58969
P40460	P40460	80487
P40462	P40462	107723
P40465	P40465	24953
P40466	P40466	53490
P40469	P40469	117883
P40471	P40471	32814
P40472	P40472	48190
P40477	P40477	158908
P40479	P40479	23886
P40482	P40482	103636
P40484	P40484	35882
P40485	P40485	77995
P40487	P40487	48311
P40489	P40489	72687
P40492	P40492	59894
P40494	P40494	91032
P40495	P40495	40069
P40498	P40498	83991
P40501	P40501	53737
P40505	P40505	37625
P40506	P40506	41867
P40507	P40507	41631
P40509	P40509	33829
P40510	P40510	51188
P40515	P40515	17733
P40526	P40526	30306
P40527	P40527	130218
P40530	P40530	45444
P40535	P40535	65264
P40537	P40537	116883
P40540	P40540	15907
P40541	P40541	133009
P40548	P40548	18306
P40553	P40553	24120
P40554	P40554	11028
P40556	P40556	41954
P40557	P40557	81219
P40558	P40558	31922
P40559	P40559	108430
P40562	P40562	114058
P40563	P40563	74763
P40564	P40564	48575
P40565	P40565	17098
P40568	P40568	65692
P40571	P40571	16344
P40573	P40573	21590
P40577	P40577	42826
P40581	P40581	18641
P40693	P40693	36559
P40825	P40825	110059
P40850	P40850	94495
P40851	P40851	138332
P40857	P40857	24511
P40917	P40917	32975
P40955	P40955	86042
P40956	P40956	44407
P40957	P40957	87651
P40958	P40958	22284
P40959	P40959	59657
P40961	P40961	31427
P40963	P40963	39206
P40968	P40968	52048
P40969	P40969	71358
P40970	P40970	63111
P40988	P40988	62792
P40989	P40989	216990
P40991	P40991	69812
P40992	P40992	60357
P40993	P40993	22541
P40994	P40994	20696
P41056	P41056	12168
P41277	P41277	27947
P41318	P41318	34034
P41338	P41338	41729
P41543	P41543	54072
P41546	P41546	26905
P41695	P41695	117868
P41696	P41696	101170
P41697	P41697	88817
P41735	P41735	26060
P41800	P41800	48660
P41805	P41805	25361
P41807	P41807	54416
P41808	P41808	44300
P41809	P41809	188948
P41810	P41810	109019
P41811	P41811	99445
P41812	P41812	100395
P41813	P41813	94374
P41816	P41816	44920
P41821	P41821	61575
P41832	P41832	219673
P41833	P41833	69396
P41834	P41834	40539
P41835	P41835	58059
P41895	P41895	82194
P41896	P41896	46605
P41901	P41901	59845
P40897	P40897	91616
P41909	P41909	100025
P41911	P41911	49422
P41920	P41920	22953
P41921	P41921	53441
P41939	P41939	46562
P41948	P41948	53401
P42073	P42073	59819
P42835	P42835	108525
P42836	P42836	39184
P42837	P42837	101746
P42838	P42838	47438
P42839	P42839	102499
P42844	P42844	19855
P42845	P42845	45684
P42935	P42935	89411
P42939	P42939	11968
P42945	P42945	200082
P42949	P42949	16216
P42951	P42951	70217
P43122	P43122	45543
P43123	P43123	53476
P43132	P43132	58347
P43321	P43321	11224
P43497	P43497	8911
P43534	P43534	38592
P43535	P43535	85027
P43555	P43555	50330
P43558	P43558	33510
P43561	P43561	70880
P43563	P43563	33276
P43564	P43564	119510
P43565	P43565	196531
P43567	P43567	41907
P43571	P43571	117755
P43572	P43572	96738
P43573	P43573	91422
P43583	P43583	245996
P43585	P43585	95441
P43586	P43586	23590
P43587	P43587	18187
P43588	P43588	34398
P43593	P43593	57111
P43594	P43594	18855
P43601	P43601	55102
P43602	P43602	79709
P43603	P43603	49344
P43605	P43605	31845
P43609	P43609	63168
P43612	P43612	115002
P43616	P43616	52871
P43618	P43618	41313
P43621	P43621	60628
P43633	P43633	86087
P43635	P43635	53811
P43636	P43636	58047
P43637	P43637	62091
P43639	P43639	32265
P43682	P43682	10961
P45818	P45818	63653
P45978	P45978	39190
P46367	P46367	56724
P46654	P46654	27962
P46655	P46655	80843
P46669	P46669	36224
P46672	P46672	42084
P46673	P46673	84898
P46674	P46674	149569
P46675	P46675	100918
P46676	P46676	118201
P46677	P46677	120696
P46678	P46678	67688
P46680	P46680	67326
P46681	P46681	59268
P46682	P46682	91607
P46943	P46943	73188
P46944	P46944	80495
P46946	P46946	40097
P46947	P46947	30472
P46948	P46948	27561
P46951	P46951	95366
P46957	P46957	55296
P46959	P46959	43920
P46962	P46962	37905
P46963	P46963	34809
P46964	P46964	14698
P46971	P46971	87966
P46972	P46972	19930
P46984	P46984	13605
P46985	P46985	47859
P46989	P46989	30201
P46990	P46990	20551
P46995	P46995	84461
P47001	P47001	23242
P47002	P47002	77527
P47006	P47006	26875
P47008	P47008	34388
P47011	P47011	44546
P47013	P47013	47372
P47016	P47016	34693
P47017	P47017	20307
P47024	P47024	207710
P47025	P47025	80032
P47026	P47026	55466
P47027	P47027	87241
P47029	P47029	117216
P47032	P47032	30634
P47033	P47033	89153
P47035	P47035	128531
P47037	P47037	141336
P47039	P47039	50082
P47041	P47041	60841
P47043	P47043	98866
P47045	P47045	54183
P47047	P47047	122055
P47050	P47050	99326
P47054	P47054	191535
P47057	P47057	49002
P47058	P47058	28252
P47061	P47061	95449
P47068	P47068	128297
P47069	P47069	79175
P47074	P47074	59521
P47075	P47075	83155
P47076	P47076	18596
P47077	P47077	77722
P47082	P47082	65346
P47083	P47083	66953
P47093	P47093	12385
P47096	P47096	20235
P47098	P47098	198652
P47100	P47100	198618
P47102	P47102	159437
P47103	P47103	45134
P47104	P47104	154933
P47110	P47110	40310
P47112	P47112	68405
P47113	P47113	66086
P47114	P47114	57517
P47116	P47116	91400
P47119	P47119	22093
P47120	P47120	36165
P47122	P47122	43195
P47124	P47124	46297
P47128	P47128	12895
P47130	P47130	49482
P47134	P47134	108667
P47136	P47136	164486
P47142	P47142	23558
P47143	P47143	36372
P47154	P47154	52324
P47156	P47156	84984
P47158	P47158	57055
P47160	P47160	45091
P47164	P47164	72351
P47169	P47169	161219
P47170	P47170	181949
P47171	P47171	191680
P47176	P47176	41625
P47178	P47178	29606
P47190	P47190	86323
P47818	P47818	34250
P47821	P47821	37791
P47822	P47822	16071
P47912	P47912	77267
P47977	P47977	32314
P48016	P48016	136921
P48164	P48164	21634
P48231	P48231	132509
P48236	P48236	51647
P48237	P48237	101423
P48240	P48240	27577
P48360	P48360	56237
P48412	P48412	44924
P48415	P48415	241696
P48439	P48439	39483
P48445	P48445	76363
P48510	P48510	39346
P48524	P48524	109174
P48558	P48558	33645
P48559	P48559	47116
P48561	P48561	74179
P48562	P48562	93909
P48563	P48563	186836
P48566	P48566	72999
P48581	P48581	45580
P48582	P48582	97276
P48813	P48813	73598
P48836	P48836	12713
P48837	P48837	57499
P49017	P49017	34685
P49018	P49018	47402
P49095	P49095	114451
P49166	P49166	9850
P49334	P49334	16790
P49435	P49435	20587
P49573	P49573	44442
P49626	P49626	39062
P49686	P49686	42778
P49687	P49687	145661
P49704	P49704	56303
P49723	P49723	40055
P49775	P49775	23542
P49955	P49955	110028
P49956	P49956	84373
P49957	P49957	32439
P50076	P50076	61793
P50078	P50078	69471
P50079	P50079	51235
P50082	P50082	67027
P50085	P50085	34407
P50087	P50087	26912
P50090	P50090	99975
P50091	P50091	33050
P50094	P50094	56394
P50095	P50095	56585
P50101	P50101	143564
P50102	P50102	53623
P50105	P50105	42336
P50106	P50106	14585
P50107	P50107	37209
P50108	P50108	46748
P50110	P50110	37493
P50111	P50111	103358
P50264	P50264	57806
P50275	P50275	101624
P50623	P50623	17911
P50861	P50861	18556
P50874	P50874	55289
P50875	P50875	67796
P50942	P50942	133331
P50945	P50945	26960
P50947	P50947	37024
P51402	P51402	9868
P51601	P51601	27769
P51862	P51862	152596
P51979	P51979	135072
P51996	P51996	24520
P52286	P52286	22330
P52488	P52488	71259
P52489	P52489	55195
P52490	P52490	17468
P52491	P52491	21203
P52553	P52553	13284
P52593	P52593	188577
P52870	P52870	8711
P52871	P52871	9606
P52891	P52891	83635
P52910	P52910	75492
P52917	P52917	48172
P52920	P52920	35253
P52960	P52960	114711
P53008	P53008	96507
P53010	P53010	127039
P53011	P53011	39123
P53012	P53012	42735
P53032	P53032	33191
P53035	P53035	42048
P53037	P53037	130065
P53038	P53038	78687
P53039	P53039	27080
P53040	P53040	57902
P53043	P53043	57995
P53044	P53044	39810
P53045	P53045	36479
P53048	P53048	67980
P53049	P53049	166728
P53051	P53051	68592
P53061	P53061	82816
P53063	P53063	44510
P53064	P53064	65869
P53067	P53067	113921
P53068	P53068	28777
P53076	P53076	108179
P53079	P53079	48337
P53082	P53082	14102
P53083	P53083	51990
P53086	P53086	91090
P53088	P53088	39987
P53090	P53090	56178
P53091	P53091	112978
P53093	P53093	25995
P53095	P53095	47828
P53096	P53096	51455
P53104	P53104	101717
P53109	P53109	65840
P53112	P53112	38420
P53114	P53114	128794
P53115	P53115	171455
P53119	P53119	105566
P53127	P53127	163203
P53129	P53129	73478
P53131	P53131	87562
P53135	P53135	77298
P53137	P53137	72043
P53140	P53140	74596
P53141	P53141	16444
P53144	P53144	25297
P53145	P53145	72728
P53146	P53146	28107
P53148	P53148	104826
P53150	P53150	48259
P53152	P53152	15545
P53154	P53154	65340
P53157	P53157	14995
P53159	P53159	44585
P53163	P53163	20650
P53164	P53164	43516
P53165	P53165	72878
P53166	P53166	63058
P53168	P53168	27473
P53170	P53170	57294
P53173	P53173	15930
P53176	P53176	27241
P53178	P53178	22661
P53184	P53184	24993
P53191	P53191	70617
P53192	P53192	27092
P53193	P53193	21778
P53195	P53195	31775
P53196	P53196	46383
P53197	P53197	62821
P53199	P53199	38706
P53201	P53201	55213
P53204	P53204	44909
P53207	P53207	71383
P53208	P53208	37937
P53215	P53215	27757
P53218	P53218	18210
P53219	P53219	38511
P53223	P53223	27649
P53224	P53224	25245
P53230	P53230	44200
P53236	P53236	106669
P53238	P53238	38342
P53250	P53250	37071
P53251	P53251	24069
P53252	P53252	38349
P53254	P53254	140485
P53255	P53255	58206
P53256	P53256	24407
P53259	P53259	38815
P53261	P53261	69877
P53262	P53262	29678
P53264	P53264	52045
P53266	P53266	45056
P53267	P53267	38422
P53271	P53271	30325
P53276	P53276	80191
P53277	P53277	24803
P53281	P53281	26139
P53286	P53286	47168
P53290	P53290	38600
P53294	P53294	46816
P53296	P53296	61898
P53297	P53297	78781
P53298	P53298	47349
P53299	P53299	11286
P53301	P53301	52758
P53303	P53303	55072
P53309	P53309	64328
P53311	P53311	16230
P53314	P53314	26732
P53317	P53317	22320
P53318	P53318	53527
P53323	P53323	29936
P53324	P53324	48541
P53327	P53327	224850
P53330	P53330	17795
P53334	P53334	40173
P53335	P53335	31312
P53378	P53378	52627
P53379	P53379	64269
P53397	P53397	42781
P53507	P53507	6870
P53538	P53538	23469
P53540	P53540	98227
P53541	P53541	72187
P53549	P53549	49408
P53550	P53550	108667
P53551	P53551	27804
P53552	P53552	183931
P53598	P53598	35032
P53599	P53599	180528
P53604	P53604	23351
P53615	P53615	24859
P53616	P53616	43442
P53617	P53617	63859
P53622	P53622	135607
P53628	P53628	63871
P53632	P53632	66031
P53633	P53633	19412
P53685	P53685	57702
P53686	P53686	39979
P53687	P53687	50524
P53688	P53688	41765
P53691	P53691	42072
P53720	P53720	42816
P53721	P53721	25344
P53722	P53722	26890
P53725	P53725	21142
P53729	P53729	48122
P53730	P53730	62672
P53731	P53731	39566
P53734	P53734	70362
P53738	P53738	15066
P53739	P53739	100546
P53740	P53740	44542
P53741	P53741	57674
P53742	P53742	55489
P53743	P53743	36408
P53746	P53746	82015
P53753	P53753	121064
P53759	P53759	48131
P53769	P53769	29741
P53829	P53829	41155
P53832	P53832	52292
P53833	P53833	22612
P53838	P53838	65028
P53839	P53839	38831
P53840	P53840	141120
P53843	P53843	34496
P53844	P53844	40678
P53845	P53845	35498
P53846	P53846	18896
P53847	P53847	88072
P53848	P53848	93120
P53853	P53853	30615
P53855	P53855	178414
P53859	P53859	31583
P53860	P53860	40714
P53865	P53865	67400
P53866	P53866	86950
P53867	P53867	55143
P53868	P53868	63777
P53871	P53871	40181
P53872	P53872	21966
P53874	P53874	88531
P53877	P53877	61773
P53879	P53879	36818
P53886	P53886	196162
P53890	P53890	49694
P53893	P53893	124464
P53894	P53894	86946
P53895	P53895	32986
P53896	P53896	22383
P53897	P53897	18051
P53899	P53899	31517
P53901	P53901	46226
P53904	P53904	28354
P53905	P53905	13006
P53909	P53909	39635
P53911	P53911	49391
P53914	P53914	119348
P53915	P53915	27690
P53917	P53917	109793
P53919	P53919	54949
P53920	P53920	110881
P53923	P53923	56473
P53924	P53924	57584
P53927	P53927	25447
P53930	P53930	25981
P53933	P53933	66134
P53939	P53939	45908
P53940	P53940	58889
P53941	P53941	33482
P53942	P53942	34875
P53943	P53943	65296
P53950	P53950	128140
P53951	P53951	45604
P53954	P53954	63143
P53955	P53955	74785
P53959	P53959	96976
P53965	P53965	32755
P53968	P53968	76301
P53969	P53969	54406
P53972	P53972	56177
P53973	P53973	80070
P53974	P53974	71373
P53978	P53978	115869
P53981	P53981	27481
P53983	P53983	77649
P54000	P54000	33102
P54003	P54003	33830
P54070	P54070	52128
P54074	P54074	71444
P54113	P54113	65282
P54115	P54115	54414
P54199	P54199	86772
P54780	P54780	24422
P54781	P54781	61334
P54783	P54783	59494
P54784	P54784	104400
P54785	P54785	54382
P54786	P54786	105496
P54787	P54787	52483
P54790	P54790	72077
P54791	P54791	60705
P54837	P54837	24106
P54854	P54854	62931
P54857	P54857	37500
P54860	P54860	109916
P54861	P54861	84972
P54862	P54862	62733
P54867	P54867	39270
P54999	P54999	9660
P57743	P57743	10030
P60010	P60010	41690
P61829	P61829	7759
P61830	P61830	15356
P62651	P62651	8039
P69771	P69771	23091
P69850	P69850	10848
P69851	P69851	8155
P69852	P69852	8088
P80210	P80210	48279
P80428	P80428	54832
P80667	P80667	42706
P80967	P80967	5985
P81449	P81449	10876
P81450	P81450	6688
P87108	P87108	10305
P89102	P89102	112121
P89105	P89105	124709
Q00055	Q00055	42869
Q00245	Q00245	25312
Q00246	Q00246	32186
Q00362	Q00362	59662
Q00381	Q00381	17373
Q00402	Q00402	313033
Q00416	Q00416	252497
Q00539	Q00539	56972
Q00578	Q00578	95341
Q00582	Q00582	35847
Q00618	Q00618	39675
Q00684	Q00684	61907
Q00711	Q00711	70229
Q00764	Q00764	56148
Q00772	Q00772	55636
Q00776	Q00776	53874
Q00816	Q00816	112616
Q00916	Q00916	34447
Q00947	Q00947	58088
Q00955	Q00955	250353
Q01080	Q01080	46651
Q01159	Q01159	52764
Q01217	Q01217	94869
Q01389	Q01389	164195
Q01448	Q01448	67775
Q01454	Q01454	104425
Q01476	Q01476	146355
Q01477	Q01477	101917
Q01519	Q01519	9788
Q01532	Q01532	55483
Q01560	Q01560	45407
Q01574	Q01574	79141
Q01589	Q01589	34431
Q01590	Q01590	38807
Q01649	Q01649	69070
Q01662	Q01662	43373
Q01722	Q01722	58062
Q01852	Q01852	48854
Q01855	Q01855	16002
Q01896	Q01896	120317
Q01919	Q01919	90088
Q01926	Q01926	54203
Q01939	Q01939	45272
Q02046	Q02046	36240
Q02100	Q02100	70192
Q02159	Q02159	18520
Q02199	Q02199	49142
Q02201	Q02201	51588
Q02205	Q02205	20242
Q02207	Q02207	98703
Q02256	Q02256	41185
Q02260	Q02260	16275
Q02326	Q02326	19962
Q02336	Q02336	50569
Q02354	Q02354	52418
Q02455	Q02455	218456
Q02457	Q02457	62824
Q02486	Q02486	21562
Q02555	Q02555	54071
Q02574	Q02574	53146
Q02629	Q02629	99988
Q02630	Q02630	116234
Q02642	Q02642	17020
Q02647	Q02647	10441
Q02685	Q02685	26860
Q02724	Q02724	72378
Q02725	Q02725	96553
Q02732	Q02732	42782
Q02733	Q02733	54156
Q02767	Q02767	27702
Q02773	Q02773	139348
Q02774	Q02774	23512
Q02775	Q02775	44637
Q02776	Q02776	55099
Q02784	Q02784	16931
Q02785	Q02785	171065
P53858	P53858	100590
Q02792	Q02792	115934
Q02793	Q02793	44232
Q02794	Q02794	50261
Q02795	Q02795	31653
Q02804	Q02804	22782
Q02805	Q02805	92349
Q02821	Q02821	60441
Q02884	Q02884	51156
Q02887	Q02887	55188
Q02888	Q02888	21842
Q02890	Q02890	42485
Q02892	Q02892	74410
Q02896	Q02896	37231
Q02908	Q02908	63657
Q02931	Q02931	101237
Q02933	Q02933	50171
Q02939	Q02939	58535
Q02948	Q02948	63261
Q02950	Q02950	39445
Q02959	Q02959	79200
Q03002	Q03002	97693
Q03010	Q03010	51022
Q03012	Q03012	41468
Q03018	Q03018	187447
Q03020	Q03020	17895
Q03034	Q03034	56164
Q03048	Q03048	15901
Q03063	Q03063	49356
Q03067	Q03067	11285
Q03071	Q03071	11328
Q03081	Q03081	19557
Q03096	Q03096	20555
Q03103	Q03103	65033
Q03124	Q03124	65218
Q03125	Q03125	26743
Q03144	Q03144	24907
Q03148	Q03148	31817
Q03162	Q03162	72251
Q03178	Q03178	34622
Q03180	Q03180	33004
Q03195	Q03195	68340
Q03213	Q03213	79416
Q03262	Q03262	71069
Q03280	Q03280	374185
Q03290	Q03290	38128
Q03305	Q03305	47469
Q03308	Q03308	92741
Q03322	Q03322	25817
Q03330	Q03330	51069
Q03337	Q03337	31722
Q03373	Q03373	36879
Q03388	Q03388	90580
Q03390	Q03390	25862
Q03406	Q03406	33948
Q03407	Q03407	86253
Q03433	Q03433	32021
Q03434	Q03434	198572
Q03435	Q03435	23857
Q03455	Q03455	80578
Q03465	Q03465	60153
Q03466	Q03466	100000
Q03494	Q03494	202095
Q03496	Q03496	163577
Q03497	Q03497	102362
Q03503	Q03503	20457
Q03529	Q03529	44881
Q03532	Q03532	56717
Q03533	Q03533	66220
Q03554	Q03554	15431
Q03557	Q03557	50919
Q03558	Q03558	45011
Q03612	Q03612	198562
Q03619	Q03619	198570
Q03630	Q03630	18434
Q03631	Q03631	107561
Q03640	Q03640	171076
Q03649	Q03649	51438
Q03654	Q03654	67731
Q03655	Q03655	56794
Q03656	Q03656	83238
Q03660	Q03660	128131
Q03674	Q03674	75455
Q03677	Q03677	20879
Q03687	Q03687	46872
Q03690	Q03690	145166
Q03691	Q03691	28908
Q03702	Q03702	41000
Q03705	Q03705	20662
Q03713	Q03713	18477
Q03714	Q03714	96653
Q03723	Q03723	37891
Q03758	Q03758	104786
Q03761	Q03761	61073
Q03768	Q03768	31031
Q03769	Q03769	47321
Q03771	Q03771	42943
Q03774	Q03774	50488
Q03778	Q03778	24537
Q03784	Q03784	24863
Q03785	Q03785	52136
Q03790	Q03790	52619
Q03818	Q03818	17222
Q03825	Q03825	85050
Q03833	Q03833	99481
Q03834	Q03834	140080
Q03835	Q03835	28261
Q03855	Q03855	198595
Q03862	Q03862	65213
Q03868	Q03868	145181
Q03897	Q03897	130946
Q03898	Q03898	33186
Q03920	Q03920	24973
Q03921	Q03921	194688
Q03940	Q03940	50453
Q03941	Q03941	27340
Q03944	Q03944	67284
Q03954	Q03954	18910
Q03957	Q03957	60501
Q03973	Q03973	27544
Q04002	Q04002	171102
Q04003	Q04003	55409
Q04013	Q04013	34185
Q04048	Q04048	100229
Q04049	Q04049	71515
Q04053	Q04053	70741
Q04062	Q04062	45782
Q04067	Q04067	30501
Q04080	Q04080	60814
Q04082	Q04082	16090
Q04087	Q04087	39354
Q04089	Q04089	66201
Q04110	Q04110	34113
Q04119	Q04119	78344
Q04120	Q04120	21615
Q04121	Q04121	70148
Q04149	Q04149	72309
Q04175	Q04175	108405
Q04177	Q04177	72002
Q04178	Q04178	25191
Q04179	Q04179	37960
Q04195	Q04195	100796
Q04199	Q04199	51252
Q04214	Q04214	198899
Q04217	Q04217	144955
Q04226	Q04226	40624
Q04228	Q04228	66761
Q04235	Q04235	52726
Q04264	Q04264	147041
Q04272	Q04272	25638
Q04305	Q04305	57686
Q04307	Q04307	12513
Q04311	Q04311	72733
Q04322	Q04322	82131
Q04338	Q04338	24668
Q04344	Q04344	17680
Q04359	Q04359	46621
Q04364	Q04364	59065
Q04370	Q04370	45992
Q04371	Q04371	54129
Q04372	Q04372	42568
Q04373	Q04373	75106
Q04377	Q04377	86425
Q04396	Q04396	31586
Q04401	Q04401	15783
Q04409	Q04409	55921
Q04410	Q04410	41119
Q04432	Q04432	25670
Q04437	Q04437	71241
Q04439	Q04439	136899
Q04458	Q04458	59979
Q04461	Q04461	52370
Q04472	Q04472	58004
Q04477	Q04477	24604
Q04491	Q04491	33043
Q04493	Q04493	18356
Q04500	Q04500	103023
Q04511	Q04511	76860
Q04601	Q04601	75256
Q04603	Q04603	21997
Q04629	Q04629	39312
Q04636	Q04636	62994
Q04638	Q04638	54096
Q04651	Q04651	40706
Q04659	Q04659	36355
Q04660	Q04660	91705
Q04670	Q04670	198555
Q04673	Q04673	52290
Q04693	Q04693	153784
Q04705	Q04705	41372
Q04711	Q04711	198525
Q04728	Q04728	47849
Q04739	Q04739	46648
Q04746	Q04746	58440
Q04749	Q04749	47139
Q04779	Q04779	78836
Q04781	Q04781	180186
Q04839	Q04839	21571
Q04847	Q04847	64405
Q04868	Q04868	30574
Q04894	Q04894	39618
Q04921	Q04921	48193
Q04924	Q04924	79907
Q04947	Q04947	32916
Q04951	Q04951	40469
Q04958	Q04958	187133
Q04964	Q04964	11834
Q05016	Q05016	29158
Q05021	Q05021	67555
Q05022	Q05022	193134
Q05027	Q05027	17315
Q05029	Q05029	82049
Q05031	Q05031	50541
Q05080	Q05080	76207
Q05123	Q05123	53074
Q05164	Q05164	94706
Q05166	Q05166	58793
Q05359	Q05359	24723
Q05471	Q05471	174530
Q05515	Q05515	54368
Q05521	Q05521	33514
Q05533	Q05533	32093
Q05549	Q05549	123550
Q05567	Q05567	65566
Q05568	Q05568	39099
Q05580	Q05580	72756
Q05583	Q05583	37275
Q05584	Q05584	31327
Q05636	Q05636	33962
Q05775	Q05775	29564
Q05776	Q05776	20108
Q05777	Q05777	25762
Q05779	Q05779	29958
Q05785	Q05785	71807
Q05787	Q05787	95481
Q05789	Q05789	25975
Q05791	Q05791	41852
Q05871	Q05871	31698
Q05900	Q05900	27045
Q05902	Q05902	73180
Q05919	Q05919	50860
Q05930	Q05930	70528
Q05931	Q05931	72365
Q05934	Q05934	102500
Q05946	Q05946	91032
Q05949	Q05949	45721
Q05958	Q05958	89286
Q05979	Q05979	51032
Q06010	Q06010	117579
Q06032	Q06032	53863
Q06053	Q06053	76596
Q06058	Q06058	32590
Q06063	Q06063	41696
Q06078	Q06078	104791
Q06096	Q06096	98666
Q06102	Q06102	24553
Q06106	Q06106	101120
Q06132	Q06132	102853
Q06135	Q06135	62362
Q06142	Q06142	94776
Q06143	Q06143	32992
Q06144	Q06144	24855
Q06147	Q06147	77566
Q06148	Q06148	39116
Q06151	Q06151	40770
Q06156	Q06156	132967
Q06159	Q06159	46628
Q06160	Q06160	74007
Q06163	Q06163	102635
Q06164	Q06164	167683
Q06168	Q06168	48777
Q06178	Q06178	45859
Q06204	Q06204	48969
Q06205	Q06205	43903
Q06211	Q06211	161238
Q06213	Q06213	17908
Q06217	Q06217	12853
Q06218	Q06218	68060
Q06224	Q06224	87674
Q06263	Q06263	37316
Q06266	Q06266	55468
Q06287	Q06287	27895
Q06321	Q06321	136054
Q06324	Q06324	54817
Q06328	Q06328	35179
Q06339	Q06339	74709
Q06340	Q06340	52542
Q06344	Q06344	72410
Q06346	Q06346	25484
Q06349	Q06349	50492
Q06385	Q06385	39287
Q06389	Q06389	22011
Q06390	Q06390	36052
Q06406	Q06406	9398
Q06408	Q06408	71384
Q06409	Q06409	221563
Q06410	Q06410	48656
Q06411	Q06411	83049
Q06440	Q06440	72553
Q06449	Q06449	23539
Q06488	Q06488	102300
Q06489	Q06489	45020
Q06493	Q06493	52174
Q06504	Q06504	22921
Q06505	Q06505	46082
Q06506	Q06506	65054
Q06508	Q06508	33816
Q06510	Q06510	44188
Q06512	Q06512	63637
Q06522	Q06522	34842
Q06541	Q06541	38194
Q06549	Q06549	15536
Q06551	Q06551	41099
Q06554	Q06554	180344
Q06580	Q06580	18521
Q06592	Q06592	18334
Q06593	Q06593	101261
Q06596	Q06596	33227
Q06598	Q06598	45848
Q06604	Q06604	64666
Q06623	Q06623	75463
Q06625	Q06625	174972
Q06628	Q06628	83281
Q06629	Q06629	77059
Q06630	Q06630	26895
Q06631	Q06631	61203
Q06639	Q06639	101720
Q06648	Q06648	42852
Q06651	Q06651	32675
Q06671	Q06671	51540
Q06675	Q06675	42971
Q06676	Q06676	32011
Q06677	Q06677	75020
Q06679	Q06679	87801
Q06680	Q06680	117851
Q06681	Q06681	160578
Q06685	Q06685	129755
Q06696	Q06696	64018
Q06697	Q06697	44456
Q06703	Q06703	35693
Q06704	Q06704	105225
Q06705	Q06705	47463
Q06706	Q06706	152990
Q06708	Q06708	99773
Q06810	Q06810	38901
Q06817	Q06817	71018
Q06833	Q06833	87324
Q06836	Q06836	137583
Q07084	Q07084	78529
Q07350	Q07350	29921
Q07381	Q07381	90748
Q07418	Q07418	38706
Q07442	Q07442	72513
Q07457	Q07457	80692
Q07468	Q07468	122882
Q07471	Q07471	68366
Q07478	Q07478	50309
Q07508	Q07508	30195
Q07528	Q07528	72546
Q07532	Q07532	40640
Q07533	Q07533	100621
Q07540	Q07540	19490
Q07551	Q07551	35561
Q07560	Q07560	32020
Q07648	Q07648	16746
Q07657	Q07657	62630
Q07688	Q07688	19169
Q07732	Q07732	91812
Q07791	Q07791	201962
Q07793	Q07793	181661
Q07794	Q07794	50096
Q07800	Q07800	47931
Q07804	Q07804	66508
Q07807	Q07807	98068
Q07821	Q07821	27675
Q07824	Q07824	64272
Q07825	Q07825	84924
Q07830	Q07830	115634
Q07845	Q07845	72258
Q07878	Q07878	357849
Q07879	Q07879	19760
Q07896	Q07896	75582
Q07913	Q07913	38335
Q07914	Q07914	17910
Q07915	Q07915	23975
Q07923	Q07923	21281
Q07930	Q07930	23654
Q07938	Q07938	37857
Q07950	Q07950	62447
Q07953	Q07953	28283
Q07963	Q07963	216778
Q08001	Q08001	78212
Q08004	Q08004	18517
Q08032	Q08032	74249
Q08096	Q08096	40171
Q08108	Q08108	75077
Q08109	Q08109	63535
Q08144	Q08144	45875
Q08162	Q08162	113707
Q08179	Q08179	65005
Q08193	Q08193	51870
Q08204	Q08204	126037
Q08214	Q08214	43844
Q08215	Q08215	43676
Q08217	Q08217	124373
Q08218	Q08218	40878
Q08220	Q08220	55815
Q08224	Q08224	61269
Q08229	Q08229	55923
Q08230	Q08230	19042
Q08231	Q08231	52678
Q08235	Q08235	33531
Q08236	Q08236	131379
Q08245	Q08245	12589
Q08273	Q08273	13940
Q08278	Q08278	25585
Q08281	Q08281	149344
Q08282	Q08282	78957
Q08285	Q08285	26556
Q08387	Q08387	108515
Q08412	Q08412	46870
Q08417	Q08417	43187
Q08438	Q08438	73649
Q08444	Q08444	51742
Q08446	Q08446	44860
Q08448	Q08448	51106
Q08465	Q08465	25350
Q08484	Q08484	73289
Q08490	Q08490	66706
Q08491	Q08491	84779
Q08492	Q08492	24385
Q08496	Q08496	85070
Q08548	Q08548	72228
Q08550	Q08550	54358
Q08558	Q08558	30058
Q08562	Q08562	184406
Q08581	Q08581	95380
Q08601	Q08601	47982
Q08641	Q08641	71486
Q08645	Q08645	62151
Q08647	Q08647	77002
Q08649	Q08649	52613
Q08650	Q08650	47711
Q08651	Q08651	37485
Q08683	Q08683	79275
Q08685	Q08685	50226
Q08686	Q08686	34219
Q08689	Q08689	19727
Q08702	Q08702	25757
Q08723	Q08723	38313
Q08747	Q08747	25967
Q08749	Q08749	21972
Q08754	Q08754	84830
Q08760	Q08760	50161
Q08773	Q08773	130327
Q08826	Q08826	18770
Q08831	Q08831	57557
Q08886	Q08886	100940
Q08887	Q08887	60523
Q08905	Q08905	80589
Q08920	Q08920	23774
Q08921	Q08921	88845
Q08923	Q08923	57053
Q08924	Q08924	114461
Q08925	Q08925	68664
Q08931	Q08931	14428
Q08949	Q08949	69694
Q08951	Q08951	106924
Q08955	Q08955	18307
Q08957	Q08957	47105
Q08959	Q08959	37070
Q08960	Q08960	89805
Q08962	Q08962	20381
Q08965	Q08965	135571
Q08967	Q08967	89291
Q08968	Q08968	78313
Q08972	Q08972	134331
Q08975	Q08975	61334
Q08985	Q08985	36669
Q08986	Q08986	64354
Q08992	Q08992	25940
Q10740	Q10740	77353
Q12003	Q12003	40749
Q12006	Q12006	44488
Q12009	Q12009	33391
Q12010	Q12010	34873
Q12017	Q12017	32793
Q12018	Q12018	93944
Q12019	Q12019	559308
Q12024	Q12024	51359
Q12030	Q12030	23019
Q12033	Q12033	75947
Q12038	Q12038	114513
Q12039	Q12039	80576
Q12041	Q12041	21518
Q12043	Q12043	84716
Q12045	Q12045	75730
Q12046	Q12046	38431
Q12050	Q12050	91262
Q12051	Q12051	38651
Q12052	Q12052	36527
Q12055	Q12055	22723
Q12060	Q12060	54466
Q12063	Q12063	42557
Q12068	Q12068	38170
Q12071	Q12071	101520
Q12080	Q12080	52556
Q12088	Q12088	198462
Q12092	Q12092	24708
Q12093	Q12093	47049
Q12094	Q12094	35686
Q12098	Q12098	84362
Q12099	Q12099	45213
Q12106	Q12106	33989
Q12112	Q12112	198998
Q12113	Q12113	201984
Q12114	Q12114	73639
Q12118	Q12118	37218
Q12123	Q12123	40941
Q12124	Q12124	47718
Q12127	Q12127	13058
Q12136	Q12136	70259
Q12141	Q12141	198658
Q12142	Q12142	115403
Q12146	Q12146	21952
Q12149	Q12149	84039
Q12150	Q12150	338258
Q12151	Q12151	100340
Q12154	Q12154	39354
Q12157	Q12157	18865
Q12158	Q12158	63290
Q12159	Q12159	24956
Q12164	Q12164	32186
Q12166	Q12166	67200
Q12168	Q12168	88403
Q12173	Q12173	34027
Q12176	Q12176	116677
Q12178	Q12178	17507
Q12181	Q12181	72328
Q12184	Q12184	18932
Q12186	Q12186	53034
Q12188	Q12188	77202
Q12191	Q12191	38295
Q12193	Q12193	198869
Q12196	Q12196	56122
Q12198	Q12198	64223
Q12206	Q12206	51951
Q12207	Q12207	18967
Q12208	Q12208	33694
Q12211	Q12211	62143
Q12213	Q12213	27696
Q12216	Q12216	81178
Q12220	Q12220	106342
Q12223	Q12223	26630
Q12224	Q12224	73484
Q12229	Q12229	52943
Q12230	Q12230	38071
Q12236	Q12236	121660
Q12241	Q12241	32498
Q12246	Q12246	69639
Q12248	Q12248	10516
Q12250	Q12250	51768
Q12255	Q12255	28964
Q12256	Q12256	73223
Q12262	Q12262	21138
Q12263	Q12263	129858
Q12265	Q12265	53505
Q12267	Q12267	162189
Q12269	Q12269	198521
Q12271	Q12271	124577
Q12273	Q12273	198614
Q12277	Q12277	29055
Q12280	Q12280	172830
Q12284	Q12284	22141
Q12285	Q12285	23732
Q12287	Q12287	8056
Q12292	Q12292	46655
Q12297	Q12297	40296
Q12300	Q12300	83159
Q12303	Q12303	54570
Q12305	Q12305	15413
Q12306	Q12306	11597
Q12309	Q12309	82445
Q12311	Q12311	86029
Q12315	Q12315	62073
Q12316	Q12316	198560
Q12317	Q12317	57093
Q12320	Q12320	32339
Q12321	Q12321	64251
Q12324	Q12324	77953
Q12328	Q12328	21864
Q12330	Q12330	10375
Q12333	Q12333	70905
Q12334	Q12334	25754
Q12339	Q12339	28801
Q12341	Q12341	43873
Q12343	Q12343	32205
Q12344	Q12344	101800
Q12349	Q12349	14128
Q12355	Q12355	45777
Q12001	Q12001	62783
Q12361	Q12361	110709
Q12362	Q12362	67036
Q12363	Q12363	48383
Q12365	Q12365	45384
Q12366	Q12366	40856
Q12373	Q12373	43428
Q12377	Q12377	49774
Q12379	Q12379	19356
Q12380	Q12380	33560
Q12382	Q12382	32840
Q12383	Q12383	54095
Q12386	Q12386	100209
Q12389	Q12389	112946
Q12396	Q12396	50947
Q12400	Q12400	34520
Q12402	Q12402	20270
Q12404	Q12404	36408
Q12406	Q12406	53810
Q12411	Q12411	69878
Q12414	Q12414	198576
Q12416	Q12416	32901
Q12417	Q12417	50700
Q12421	Q12421	22191
Q12425	Q12425	20877
Q12429	Q12429	77941
Q12432	Q12432	45203
Q12438	Q12438	25783
Q12440	Q12440	99978
Q12443	Q12443	44359
Q12445	Q12445	34232
Q12446	Q12446	67572
Q12449	Q12449	39436
Q12451	Q12451	145796
Q12452	Q12452	39725
Q12457	Q12457	66352
Q12460	Q12460	56864
Q12461	Q12461	41452
Q12462	Q12462	26875
Q12463	Q12463	50073
Q12464	Q12464	51612
Q12465	Q12465	133959
Q12466	Q12466	133576
Q12468	Q12468	50812
Q12469	Q12469	75331
Q12472	Q12472	201965
Q12473	Q12473	81989
Q12476	Q12476	39344
Q12477	Q12477	34798
Q12481	Q12481	36125
Q12482	Q12482	104304
Q12483	Q12483	26954
Q12488	Q12488	24204
Q12490	Q12490	198969
Q12491	Q12491	202215
Q12494	Q12494	119550
Q12495	Q12495	70210
Q12499	Q12499	56956
Q12501	Q12501	202131
Q12502	Q12502	89826
Q12505	Q12505	57844
Q12508	Q12508	49169
Q12509	Q12509	50044
Q12511	Q12511	63669
Q12513	Q12513	16771
Q12514	Q12514	65855
Q12517	Q12517	26266
Q12518	Q12518	52352
Q12522	Q12522	26458
Q12524	Q12524	39755
Q12527	Q12527	135025
Q12530	Q12530	23619
Q12532	Q12532	119069
Q12674	Q12674	188319
Q12675	Q12675	182619
Q12680	Q12680	238102
Q12691	Q12691	120296
Q12692	Q12692	14283
Q12697	Q12697	166750
Q12734	Q12734	124849
Q12745	Q12745	82396
Q12746	Q12746	35287
Q12748	Q12748	84252
Q12749	Q12749	128009
Q12754	Q12754	137509
Q3E754	Q3E754	9760
Q3E757	Q3E757	19750
Q3E772	Q3E772	10495
Q3E792	Q3E792	12039
Q3E793	Q3E793	12537
Q3E7B6	Q3E7B6	8381
Q3E7X9	Q3E7X9	7592
Q3E833	Q3E833	9993
Q3E840	Q3E840	9356
Q3E846	Q3E846	12445
Q6Q547	Q6Q547	6636
Q6WNK7	Q6WNK7	11085
Q7LHG5	Q7LHG5	172369
Q92316	Q92316	9517
Q92317	Q92317	16650
Q92325	Q92325	75639
Q92328	Q92328	30729
Q92331	Q92331	76484
Q92393	Q92393	198537
Q96VH5	Q96VH5	10408
Q99176	Q99176	25101
Q99190	Q99190	36768
Q99207	Q99207	94302
Q99210	Q99210	26477
Q99216	Q99216	30332
Q99219	Q99219	34100
Q99220	Q99220	61258
Q99222	Q99222	102250
Q99231	Q99231	198839
Q99257	Q99257	67352
Q99258	Q99258	22568
Q99260	Q99260	24413
Q99271	Q99271	109369
Q99278	Q99278	13307
Q99287	Q99287	89432
Q99299	Q99299	84846
Q99312	Q99312	51330
Q99314	Q99314	29018
Q99315	Q99315	178307
Q99321	Q99321	21572
Q99325	Q99325	29693
Q99337	Q99337	198198
Q99380	Q99380	3985
Q99383	Q99383	59650
Q99385	Q99385	44646
Q99394	Q99394	30749
Q9URQ3	Q9URQ3	37107
Q9ZZW7	Q9ZZW7	61172
Q9ZZX1	Q9ZZX1	72165
D6W196	D6W196	55715
O13525	O13525	38627
O13559	O13559	156367
O13577	O13577	15165
O14455	O14455	11135
O14464	O14464	10698
O75012	O75012	10691
P00425	P00425	17197
P00427	P00427	17342
P00447	P00447	25774
P00856	P00856	5822
P00899	P00899	56768
P00931	P00931	76626
P01097	P01097	9870
P01098	P01098	10062
P01149	P01149	18642
P02381	P02381	47123
P03872	P03872	33196
P03882	P03882	27683
P04046	P04046	56719
P04076	P04076	51989
P04161	P04161	23540
P04173	P04173	38953
P04650	P04650	6342
P04801	P04801	84520
P04803	P04803	43015
P05085	P05085	100282
P05316	P05316	71736
P05694	P05694	85860
P05738	P05738	21569
P05743	P05743	14234
P05747	P05747	6669
P05749	P05749	13693
P06182	P06182	30081
P06633	P06633	23833
P06773	P06773	35646
P06775	P06775	66006
P06776	P06776	61000
P06783	P06783	53708
P07253	P07253	18679
P07262	P07262	49570
P07266	P07266	41290
P07275	P07275	64435
P07285	P07285	41374
P07806	P07806	125770
P07807	P07807	24261
P08431	P08431	42385
P08456	P08456	30805
P08465	P08465	53659
P09368	P09368	53271
P09435	P09435	70547
P09436	P09436	122984
P09457	P09457	22814
P0C074	P0C074	10027
P0C0W1	P0C0W1	14626
P0C2H6	P0C2H6	15531
P0C2H8	P0C2H8	12953
P0C2H9	P0C2H9	12967
P0CD90	P0CD90	17024
P0CD99	P0CD99	68189
P0CE00	P0CE00	67257
P0CE68	P0CE68	137997
P0CH63	P0CH63	25152
P0CH64	P0CH64	25152
P0CW40	P0CW40	68699
P0CW41	P0CW41	68699
P0CX08	P0CX08	56470
P20053	P20053	52442
P22517	P22517	50447
P25037	P25037	92769
P25349	P25349	26350
P25382	P25382	57026
P25390	P25390	152718
P25451	P25451	22605
P26448	P26448	35028
P32568	P32568	168767
P32581	P32581	73593
P32608	P32608	65572
P33329	P33329	78492
P0CX14	P0CX14	211115
P0CX15	P0CX15	211115
P0CX20	P0CX20	203781
P0CX21	P0CX21	203781
P0CX23	P0CX23	20437
P0CX33	P0CX33	7118
P0CX34	P0CX34	7118
P0CX52	P0CX52	15847
P0CX86	P0CX86	3337
P0CX87	P0CX87	3337
P0CY10	P0CY10	14803
P10355	P10355	29155
P10566	P10566	34502
P10594	P10594	60570
P10834	P10834	34637
P10849	P10849	51192
P10869	P10869	58110
P10963	P10963	60983
P11927	P11927	50653
P12612	P12612	60481
P12685	P12685	141073
P12686	P12686	38988
P12687	P12687	43227
P12887	P12887	40471
P13045	P13045	58129
P13090	P13090	59983
P13181	P13181	63626
P13188	P13188	93133
P13298	P13298	24664
P13434	P13434	16154
P13483	P13483	27067
P13711	P13711	84042
P13902	P13902	17378
P14063	P14063	15520
P14066	P14066	26586
P14359	P14359	15199
P14843	P14843	41070
P15179	P15179	75461
P15365	P15365	60850
P15380	P15380	68788
P16965	P16965	9615
P17121	P17121	73629
P17261	P17261	30116
P17423	P17423	38712
P18408	P18408	30380
P18414	P18414	25763
P18544	P18544	46681
P18900	P18900	52560
P18963	P18963	350980
P19158	P19158	351669
P19516	P19516	34044
P19735	P19735	104229
P19736	P19736	63029
P19881	P19881	34625
P20051	P20051	40313
P20084	P20084	9531
P20437	P20437	62050
P20438	P20438	61697
P20484	P20484	47291
P21595	P21595	56071
P21657	P21657	109174
P21771	P21771	33057
P22035	P22035	89604
P22135	P22135	36554
P22136	P22136	67523
P22202	P22202	69651
P22209	P22209	51203
P22353	P22353	26945
P22354	P22354	22392
P22438	P22438	66734
P22470	P22470	65618
P23059	P23059	9725
P23180	P23180	53135
P23248	P23248	28812
P23285	P23285	22769
P23369	P23369	18587
P23500	P23500	33307
P23501	P23501	46488
P23624	P23624	33295
P23641	P23641	32812
P23748	P23748	63358
P23833	P23833	33166
P24000	P24000	17548
P24521	P24521	50455
P24719	P24719	56850
P24871	P24871	53853
P25038	P25038	75657
P25039	P25039	84574
P25270	P25270	46387
P25332	P25332	36924
P25334	P25334	35780
P25337	P25337	18447
P25338	P25338	20173
P25339	P25339	97798
P25345	P25345	56785
P25356	P25356	250872
P25360	P25360	102540
P25365	P25365	114079
P25367	P25367	42580
P25371	P25371	117231
P25379	P25379	39301
P25381	P25381	55068
P25558	P25558	184719
P25559	P25559	44074
P25560	P25560	22270
P25566	P25566	19279
P25567	P25567	48060
P25569	P25569	84517
P25578	P25578	59370
P25587	P25587	29024
P25594	P25594	50225
P25596	P25596	68921
P25621	P25621	58256
P25625	P25625	42541
P25626	P25626	19394
P25628	P25628	71613
P25638	P25638	12511
P26343	P26343	30166
P26637	P26637	124142
P26725	P26725	50836
P26798	P26798	34234
P27344	P27344	22665
P27929	P27929	56356
P28006	P28006	88533
P28239	P28239	35573
P28584	P28584	101087
P29467	P29467	48215
P29478	P29478	31170
P30606	P30606	66710
P31334	P31334	29790
P31379	P31379	37050
P31381	P31381	58317
P31787	P31787	10061
P32048	P32048	66128
P32190	P32190	79824
P32191	P32191	72389
P32263	P32263	30132
P32264	P32264	47162
P32331	P32331	33376
P32339	P32339	37179
P32341	P32341	25287
P32387	P32387	30566
P32445	P32445	15386
P32449	P32449	39749
P32451	P32451	41884
P32459	P32459	21727
P32463	P32463	13943
P32464	P32464	45853
P32469	P32469	33847
P32473	P32473	40054
P32477	P32477	78254
P32489	P32489	26461
P32496	P32496	31919
P32522	P32522	112646
P32525	P32525	68464
P32559	P32559	58352
P32590	P32590	77621
P32601	P32601	16126
P32611	P32611	43786
P32613	P32613	17354
P32617	P32617	18533
P32656	P32656	26294
P32781	P32781	9464
P32785	P32785	44617
P32786	P32786	102049
P32787	P32787	30091
P32804	P32804	41582
P32805	P32805	33994
P32831	P32831	75024
P32836	P32836	24991
P32837	P32837	61873
P32841	P32841	48706
P32843	P32843	96689
P32875	P32875	46247
P32904	P32904	23889
P32907	P32907	30701
P32945	P32945	61420
P33200	P33200	112571
P33204	P33204	19916
P33306	P33306	93738
P33311	P33311	85137
P33312	P33312	27116
P33315	P33315	75029
P33327	P33327	124332
P33411	P33411	28377
P33412	P33412	36863
P33417	P33417	67856
P33448	P33448	6408
P34221	P34221	51332
P36080	P36080	50482
P36123	P36123	117098
P38070	P38070	59591
P38266	P38266	103863
P38688	P38688	73541
P38754	P38754	15153
P38759	P38759	31013
P39011	P39011	70993
P39012	P39012	69221
P33550	P33550	50651
P33750	P33750	56789
P33759	P33759	34883
P33890	P33890	24628
P33893	P33893	61869
P33894	P33894	107200
P34072	P34072	65643
P34165	P34165	3927
P34166	P34166	4229
P34220	P34220	47390
P34222	P34222	22435
P34232	P34232	20784
P34237	P34237	77514
P34239	P34239	93359
P34240	P34240	55403
P34248	P34248	67525
P34253	P34253	35322
P35127	P35127	26385
P35176	P35176	25327
P35183	P35183	48349
P35190	P35190	51571
P35202	P35202	36616
P35210	P35210	121338
P35497	P35497	38166
P35723	P35723	23459
P35727	P35727	13521
P35731	P35731	31184
P35842	P35842	52758
P35996	P35996	14905
P36001	P36001	48143
P36002	P36002	73502
P36008	P36008	46520
P36019	P36019	24648
P36023	P36023	101825
P36036	P36036	23778
P36039	P36039	28352
P36040	P36040	30739
P36044	P36044	139381
P36053	P36053	16157
P36059	P36059	37357
P36062	P36062	75459
P36064	P36064	13007
P36069	P36069	33776
P36070	P36070	72388
P36093	P36093	40646
P36097	P36097	118889
P36101	P36101	50266
P36106	P36106	67901
P36110	P36110	33780
P36115	P36115	68880
P36118	P36118	36647
P36120	P36120	83308
P36121	P36121	32142
P36142	P36142	48757
P36144	P36144	31616
P36145	P36145	36985
P36147	P36147	21968
P36159	P36159	96816
P36164	P36164	38311
P36166	P36166	79434
P36167	P36167	27466
P36168	P36168	137491
P36169	P36169	39830
P36173	P36173	68954
P36224	P36224	43607
P36516	P36516	44000
P36517	P36517	36965
P36519	P36519	33099
P36520	P36520	36347
P36521	P36521	28515
P36523	P36523	28167
P36525	P36525	30049
P36526	P36526	16492
P36527	P36527	17342
P36528	P36528	32213
P36532	P36532	11949
P36533	P36533	7973
P37261	P37261	21232
P37262	P37262	34501
P37291	P37291	52218
P37302	P37302	60137
P37898	P37898	97663
P38064	P38064	26518
P38065	P38065	115012
P38066	P38066	38332
P38067	P38067	54189
P38068	P38068	22565
P38072	P38072	34889
P38082	P38082	25009
P38090	P38090	67262
P38113	P38113	37648
P38114	P38114	126904
P38122	P38122	34465
P38126	P38126	63460
P38127	P38127	42102
P38131	P38131	54556
P38148	P38148	91685
P38158	P38158	68142
P38162	P38162	22966
P38163	P38163	111623
P38164	P38164	117636
P38166	P38166	24274
P38175	P38175	20395
P38193	P38193	50655
P38196	P38196	72165
P38200	P38200	38015
P38204	P38204	16505
P38210	P38210	19792
P38218	P38218	19938
P38219	P38219	44174
P38224	P38224	33776
P38226	P38226	45515
P38241	P38241	40925
P38254	P38254	86353
P38260	P38260	32604
P38278	P38278	38550
P38282	P38282	33772
P38288	P38288	47994
P38293	P38293	16760
P38300	P38300	31811
P38302	P38302	15970
P38315	P38315	77741
P38326	P38326	34344
P38331	P38331	27577
P38337	P38337	16429
P38347	P38347	47977
P38349	P38349	50031
P38359	P38359	95951
P38616	P38616	37328
P38620	P38620	34765
P38625	P38625	58482
P38682	P38682	55094
P38687	P38687	69006
P38698	P38698	45051
P38699	P38699	83473
P38705	P38705	50390
P38724	P38724	69566
P38727	P38727	26972
P38735	P38735	180926
P38737	P38737	210431
P38748	P38748	67503
P38749	P38749	37955
P38751	P38751	17121
P38756	P38756	48883
P38760	P38760	75920
P38769	P38769	72307
P38772	P38772	42334
P38773	P38773	27165
P38777	P38777	27339
P38783	P38783	15292
P38789	P38789	51764
P38791	P38791	42892
P38794	P38794	26467
P38795	P38795	80686
P38796	P38796	44888
P38798	P38798	126747
P38812	P38812	20945
P38813	P38813	39069
P38816	P38816	37087
P38818	P38818	68284
P38824	P38824	17318
P38837	P38837	32214
P38851	P38851	143584
P38858	P38858	27784
P38860	P38860	57847
P38865	P38865	21651
P38866	P38866	49099
P38871	P38871	65815
P38877	P38877	15169
P38880	P38880	66703
P38892	P38892	33785
P38904	P38904	161597
P38909	P38909	42368
P38957	P38957	26123
P38962	P38962	23148
P38966	P38966	98712
P38972	P38972	148905
P38985	P38985	16430
P38986	P38986	41395
P38988	P38988	33215
P38999	P38999	48918
P39000	P39000	56578
P39076	P39076	57203
P39077	P39077	58814
P39078	P39078	57604
P39079	P39079	59924
P39102	P39102	51347
P39103	P39103	7959
P39106	P39106	88529
P39113	P39113	160485
P40547	P40547	105491
P41698	P41698	66289
P39526	P39526	229900
P39535	P39535	97689
P39543	P39543	26598
P39547	P39547	27117
P39548	P39548	26458
P39677	P39677	91283
P39684	P39684	70842
P39690	P39690	79535
P39692	P39692	114829
P39712	P39712	138073
P39713	P39713	46099
P39715	P39715	23891
P39724	P39724	13356
P39732	P39732	86636
P39734	P39734	58750
P39735	P39735	29770
P39924	P39924	62734
P39927	P39927	46983
P39932	P39932	63532
P39933	P39933	50027
P39938	P39938	13505
P39939	P39939	13447
P39953	P39953	36961
P39954	P39954	49126
P39970	P39970	54592
P39980	P39980	70562
P39983	P39983	27229
P39987	P39987	70084
P39988	P39988	35559
P39994	P39994	61288
P40003	P40003	31365
P40004	P40004	39266
P40005	P40005	12994
P40007	P40007	26901
P40012	P40012	59703
P40017	P40017	103334
P40019	P40019	17463
P40020	P40020	98812
P40023	P40023	16071
P40025	P40025	37719
P40026	P40026	53772
P40029	P40029	21141
P40030	P40030	17135
P40031	P40031	16598
P40033	P40033	15835
P40035	P40035	33528
P40038	P40038	47007
P40040	P40040	24138
P40043	P40043	18989
P40051	P40051	57990
P40071	P40071	81546
P40074	P40074	48840
P40077	P40077	63999
P40079	P40079	40794
P40080	P40080	23489
P40085	P40085	64794
P40088	P40088	45722
P40092	P40092	14996
P40099	P40099	24059
P40105	P40105	190503
P40154	P40154	36154
P40165	P40165	27521
P40169	P40169	34081
P40185	P40185	15908
P40207	P40207	27921
P40260	P40260	54202
P40310	P40310	77408
P40312	P40312	13297
P40314	P40314	16620
P40347	P40347	18675
P40350	P40350	38347
P40351	P40351	67385
P40363	P40363	33934
P40366	P40366	18793
P40413	P40413	61914
P40433	P40433	93417
P40442	P40442	99736
P40445	P40445	61898
P40452	P40452	22044
P40459	P40459	35032
P40467	P40467	108781
P40468	P40468	269858
P40473	P40473	39498
P40474	P40474	59618
P40475	P40475	61759
P40480	P40480	123556
P40481	P40481	42515
P40486	P40486	59151
P40493	P40493	39402
P40499	P40499	56333
P40504	P40504	61438
P40512	P40512	51288
P40513	P40513	30132
P40517	P40517	36054
P40518	P40518	17134
P40522	P40522	71421
P40528	P40528	104218
P40532	P40532	16508
P40549	P40549	72410
P40550	P40550	160538
P40552	P40552	26308
P40555	P40555	24846
P40566	P40566	86979
P40567	P40567	12830
P40574	P40574	28386
P40576	P40576	24597
P40578	P40578	127055
P40580	P40580	28804
P40582	P40582	26795
P40583	P40583	58214
P40856	P40856	121403
P40858	P40858	18387
P40884	P40884	67557
P40885	P40885	62858
P40886	P40886	63493
P40890	P40890	174402
P40960	P40960	60074
P40965	P40965	99225
P40971	P40971	89397
P40975	P40975	4848
P40985	P40985	103457
P40986	P40986	57147
P41057	P41057	6661
P41058	P41058	6728
P41544	P41544	23716
P41733	P41733	44741
P41734	P41734	27346
P41806	P41806	8435
P41814	P41814	54389
P41815	P41815	67365
P41817	P41817	34654
P41818	P41818	26649
P41819	P41819	35951
P41903	P41903	40260
P41910	P41910	44733
P41912	P41912	26542
P41930	P41930	52545
P41940	P41940	39566
P42826	P42826	68321
P42833	P42833	60979
P42841	P42841	53143
P42843	P42843	88942
P42846	P42846	68654
P42847	P42847	24563
P42900	P42900	73257
P42934	P42934	88026
P42937	P42937	17249
P42938	P42938	33337
P42944	P42944	60520
P42950	P42950	70382
P43124	P43124	46121
P43544	P43544	25132
P43545	P43545	32019
P43549	P43549	70507
P43550	P43550	62135
P43551	P43551	53240
P43553	P43553	96684
P43554	P43554	70276
P43556	P43556	82209
P43560	P43560	76347
P43568	P43568	42186
P43569	P43569	33090
P43574	P43574	56328
P43577	P43577	18135
P43579	P43579	78753
P43581	P43581	60662
P43582	P43582	22655
P43589	P43589	52167
P43596	P43596	90897
P43606	P43606	76286
P43610	P43610	96966
P43614	P43614	23555
P43619	P43619	32365
P43623	P43623	36971
P43634	P43634	74393
P43638	P43638	155207
P45976	P45976	35777
P46670	P46670	30709
P46671	P46671	24032
P46683	P46683	22356
P46784	P46784	12738
P46950	P46950	61293
P46954	P46954	96005
P46956	P46956	34882
P46961	P46961	32577
P46965	P46965	10819
P46969	P46969	25967
P46970	P46970	119967
P46974	P46974	155063
P46982	P46982	67204
P46988	P46988	12782
P46992	P46992	42958
P47019	P47019	19287
P47030	P47030	68768
P47031	P47031	82536
P47040	P47040	46383
P47052	P47052	69382
P47055	P47055	24843
P47064	P47064	21938
P47149	P47149	23640
P47167	P47167	27568
P53202	P53202	86115
P53900	P53900	15180
P53935	P53935	141514
Q02206	Q02206	72291
P47056	P47056	24746
P47079	P47079	61662
P47088	P47088	47166
P47089	P47089	22495
P47095	P47095	27427
P47108	P47108	135118
P47117	P47117	49542
P47118	P47118	16076
P47123	P47123	24307
P47125	P47125	50775
P47133	P47133	33855
P47135	P47135	120374
P47137	P47137	32344
P47138	P47138	20027
P47147	P47147	80152
P47150	P47150	27816
P47161	P47161	92018
P47168	P47168	48649
P47179	P47179	118360
P47180	P47180	37287
P47185	P47185	62920
P47771	P47771	55188
P47988	P47988	86833
P48015	P48015	44469
P48232	P48232	11461
P48234	P48234	81734
P48239	P48239	41301
P48361	P48361	126864
P48363	P48363	23115
P48365	P48365	87306
P48525	P48525	61603
P48527	P48527	55287
P48565	P48565	61532
P48567	P48567	45273
P48570	P48570	47099
P48589	P48589	15472
P48606	P48606	12379
P48743	P48743	90584
P49090	P49090	64593
P49167	P49167	8827
P49367	P49367	75151
P49954	P49954	32549
P49960	P49960	50849
P50077	P50077	234599
P50080	P50080	67169
P50086	P50086	25616
P50109	P50109	65584
P50276	P50276	63221
P50277	P50277	53709
P50278	P50278	35653
P50896	P50896	95348
P50944	P50944	80026
P50946	P50946	27205
P51401	P51401	21657
P51533	P51533	176461
P51534	P51534	89553
P51998	P51998	31970
P52492	P52492	17753
P52867	P52867	84776
P52868	P52868	33237
P52892	P52892	56770
P52893	P52893	66422
P52919	P52919	37354
P52923	P52923	41335
P53059	P53059	64853
P53062	P53062	22807
P53065	P53065	45947
P53070	P53070	74215
P53073	P53073	21460
P53075	P53075	66862
P53080	P53080	19238
P53094	P53094	166971
P53101	P53101	51828
P53102	P53102	26083
P53107	P53107	50296
P53108	P53108	34843
P53111	P53111	38083
P53121	P53121	90761
P53123	P53123	37423
P53124	P53124	48584
P53125	P53125	145643
P53128	P53128	68560
P53136	P53136	51907
P53153	P53153	32112
P53158	P53158	24442
P53167	P53167	41891
P53169	P53169	73102
P53174	P53174	27250
P53177	P53177	30806
P53179	P53179	60864
P53185	P53185	102371
P53187	P53187	24479
P53188	P53188	14417
P53189	P53189	56447
P53206	P53206	42801
P53214	P53214	57528
P53220	P53220	27206
P53221	P53221	14235
P53226	P53226	60751
P53228	P53228	37254
P53233	P53233	42823
P53235	P53235	71305
P53237	P53237	28136
P53239	P53239	35650
P53244	P53244	65477
P53246	P53246	98109
P53258	P53258	109259
P53260	P53260	20787
P53273	P53273	116971
P53280	P53280	128780
P53283	P53283	67589
P53295	P53295	41006
P53306	P53306	70354
P53312	P53312	46901
P53313	P53313	86618
P53320	P53320	40763
P53322	P53322	60135
P53331	P53331	62849
P53332	P53332	34307
P53333	P53333	67294
P53337	P53337	35013
P53341	P53341	68094
P53388	P53388	68097
P53389	P53389	65348
P53390	P53390	53690
P53437	P53437	42813
P53629	P53629	74023
P53631	P53631	62828
P53718	P53718	27564
P53727	P53727	35367
P53732	P53732	16917
P53756	P53756	149750
P53819	P53819	211099
P53823	P53823	25208
P53824	P53824	32033
P53830	P53830	32284
P53834	P53834	17246
P53836	P53836	118280
P53849	P53849	17103
P53851	P53851	47167
P53852	P53852	87530
P53861	P53861	43981
P53863	P53863	68783
P53875	P53875	16670
P53903	P53903	15053
P53916	P53916	50152
P53921	P53921	13244
P53934	P53934	45497
P53937	P53937	16089
P53938	P53938	41674
P53944	P53944	35871
P53946	P53946	87560
P53953	P53953	98944
P53966	P53966	61728
P53971	P53971	108495
P53982	P53982	47856
P54114	P54114	55385
P54838	P54838	62207
P54839	P54839	55014
P54885	P54885	49740
P54964	P54964	30870
P56628	P56628	13827
P57744	P57744	9764
P81451	P81451	7534
P87284	P87284	6138
P89114	P89114	10827
P89886	P89886	20278
Q00723	Q00723	27967
Q01163	Q01163	50867
Q01329	Q01329	88473
Q01802	Q01802	51795
Q01846	Q01846	129981
Q01976	Q01976	26087
Q02196	Q02196	23060
Q02197	Q02197	84302
Q02204	Q02204	30271
Q02208	Q02208	86366
Q02516	Q02516	27676
Q02521	Q02521	20648
Q02554	Q02554	50253
Q02648	Q02648	64855
Q02721	Q02721	30237
Q02753	Q02753	18242
Q02770	Q02770	35026
Q02783	Q02783	47083
Q02796	Q02796	37309
Q02825	Q02825	54649
Q02866	Q02866	69538
Q02883	Q02883	54368
Q02891	Q02891	51724
Q02932	Q02932	119623
Q02969	Q02969	44911
Q02979	Q02979	138014
Q04430	Q04430	40903
Q04431	Q04431	44675
Q05498	Q05498	21611
Q05933	Q05933	20579
Q06188	Q06188	35508
Q06337	Q06337	112502
Q06892	Q06892	46247
Q07651	Q07651	34135
Q08208	Q08208	51942
Q02983	Q02983	41721
Q03016	Q03016	140891
Q03028	Q03028	34206
Q03088	Q03088	92144
Q03161	Q03161	33956
Q03175	Q03175	40200
Q03212	Q03212	62532
Q03214	Q03214	162701
Q03220	Q03220	36974
Q03246	Q03246	27635
Q03254	Q03254	83441
Q03281	Q03281	76377
Q03289	Q03289	42923
Q03306	Q03306	100476
Q03323	Q03323	19446
Q03327	Q03327	57543
Q03338	Q03338	55870
Q03370	Q03370	63543
Q03375	Q03375	15763
Q03429	Q03429	13927
Q03430	Q03430	41216
Q03446	Q03446	24211
Q03530	Q03530	35911
Q03579	Q03579	17207
Q03661	Q03661	187138
Q03694	Q03694	47315
Q03707	Q03707	95498
Q03718	Q03718	64013
Q03735	Q03735	126139
Q03750	Q03750	57986
Q03764	Q03764	61657
Q03770	Q03770	95744
Q03772	Q03772	19935
Q03776	Q03776	65145
Q03782	Q03782	56498
Q03792	Q03792	83124
Q03824	Q03824	81467
Q03829	Q03829	40992
Q03860	Q03860	15882
Q03919	Q03919	8693
Q03935	Q03935	43597
Q03937	Q03937	18258
Q03956	Q03956	40017
Q03981	Q03981	19476
Q04004	Q04004	26623
Q04006	Q04006	20921
Q04031	Q04031	27974
Q04052	Q04052	108205
Q04066	Q04066	29991
Q04081	Q04081	37695
Q04116	Q04116	39598
Q04172	Q04172	53571
Q04174	Q04174	59883
Q04182	Q04182	172256
Q04183	Q04183	147662
Q04213	Q04213	55427
Q04279	Q04279	105874
Q04299	Q04299	32067
Q04347	Q04347	60054
Q04368	Q04368	34520
Q04411	Q04411	88648
Q04412	Q04412	54494
Q04433	Q04433	52490
Q04471	Q04471	42901
Q04545	Q04545	141465
Q04549	Q04549	33018
Q04562	Q04562	76347
Q04632	Q04632	69829
Q04658	Q04658	40872
Q04675	Q04675	14890
Q04697	Q04697	45870
Q04712	Q04712	59254
Q04740	Q04740	39431
Q04751	Q04751	32334
Q04895	Q04895	71756
Q04902	Q04902	26040
Q04930	Q04930	51697
Q04934	Q04934	49976
Q04935	Q04935	23758
Q04952	Q04952	207483
Q04969	Q04969	20802
Q05024	Q05024	26471
Q05040	Q05040	59301
Q05043	Q05043	43460
Q05050	Q05050	93345
Q05131	Q05131	48375
Q05468	Q05468	83426
Q05473	Q05473	35614
Q05506	Q05506	69525
Q05518	Q05518	54996
Q05541	Q05541	33965
Q05543	Q05543	46488
Q05610	Q05610	40162
Q05635	Q05635	39484
Q05670	Q05670	79037
Q05788	Q05788	33755
Q05790	Q05790	47356
Q05809	Q05809	11239
Q05874	Q05874	29633
Q05892	Q05892	31524
Q05911	Q05911	54510
Q05924	Q05924	66463
Q05926	Q05926	12519
Q05942	Q05942	24656
Q05947	Q05947	42754
Q05998	Q05998	66904
Q06001	Q06001	54092
Q06005	Q06005	37237
Q06071	Q06071	14549
Q06090	Q06090	16124
Q06091	Q06091	20709
Q06098	Q06098	49736
Q06103	Q06103	48959
Q06104	Q06104	32710
Q06137	Q06137	58386
Q06162	Q06162	17862
Q06169	Q06169	59462
Q06179	Q06179	303479
Q06201	Q06201	22365
Q06208	Q06208	45643
Q06236	Q06236	18632
Q06244	Q06244	29359
Q06245	Q06245	100342
Q06315	Q06315	114111
Q06325	Q06325	64498
Q06333	Q06333	13957
Q06336	Q06336	62320
Q06338	Q06338	32661
Q06350	Q06350	59118
Q06405	Q06405	11312
Q06407	Q06407	113291
Q06412	Q06412	149113
Q06417	Q06417	36677
Q06436	Q06436	76317
Q06451	Q06451	68066
Q06497	Q06497	36367
Q06511	Q06511	28212
Q06525	Q06525	54139
Q06538	Q06538	89344
Q06567	Q06567	65917
Q06568	Q06568	21530
Q06624	Q06624	39273
Q06632	Q06632	153405
Q06667	Q06667	32918
Q06668	Q06668	55589
Q06672	Q06672	23713
Q06678	Q06678	42825
Q06683	Q06683	78546
Q06702	Q06702	34642
Q06709	Q06709	49690
Q06815	Q06815	42706
Q06819	Q06819	16776
Q06834	Q06834	33347
Q06835	Q06835	12260
Q06891	Q06891	21290
Q06991	Q06991	29251
Q07395	Q07395	70164
Q07500	Q07500	61659
Q07527	Q07527	165048
Q07534	Q07534	34204
Q07541	Q07541	16947
Q07623	Q07623	25216
Q07729	Q07729	55204
Q07799	Q07799	76622
Q07844	Q07844	93069
Q07921	Q07921	18605
Q07949	Q07949	44772
Q07951	Q07951	20061
Q07979	Q07979	57794
Q07980	Q07980	78248
Q07993	Q07993	38600
Q08003	Q08003	22850
Q08119	Q08119	82189
Q08176	Q08176	12758
Q08199	Q08199	48275
Q08219	Q08219	39600
Q08232	Q08232	35762
Q08269	Q08269	95869
Q08271	Q08271	53813
Q08287	Q08287	56966
Q08295	Q08295	68625
Q08299	Q08299	66970
Q08409	Q08409	157751
Q08457	Q08457	29557
Q08471	Q08471	68691
Q08485	Q08485	67193
Q08561	Q08561	13092
Q08579	Q08579	67186
Q08580	Q08580	44131
Q08622	Q08622	63853
Q08058	Q08058	23765
Q08746	Q08746	22963
Q12048	Q12048	14986
Q12100	Q12100	69615
Q9P305	Q9P305	14395
Q08673	Q08673	22048
Q08726	Q08726	39724
Q08732	Q08732	85696
Q08742	Q08742	16697
Q08745	Q08745	12739
Q08777	Q08777	57582
Q08817	Q08817	87326
Q08822	Q08822	69634
Q08873	Q08873	22748
Q08902	Q08902	56110
Q08906	Q08906	15302
Q08908	Q08908	80292
Q08911	Q08911	41714
Q08913	Q08913	41985
Q08914	Q08914	25926
Q08929	Q08929	71289
Q08930	Q08930	41032
Q08952	Q08952	30779
Q08963	Q08963	27193
Q08966	Q08966	55431
Q08977	Q08977	62780
Q08981	Q08981	23870
Q08991	Q08991	41971
Q08995	Q08995	115156
Q12000	Q12000	39514
Q12004	Q12004	37457
Q12008	Q12008	36073
Q12013	Q12013	85236
Q12015	Q12015	32935
Q12016	Q12016	20101
Q12025	Q12025	22769
Q12028	Q12028	93624
Q12029	Q12029	35414
Q12031	Q12031	64976
Q12034	Q12034	50943
Q12035	Q12035	25636
Q12049	Q12049	53719
Q12056	Q12056	16930
Q12066	Q12066	56887
Q12067	Q12067	34408
Q12069	Q12069	53399
Q12072	Q12072	93446
Q12078	Q12078	51775
Q12083	Q12083	82001
Q12084	Q12084	26595
Q12086	Q12086	49034
Q12090	Q12090	45880
Q12096	Q12096	57578
Q12102	Q12102	96254
Q12104	Q12104	52374
Q12107	Q12107	30856
Q12122	Q12122	48594
Q12125	Q12125	36280
Q12132	Q12132	43518
Q12133	Q12133	21349
Q12143	Q12143	25416
Q12153	Q12153	51856
Q12156	Q12156	17130
Q12161	Q12161	47068
Q12163	Q12163	26571
Q12165	Q12165	17020
Q12171	Q12171	72028
Q12172	Q12172	92468
Q12175	Q12175	102209
Q12180	Q12180	117927
Q12192	Q12192	35195
Q12199	Q12199	41020
Q12200	Q12200	132645
Q12204	Q12204	81769
Q12205	Q12205	96997
Q12209	Q12209	78949
Q12215	Q12215	58230
Q12218	Q12218	47849
Q12222	Q12222	43206
Q12232	Q12232	67452
Q12233	Q12233	12921
Q12234	Q12234	56069
Q12235	Q12235	58905
Q12242	Q12242	75361
Q12245	Q12245	16573
Q12270	Q12270	29500
Q12283	Q12283	40707
Q12286	Q12286	30258
Q12289	Q12289	34754
Q12296	Q12296	77712
Q12308	Q12308	67683
Q12310	Q12310	78939
Q12318	Q12318	28251
Q12326	Q12326	34863
Q12329	Q12329	42817
Q12335	Q12335	20966
Q12338	Q12338	12482
Q12342	Q12342	56549
Q12345	Q12345	28243
Q12347	Q12347	40475
Q12348	Q12348	76388
Q12359	Q12359	30028
Q12369	Q12369	112979
Q12372	Q12372	64218
Q12375	Q12375	31520
Q12378	Q12378	22541
Q12385	Q12385	45141
Q12387	Q12387	92809
Q12390	Q12390	26340
Q12395	Q12395	32204
Q12398	Q12398	48871
Q12403	Q12403	26511
Q12405	Q12405	43727
Q12408	Q12408	19063
Q12415	Q12415	49146
Q12420	Q12420	66430
Q12427	Q12427	56264
Q12431	Q12431	12404
Q12433	Q12433	63869
Q12434	Q12434	23138
Q12442	Q12442	36279
Q12447	Q12447	21947
Q12450	Q12450	23515
Q12453	Q12453	84769
Q12455	Q12455	34091
Q12458	Q12458	34755
Q12471	Q12471	45318
Q12487	Q12487	18463
Q12493	Q12493	26976
Q12510	Q12510	59156
Q12520	Q12520	38075
Q12525	Q12525	36715
Q12676	Q12676	47851
Q12743	Q12743	38131
Q12751	Q12751	113249
Q12753	Q12753	76671
Q2V2P4	Q2V2P4	8165
Q2V2P9	Q2V2P9	7452
Q3E705	Q3E705	27121
Q3E731	Q3E731	11105
Q3E785	Q3E785	9352
Q3E790	Q3E790	9579
Q3E798	Q3E798	9985
Q3E7A4	Q3E7A4	12947
Q3E7B2	Q3E7B2	9882
Q3E7C1	Q3E7C1	8232
Q3E7Y3	Q3E7Y3	14626
Q3E7Y6	Q3E7Y6	8547
Q3E827	Q3E827	10869
Q3E829	Q3E829	9050
Q3E834	Q3E834	9436
Q3E835	Q3E835	10549
Q6Q560	Q6Q560	11266
Q6Q595	Q6Q595	19678
Q8TGJ3	Q8TGJ3	8196
Q99181	Q99181	24503
Q99186	Q99186	55387
Q99188	Q99188	35100
Q99189	Q99189	110745
Q99288	Q99288	39172
Q99297	Q99297	34007
Q99316	Q99316	32401
Q99332	Q99332	67293
Q99344	Q99344	33278
Q99359	Q99359	74722
Q99382	Q99382	20742
Q99393	Q99393	36608
Q9URQ5	Q9URQ5	9180
A2P2R3	A2P2R3	29272
O14468	O14468	8617
O74302	O74302	49009
P00498	P00498	32266
P00912	P00912	24144
P02407	P02407	15788
P03874	P03874	73861
P03875	P03875	96079
P03876	P03876	98008
P06174	P06174	30912
P07172	P07172	42646
P07236	P07236	54092
P07252	P07252	76172
P07265	P07265	68183
P07390	P07390	57488
P07635	P07635	11249
P08019	P08019	61463
P08459	P08459	55939
P08468	P08468	94523
P09007	P09007	25514
P09932	P09932	66089
P0C155	P0C155	65093
P0C271	P0C271	4622
P0C2H7	P0C2H7	15505
P0C2I4	P0C2I4	53325
P0C2I8	P0C2I8	49003
P0C2J4	P0C2J4	49771
P0CE11	P0CE11	27688
P0CX09	P0CX09	56470
P0CX10	P0CX10	47328
Q08646	Q08646	43100
P0CF21	P0CF21	13943
P0CF22	P0CF22	22812
P17122	P17122	23131
P20048	P20048	58906
P28789	P28789	36675
P32775	P32775	81116
P35184	P35184	47167
P36004	P36004	82590
P38187	P38187	83856
P38206	P38206	66211
P38314	P38314	57187
P38622	P38622	57981
P0CX11	P0CX11	47328
P0CX13	P0CX13	45165
P0CX22	P0CX22	203781
P0CX24	P0CX24	20437
P0CX57	P0CX57	49072
P0CX58	P0CX58	49072
P0CX59	P0CX59	49098
P0CX60	P0CX60	49098
P0CX61	P0CX61	49762
P0CX62	P0CX62	49762
P0CX65	P0CX65	49129
P0CX66	P0CX66	49129
P0CX67	P0CX67	49129
P0CX69	P0CX69	49129
P0CX70	P0CX70	48953
P0CX71	P0CX71	48953
P0CX72	P0CX72	48953
P0CX73	P0CX73	48953
P0CX74	P0CX74	48993
P0CX75	P0CX75	48993
P0CX76	P0CX76	48993
P0CY07	P0CY07	20413
P0CY09	P0CY09	24282
P0CY11	P0CY11	14803
P10508	P10508	54896
P10595	P10595	8650
P10596	P10596	60575
P10597	P10597	8650
P10662	P10662	36729
P10663	P10663	13538
P14127	P14127	15803
P14905	P14905	44608
P15685	P15685	68226
P16120	P16120	57474
P16151	P16151	43230
P16523	P16523	31111
P16547	P16547	44580
P16639	P16639	57930
P17123	P17123	19912
P17558	P17558	35998
P18496	P18496	32094
P18634	P18634	59758
P18962	P18962	93404
P19956	P19956	11476
P20049	P20049	50923
P21264	P21264	62339
P21304	P21304	63803
P21339	P21339	129971
P21623	P21623	61391
P21705	P21705	29079
P22023	P22023	156477
P22215	P22215	50903
P22281	P22281	56698
P22434	P22434	42016
P23250	P23250	46623
P23796	P23796	58882
P23797	P23797	35446
P24031	P24031	52777
P24720	P24720	77230
P25036	P25036	52089
P25040	P25040	45994
P25335	P25335	38714
P25351	P25351	69218
P25354	P25354	27564
P25366	P25366	41647
P25372	P25372	14432
P25380	P25380	52008
P25383	P25383	49841
P25568	P25568	58844
P25579	P25579	64792
P25584	P25584	16593
P25585	P25585	17139
P25611	P25611	95690
P25617	P25617	33593
P25619	P25619	37045
P25642	P25642	16380
P25649	P25649	15117
P25659	P25659	26756
P28625	P28625	41637
P28778	P28778	15021
P30402	P30402	24811
P30777	P30777	72566
P32317	P32317	58265
P32351	P32351	39071
P32375	P32375	50126
P32388	P32388	16021
P32435	P32435	13271
P32448	P32448	59347
P32452	P32452	38225
P32453	P32453	36851
P32487	P32487	68090
P32493	P32493	59748
P32572	P32572	34240
P32583	P32583	41015
P32606	P32606	93408
P32616	P32616	16469
P32634	P32634	195383
P32645	P32645	31655
P32770	P32770	79299
P32806	P32806	53815
P32857	P32857	60018
P32858	P32858	12936
P32896	P32896	103944
P32902	P32902	44152
P32903	P32903	4501
P33303	P33303	35340
P33304	P33304	71364
P33323	P33323	20744
P33331	P33331	14453
P33335	P33335	59426
P33757	P33757	59919
P34228	P34228	127992
P34231	P34231	81033
P34234	P34234	34326
P34250	P34250	125593
P35172	P35172	89679
P35178	P35178	33203
P35195	P35195	11518
P35209	P35209	84697
P35724	P35724	109737
P35735	P35735	40463
P36026	P36026	82703
P36029	P36029	69243
P36032	P36032	52257
P36038	P36038	31157
P36054	P36054	24135
P36078	P36078	13641
P36090	P36090	58895
P36125	P36125	31993
P36137	P36137	50981
P36139	P36139	31246
P36141	P36141	15650
P36150	P36150	66125
P36157	P36157	39862
P36158	P36158	68281
P36172	P36172	63361
P36534	P36534	33751
P36973	P36973	19986
P37267	P37267	17532
P37293	P37293	32804
P37304	P37304	92872
P38061	P38061	14771
P38073	P38073	103397
P38079	P38079	38720
P38081	P38081	57822
P38087	P38087	36555
P38089	P38089	44176
P38120	P38120	31925
P38124	P38124	61629
P38141	P38141	51823
P38142	P38142	53526
P38145	P38145	26196
P38151	P38151	45782
P38152	P38152	32173
P38156	P38156	68263
P38157	P38157	54194
P38172	P38172	30545
P38176	P38176	50892
P38197	P38197	29123
P38222	P38222	62594
P38229	P38229	73355
P38230	P38230	37019
P38234	P38234	22921
P38271	P38271	37740
P38281	P38281	35759
P38305	P38305	14234
P38325	P38325	14610
P38330	P38330	83761
P38335	P38335	79028
P38343	P38343	16028
P38358	P38358	51677
P38693	P38693	52700
P38694	P38694	71321
P38702	P38702	40825
P38707	P38707	62207
P38708	P38708	77386
P38714	P38714	73694
P38732	P38732	67452
P38734	P38734	60620
P38738	P38738	77756
P38739	P38739	63808
P38745	P38745	61206
P38746	P38746	45715
P38750	P38750	69969
P38765	P38765	32563
P38767	P38767	64209
P38771	P38771	26407
P38774	P38774	27100
P38776	P38776	57838
P38635	P38635	38582
P38845	P38845	51116
P40045	P40045	14498
P40212	P40212	22525
P40478	P40478	31177
P40516	P40516	25486
P43591	P43591	39885
P43592	P43592	25915
P47042	P47042	75327
P49089	P49089	64470
P50873	P50873	57819
P53198	P53198	25275
P38784	P38784	21078
P38787	P38787	42821
P38790	P38790	33055
P38804	P38804	12009
P38809	P38809	40663
P38814	P38814	96398
P38819	P38819	24249
P38828	P38828	21314
P38829	P38829	25675
P38839	P38839	17036
P38848	P38848	66148
P38849	P38849	59818
P38852	P38852	40369
P38870	P38870	90109
P38872	P38872	27884
P38876	P38876	21036
P38884	P38884	36502
P38885	P38885	34113
P38887	P38887	68998
P38913	P38913	35546
P38921	P38921	31027
P38958	P38958	13188
P38969	P38969	48934
P38971	P38971	64014
P39005	P39005	29989
P39110	P39110	22067
P39523	P39523	105914
P39525	P39525	47555
P39551	P39551	35073
P39567	P39567	44386
P39682	P39682	74748
P39708	P39708	49627
P39709	P39709	68842
P39718	P39718	19877
P39937	P39937	59258
P39944	P39944	92261
P39955	P39955	100332
P39959	P39959	50320
P39961	P39961	91077
P39965	P39965	65880
P39967	P39967	86244
P39981	P39981	53324
P39982	P39982	11341
P40002	P40002	72534
P40006	P40006	24992
P40036	P40036	62319
P40037	P40037	13906
P40039	P40039	58050
P40041	P40041	56638
P40050	P40050	79548
P40060	P40060	14312
P40081	P40081	20441
P40095	P40095	63712
P40100	P40100	33733
P40155	P40155	23169
P40156	P40156	25274
P40187	P40187	61938
P40188	P40188	19229
P40210	P40210	55859
P40214	P40214	38570
P40309	P40309	97111
P40317	P40317	101082
P40325	P40325	22435
P40328	P40328	85300
P40342	P40342	17097
P40354	P40354	51897
P40434	P40434	197512
P40440	P40440	11638
P40451	P40451	22840
P40463	P40463	47961
P40464	P40464	34409
P40483	P40483	77414
P40491	P40491	18364
P40496	P40496	30513
P40511	P40511	112434
P40525	P40525	13641
P40529	P40529	32638
P40531	P40531	36670
P40533	P40533	54928
P40544	P40544	37418
P40545	P40545	29557
P40546	P40546	38889
P40561	P40561	28954
P40570	P40570	27600
P40889	P40889	197565
P40987	P40987	116648
P40990	P40990	41476
P41913	P41913	57048
P41945	P41945	52230
P41946	P41946	52088
P41947	P41947	52113
P42222	P42222	47313
P42223	P42223	98971
P42834	P42834	16474
P42842	P42842	102336
P42883	P42883	38620
P42940	P42940	28759
P42941	P42941	34207
P42943	P42943	59736
P42948	P42948	63856
P43538	P43538	43829
P43548	P43548	61052
P43557	P43557	24019
P43562	P43562	60610
P43570	P43570	57619
P43597	P43597	137698
P43598	P43598	21783
P43607	P43607	31865
P43611	P43611	59360
P43613	P43613	34191
P43615	P43615	27879
P43620	P43620	75914
P45819	P45819	47700
P45820	P45820	12515
P46151	P46151	73942
P46955	P46955	35412
P46958	P46958	53216
P46973	P46973	18376
P46983	P46983	33740
P46993	P46993	24946
P46997	P46997	67389
P46999	P46999	30215
P47005	P47005	77367
P47007	P47007	44863
P47015	P47015	41461
P47018	P47018	53477
P47046	P47046	91256
P47048	P47048	52849
P47049	P47049	45016
P47051	P47051	47003
P47081	P47081	14077
P47084	P47084	59766
P47085	P47085	38482
P47099	P47099	49112
P47111	P47111	15664
P47127	P47127	44428
P47140	P47140	37480
P47141	P47141	30224
P47148	P47148	32208
P47153	P47153	32011
P47155	P47155	23645
P47163	P47163	39024
P47165	P47165	23671
P47166	P47166	81171
P47172	P47172	39902
P47175	P47175	41192
P47177	P47177	45159
P47183	P47183	38632
P47187	P47187	45709
P47976	P47976	36772
P48353	P48353	25008
P48362	P48362	44951
P48526	P48526	115794
P48560	P48560	10170
P48564	P48564	61228
P50104	P50104	109825
P50112	P50112	29753
P50113	P50113	30683
P50273	P50273	79756
P52290	P52290	53076
P52911	P52911	63508
P52918	P52918	142118
P52924	P52924	43867
P53036	P53036	94729
P53046	P53046	131420
P53047	P53047	35486
P53050	P53050	50735
P53058	P53058	22152
P53060	P53060	27709
P53072	P53072	33550
P53099	P53099	64546
P53100	P53100	42984
P53118	P53118	78142
P53130	P53130	14922
P53139	P53139	16037
P53142	P53142	54331
P53147	P53147	31257
P53155	P53155	43321
P53172	P53172	58098
P53183	P53183	38259
P53200	P53200	28582
P53203	P53203	52943
P53241	P53241	69083
P53242	P53242	34048
P53248	P53248	68165
P53253	P53253	106466
P53257	P53257	35137
P53278	P53278	92698
P40441	P40441	50830
P53600	P53600	21688
P53881	P53881	34897
P53889	P53889	28792
P80235	P80235	77766
Q04949	Q04949	36825
Q05778	Q05778	30695
Q06149	Q06149	81274
Q06682	Q06682	56737
P53279	P53279	19152
P53285	P53285	54515
P53289	P53289	29263
P53292	P53292	39575
P53304	P53304	54473
P53305	P53305	12393
P53315	P53315	28448
P53316	P53316	89513
P53319	P53319	53923
P53338	P53338	54325
P53394	P53394	83384
P53438	P53438	85643
P53630	P53630	26257
P53723	P53723	47093
P53724	P53724	16283
P53733	P53733	10275
P53735	P53735	67461
P53744	P53744	62428
P53835	P53835	73353
P53850	P53850	46212
P53854	P53854	20374
P53857	P53857	47823
P53873	P53873	40308
P53878	P53878	46503
P53882	P53882	67401
P53883	P53883	45609
P53885	P53885	40278
P53892	P53892	40016
P53898	P53898	33667
P53913	P53913	20025
P53918	P53918	73802
P53949	P53949	22472
P53958	P53958	43749
P53960	P53960	50964
P53961	P53961	26817
P53970	P53970	27738
P54005	P54005	38760
P54730	P54730	46965
P56508	P56508	9180
P87262	P87262	13639
P87275	P87275	15753
P89113	P89113	5955
Q00453	Q00453	23855
Q00873	Q00873	26076
Q01766	Q01766	32994
Q02608	Q02608	13639
Q02710	Q02710	20614
Q02772	Q02772	12394
Q02803	Q02803	34045
Q02863	Q02863	56920
Q02875	Q02875	94357
Q02889	Q02889	12252
Q02961	Q02961	45014
Q02981	Q02981	76176
Q03029	Q03029	24989
Q03079	Q03079	24166
Q03085	Q03085	31925
Q03099	Q03099	155553
Q03151	Q03151	42144
Q03153	Q03153	70414
Q03201	Q03201	23424
Q03218	Q03218	56209
Q03264	Q03264	59540
Q03266	Q03266	42640
Q03419	Q03419	36492
Q03441	Q03441	49932
Q03483	Q03483	49835
Q03516	Q03516	107673
Q03525	Q03525	23949
Q03652	Q03652	55312
Q03667	Q03667	16669
Q03673	Q03673	22742
Q03697	Q03697	49615
Q03760	Q03760	39207
Q03786	Q03786	22175
Q03796	Q03796	27383
Q03798	Q03798	29077
Q03799	Q03799	17471
Q03856	Q03856	49056
Q03880	Q03880	13962
Q03899	Q03899	65243
Q03942	Q03942	55950
Q03964	Q03964	49445
Q03976	Q03976	37393
Q04005	Q04005	33114
Q04007	Q04007	98331
Q04083	Q04083	41385
Q04201	Q04201	12893
Q04210	Q04210	19178
Q04212	Q04212	38220
Q04215	Q04215	49274
Q04216	Q04216	39187
Q04225	Q04225	57261
Q04233	Q04233	87140
Q04301	Q04301	62640
Q04329	Q04329	14337
Q04341	Q04341	13866
Q04383	Q04383	58202
Q04399	Q04399	69281
Q04418	Q04418	50192
Q04429	Q04429	47578
Q04487	Q04487	22309
Q04516	Q04516	35764
Q04533	Q04533	74313
Q04585	Q04585	79161
Q04598	Q04598	12030
Q04599	Q04599	30996
Q04600	Q04600	63992
Q04602	Q04602	85683
Q04623	Q04623	53185
Q04689	Q04689	35977
Q04706	Q04706	49122
Q04734	Q04734	26697
Q04767	Q04767	18693
Q04772	Q04772	23182
Q04792	Q04792	65990
Q04806	Q04806	42403
Q05015	Q05015	24534
Q05648	Q05648	47173
Q05672	Q05672	51957
Q05676	Q05676	8416
Q05827	Q05827	5573
Q05863	Q05863	18197
Q05867	Q05867	36574
Q05905	Q05905	27501
Q05937	Q05937	37718
Q05955	Q05955	57833
Q06011	Q06011	12515
Q06108	Q06108	120395
Q06109	Q06109	31133
Q06116	Q06116	285904
Q06134	Q06134	55138
Q06177	Q06177	9834
Q06200	Q06200	50328
Q06214	Q06214	55264
Q06216	Q06216	74146
Q06247	Q06247	69606
Q06466	Q06466	53809
Q06469	Q06469	29163
Q06479	Q06479	93123
Q06485	Q06485	20400
Q06490	Q06490	63298
Q06494	Q06494	38601
Q06543	Q06543	30653
Q06563	Q06563	22915
Q06597	Q06597	14883
Q06616	Q06616	25411
Q06636	Q06636	25262
Q06640	Q06640	54437
Q06644	Q06644	77570
Q06665	Q06665	82043
Q06673	Q06673	145052
Q06686	Q06686	27534
Q06688	Q06688	31707
Q06689	Q06689	72698
Q06698	Q06698	163045
Q06707	Q06707	15121
Q06820	Q06820	64958
Q06822	Q06822	50563
Q07349	Q07349	48312
Q07351	Q07351	54367
Q07362	Q07362	19881
Q07376	Q07376	53566
Q07451	Q07451	22903
Q07458	Q07458	33812
Q07549	Q07549	15673
Q07653	Q07653	113616
Q07655	Q07655	70690
Q07660	Q07660	129725
Q07684	Q07684	51320
Q07748	Q07748	38574
Q07786	Q07786	38097
Q07788	Q07788	45680
Q07798	Q07798	102170
Q07843	Q07843	27378
Q07872	Q07872	28271
Q07888	Q07888	154988
Q07895	Q07895	97618
Q07897	Q07897	33394
Q07904	Q07904	58531
Q07959	Q07959	62571
Q07987	Q07987	13178
Q07988	Q07988	24462
Q07990	Q07990	16950
Q08045	Q08045	14922
Q08157	Q08157	60901
Q08182	Q08182	27387
Q08202	Q08202	27167
Q08223	Q08223	45851
Q08225	Q08225	80510
Q08226	Q08226	109715
Q08227	Q08227	43799
Q08237	Q08237	32895
Q08961	Q08961	67178
Q12074	Q12074	33324
Q12152	Q12152	100646
P18411	P18411	22063
Q08234	Q08234	145072
Q08268	Q08268	54707
Q08280	Q08280	55084
Q08347	Q08347	72646
Q08416	Q08416	18092
Q08421	Q08421	47352
Q08422	Q08422	16734
Q08553	Q08553	20866
Q08693	Q08693	91995
Q08729	Q08729	48099
Q08750	Q08750	57237
Q08818	Q08818	79947
Q08904	Q08904	61287
Q08907	Q08907	19836
Q08919	Q08919	88756
Q08926	Q08926	34222
Q08932	Q08932	43998
Q08956	Q08956	52873
Q08970	Q08970	52434
Q08971	Q08971	17445
Q12021	Q12021	58230
Q12026	Q12026	12693
Q12036	Q12036	19973
Q12040	Q12040	26177
Q12057	Q12057	32084
Q12059	Q12059	52853
Q12085	Q12085	49056
Q12089	Q12089	70310
Q12091	Q12091	16758
Q12109	Q12109	49350
Q12117	Q12117	36191
Q12119	Q12119	57327
Q12128	Q12128	46216
Q12139	Q12139	130117
Q12144	Q12144	32637
Q12145	Q12145	35358
Q12155	Q12155	19089
Q12167	Q12167	42829
Q12189	Q12189	28258
Q12194	Q12194	54893
Q12202	Q12202	82328
Q12214	Q12214	54764
Q12217	Q12217	49067
Q12221	Q12221	119508
Q12226	Q12226	52837
Q12239	Q12239	39742
Q12244	Q12244	97610
Q12247	Q12247	18190
Q12251	Q12251	35913
Q12252	Q12252	112546
Q12260	Q12260	49898
Q12266	Q12266	49285
Q12272	Q12272	26196
Q12275	Q12275	186907
Q12276	Q12276	139458
Q12282	Q12282	26157
Q12288	Q12288	28826
Q12291	Q12291	42041
Q12293	Q12293	49867
Q12314	Q12314	24744
Q12325	Q12325	99651
Q12340	Q12340	91084
Q12350	Q12350	35028
Q12354	Q12354	24700
Q12358	Q12358	46983
Q12367	Q12367	41392
Q12368	Q12368	22679
Q12374	Q12374	70862
Q12391	Q12391	49309
Q12392	Q12392	49689
Q12393	Q12393	33868
Q12407	Q12407	77501
Q12412	Q12412	60251
Q12424	Q12424	85984
Q12428	Q12428	57684
Q12436	Q12436	46363
Q12439	Q12439	49736
Q12441	Q12441	49187
Q12454	Q12454	26024
Q12467	Q12467	48827
Q12470	Q12470	49232
Q12480	Q12480	36803
Q12485	Q12485	49034
Q12500	Q12500	86426
Q12504	Q12504	57289
Q12507	Q12507	39021
Q12512	Q12512	27567
Q12515	Q12515	31886
Q12516	Q12516	49580
Q12672	Q12672	18274
Q12690	Q12690	22554
Q2V2P8	Q2V2P8	10244
Q2V2Q1	Q2V2Q1	12739
Q3E6R5	Q3E6R5	12714
Q3E752	Q3E752	7055
Q3E764	Q3E764	6941
Q3E7X8	Q3E7X8	143092
Q3E824	Q3E824	9618
Q3E828	Q3E828	6017
Q3E830	Q3E830	8097
Q6Q546	Q6Q546	8272
Q6Q5H1	Q6Q5H1	48965
Q6Q5K6	Q6Q5K6	7514
Q6Q5X2	Q6Q5X2	5966
Q7LHD1	Q7LHD1	13713
Q86ZR7	Q86ZR7	26170
Q8TGM6	Q8TGM6	14345
Q8TGN9	Q8TGN9	17536
Q92392	Q92392	49005
Q99177	Q99177	39860
Q99208	Q99208	155398
Q99234	Q99234	71730
Q99247	Q99247	125382
Q99252	Q99252	68015
Q99303	Q99303	49724
Q99369	Q99369	30418
Q99373	Q99373	29103
A0A023PXB5	A0A023PXB5	11193
A0A023PXH9	A0A023PXH9	27059
A0A023PZA4	A0A023PZA4	13179
A0A023PZI1	A0A023PZI1	12402
A0A023PZL7	A0A023PZL7	13839
A5Z2X5	A5Z2X5	7902
D0VFN3	D0VFN3	65990
D5MS22	D5MS22	60639
D6VPM8	D6VPM8	20703
O13511	O13511	12919
O13512	O13512	13273
O13529	O13529	17435
O13543	O13543	13120
O13548	O13548	13360
O13549	O13549	12919
O13550	O13550	13718
O13554	O13554	12162
O13584	O13584	12069
O13585	O13585	102579
O13587	O13587	11805
O43137	O43137	9405
O94084	O94084	27835
O94143	O94143	11666
P08521	P08521	2979
P08593	P08593	30957
P09937	P09937	38591
P0C261	P0C261	14368
P0C5B8	P0C5B8	18609
P0CD97	P0CD97	7986
P0CD98	P0CD98	16456
P0CE69	P0CE69	34652
P0CE85	P0CE85	13173
P0CE86	P0CE86	17714
P0CE87	P0CE87	17714
P0CE88	P0CE88	12866
P0CE89	P0CE89	12866
P0CE90	P0CE90	12905
P0CE91	P0CE91	12905
P0CE92	P0CE92	12850
P0CE93	P0CE93	12850
P0CF18	P0CF18	48502
P0CF19	P0CF19	24483
P0CF20	P0CF20	19462
P0CF34	P0CF34	121962
P0CF35	P0CF35	26487
P0CF36	P0CF36	15936
P0CL27	P0CL27	17367
P0CL28	P0CL28	17367
P0CL29	P0CL29	17367
P0CL30	P0CL30	17367
P0CL31	P0CL31	17367
P0CL34	P0CL34	18627
P0CL35	P0CL35	18627
P0CL36	P0CL36	18627
P0CL37	P0CL37	18437
P0CL38	P0CL38	18568
P0CL39	P0CL39	18568
P0CL40	P0CL40	18568
P0CL41	P0CL41	18605
P0CL42	P0CL42	18605
P0CT86	P0CT86	8955
P0CX12	P0CX12	45165
P0CX18	P0CX18	20594
P0CX19	P0CX19	20594
P0CX99	P0CX99	18593
P0CY12	P0CY12	13882
P0CY13	P0CY13	13882
P10356	P10356	49490
P13130	P13130	34226
P22313	P22313	32782
P22580	P22580	61410
P23060	P23060	40783
P23493	P23493	36935
P25355	P25355	65206
P25361	P25361	14779
P25362	P25362	25224
P25370	P25370	64913
O42831	O42831	17003
P32788	P32788	32639
P33199	P33199	14961
P38216	P38216	14617
P38854	P38854	56314
P25565	P25565	30197
P25607	P25607	21125
P25608	P25608	40121
P25610	P25610	13187
P25612	P25612	40911
P25616	P25616	36278
P25631	P25631	24694
P25639	P25639	70922
P25654	P25654	20704
P28003	P28003	47068
P28626	P28626	16851
P29589	P29589	19776
P32047	P32047	49210
P32330	P32330	96022
P32385	P32385	28862
P32450	P32450	11722
P32460	P32460	27313
P32488	P32488	37110
P32564	P32564	20118
P32612	P32612	12820
P32618	P32618	106133
P32633	P32633	16094
P32792	P32792	44235
P33324	P33324	36073
P34224	P34224	22278
P34246	P34246	39842
P34251	P34251	34524
P35198	P35198	49060
P35719	P35719	25097
P35736	P35736	103144
P35994	P35994	13048
P35995	P35995	82248
P36025	P36025	31880
P36034	P36034	48545
P36052	P36052	46509
P36066	P36066	54488
P36082	P36082	15159
P36083	P36083	52088
P36085	P36085	88836
P36086	P36086	28039
P36103	P36103	32293
P36114	P36114	81754
P36129	P36129	23239
P36134	P36134	29208
P36138	P36138	20226
P36151	P36151	39406
P36154	P36154	18436
P36155	P36155	36113
P36522	P36522	1852
P37263	P37263	17738
P37265	P37265	12887
P38083	P38083	46445
P38150	P38150	92904
P38155	P38155	12848
P38177	P38177	51997
P38189	P38189	14415
P38190	P38190	13194
P38191	P38191	16085
P38192	P38192	12447
P38195	P38195	28562
P38202	P38202	12401
P38213	P38213	82336
P38231	P38231	20513
P38232	P38232	38747
P38235	P38235	40296
P38239	P38239	20596
P38240	P38240	16039
P38243	P38243	23548
P38246	P38246	41770
P38253	P38253	14321
P38256	P38256	27092
P38267	P38267	18098
P38268	P38268	20215
P38276	P38276	20454
P38277	P38277	60469
P38280	P38280	70175
P38284	P38284	28772
P38290	P38290	32197
P38292	P38292	48579
P38306	P38306	24203
P38308	P38308	104615
P38312	P38312	16347
P38318	P38318	63010
P38320	P38320	19323
P38346	P38346	61219
P38355	P38355	47506
P38374	P38374	7365
P38430	P38430	36032
P38690	P38690	46864
P38709	P38709	56000
P38716	P38716	42445
P38721	P38721	79026
P38723	P38723	45880
P38725	P38725	12880
P38726	P38726	13315
P38728	P38728	19812
P38740	P38740	35717
P38744	P38744	14026
P38747	P38747	36113
P38763	P38763	28996
P38832	P38832	16635
P38833	P38833	27132
P38835	P38835	96099
P38841	P38841	12753
P38842	P38842	27146
P38867	P38867	52048
P38893	P38893	37933
P39101	P39101	44855
P39529	P39529	86663
P39542	P39542	45937
P39549	P39549	8910
P39557	P39557	12897
P39721	P39721	27089
P39931	P39931	27289
P39945	P39945	48371
P39975	P39975	26815
P39991	P39991	136069
P39996	P39996	38235
P40008	P40008	25086
P40022	P40022	21191
P40042	P40042	20686
P40049	P40049	33466
P40052	P40052	23197
P40053	P40053	72414
P40057	P40057	14313
P40093	P40093	38174
P40097	P40097	12458
P40098	P40098	27698
P40113	P40113	34435
P40157	P40157	88846
P40159	P40159	20151
P40206	P40206	24665
P40209	P40209	63139
P40326	P40326	12279
P40361	P40361	104264
P40364	P40364	28470
P40446	P40446	12940
P40447	P40447	21620
P40449	P40449	27112
P40456	P40456	128735
P40470	P40470	23845
P40476	P40476	34651
P40497	P40497	71006
P40500	P40500	23859
P40502	P40502	16924
P40508	P40508	36946
P40514	P40514	75482
P40520	P40520	13030
P40521	P40521	10333
P40524	P40524	12045
P40534	P40534	75021
P40560	P40560	59732
P40569	P40569	13245
P40579	P40579	27481
P40585	P40585	13159
P40892	P40892	21480
P40893	P40893	21967
P40962	P40962	27054
P41902	P41902	7321
P42840	P42840	32308
P42884	P42884	41991
P42933	P42933	42163
P42936	P42936	26297
P42942	P42942	45214
P42946	P42946	41488
P42947	P42947	42508
P43537	P43537	16473
P43542	P43542	45312
P43546	P43546	16595
P43547	P43547	23919
P43552	P43552	18110
P43575	P43575	12845
P43590	P43590	61754
P43595	P43595	22435
P43600	P43600	25721
P43604	P43604	18809
P43617	P43617	34391
P43624	P43624	14003
P46679	P46679	97828
P46949	P46949	90798
P46991	P46991	17732
P46996	P46996	61525
P46998	P46998	20185
P47009	P47009	11660
P47010	P47010	14844
P47014	P47014	84466
P47020	P47020	12803
P47023	P47023	48035
P47034	P47034	14828
P47036	P47036	15652
P47044	P47044	26864
P47065	P47065	39813
P47072	P47072	63207
P47087	P47087	14566
P47090	P47090	58117
P47101	P47101	84290
P53728	P53728	34946
P53755	P53755	54831
Q03482	Q03482	8571
Q07622	Q07622	69371
P47115	P47115	27361
P47129	P47129	35521
P47131	P47131	11250
P47139	P47139	74235
P47144	P47144	80656
P47145	P47145	37205
P47146	P47146	14204
P47157	P47157	13411
P47159	P47159	49664
P47173	P47173	39690
P47174	P47174	13171
P47181	P47181	38972
P47182	P47182	32570
P48235	P48235	23997
P48569	P48569	37047
P50084	P50084	15840
P50088	P50088	10545
P50263	P50263	8874
P50943	P50943	16168
P53009	P53009	91001
P53053	P53053	44804
P53057	P53057	17953
P53066	P53066	20074
P53074	P53074	17262
P53077	P53077	14488
P53078	P53078	31969
P53081	P53081	31888
P53087	P53087	17936
P53089	P53089	11351
P53117	P53117	34706
P53120	P53120	137476
P53134	P53134	80009
P53171	P53171	32959
P53194	P53194	13790
P53209	P53209	22226
P53210	P53210	34679
P53212	P53212	31700
P53217	P53217	33255
P53227	P53227	31025
P53243	P53243	92250
P53265	P53265	46668
P53270	P53270	53438
P53272	P53272	45305
P53287	P53287	13108
P53288	P53288	22179
P53293	P53293	44301
P53326	P53326	81191
P53336	P53336	38546
P53339	P53339	16782
P53343	P53343	12820
P53344	P53344	45678
P53427	P53427	12891
P53583	P53583	61667
P53584	P53584	51644
P53736	P53736	28636
P53745	P53745	68082
P53747	P53747	24317
P53748	P53748	35659
P53749	P53749	69663
P53750	P53750	32756
P53751	P53751	125200
P53752	P53752	49655
P53757	P53757	37852
P53822	P53822	45288
P53841	P53841	15314
P53862	P53862	28642
P53869	P53869	10648
P53908	P53908	15319
P53912	P53912	41164
P53925	P53925	74039
P53928	P53928	19713
P53929	P53929	30748
P53932	P53932	71196
P53947	P53947	35046
P53956	P53956	19350
P53962	P53962	43848
P53964	P53964	31386
P53975	P53975	31326
P54072	P54072	64032
P54858	P54858	35964
P85052	P85052	18006
P87267	P87267	13086
P87286	P87286	15970
Q01684	Q01684	21512
Q02202	Q02202	44583
Q02203	Q02203	58710
Q02209	Q02209	41300
Q02606	Q02606	42477
Q02651	Q02651	28399
Q02754	Q02754	22776
Q02771	Q02771	12281
Q02781	Q02781	14903
Q02786	Q02786	11332
Q02799	Q02799	33596
Q02820	Q02820	6337
Q02864	Q02864	18435
Q02873	Q02873	28570
Q02895	Q02895	39683
Q03036	Q03036	21519
Q03049	Q03049	38586
Q03050	Q03050	12834
Q03102	Q03102	39976
Q03104	Q03104	59589
Q03177	Q03177	94254
Q03187	Q03187	28771
Q03193	Q03193	34631
Q03210	Q03210	57742
Q03219	Q03219	31145
Q03233	Q03233	22110
Q03263	Q03263	59562
Q03361	Q03361	98691
Q03362	Q03362	25266
Q03508	Q03508	54106
Q03559	Q03559	22179
Q03629	Q03629	22461
Q03648	Q03648	52246
Q03653	Q03653	89191
Q03730	Q03730	43749
Q03780	Q03780	86433
Q03783	Q03783	11234
Q03795	Q03795	60044
Q03823	Q03823	95097
Q03900	Q03900	57194
Q03913	Q03913	22811
Q03983	Q03983	53730
Q04018	Q04018	37383
Q04033	Q04033	42484
Q04093	Q04093	78108
Q04100	Q04100	15389
Q04162	Q04162	61509
Q04170	Q04170	26274
Q04231	Q04231	20270
Q04304	Q04304	24882
Q04336	Q04336	126624
Q04398	Q04398	15580
Q04406	Q04406	21071
Q04408	Q04408	55490
Q04413	Q04413	12526
Q04438	Q04438	13180
Q04489	Q04489	59469
Q04608	Q04608	37604
Q04748	Q04748	104748
Q04773	Q04773	15977
Q04835	Q04835	46659
Q04867	Q04867	35852
Q04869	Q04869	38216
Q04922	Q04922	53168
Q04925	Q04925	47414
Q04991	Q04991	56178
Q05497	Q05497	77846
Q05611	Q05611	26582
Q05637	Q05637	11887
Q05812	Q05812	80530
Q05854	Q05854	151279
Q05881	Q05881	40928
Q05899	Q05899	13947
Q05948	Q05948	46423
Q06070	Q06070	25546
Q06089	Q06089	17731
Q06107	Q06107	36750
Q06139	Q06139	11348
Q06146	Q06146	35998
Q06152	Q06152	32004
Q06158	Q06158	13801
Q06170	Q06170	27424
Q06199	Q06199	23293
Q06235	Q06235	13055
Q06251	Q06251	71265
Q06252	Q06252	22151
Q06523	Q06523	49279
Q06524	Q06524	24305
Q06537	Q06537	15778
Q06595	Q06595	55077
Q06608	Q06608	22508
Q06674	Q06674	47337
Q06839	Q06839	123084
Q07379	Q07379	36687
Q07454	Q07454	113891
Q07505	Q07505	30837
Q07521	Q07521	11196
Q07530	Q07530	34295
Q07535	Q07535	14135
Q07555	Q07555	32916
Q07589	Q07589	39783
Q07629	Q07629	34450
Q07716	Q07716	44383
Q07747	Q07747	36977
Q07829	Q07829	13351
Q07834	Q07834	94597
Q07887	Q07887	20847
Q07928	Q07928	16011
Q07986	Q07986	23378
Q07992	Q07992	13880
Q08023	Q08023	66690
Q08054	Q08054	37256
Q08206	Q08206	84352
Q12185	Q12185	45939
Q12108	Q12108	64294
Q12489	Q12489	12175
Q08213	Q08213	42398
Q08238	Q08238	15097
Q08240	Q08240	18364
Q08272	Q08272	14393
Q08300	Q08300	19574
Q08322	Q08322	12877
Q08361	Q08361	15722
Q08474	Q08474	11764
Q08498	Q08498	13227
Q08522	Q08522	12545
Q08559	Q08559	14792
Q08560	Q08560	16180
Q08630	Q08630	12390
Q08634	Q08634	35210
Q08687	Q08687	20839
Q08692	Q08692	32758
Q08743	Q08743	36195
Q08748	Q08748	147426
Q08774	Q08774	27967
Q08786	Q08786	20500
Q08816	Q08816	39275
Q08844	Q08844	80285
Q08900	Q08900	13800
Q08910	Q08910	22140
Q08912	Q08912	70221
Q08954	Q08954	26758
Q08958	Q08958	13826
Q08964	Q08964	128133
Q08969	Q08969	19026
Q08974	Q08974	22197
Q08979	Q08979	75433
Q08980	Q08980	39703
Q08989	Q08989	54538
Q08993	Q08993	27858
Q12012	Q12012	29099
Q12020	Q12020	45140
Q12027	Q12027	81465
Q12032	Q12032	21229
Q12042	Q12042	31347
Q12044	Q12044	29256
Q12064	Q12064	20893
Q12079	Q12079	30600
Q12082	Q12082	13563
Q12103	Q12103	72856
Q12116	Q12116	52230
Q12121	Q12121	40752
Q12129	Q12129	25286
Q12134	Q12134	28414
Q12160	Q12160	15441
Q12177	Q12177	32148
Q12179	Q12179	52257
Q12182	Q12182	36908
Q12212	Q12212	71846
Q12253	Q12253	31054
Q12254	Q12254	27611
Q12257	Q12257	19058
Q12259	Q12259	55601
Q12298	Q12298	61191
Q12301	Q12301	62288
Q12322	Q12322	23190
Q12331	Q12331	30634
Q12346	Q12346	24606
Q12370	Q12370	13093
Q12418	Q12418	56357
Q12459	Q12459	70123
Q12479	Q12479	17881
Q12486	Q12486	24840
Q12497	Q12497	10845
Q12498	Q12498	32012
Q12523	Q12523	57324
Q12529	Q12529	43750
Q2V2P2	Q2V2P2	8531
Q2V2P3	Q2V2P3	8519
Q2V2P5	Q2V2P5	8502
Q2V2Q2	Q2V2Q2	7798
Q3E6R4	Q3E6R4	6324
Q3E747	Q3E747	9738
Q3E756	Q3E756	11161
Q3E769	Q3E769	10933
Q3E770	Q3E770	12850
Q3E784	Q3E784	9735
Q3E7A3	Q3E7A3	7741
Q3E7A7	Q3E7A7	11811
Q3E7A8	Q3E7A8	8265
Q3E7A9	Q3E7A9	8202
Q3E7B0	Q3E7B0	4459
Q3E7B7	Q3E7B7	7949
Q3E7B9	Q3E7B9	8604
Q3E7Y4	Q3E7Y4	11974
Q3E7Y5	Q3E7Y5	76246
Q3E808	Q3E808	5609
Q3E811	Q3E811	7280
Q3E823	Q3E823	7533
Q3E841	Q3E841	10781
Q3E842	Q3E842	7981
Q6B0V8	Q6B0V8	13451
Q6B0X2	Q6B0X2	11980
Q6B2U8	Q6B2U8	13886
Q6Q5P6	Q6Q5P6	48214
Q7M4S9	Q7M4S9	86976
Q870I1	Q870I1	11126
Q8TGK5	Q8TGK5	18616
Q8TGM7	Q8TGM7	6921
Q8TGU5	Q8TGU5	4514
Q8TGU7	Q8TGU7	7759
Q96VH4	Q96VH4	20994
Q99326	Q99326	42109
Q99341	Q99341	18662
Q9ZZX0	Q9ZZX0	42279
A0A023PXA5	A0A023PXA5	21605
A0A023PXB0	A0A023PXB0	12092
A0A023PXB9	A0A023PXB9	13391
A0A023PXC2	A0A023PXC2	12414
A0A023PXC7	A0A023PXC7	15999
A0A023PXD3	A0A023PXD3	11926
A0A023PXD5	A0A023PXD5	14885
A0A023PXD9	A0A023PXD9	11665
A0A023PXE5	A0A023PXE5	12357
A0A023PXE8	A0A023PXE8	11958
A0A023PXF2	A0A023PXF2	12235
A0A023PXF5	A0A023PXF5	11974
A0A023PXF8	A0A023PXF8	15856
A0A023PXG3	A0A023PXG3	14768
A0A023PXG7	A0A023PXG7	12051
A0A023PXH2	A0A023PXH2	12510
A0A023PXH4	A0A023PXH4	17438
A0A023PXH5	A0A023PXH5	5170
A0A023PXH6	A0A023PXH6	14518
A0A023PXI0	A0A023PXI0	14327
A0A023PXI4	A0A023PXI4	11607
A0A023PXI5	A0A023PXI5	21368
A0A023PXI8	A0A023PXI8	12380
A0A023PXJ3	A0A023PXJ3	13260
A0A023PXJ7	A0A023PXJ7	11675
A0A023PXK2	A0A023PXK2	20823
A0A023PXK7	A0A023PXK7	31820
A0A023PXL1	A0A023PXL1	22435
A0A023PXL7	A0A023PXL7	16240
A0A023PXM2	A0A023PXM2	9265
A0A023PXM7	A0A023PXM7	14179
A0A023PXN3	A0A023PXN3	14499
A0A023PXN9	A0A023PXN9	16970
A0A023PXP4	A0A023PXP4	14669
A0A023PXP7	A0A023PXP7	14545
A0A023PXQ4	A0A023PXQ4	43890
A0A023PXQ9	A0A023PXQ9	11216
A0A023PYC6	A0A023PYC6	11223
A0A023PYD0	A0A023PYD0	15823
A0A023PYD3	A0A023PYD3	12867
A0A023PYD7	A0A023PYD7	18445
A0A023PYD9	A0A023PYD9	19365
A0A023PYE4	A0A023PYE4	12901
A0A023PYE9	A0A023PYE9	20007
A0A023PYF4	A0A023PYF4	16018
A0A023PYF7	A0A023PYF7	13972
A0A023PYG1	A0A023PYG1	17933
A0A023PYG5	A0A023PYG5	12274
A0A023PYH0	A0A023PYH0	15284
A0A023PYH5	A0A023PYH5	14085
A0A023PYH8	A0A023PYH8	14124
A0A023PYI2	A0A023PYI2	11940
A0A023PYI5	A0A023PYI5	15235
A0A023PYJ0	A0A023PYJ0	13446
A0A023PYJ4	A0A023PYJ4	12887
A0A023PYJ7	A0A023PYJ7	13469
A0A023PYK2	A0A023PYK2	12959
A0A023PZ94	A0A023PZ94	11414
A0A023PZ99	A0A023PZ99	12837
A0A023PZA9	A0A023PZA9	12904
A0A023PZB3	A0A023PZB3	14348
A0A023PZB8	A0A023PZB8	12599
A0A023PZC3	A0A023PZC3	13357
A0A023PZC7	A0A023PZC7	21595
A0A023PZD0	A0A023PZD0	24214
A0A023PZD5	A0A023PZD5	17065
A0A023PZE1	A0A023PZE1	12202
A0A023PZE2	A0A023PZE2	12154
A0A023PZE4	A0A023PZE4	9601
A0A023PZE6	A0A023PZE6	12316
A0A023PZE8	A0A023PZE8	15507
A0A023PZE9	A0A023PZE9	13443
A0A023PZF2	A0A023PZF2	15939
A0A023PZF3	A0A023PZF3	17541
A0A023PZF5	A0A023PZF5	12723
A0A023PZF9	A0A023PZF9	11613
A0A023PZG0	A0A023PZG0	20288
A0A023PZG4	A0A023PZG4	11596
A0A023PZG5	A0A023PZG5	11524
A0A023PZG9	A0A023PZG9	14525
A0A023PZH1	A0A023PZH1	13421
A0A023PZH4	A0A023PZH4	11822
A0A023PZH5	A0A023PZH5	12852
A0A023PZH9	A0A023PZH9	16290
A0A023PZI4	A0A023PZI4	13252
A0A023PZI9	A0A023PZI9	18121
A0A023PZJ3	A0A023PZJ3	13554
A0A023PZJ9	A0A023PZJ9	13917
A0A023PZK4	A0A023PZK4	13675
A0A023PZK9	A0A023PZK9	14447
A0A023PZL2	A0A023PZL2	14510
A0A023PZM3	A0A023PZM3	15156
A0A0B7P221	A0A0B7P221	3468
A0A8D9PCQ4	A0A8D9PCQ4	17365
A0A8D9PH56	A0A8D9PH56	6660
A0A8D9UGQ7	A0A8D9UGQ7	10381
A0A8D9UGU6	A0A8D9UGU6	9566
C9ELN8	C9ELN8	66089
D2XNA6	D2XNA6	48953
D2XNR6	D2XNR6	49841
D3W7A4	D3W7A4	32713
D3W8P2	D3W8P2	17024
I2HB52	I2HB52	7328
I2HB70	I2HB70	12411
O13513	O13513	12969
O13514	O13514	13704
O13515	O13515	13264
O13517	O13517	11657
O13518	O13518	15114
O13519	O13519	12929
O13520	O13520	19682
O13521	O13521	13375
O13522	O13522	18197
O13523	O13523	20862
O13530	O13530	14218
O13531	O13531	13020
O13532	O13532	12637
O13533	O13533	11536
O13534	O13534	18038
O13536	O13536	11902
O13537	O13537	13740
O13540	O13540	14742
O13541	O13541	12951
O13542	O13542	13303
O13544	O13544	14090
O13545	O13545	14166
O13546	O13546	12234
O13553	O13553	16673
O13555	O13555	14545
O13556	O13556	23494
O13557	O13557	20581
O13558	O13558	12013
O13560	O13560	10678
O13561	O13561	13710
O13562	O13562	14689
O13564	O13564	13132
O13565	O13565	20283
O13566	O13566	15773
O13567	O13567	11585
O13568	O13568	14931
O13569	O13569	18443
O13570	O13570	20919
O13571	O13571	12230
O13572	O13572	19322
O13573	O13573	12402
O13574	O13574	13562
O13575	O13575	13194
O13576	O13576	15101
O13578	O13578	12346
O13579	O13579	14155
O13582	O13582	13893
O13583	O13583	14206
O13586	O13586	11948
O13588	O13588	11336
O94085	O94085	20018
O94086	O94086	18497
P03881	P03881	56413
P0C0V2	P0C0V2	11411
P0C1V3	P0C1V3	7406
P0C1Z1	P0C1Z1	3534
P0C268	P0C268	6873
P0C269	P0C269	4642
P0C270	P0C270	3954
P0C272	P0C272	7021
P0C289	P0C289	6508
P0C5E0	P0C5E0	13746
P0C5E1	P0C5E1	14025
P0C5K9	P0C5K9	3401
P0C5L0	P0C5L0	5740
P0C5L1	P0C5L1	9173
P0C5L2	P0C5L2	10625
P0C5L3	P0C5L3	5603
P0C5L4	P0C5L4	6235
P0C5L5	P0C5L5	3109
P0C5L6	P0C5L6	9721
P0C5L7	P0C5L7	4450
P0C5L8	P0C5L8	5643
P0C5L9	P0C5L9	2930
P0C5M0	P0C5M0	5329
P0C5M1	P0C5M1	3689
P0C5M2	P0C5M2	10117
P0C5M3	P0C5M3	10572
P0C5M4	P0C5M4	9337
P0C5M5	P0C5M5	4317
P0C5M6	P0C5M6	7490
P0C5M7	P0C5M7	7510
P0C5M8	P0C5M8	3423
P0C5M9	P0C5M9	10051
P0C5N0	P0C5N0	7345
P0C5N1	P0C5N1	6603
P0C5N2	P0C5N2	4636
P0C5N3	P0C5N3	18103
P0C5N4	P0C5N4	3071
P0C5N5	P0C5N5	3915
P0C5N6	P0C5N6	6741
P0C5N7	P0C5N7	6772
P0C5N8	P0C5N8	6820
P0C5N9	P0C5N9	8426
P0C5P0	P0C5P0	10084
P0C5P1	P0C5P1	4051
P0C5P2	P0C5P2	3406
P0C5P3	P0C5P3	3344
P0C5P4	P0C5P4	5842
P0C5P5	P0C5P5	9186
P0C5P6	P0C5P6	3944
P0C5P7	P0C5P7	9718
P0C5P8	P0C5P8	3325
P0C5P9	P0C5P9	6254
P0C5Q0	P0C5Q0	5109
P0C5Q1	P0C5Q1	4681
P0C5Q2	P0C5Q2	3191
P0C5Q3	P0C5Q3	5704
P0C5Q4	P0C5Q4	8823
P0C5Q5	P0C5Q5	7016
P0C5Q6	P0C5Q6	8537
P0C5Q7	P0C5Q7	8278
P0C5Q8	P0C5Q8	6021
P0C5Q9	P0C5Q9	3813
P0C5R0	P0C5R0	4311
P0C5R1	P0C5R1	8600
P0C5R2	P0C5R2	9565
P0C5R3	P0C5R3	8506
P0C5R4	P0C5R4	5633
P0C5R5	P0C5R5	10096
P0C5R6	P0C5R6	6914
P0C5R7	P0C5R7	8063
P0C5R8	P0C5R8	7268
P0C5S0	P0C5S0	10161
P0C5S1	P0C5S1	3068
P0CE96	P0CE96	13138
P0CE97	P0CE97	13138
P0CE98	P0CE98	13138
P0CE99	P0CE99	8195
P0CF00	P0CF00	6145
P0CF16	P0CF16	33971
P0CF17	P0CF17	84602
P0CF33	P0CF33	11554
P0CI66	P0CI66	21145
P0CI67	P0CI67	21145
P0CL23	P0CL23	5420
P0CL24	P0CL24	5420
P0CL25	P0CL25	8646
P0CL26	P0CL26	8646
P0CL32	P0CL32	7517
P0CL33	P0CL33	7517
P0CX16	P0CX16	24171
P0CX17	P0CX17	24171
P0CX88	P0CX88	12860
P0CX89	P0CX89	12860
P0CX90	P0CX90	7610
P0CX91	P0CX91	7610
P0CX92	P0CX92	10917
P0CX93	P0CX93	10917
P0CX94	P0CX94	18602
P0CX95	P0CX95	18602
P0CX96	P0CX96	18602
P0CX97	P0CX97	18602
P0CX98	P0CX98	18602
P0CY00	P0CY00	18593
P0CY01	P0CY01	18593
P0CY02	P0CY02	4707
P0CY03	P0CY03	4707
P0CY04	P0CY04	4707
P0CY05	P0CY05	4707
P25347	P25347	12514
P25350	P25350	18291
P25352	P25352	16064
P25561	P25561	13559
P25562	P25562	19573
P25563	P25563	13531
P25571	P25571	19050
P25572	P25572	13360
P25575	P25575	12049
P25577	P25577	35652
P25593	P25593	30222
P25600	P25600	34507
P25601	P25601	16049
P25602	P25602	28249
P25603	P25603	15469
P25606	P25606	35257
P25614	P25614	22780
P25620	P25620	13176
P25629	P25629	15993
P25630	P25630	11717
P25640	P25640	15776
P25650	P25650	13503
P25652	P25652	19825
P25657	P25657	17960
P40543	P40543	21791
P38354	P38354	16811
P32475	P32475	13676
P32630	P32630	19335
P32772	P32772	25732
P32859	P32859	14909
P34215	P34215	12318
P34238	P34238	12288
P34245	P34245	15443
P34249	P34249	11423
P35725	P35725	19004
P35733	P35733	14704
P36030	P36030	13317
P36031	P36031	13119
P36042	P36042	21237
P36050	P36050	14171
P36058	P36058	19616
P36061	P36061	22674
P36065	P36065	14288
P36067	P36067	19761
P36071	P36071	15193
P36072	P36072	11761
P36073	P36073	15329
P36074	P36074	12944
P36079	P36079	23674
P36087	P36087	19828
P36089	P36089	16669
P36092	P36092	12448
P36098	P36098	15626
P36099	P36099	22956
P36109	P36109	14331
P36111	P36111	66584
P36127	P36127	12414
P36128	P36128	15668
P36133	P36133	19222
P36140	P36140	12332
P36153	P36153	11974
P37264	P37264	14351
P38161	P38161	11662
P38168	P38168	11250
P38171	P38171	11087
P38173	P38173	12079
P38178	P38178	16159
P38180	P38180	40767
P38183	P38183	16327
P38184	P38184	12087
P38185	P38185	11540
P38186	P38186	11547
P38188	P38188	13830
P38194	P38194	13850
P38201	P38201	42604
P38209	P38209	15301
P38214	P38214	16067
P38215	P38215	14482
P38220	P38220	12841
P38223	P38223	11485
P38233	P38233	13438
P38252	P38252	22094
P38258	P38258	14784
P38269	P38269	13219
P38275	P38275	15524
P38294	P38294	11457
P38296	P38296	14440
P38299	P38299	60643
P38303	P38303	11028
P38309	P38309	11838
P38311	P38311	12127
P38317	P38317	14787
P38321	P38321	101236
P38322	P38322	15803
P38327	P38327	12750
P38338	P38338	80426
P38350	P38350	14650
P38357	P38357	14420
P38362	P38362	18881
P38722	P38722	31505
P38729	P38729	17570
P38730	P38730	17554
P38733	P38733	15453
P38752	P38752	15382
P38775	P38775	62692
P38780	P38780	41061
P38799	P38799	63331
P38808	P38808	19025
P38831	P38831	11885
P38834	P38834	13397
P38864	P38864	12877
P38868	P38868	18139
P38898	P38898	17081
P38899	P38899	68851
P38900	P38900	70128
P39532	P39532	12942
P39534	P39534	12522
P39541	P39541	25439
P39545	P39545	5674
P39550	P39550	13288
P39559	P39559	11143
P39563	P39563	11139
P39564	P39564	18011
P39566	P39566	11605
P39703	P39703	23740
P39710	P39710	12113
P39711	P39711	11004
P39725	P39725	11648
P39728	P39728	30457
P39971	P39971	24465
P39972	P39972	13994
P39973	P39973	13062
P39974	P39974	11960
P39977	P39977	12911
P39978	P39978	21721
P39989	P39989	17360
P39992	P39992	78319
P39999	P39999	12209
P40000	P40000	13523
P40001	P40001	14022
P40058	P40058	20484
P40062	P40062	12728
P40076	P40076	12941
P40082	P40082	15421
P40083	P40083	16603
P40101	P40101	35911
P40102	P40102	15395
P40103	P40103	27312
P40104	P40104	14008
P40162	P40162	16674
P40163	P40163	22418
P40166	P40166	11775
P40168	P40168	28321
P40211	P40211	12108
P40323	P40323	18046
P40355	P40355	108427
P40365	P40365	12748
P40448	P40448	13989
P40455	P40455	27201
P40461	P40461	14438
P40488	P40488	11290
P40490	P40490	13493
P40503	P40503	11584
P40519	P40519	15673
P40523	P40523	70733
P40536	P40536	13784
P40538	P40538	16587
P40539	P40539	14952
P40542	P40542	14083
P40551	P40551	13235
P40572	P40572	28882
P40575	P40575	11672
P40584	P40584	13019
P40586	P40586	27422
P40587	P40587	27454
P40588	P40588	7428
P40891	P40891	16970
P40895	P40895	13857
P40896	P40896	35905
P40898	P40898	16822
P43539	P43539	11785
P43540	P43540	20427
P43541	P43541	17473
P43566	P43566	12384
P43576	P43576	13747
P43578	P43578	19301
P43580	P43580	17180
P43599	P43599	41031
P43608	P43608	12457
P43622	P43622	20459
P43625	P43625	17503
P46945	P46945	63276
P46986	P46986	12477
P46987	P46987	69476
P46994	P46994	14007
P47003	P47003	13653
P47004	P47004	11878
P47012	P47012	12374
P47021	P47021	12425
P47022	P47022	25598
P47028	P47028	14154
P47038	P47038	13854
P47053	P47053	29238
P47059	P47059	12378
P47062	P47062	12897
P47063	P47063	15715
P47066	P47066	11533
P47073	P47073	11271
P47078	P47078	12658
P47080	P47080	11857
P47086	P47086	30473
P47091	P47091	13289
P47092	P47092	12281
P47094	P47094	15282
P47105	P47105	14404
P47106	P47106	13020
P47107	P47107	127439
P47121	P47121	13981
P47126	P47126	12597
P47132	P47132	13145
P47151	P47151	13965
P47152	P47152	19049
P47162	P47162	13497
P47184	P47184	13940
P53275	P53275	35685
Q02872	Q02872	19819
P47188	P47188	13383
P48238	P48238	25169
P48568	P48568	32197
P50083	P50083	8246
P50089	P50089	89241
P53054	P53054	20131
P53056	P53056	9030
P53069	P53069	11409
P53071	P53071	19334
P53084	P53084	24153
P53085	P53085	12100
P53092	P53092	16750
P53097	P53097	12000
P53098	P53098	7035
P53103	P53103	12220
P53105	P53105	13679
P53106	P53106	21924
P53110	P53110	41635
P53113	P53113	24082
P53116	P53116	11645
P53122	P53122	40846
P53126	P53126	12228
P53132	P53132	16921
P53133	P53133	30755
P53138	P53138	12435
P53143	P53143	16175
P53151	P53151	14219
P53156	P53156	36390
P53160	P53160	11500
P53161	P53161	13388
P53162	P53162	16084
P53175	P53175	12058
P53181	P53181	12127
P53182	P53182	7549
P53186	P53186	13573
P53190	P53190	12210
P53205	P53205	12409
P53211	P53211	11897
P53213	P53213	11720
P53216	P53216	11711
P53222	P53222	12907
P53225	P53225	12325
P53229	P53229	13645
P53231	P53231	13510
P53232	P53232	12091
P53234	P53234	32200
P53240	P53240	14391
P53245	P53245	13603
P53247	P53247	14066
P53249	P53249	40877
P53263	P53263	17425
P53268	P53268	15399
P53269	P53269	27237
P53274	P53274	25846
P53282	P53282	14462
P53284	P53284	13248
P53291	P53291	13193
P53300	P53300	13612
P53302	P53302	13396
P53307	P53307	13267
P53308	P53308	11925
P53310	P53310	11551
P53321	P53321	16121
P53325	P53325	16077
P53329	P53329	20015
P53340	P53340	8452
P53342	P53342	17314
P53717	P53717	14726
P53719	P53719	23077
P53726	P53726	13725
P53737	P53737	15316
P53754	P53754	31219
P53758	P53758	9740
P53820	P53820	5951
P53821	P53821	9700
P53825	P53825	14855
P53826	P53826	16051
P53827	P53827	13562
P53828	P53828	11442
P53831	P53831	14073
P53837	P53837	14116
P53842	P53842	15510
P53856	P53856	16153
P53864	P53864	16040
P53870	P53870	63917
P53876	P53876	12470
P53880	P53880	17611
P53884	P53884	20959
P53887	P53887	14643
P53888	P53888	14681
P53891	P53891	46177
P53902	P53902	14844
P53906	P53906	11887
P53907	P53907	84202
P53910	P53910	21678
P53922	P53922	17914
P53926	P53926	15042
P53936	P53936	17117
P53948	P53948	11628
P53952	P53952	31437
P53957	P53957	11305
P53963	P53963	69373
P53967	P53967	12445
P53976	P53976	69552
P53977	P53977	12537
P53979	P53979	14973
P53980	P53980	49913
P54007	P54007	41127
P87012	P87012	17817
P87191	P87191	14098
P87261	P87261	21658
P87263	P87263	19855
P87264	P87264	12180
P87266	P87266	21327
P87268	P87268	14613
P87269	P87269	15602
P87270	P87270	14457
P87271	P87271	10691
P87272	P87272	14111
P87273	P87273	12690
P87274	P87274	16916
P87280	P87280	13049
P87281	P87281	11506
P87282	P87282	13616
P87283	P87283	13927
P87285	P87285	10628
P87287	P87287	15540
P87288	P87288	12303
P89495	P89495	12882
P89888	P89888	22796
P90471	P90471	8558
P9WEN8	P9WEN8	5872
P9WEN9	P9WEN9	5872
Q02217	Q02217	22705
Q02590	Q02590	8146
Q02598	Q02598	11664
Q02659	Q02659	20609
Q02749	Q02749	33098
Q02826	Q02826	12464
Q02831	Q02831	27469
Q03051	Q03051	11349
Q03057	Q03057	15912
Q03080	Q03080	36115
Q03083	Q03083	18904
Q03186	Q03186	14510
Q03205	Q03205	23249
Q03207	Q03207	14473
Q03208	Q03208	40060
Q03231	Q03231	17602
Q03236	Q03236	50288
Q03418	Q03418	18825
Q03480	Q03480	15418
Q03675	Q03675	14530
Q03695	Q03695	35018
Q03703	Q03703	38023
Q03722	Q03722	76138
Q03759	Q03759	12339
Q03787	Q03787	43790
Q03788	Q03788	10499
Q03831	Q03831	15189
Q03864	Q03864	12700
Q03879	Q03879	14146
Q03884	Q03884	13148
Q03885	Q03885	22888
Q03886	Q03886	8971
Q03888	Q03888	27550
Q03904	Q03904	12882
Q04019	Q04019	23194
Q04069	Q04069	12390
Q04203	Q04203	9904
Q04223	Q04223	35278
Q04276	Q04276	14090
Q04434	Q04434	18557
Q04436	Q04436	13266
Q04501	Q04501	15034
Q04502	Q04502	14167
Q04521	Q04521	12030
Q04526	Q04526	47350
Q04597	Q04597	11963
Q04674	Q04674	14293
Q04814	Q04814	15635
Q04838	Q04838	11816
Q04893	Q04893	113181
Q04897	Q04897	11817
Q04898	Q04898	11622
Q04909	Q04909	8984
Q04923	Q04923	11171
Q04978	Q04978	23943
Q05451	Q05451	6578
Q05503	Q05503	11544
Q05510	Q05510	17500
Q05530	Q05530	13422
Q05612	Q05612	11913
Q05898	Q05898	12180
Q06051	Q06051	18514
Q06057	Q06057	6937
Q06127	Q06127	14330
Q06150	Q06150	66344
Q06267	Q06267	13564
Q06594	Q06594	11893
Q06695	Q06695	14716
Q06813	Q06813	42594
Q06821	Q06821	50835
Q07074	Q07074	8384
Q07355	Q07355	14094
Q07410	Q07410	15985
Q07435	Q07435	12165
Q07438	Q07438	13602
Q07509	Q07509	19693
Q07613	Q07613	12806
Q07649	Q07649	20261
Q07658	Q07658	24163
Q07738	Q07738	13494
Q07746	Q07746	13255
Q07790	Q07790	14752
Q07811	Q07811	11749
Q07865	Q07865	14349
Q07880	Q07880	16870
Q07881	Q07881	14843
Q07927	Q07927	12079
Q07967	Q07967	29985
Q07978	Q07978	21846
Q07989	Q07989	12261
Q08018	Q08018	15848
Q08027	Q08027	15766
Q08110	Q08110	13917
Q08118	Q08118	67689
Q08172	Q08172	20110
Q08187	Q08187	22429
Q08205	Q08205	13253
Q08207	Q08207	11676
Q08216	Q08216	24106
Q08222	Q08222	11284
Q08241	Q08241	13442
Q08259	Q08259	12270
Q08270	Q08270	12423
Q08293	Q08293	11783
Q08321	Q08321	13497
Q08373	Q08373	12936
Q08411	Q08411	15182
Q08419	Q08419	12358
Q08428	Q08428	15256
Q08439	Q08439	15640
Q08486	Q08486	12140
Q08503	Q08503	13287
Q08504	Q08504	12335
Q08521	Q08521	12384
Q08532	Q08532	13598
Q08533	Q08533	10736
Q08540	Q08540	18712
Q08543	Q08543	11578
Q08604	Q08604	13225
Q08620	Q08620	14669
Q08621	Q08621	14191
Q08681	Q08681	11103
Q08728	Q08728	15237
Q08734	Q08734	15195
Q08736	Q08736	10480
Q08741	Q08741	12155
Q08756	Q08756	12216
Q08789	Q08789	16207
Q08811	Q08811	12868
Q08842	Q08842	14772
Q08872	Q08872	13097
Q08903	Q08903	13282
Q08909	Q08909	34064
Q08915	Q08915	16944
Q08916	Q08916	11425
Q08922	Q08922	13208
Q08927	Q08927	15796
Q08953	Q08953	15934
Q08976	Q08976	11841
Q08984	Q08984	59389
Q08990	Q08990	11421
Q08994	Q08994	11766
Q12023	Q12023	11616
Q12047	Q12047	11987
Q12058	Q12058	11349
Q12070	Q12070	11872
Q12077	Q12077	12569
Q12110	Q12110	49493
Q12111	Q12111	12311
Q12115	Q12115	11371
Q12130	Q12130	15919
Q12135	Q12135	17565
Q12138	Q12138	15199
Q12140	Q12140	34796
Q12147	Q12147	11389
Q12148	Q12148	10751
Q12169	Q12169	13874
Q12174	Q12174	12739
Q12187	Q12187	12905
Q12195	Q12195	8892
Q12210	Q12210	12725
Q12219	Q12219	34975
Q12225	Q12225	12688
Q12240	Q12240	15182
Q12243	Q12243	12921
Q12249	Q12249	16010
Q12261	Q12261	16877
Q12264	Q12264	11431
Q12274	Q12274	19401
Q12281	Q12281	11521
Q12307	Q12307	13734
Q12312	Q12312	14363
Q12327	Q12327	13157
Q12336	Q12336	19283
Q12351	Q12351	15482
Q12352	Q12352	11971
Q12394	Q12394	13682
Q12426	Q12426	12694
Q12444	Q12444	16294
Q12448	Q12448	12919
Q12484	Q12484	12176
Q12492	Q12492	15661
Q12496	Q12496	118392
Q12506	Q12506	12524
Q12528	Q12528	12655
Q12531	Q12531	27775
Q12744	Q12744	15007
Q2V2P0	Q2V2P0	9249
Q2V2P1	Q2V2P1	7078
Q2V2P6	Q2V2P6	9624
Q2V2P7	Q2V2P7	9103
Q2V2Q0	Q2V2Q0	9633
Q2V2Q3	Q2V2Q3	7718
Q35811	Q35811	5849
Q3E732	Q3E732	4521
Q3E735	Q3E735	9779
Q3E736	Q3E736	9036
Q3E737	Q3E737	5049
Q3E739	Q3E739	7680
Q3E740	Q3E740	8690
Q3E741	Q3E741	3447
Q3E742	Q3E742	7999
Q3E743	Q3E743	12481
Q3E744	Q3E744	10027
Q3E746	Q3E746	5985
Q3E750	Q3E750	6994
Q3E751	Q3E751	10112
Q3E755	Q3E755	6460
Q3E758	Q3E758	5096
Q3E760	Q3E760	11259
Q3E762	Q3E762	7615
Q3E763	Q3E763	7667
Q3E765	Q3E765	8358
Q3E766	Q3E766	7309
Q3E767	Q3E767	5315
Q3E771	Q3E771	7163
Q3E774	Q3E774	5091
Q3E775	Q3E775	1976
Q3E776	Q3E776	13741
Q3E778	Q3E778	3925
Q3E781	Q3E781	4086
Q3E782	Q3E782	5152
Q3E786	Q3E786	7827
Q3E787	Q3E787	6297
Q3E789	Q3E789	5589
Q3E791	Q3E791	11308
Q3E794	Q3E794	6143
Q3E795	Q3E795	11050
Q3E796	Q3E796	7673
Q3E7A0	Q3E7A0	4678
Q3E7A2	Q3E7A2	6263
Q3E7A5	Q3E7A5	6999
Q3E7A6	Q3E7A6	4411
Q3E7B3	Q3E7B3	7756
Q3E7B4	Q3E7B4	7679
Q3E7B5	Q3E7B5	7276
Q3E7Y7	Q3E7Y7	6124
Q3E7Y8	Q3E7Y8	5203
Q3E7Y9	Q3E7Y9	7032
Q3E7Z0	Q3E7Z0	7208
Q3E7Z1	Q3E7Z1	7681
Q3E7Z2	Q3E7Z2	9933
Q3E7Z3	Q3E7Z3	5218
Q3E7Z4	Q3E7Z4	6308
Q3E7Z5	Q3E7Z5	7729
Q3E7Z6	Q3E7Z6	3200
Q3E7Z7	Q3E7Z7	4843
Q3E7Z8	Q3E7Z8	10612
Q3E7Z9	Q3E7Z9	3621
Q3E801	Q3E801	3144
Q3E802	Q3E802	4209
Q3E804	Q3E804	6702
Q3E805	Q3E805	6214
Q3E806	Q3E806	7832
Q3E807	Q3E807	8638
Q3E809	Q3E809	6103
Q3E810	Q3E810	6559
Q3E813	Q3E813	6045
Q3E814	Q3E814	6752
Q3E815	Q3E815	5710
Q3E816	Q3E816	8028
Q3E817	Q3E817	7583
Q3E818	Q3E818	6129
Q3E819	Q3E819	7266
Q3E820	Q3E820	6255
Q99248	Q99248	83366
Q3E821	Q3E821	9481
Q3E825	Q3E825	9633
Q3E826	Q3E826	8858
Q3E832	Q3E832	6133
Q3E837	Q3E837	4551
Q3E838	Q3E838	3377
Q3E843	Q3E843	5280
Q45U18	Q45U18	7598
Q45U48	Q45U48	8362
Q6B0R2	Q6B0R2	15360
Q6B0R7	Q6B0R7	11702
Q6B0V7	Q6B0V7	7227
Q6B0W0	Q6B0W0	12948
Q6B0W2	Q6B0W2	12184
Q6B0X1	Q6B0X1	20384
Q6B0Y1	Q6B0Y1	16730
Q6B0Y5	Q6B0Y5	4728
Q6B0Y6	Q6B0Y6	14509
Q6B0Y7	Q6B0Y7	14033
Q6B0Y8	Q6B0Y8	13414
Q6B0Z2	Q6B0Z2	11308
Q6B108	Q6B108	11856
Q6B113	Q6B113	4053
Q6B2I9	Q6B2I9	12629
Q6Q571	Q6Q571	13395
Q6Q572	Q6Q572	11879
Q6Q5F3	Q6Q5F3	17519
Q7LIF1	Q7LIF1	12342
Q7LIF2	Q7LIF2	12689
Q8J0M4	Q8J0M4	15588
Q8TGJ0	Q8TGJ0	6311
Q8TGJ1	Q8TGJ1	5952
Q8TGJ2	Q8TGJ2	3367
Q8TGJ4	Q8TGJ4	4191
Q8TGJ7	Q8TGJ7	6411
Q8TGJ8	Q8TGJ8	7936
Q8TGK0	Q8TGK0	11600
Q8TGK1	Q8TGK1	11184
Q8TGK4	Q8TGK4	8407
Q8TGK6	Q8TGK6	8759
Q8TGK7	Q8TGK7	9656
Q8TGK8	Q8TGK8	10355
Q8TGK9	Q8TGK9	5998
Q8TGL0	Q8TGL0	9136
Q8TGL1	Q8TGL1	3325
Q8TGL2	Q8TGL2	7946
Q8TGL3	Q8TGL3	7456
Q8TGL4	Q8TGL4	9893
Q8TGL5	Q8TGL5	3061
Q8TGL6	Q8TGL6	7936
Q8TGL7	Q8TGL7	3413
Q8TGL8	Q8TGL8	5896
Q8TGL9	Q8TGL9	3053
Q8TGM0	Q8TGM0	4258
Q8TGM1	Q8TGM1	3658
Q8TGM2	Q8TGM2	4735
Q8TGM3	Q8TGM3	3523
Q8TGM4	Q8TGM4	4942
Q8TGM5	Q8TGM5	7789
Q8TGM8	Q8TGM8	3540
Q8TGM9	Q8TGM9	10073
Q8TGN0	Q8TGN0	4232
Q8TGN1	Q8TGN1	5765
Q8TGN2	Q8TGN2	8685
Q8TGN3	Q8TGN3	3078
Q8TGN4	Q8TGN4	10501
Q8TGN5	Q8TGN5	5935
Q8TGN6	Q8TGN6	23717
Q8TGN7	Q8TGN7	8278
Q8TGN8	Q8TGN8	3155
Q8TGP0	Q8TGP0	5343
Q8TGP1	Q8TGP1	8264
Q8TGP2	Q8TGP2	7439
Q8TGP3	Q8TGP3	3449
Q8TGP4	Q8TGP4	6690
Q8TGP5	Q8TGP5	6861
Q8TGP6	Q8TGP6	5087
Q8TGP7	Q8TGP7	4068
Q8TGP8	Q8TGP8	16381
Q8TGP9	Q8TGP9	6409
Q8TGQ0	Q8TGQ0	8982
Q8TGQ1	Q8TGQ1	7510
Q8TGQ2	Q8TGQ2	12711
Q8TGQ3	Q8TGQ3	4380
Q8TGQ4	Q8TGQ4	3562
Q8TGQ5	Q8TGQ5	3679
Q8TGQ6	Q8TGQ6	5640
Q8TGQ7	Q8TGQ7	3584
Q8TGQ8	Q8TGQ8	8037
Q8TGQ9	Q8TGQ9	3350
Q8TGR0	Q8TGR0	7918
Q8TGR1	Q8TGR1	3987
Q8TGR2	Q8TGR2	11341
Q8TGR3	Q8TGR3	8775
Q8TGR4	Q8TGR4	5208
Q8TGR5	Q8TGR5	11238
Q8TGR6	Q8TGR6	4661
Q8TGR7	Q8TGR7	4417
Q8TGR8	Q8TGR8	35789
Q8TGR9	Q8TGR9	3838
Q8TGS0	Q8TGS0	5428
Q8TGS1	Q8TGS1	7709
Q8TGS2	Q8TGS2	5710
Q8TGS4	Q8TGS4	4054
Q8TGS5	Q8TGS5	4109
Q8TGS6	Q8TGS6	3101
Q8TGS7	Q8TGS7	3091
Q8TGS8	Q8TGS8	7228
Q8TGS9	Q8TGS9	8710
Q8TGT0	Q8TGT0	6247
Q8TGT1	Q8TGT1	5810
Q8TGT2	Q8TGT2	5988
Q8TGT3	Q8TGT3	4015
Q8TGT4	Q8TGT4	8926
Q8TGT5	Q8TGT5	4392
Q8TGT6	Q8TGT6	3505
Q8TGT7	Q8TGT7	4538
Q8TGT8	Q8TGT8	3395
Q8TGT9	Q8TGT9	6050
Q8TGU0	Q8TGU0	3169
Q8TGU1	Q8TGU1	5305
Q8TGU2	Q8TGU2	9953
Q8TGU3	Q8TGU3	3764
Q8TGU4	Q8TGU4	6467
Q8TGU6	Q8TGU6	7379
Q8TGU8	Q8TGU8	3853
Q8TGV0	Q8TGV0	3320
Q96VG5	Q96VG5	7729
Q96VG6	Q96VG6	10550
Q96VG8	Q96VG8	4826
Q96VH1	Q96VH1	9467
Q96VH2	Q96VH2	9572
Q96VH3	Q96VH3	14614
Q99296	Q99296	82799
Q99318	Q99318	11624
Q99339	Q99339	13487
Q99345	Q99345	12781
Q99395	Q99395	23260
Q99401	Q99401	13704
Q9ZZV8	Q9ZZV8	5912
Q9ZZW1	Q9ZZW1	16269
Q9ZZW2	Q9ZZW2	14136
Q9ZZW3	Q9ZZW3	5940
Q9ZZW4	Q9ZZW4	6868
Q9ZZX7	Q9ZZX7	12471
Q9ZZX8	Q9ZZX8	6271
Q9ZZX9	Q9ZZX9	15628
