Position_n,Cell_ID,cell_area_pxl,cell_vol_vox,cell_area_um2,cell_vol_fl,solidity
Position_9,24,3120,129229.0781,13.182,35.48953629,0.978977094
Position_9,25,2061,65395.08203,8.707725,17.95912361,0.97539044
Position_9,43,2988,119700.3594,12.6243,32.87271118,0.97999344
Position_9,45,3352,143523.5313,14.1622,39.41514969,0.982415006
Position_9,54,2967,118231.3359,12.535575,32.46928024,0.963311688
Position_9,57,2165,70008.36719,9.147125,19.22604752,0.960940968
Position_9,58,1114,23743.9668,4.70665,6.520686626,0.975481611
Position_9,59,2022,62513.4375,8.54295,17.16775322,0.974927676
Position_9,74,3658,159556.1875,15.45505,43.81811905,0.973390101
Position_9,77,1927,63126.08594,8.141575,17.33600044,0.975696203
Position_9,80,2635,96096.90625,11.132875,26.39061165,0.981012658
Position_9,84,1940,61552.23438,8.1965,16.90378189,0.973895582
Position_9,85,1860,59666.49609,7.8585,16.38591194,0.978947368
Position_9,90,1791,55797.91016,7.566975,15.32350063,0.977620087
Position_9,101,3233,133065.8594,13.659425,36.54321289,0.952844091
Position_9,120,1571,46082.15234,6.637475,12.65531063,0.978206725
Position_9,124,1910,60742.74219,8.06975,16.68147469,0.974987238
Position_9,128,1939,63377.47656,8.192275,17.40503883,0.97486174
Position_9,138,3264,133811.7813,13.7904,36.74805832,0.976368531
Position_9,139,2812,98427.35938,11.8807,27.03061295,0.977067408
Position_9,162,3470,145108.7969,14.66075,39.85050201,0.980780102
Position_10,35,2408,83740.53125,10.1738,22.99724388,0.979259862
Position_10,45,1491,40663.11719,6.299475,11.16710854,0.975147155
Position_10,46,2208,73563.375,9.3288,20.20234108,0.95543055
Position_10,49,3130,127799.6953,13.22425,35.09699249,0.972049689
Position_10,86,3046,116214.9375,12.86935,31.91552734,0.982580645
Position_10,92,3738,167384.8438,15.79305,45.96806335,0.980330448
Position_10,104,2804,97809.60938,11.8469,26.86096382,0.976663184
Position_10,114,1066,25338.6875,4.50385,6.958636761,0.979779412
Position_10,127,1317,35442.78125,5.564325,9.733473778,0.971238938
Position_10,140,1952,64329.63672,8.2472,17.66652679,0.979919679
Position_10,149,3823,172529.875,16.152175,47.38101578,0.973268839
Position_10,153,3104,121630.2813,13.1144,33.40271378,0.97979798
Position_10,161,2220,73344.34375,9.3795,20.14219093,0.980565371
Position_10,168,1038,22934.99219,4.38555,6.298521996,0.967381174
Position_10,169,4009,171391.9375,16.938025,47.06851196,0.945965078
Position_11,5,1741,54149.41016,7.355725,14.8707819,0.974258534
Position_11,6,3240,137299.625,13.689,37.70590973,0.977670489
Position_11,10,2057,66192.02344,8.690825,18.17798424,0.974419706
Position_11,11,2223,71967.51563,9.392175,19.76407814,0.966521739
Position_11,13,832,16143.63867,3.5152,4.433446884,0.95412844
Position_11,16,2187,75833.92188,9.240075,20.82588959,0.970275067
Position_11,17,1943,62341.03516,8.209175,17.1204071,0.980322906
Position_11,54,3128,124247.7031,13.2158,34.12152481,0.97811132
Position_11,55,3231,130435.0469,13.650975,35.82072449,0.979387693
Position_11,92,2803,110026.6953,11.842675,30.21608162,0.979385045
Position_11,96,2295,77609.6875,9.696375,21.31356049,0.973695375
Position_11,102,1789,54689.35156,7.558525,15.019063,0.976528384
Position_11,108,3149,128603.3281,13.304525,35.31768799,0.965358676
Position_11,128,2182,71914.53125,9.21895,19.74952698,0.974977659
Position_11,135,1364,35021.15625,5.7629,9.617685318,0.98200144
Position_11,158,3053,123954.6328,12.898925,34.04104233,0.977898783
Position_11,162,2253,79316.04688,9.518925,21.78216934,0.973638721
Position_11,166,2658,95225.75,11.23005,26.151371,0.979366249
Position_11,173,3223,132328.625,13.617175,36.34074783,0.978445659
Position_11,185,1189,29111.30664,5.023525,7.994692326,0.971405229
Position_11,194,2319,81532.71094,9.797775,22.39092064,0.981379602
Position_12,4,2604,97473.23438,11.0019,26.76858711,0.972730669
Position_12,6,2885,104206.9063,12.189125,28.61782074,0.941887039
Position_12,9,3065,125203.3125,12.949625,34.38396072,0.9808
Position_12,14,2136,70744.29688,9.0246,19.42815208,0.970467969
Position_12,25,2359,83008.5625,9.966775,22.7962265,0.971981871
Position_12,29,2597,93241.46094,10.972325,25.60643578,0.976682964
Position_12,30,995,22784.21484,4.203875,6.257114887,0.97453477
Position_12,32,3509,147606.1875,14.825525,40.53635025,0.982637917
Position_12,34,1459,40127.53906,6.164275,11.02002525,0.960500329
Position_12,35,1546,43309.00781,6.53185,11.89373589,0.97049592
Position_12,47,4036,184824.4531,17.0521,50.75741577,0.97961165
Position_12,54,3192,131085.375,13.4862,35.99932098,0.966394187
Position_12,55,4164,192347.625,17.5929,52.82346725,0.979995293
Position_12,68,2244,76004.8125,9.4809,20.87282181,0.977351916
Position_12,71,2182,74403.75,9.21895,20.43313026,0.96123348
Position_12,75,1395,38777.82031,5.893875,10.64935875,0.975524476
Position_12,80,1188,29337.5957,5.0193,8.056837082,0.977777778
Position_12,82,643,11151.26758,2.716675,3.062416792,0.975720789
Position_12,87,4098,190872.8438,17.31405,52.41845322,0.970859986
Position_12,88,675,13116.08984,2.851875,3.602006197,0.972622478
Position_12,99,1202,30857.85547,5.07845,8.474338531,0.980424144
Position_12,103,1577,45701.48047,6.662825,12.55076885,0.966891478
Position_12,105,1615,47795.07031,6.823375,13.12572098,0.9711365
Position_12,109,1502,42318.76953,6.34595,11.62179184,0.972797927
Position_12,115,167,1173.840576,0.705575,0.322365969,0.769585253
Position_12,119,2554,91091.82813,10.79065,25.0160923,0.981552652
Position_12,128,3234,133066.875,13.66365,36.54349136,0.98118932
Position_12,152,1810,54720.3125,7.64725,15.02756596,0.956659619
Position_12,155,2855,109909.4219,12.062375,30.18387413,0.973074301
Position_12,157,2843,104185.2656,12.011675,28.61187744,0.960797567
Position_12,158,2580,96544.51563,10.9005,26.51353645,0.97875569
Position_12,159,1326,34699.19141,5.60235,9.529265404,0.977876106
Position_12,160,2499,93583.91406,10.558275,25.70048141,0.981154299
Position_12,161,2772,106363.2969,11.7117,29.21002007,0.976744186
Position_12,162,2548,92344.61719,10.7653,25.36013985,0.975871314
Position_12,163,1339,32273.91016,5.657275,8.863222122,0.95167022
Position_12,171,2456,89058.16406,10.3766,24.45759773,0.981614708
Position_12,173,2042,68284.32813,8.62745,18.75258255,0.973307912
Position_13,8,2542,88208.75781,10.73995,24.22432899,0.975815739
Position_13,25,3093,128161.8281,13.067925,35.19644165,0.97848782
Position_13,30,3130,124899.4688,13.22425,34.30051422,0.976599064
Position_13,33,2357,84473.3125,9.958325,23.19848251,0.978008299
Position_13,44,2045,67818.33594,8.640125,18.6246109,0.965533522
Position_13,45,4646,237336.3125,19.62935,65.17848206,0.977693603
Position_13,53,1874,60564.75781,7.91765,16.63259697,0.96250642
Position_13,56,2882,104380.8906,12.17645,28.66560173,0.890605686
Position_13,62,1904,59878.52734,8.0444,16.44413948,0.979927946
Position_13,65,2191,74030.77344,9.256975,20.33069992,0.981191223
Position_13,68,2487,90187.34375,10.507575,24.76769829,0.982615567
Position_13,76,2418,81473.53906,10.21605,22.37467003,0.97225573
Position_13,78,2291,76921.08594,9.679475,21.12445259,0.97655584
Position_13,80,1723,51749.94531,7.279675,14.21182823,0.948266373
Position_13,81,1456,39503.24609,6.1516,10.84857845,0.968729208
Position_13,82,1405,38005.51172,5.936125,10.43726349,0.974341193
Position_13,84,1723,53031.79297,7.279675,14.56385612,0.979533826
Position_13,86,2543,92188.48438,10.744175,25.31726265,0.973210869
Position_13,91,2638,100066.7969,11.14555,27.4808445,0.979940565
Position_13,98,1074,25407.44336,4.53765,6.977519035,0.979033728
Position_13,102,2032,67881.72656,8.5852,18.64201927,0.975516083
Position_13,103,2964,119610.9688,12.5229,32.8481636,0.981782047
Position_13,104,976,22342.64453,4.1236,6.135848522,0.974051896
Position_13,106,945,21393.64063,3.992625,5.875228405,0.969230769
Position_13,112,1351,36231.4375,5.707975,9.950057983,0.973342939
Position_13,127,1505,43319.03125,6.358625,11.89648914,0.977272727
Position_13,137,1703,51457.53906,7.195175,14.13152599,0.97761194
Position_13,142,1928,61917.49219,8.1458,17.00409126,0.978680203
Position_13,145,2635,96116.9375,11.132875,26.39611435,0.977373887
Position_13,150,2732,101720.9766,11.5427,27.93512344,0.974669996
Position_13,156,3463,134152.7188,14.631175,36.84169006,0.981575964
Position_13,160,2022,67020.39063,8.54295,18.40547371,0.977756286
Position_13,163,1595,46846.74609,6.738875,12.86528778,0.971968312
Position_14,2,1160,28593.23438,4.901,7.852416992,0.974789916
Position_14,12,2001,66912.48438,8.454225,18.37584114,0.969476744
Position_14,13,2840,105581.6719,11.999,28.99536705,0.930537353
Position_14,16,3967,178924.1875,16.760575,49.13705444,0.970401174
Position_14,18,4255,200067.2813,17.977375,54.94347763,0.963759909
Position_14,50,2326,83457.14844,9.82735,22.91941833,0.981020666
Position_14,53,1713,51371.76953,7.237425,14.10797215,0.974957314
Position_14,63,1902,60574.49219,8.03595,16.63526917,0.978395062
Position_14,80,2616,93485.875,11.0526,25.67355728,0.980509745
Position_14,83,2198,76150.64063,9.28655,20.9128685,0.979937584
Position_14,89,2726,101222.5781,11.51735,27.7982502,0.973571429
Position_14,91,1900,55224.78516,8.0275,15.16610622,0.967906266
Position_14,93,3082,119036.1172,13.02145,32.69029236,0.975934136
Position_14,94,2403,81831.69531,10.152675,22.47302818,0.978420195
Position_14,99,3445,131269.6719,14.555125,36.04993439,0.971791255
Position_14,100,1552,44899.17578,6.5572,12.33043575,0.974874372
Position_14,108,2326,79311,9.82735,21.7807827,0.978544384
Position_14,110,3319,141555.4688,14.022775,38.87466812,0.979923236
Position_14,116,3010,118427.2578,12.71725,32.52308655,0.961661342
Position_14,117,2164,66681.55469,9.1429,18.3124218,0.97521406
Position_14,118,2023,67999.25,8.547175,18.67429352,0.977767037
Position_14,122,2780,98904.28125,11.7455,27.16158867,0.96561306
Position_14,138,1971,55384.38281,8.327475,15.20993614,0.975742574
Position_14,141,3219,124300.0469,13.600275,34.13589859,0.972507553
Position_14,154,3155,121132.75,13.329875,33.26608276,0.945176753
Position_14,158,1301,34769.64063,5.496725,9.548612595,0.976726727
Position_15,7,2812,104734.7734,11.8807,28.76278687,0.940782871
Position_15,12,2763,102383.6719,11.673675,28.11711502,0.98257468
Position_15,23,2996,121392.0781,12.6581,33.33729935,0.97844546
Position_15,42,3255,135159.7344,13.752375,37.11824036,0.97193192
Position_15,47,1801,56971.96484,7.609225,15.64592552,0.975622969
Position_15,49,2539,93802.20313,10.727275,25.76042938,0.979930529
Position_15,51,1493,42002.25781,6.307925,11.53487015,0.975816993
Position_15,56,1034,24249.91406,4.36865,6.659632683,0.972718721
Position_15,57,1972,65196.83984,8.3317,17.90468216,0.975754577
Position_15,61,2519,88614.60938,10.642775,24.33578682,0.972586873
Position_15,68,3035,116361.4063,12.822875,31.95575142,0.974005135
Position_15,82,1496,43041.69141,6.3206,11.82032394,0.971428571
Position_15,88,1851,57370.99219,7.820475,15.75550842,0.970634504
Position_15,90,2495,83845.28125,10.541375,23.02601051,0.976134585
Position_15,117,2839,104578.7266,11.994775,28.71993256,0.966632618
Position_15,118,2302,79114.03125,9.72595,21.72669029,0.980408859
Position_15,132,2500,92190.41406,10.5625,25.31779289,0.970120295
Position_15,141,1864,57095.66406,7.8754,15.67989635,0.972352634
Position_15,150,2899,112632.0156,12.248275,30.93156624,0.975765735
Position_15,158,1772,54166.10938,7.4867,14.87536716,0.975233902
Position_15,161,2696,97032.91406,11.3906,26.64766312,0.980720262
Position_16,4,2165,70791.95313,9.147125,19.44124031,0.975664714
Position_16,44,2275,77811.21094,9.611875,21.36890411,0.977233677
Position_16,46,2452,88493.65625,10.3597,24.30257034,0.983948636
Position_16,48,1446,37016.15625,6.10935,10.16556168,0.9730821
Position_16,80,1719,52854.01563,7.262775,14.51503372,0.976149915
Position_16,85,1858,57014.42188,7.85005,15.65758514,0.977894737
Position_16,96,2327,77683.74219,9.831575,21.33389664,0.975272422
Position_16,103,2378,85194.36719,10.04705,23.39650345,0.973393369
Position_16,107,1528,39439.61719,6.4558,10.83110428,0.961611076
Position_16,114,1825,55384.23047,7.710625,15.20989418,0.972296217
Position_16,115,2411,83487.57813,10.186475,22.92777634,0.979285134
Position_16,119,2830,105803.5313,11.95675,29.05629349,0.978900035
Position_16,123,2134,65846.61719,9.01615,18.08312607,0.968239564
Position_16,130,1854,58753.13281,7.83315,16.13507843,0.97733263
Position_16,132,2997,120640.9531,12.662325,33.13101959,0.974317295
Position_16,133,1417,38112.28906,5.986825,10.46658707,0.974552957
Position_16,135,1656,49472.51953,6.9966,13.5863905,0.975265018
Position_16,136,2665,99796.15625,11.259625,27.40651894,0.982669617
Position_16,138,2002,61906.53125,8.45845,17.00108147,0.975158305
Position_16,141,2156,73151.1875,9.1091,20.08914375,0.971608833
Position_16,149,2363,82393.30469,9.983675,22.62726021,0.977253929
Position_16,153,2837,111423.25,11.986325,30.59960938,0.972241261
Position_16,154,3187,131668.8438,13.465075,36.15955734,0.979109063
Position_16,167,2677,94108.01563,11.310325,25.84441376,0.978078188
Position_16,169,3083,124662.0625,13.025675,34.23531723,0.974091627
Position_16,174,3589,150554.6875,15.163525,41.34608078,0.97394844
Position_16,180,1389,37573.16797,5.868525,10.31853104,0.970649895
Position_17,46,501,7783.481934,2.116725,2.137538671,0.972815534
Position_17,51,558,9018.630859,2.35755,2.476741552,0.962068966
Position_17,52,455,6943.876953,1.922375,1.906962156,0.970149254
Position_17,54,335,4466.608887,1.415375,1.226642489,0.957142857
Position_17,61,597,10637.8877,2.522325,2.921429873,0.972312704
Position_17,68,602,10337.96191,2.54345,2.839062691,0.970967742
Position_17,71,646,11261.57813,2.72935,3.092710733,0.967065868
Position_17,73,367,4972.547852,1.550575,1.365585923,0.953246753
Position_17,74,557,9338.553711,2.353325,2.564600229,0.968695652
Position_17,78,433,6417.063477,1.829425,1.762286067,0.962222222
Position_17,79,746,14839.88086,3.15185,4.07540226,0.9726206
Position_17,80,640,11522.33398,2.704,3.164320946,0.971168437
Position_17,82,785,15462.14453,3.316625,4.246291161,0.963190184
Position_17,83,675,12305.72949,2.851875,3.379460812,0.975433526
Position_17,87,611,11057.38672,2.581475,3.036634684,0.966772152
Position_17,96,576,9831.472656,2.4336,2.6999681,0.963210702
Position_17,98,562,9491.520508,2.37445,2.606608868,0.960683761
Position_17,102,643,11881.23535,2.716675,3.26288414,0.975720789
Position_17,105,705,12176.77344,2.978625,3.344046354,0.964432285
Position_17,107,541,9076.572266,2.285725,2.492653608,0.971274686
Position_17,116,686,13037.35352,2.89835,3.580383062,0.97029703
Position_17,118,568,9113.709961,2.3998,2.50285244,0.96108291
Position_17,132,610,10901.61328,2.57725,2.993855476,0.97133758
Position_17,139,637,11412.49023,2.691325,3.134155035,0.972519084
Position_17,141,821,17225.66992,3.468725,4.730599403,0.972748815
Position_17,143,605,10211.38867,2.556125,2.804302454,0.974235105
Position_17,147,540,8983.036133,2.2815,2.466966152,0.959147425
Position_17,152,587,10583.72656,2.480075,2.906555891,0.973466003
Position_17,153,474,7525.320313,2.00265,2.066641092,0.969325153
Position_17,159,720,14045.70508,3.042,3.857301712,0.970350404
Position_17,162,629,11684.14258,2.657525,3.208757639,0.9828125
Position_17,172,455,6797.885254,1.922375,1.866869211,0.959915612
Position_17,174,624,11362.03613,2.6364,3.120299101,0.975
Position_17,175,687,12368.63965,2.902575,3.396737576,0.959497207
Position_17,178,287,3340.237549,1.212575,0.917312741,0.959866221
Position_17,180,832,16125.47852,3.5152,4.428459644,0.968568102
Position_17,183,608,10454.51953,2.5688,2.871072292,0.968152866
Position_17,186,665,12299.06641,2.809625,3.377630949,0.975073314
Position_17,189,570,9379.856445,2.40825,2.575942993,0.967741935
Position_17,194,585,9509.24707,2.471625,2.611476898,0.962171053
Position_17,198,561,9381.507813,2.370225,2.576396465,0.973958333
Position_17,201,649,12191.15625,2.742025,3.347996235,0.971556886
Position_17,209,766,14289.71289,3.23635,3.924312353,0.970849176
Position_17,235,519,8596.348633,2.192775,2.360772133,0.971910112
Position_17,238,509,8010.660156,2.150525,2.199927568,0.962192817
Position_17,240,745,13883.71484,3.147625,3.812815189,0.978975033
Position_17,241,678,12854.55371,2.86455,3.530181646,0.969957082
Position_17,242,755,14897.19141,3.189875,4.091141224,0.972938144
Position_17,243,771,15346.27539,3.257475,4.214470863,0.972257251
Position_17,251,507,8161.151367,2.142075,2.241256237,0.971264368
Position_17,252,611,10584.4541,2.581475,2.906755686,0.971383148
Position_17,257,552,9110.288086,2.3322,2.501912832,0.973544974
Position_17,258,698,13580.4707,2.94905,3.729536772,0.977591036
Position_17,259,457,7045.177734,1.930825,1.934781909,0.968220339
Position_17,260,576,9829.652344,2.4336,2.699468136,0.979591837
Position_17,262,629,11122.83789,2.657525,3.054609299,0.966205837
Position_17,266,827,17364.84375,3.494075,4.768820286,0.976387249
Position_17,268,588,10265.55371,2.4843,2.819177628,0.975124378
Position_17,272,636,10088.46875,2.6871,2.770545721,0.973966309
Position_17,274,625,11421.37402,2.640625,3.136594772,0.964506173
Position_17,277,632,11713.98926,2.6702,3.216954231,0.970814132
Position_17,284,581,10344.63379,2.454725,2.840894938,0.960330579
Position_17,285,833,17373.60156,3.519425,4.771225452,0.968604651
Position_17,289,621,11139.75098,2.623725,3.059254169,0.973354232
Position_17,297,699,12998.90234,2.953275,3.569823503,0.976256983
Position_17,302,710,12790.41895,2.99975,3.512568712,0.9739369
Position_17,304,509,8279.109375,2.150525,2.273650408,0.965844402
Position_17,312,639,11433.53711,2.699775,3.139935017,0.966717095
Position_17,317,555,9504.084961,2.344875,2.610059261,0.968586387
Position_17,320,560,9618.703125,2.366,2.641536236,0.967184801
Position_17,321,616,10992.92969,2.6026,3.018933296,0.9625
Position_17,325,594,9972.94043,2.50965,2.738818645,0.983443709
Position_17,327,229,2471.102783,0.967525,0.678626597,0.950207469
Position_17,328,718,13727.6084,3.03355,3.769944429,0.972899729
Position_17,330,506,7936.570801,2.13785,2.179580688,0.963809524
Position_17,335,511,8654.693359,2.158975,2.376795053,0.969639469
Position_17,347,763,14748.04688,3.223675,4.050182343,0.976952625
Position_17,352,577,9998.351563,2.437825,2.745797157,0.979626486
Position_17,359,449,6743.022949,1.897025,1.851802707,0.969762419
Position_17,373,567,9777.174805,2.395575,2.685056686,0.967576792
Position_18,4,695,12879.16895,2.936375,3.536941767,0.969316597
Position_18,9,707,13434.71875,2.987075,3.68950963,0.973829201
Position_18,10,661,11424.95898,2.792725,3.137579203,0.970631424
Position_18,17,528,8966.530273,2.2308,2.462433338,0.974169742
Position_18,22,395,5496.659668,1.668875,1.509520173,0.965770171
Position_18,30,594,10503.36914,2.50965,2.884487629,0.975369458
Position_18,32,587,10496.33789,2.480075,2.882556677,0.967051071
Position_18,34,679,13050.78711,2.868775,3.584072351,0.975574713
Position_18,36,655,10734.81836,2.767375,2.948049545,0.97037037
Position_18,37,640,10729.26367,2.704,2.946523905,0.96969697
Position_18,38,619,11048.25098,2.615275,3.034125805,0.971742543
Position_18,40,525,8461.787109,2.218125,2.323818207,0.972222222
Position_18,42,888,19471.51367,3.7518,5.347364426,0.967320261
Position_18,46,591,10733.1543,2.496975,2.947592497,0.973640857
Position_18,49,619,9666.398438,2.615275,2.654634714,0.964174455
Position_18,51,428,6348.20459,1.8083,1.743375659,0.957494407
Position_18,52,463,6955.809082,1.956175,1.910238981,0.970649895
Position_18,55,618,9859.276367,2.61105,2.707603693,0.964118565
Position_18,63,474,7508.166016,2.00265,2.061929941,0.963414634
Position_18,64,712,13876.33789,3.0082,3.810789347,0.971350614
Position_18,70,587,10057.94531,2.480075,2.762163162,0.975083056
Position_18,74,602,10552.82422,2.54345,2.898069382,0.975688817
Position_18,79,752,14212.61816,3.1772,3.903140306,0.959183673
Position_18,84,862,18131.30078,3.64195,4.979308605,0.971815107
Position_18,90,744,15058.49316,3.1434,4.135438442,0.970013038
Position_18,97,469,7136.605957,1.981525,1.959890366,0.973029046
Position_18,99,656,12226.04883,2.7716,3.357578516,0.970414201
Position_18,109,680,11991.29883,2.873,3.293110371,0.977011494
Position_18,111,559,9594.941406,2.361775,2.635010719,0.965457686
Position_18,112,836,17697.3125,3.5321,4.860124588,0.97322468
Position_18,120,546,9463.359375,2.30685,2.598875046,0.973262032
Position_18,121,693,13179.48242,2.927925,3.619415283,0.967877095
Position_18,123,648,12210.64648,2.7378,3.353348732,0.965722802
Position_18,137,568,9973.798828,2.3998,2.739054441,0.967632027
Position_18,143,664,11805.2002,2.8054,3.242002964,0.975036711
Position_18,147,429,6227.871094,1.812525,1.710329056,0.953333333
Position_18,151,655,12312.34277,2.767375,3.381277084,0.974702381
Position_18,153,574,10093.38672,2.42515,2.771896362,0.966329966
Position_18,155,575,9662.092773,2.429375,2.653452158,0.968013468
Position_18,156,554,9508.685547,2.34065,2.611322641,0.970227671
Position_18,158,700,12509.81738,2.9575,3.43550849,0.973574409
Position_18,159,398,5681.72168,1.68155,1.560342789,0.959036145
Position_18,160,578,9440.038086,2.44205,2.592470407,0.966555184
Position_18,163,340,4447.472168,1.4365,1.221387029,0.957746479
Position_18,164,659,12002.39355,2.784275,3.29615736,0.970544919
Position_18,166,616,11024.22266,2.6026,3.027527094,0.97007874
Position_18,167,537,8552.405273,2.268825,2.348704338,0.964093357
Position_18,170,440,6117.785156,1.859,1.680096745,0.962800875
Position_18,171,615,10804.0332,2.598375,2.967057467,0.965463108
Position_18,180,611,11157.74805,2.581475,3.064196587,0.963722397
Position_18,188,709,13200.2832,2.995525,3.625127792,0.976584022
Position_18,189,684,12993.61621,2.8899,3.568371773,0.979942693
Position_18,191,650,11943.95996,2.74625,3.280109882,0.973053892
Position_18,192,653,11618.93945,2.758925,3.190851212,0.973174367
Position_18,202,646,11834.32129,2.72935,3.250000477,0.96996997
Position_18,206,513,8191.022461,2.167425,2.249459505,0.964285714
Position_18,212,857,16176.04883,3.620825,4.442347527,0.976082005
Position_18,213,683,12257.80078,2.885675,3.366298437,0.971550498
Position_18,215,496,8089.163086,2.0956,2.22148633,0.963106796
Position_18,216,565,9350.753906,2.387125,2.567950726,0.972461274
Position_18,222,979,19610.35938,4.136275,5.385494709,0.963582677
Position_18,224,687,12741.11914,2.902575,3.499029875,0.974468085
Position_18,230,728,13008.89941,3.0758,3.572568893,0.975871314
Position_18,240,467,7355.341309,1.973075,2.019960642,0.966873706
Position_18,242,544,8965.355469,2.2984,2.462110758,0.974910394
Position_18,248,624,11488.55664,2.6364,3.155044794,0.973478939
Position_18,250,640,11743.35254,2.704,3.225018024,0.966767372
Position_18,252,696,12719.93359,2.9406,3.493211746,0.972067039
Position_18,254,413,5963.014648,1.744925,1.637592912,0.962703963
Position_18,257,647,11566.88672,2.733575,3.17655611,0.97439759
Position_18,258,694,12739.22461,2.93215,3.498509407,0.973352034
Position_18,259,553,8862.024414,2.336425,2.433733463,0.975308642
Position_18,268,485,7841.488281,2.049125,2.153468609,0.971943888
Position_18,269,469,6624.503906,1.981525,1.819254398,0.969008264
Position_18,270,557,9494.756836,2.353325,2.607497454,0.968695652
Position_18,277,915,20515.1875,3.865875,5.633983135,0.975479744
Position_18,280,666,11894.06445,2.81385,3.26640749,0.972262774
Position_18,281,717,13723.5625,3.029325,3.768833399,0.979508197
Position_18,284,685,12617.09473,2.894125,3.464969635,0.971631206
Position_18,285,511,8305.342773,2.158975,2.280854702,0.958724203
Position_18,286,526,8761.889648,2.22235,2.406233788,0.975881262
Position_18,287,592,9819.578125,2.5012,2.696701527,0.965742251
Position_18,297,729,14443.28027,3.080025,3.966485739,0.97329773
Position_18,299,157,1374.653564,0.663325,0.377514243,0.892045455
Position_18,302,674,12243.68457,2.84765,3.362421751,0.971181556
Position_18,305,809,15627.79688,3.418025,4.29178381,0.980606061
Position_18,309,876,18018.25,3.7011,4.948261738,0.974416018
Position_18,313,699,13242.20313,2.953275,3.636640072,0.977622378
Position_18,315,520,8281.897461,2.197,2.27441597,0.962962963
Position_18,317,606,10334.20117,2.56035,2.838029861,0.972712681
Position_18,321,455,6438.064941,1.922375,1.768053532,0.97639485
Position_18,325,469,7548.419922,1.981525,2.072984695,0.965020576
Position_18,326,611,9568.566406,2.581475,2.627767563,0.962204724
Position_18,327,863,17903.44141,3.646175,4.916732311,0.971846847
Position_18,334,681,12643.74609,2.877225,3.472288609,0.974248927
Position_18,335,389,5521.206543,1.643525,1.516261339,0.962871287
Position_18,342,589,10134.76367,2.488525,2.783259392,0.970345964
Position_18,345,671,12490.86328,2.834975,3.430303335,0.968253968
Position_18,347,616,11149.73145,2.6026,3.061995029,0.968553459
Position_18,354,706,13464.16016,2.98285,3.697594881,0.972451791
Position_18,359,711,13740.64063,3.003975,3.773523331,0.973972603
Position_18,360,549,8776.995117,2.319525,2.410382271,0.973404255
Position_18,363,487,7909.952637,2.057575,2.172270775,0.981854839
Position_18,372,377,5251.794434,1.592825,1.442273974,0.949622166
Position_18,376,588,10059.87109,2.4843,2.762691975,0.963934426
Position_18,377,831,16026.96191,3.510975,4.401404381,0.97995283
Position_18,378,685,12394.8584,2.894125,3.403937817,0.970254958
Position_18,379,784,16183.11035,3.3124,4.444286823,0.97149938
Position_18,382,603,10268.27148,2.547675,2.819924116,0.961722488
Position_18,387,527,8193.821289,2.226575,2.250228167,0.97053407
Position_18,389,754,13925.62305,3.18565,3.824324131,0.971649485
Position_18,391,590,10579.16211,2.49275,2.905302286,0.976821192
Position_19,11,519,8055.882813,2.192775,2.212346792,0.968283582
Position_19,13,612,10477.65332,2.5857,2.877425432,0.971428571
Position_19,16,540,8599.996094,2.2815,2.361773968,0.967741935
Position_19,17,516,8728.267578,2.1801,2.397000551,0.971751412
Position_19,20,598,9474.411133,2.52655,2.601910114,0.962962963
Position_19,21,410,6177.808105,1.73225,1.696580529,0.969267139
Position_19,23,678,12967.77734,2.86455,3.561275721,0.963068182
Position_19,30,676,12511.82813,2.8561,3.436060667,0.968481375
Position_19,31,212,2145.506592,0.8957,0.589209735,0.917748918
Position_19,37,640,11417.88281,2.704,3.135636091,0.975609756
Position_19,38,714,14225.60938,3.01665,3.906708002,0.974079127
Position_19,40,509,8072.770996,2.150525,2.216984749,0.965844402
Position_19,45,770,15499.54785,3.25325,4.256563187,0.974683544
Position_19,49,592,10585.38184,2.5012,2.907010555,0.970491803
Position_19,64,572,10053.6748,2.4167,2.760990381,0.971137521
Position_19,86,967,20176.79492,4.085575,5.541052341,0.968937876
Position_19,91,762,14859.68359,3.21945,4.080840588,0.965779468
Position_19,92,624,11468.2168,2.6364,3.149458885,0.973478939
Position_19,94,543,8975.472656,2.294175,2.46488905,0.969642857
Position_19,106,710,13380.20313,2.99975,3.674538136,0.977961433
Position_19,108,551,9283.556641,2.327975,2.549496651,0.966666667
Position_19,111,637,11502.92578,2.691325,3.15899086,0.974006116
Position_19,128,497,7756.472168,2.099825,2.130121231,0.96692607
Position_19,130,530,8962.501953,2.23925,2.461327076,0.965391621
Position_19,134,594,10028.37402,2.50965,2.754042149,0.975369458
Position_19,136,701,12584.99609,2.961725,3.456154585,0.969571231
Position_19,137,923,20277.30664,3.899675,5.568655014,0.977754237
Position_19,139,625,11142.27246,2.640625,3.059946537,0.9765625
Position_19,142,857,18097.92773,3.620825,4.970143318,0.972758229
Position_19,146,601,10352.41797,2.539225,2.843032837,0.969354839
Position_19,149,600,10774.1084,2.535,2.958839417,0.972447326
Position_19,150,824,17588.03711,3.4814,4.830114841,0.973995272
Position_19,152,433,6351.751465,1.829425,1.744349718,0.964365256
Position_19,160,721,13460.61816,3.046225,3.696622133,0.97696477
Position_19,161,381,5401.597656,1.609725,1.483413696,0.964556962
Position_19,162,648,11916.94727,2.7378,3.272691488,0.972972973
Position_19,173,703,11941.88086,2.970175,3.27953887,0.960382514
Position_19,175,514,8195.671875,2.17165,2.250736237,0.971644612
Position_19,177,649,11619.52344,2.742025,3.191011667,0.970104634
Position_19,180,531,8606.544922,2.243475,2.363572359,0.967213115
Position_19,184,415,6111.413574,1.753375,1.678346872,0.96287703
Position_19,185,586,9501.473633,2.47585,2.609342098,0.963815789
Position_19,187,568,9278.760742,2.3998,2.548179626,0.965986395
Position_19,190,671,12334.01563,2.834975,3.387228966,0.976710335
Position_19,191,382,5086.553223,1.61395,1.396894693,0.957393484
Position_19,192,699,12962.10938,2.953275,3.559719324,0.974895397
Position_19,194,617,11406.93164,2.606825,3.132628441,0.965571205
Position_19,195,764,15668.37305,3.2279,4.302927017,0.968314322
Position_19,200,635,11141.87891,2.682875,3.059838533,0.975422427
Position_19,204,486,7079.739258,2.05335,1.944273353,0.97005988
Position_19,206,742,13140.25977,3.13495,3.60864377,0.969934641
Position_19,207,671,12680.3623,2.834975,3.482344389,0.973875181
Position_19,208,633,11567.85742,2.674425,3.176822901,0.969372129
Position_19,209,822,15196.83887,3.47295,4.173431873,0.970484061
Position_19,210,480,7391.366211,2.028,2.029853821,0.975609756
Position_19,212,638,12057.92383,2.69555,3.311407328,0.972560976
Position_19,214,480,7563.047852,2.028,2.077002048,0.967741935
Position_19,219,449,6787.820801,1.897025,1.864105225,0.955319149
Position_19,220,674,11456.33691,2.84765,3.146196365,0.972582973
Position_19,221,476,7459.494141,2.0111,2.04856348,0.963562753
Position_19,222,602,10616.76172,2.54345,2.915628195,0.960127592
Position_19,236,699,13605.43164,2.953275,3.736391544,0.966804979
Position_19,240,601,10729.49512,2.539225,2.946587563,0.982026144
Position_19,241,414,6130.485352,1.74915,1.683584571,0.965034965
Position_19,262,599,10248.94727,2.530775,2.814617157,0.975570033
Position_19,267,486,7329.60498,2.05335,2.012892723,0.966202783
Position_19,269,552,9490.03125,2.3322,2.606199741,0.966725044
Position_19,273,897,18916.27539,3.789825,5.194881916,0.979257642
Position_19,274,721,14141.31738,3.046225,3.883559227,0.973009447
Position_19,280,701,13083.03223,2.961725,3.592927694,0.97632312
Position_19,281,458,6406.682617,1.93505,1.759435177,0.966244726
Position_19,282,856,16264.80566,3.6166,4.466722012,0.972727273
Position_19,288,568,9027.551758,2.3998,2.479191303,0.981001727
Position_19,290,645,11205.38379,2.725125,3.077278376,0.971385542
Position_19,292,341,4387.461426,1.440725,1.204906583,0.949860724
Position_19,294,552,9382.322266,2.3322,2.576620102,0.955017301
Position_19,296,794,14649.54883,3.35465,4.023132324,0.968292683
Position_19,297,582,10174.81934,2.45895,2.794259787,0.973244147
Position_19,302,576,9234.730469,2.4336,2.536087751,0.968067227
Position_19,303,525,8480.081055,2.218125,2.328842163,0.970425139
Position_19,304,751,14832.54883,3.172975,4.073388577,0.976592978
Position_19,307,665,12510.62988,2.809625,3.435731649,0.975073314
Position_19,309,462,6698.30957,1.95195,1.839523196,0.968553459
Position_19,310,705,13056.92383,2.978625,3.585757732,0.972413793
Position_19,313,814,16692.20117,3.43915,4.584095478,0.970202622
Position_19,316,834,17546.62109,3.52365,4.818740845,0.970896391
Position_19,320,601,10394.31055,2.539225,2.854537487,0.969354839
Position_19,321,820,16068.31836,3.4645,4.412761688,0.968122786
Position_19,325,451,6538.115723,1.905475,1.795529962,0.967811159
Position_19,327,577,9458.283203,2.437825,2.597481012,0.969747899
Position_19,328,656,11991.62988,2.7716,3.293201208,0.976190476
Position_19,334,559,9602.820313,2.361775,2.637174368,0.970486111
Position_19,345,672,12754.6582,2.8392,3.502748013,0.968299712
Position_19,355,709,13883.98047,2.995525,3.812888145,0.967257844
Position_19,359,793,15454.75391,3.350425,4.244261742,0.973006135
Position_19,361,466,7144.25,1.96885,1.961989641,0.937625755
Position_19,367,548,9239.814453,2.3153,2.537483931,0.964788732
Position_19,370,711,13607.51563,3.003975,3.736963987,0.967346939
Position_19,374,725,13601.07813,3.063125,3.735196114,0.970548862
Position_19,387,916,18730.94336,3.8701,5.143985271,0.964210526
Position_19,390,549,8980.40625,2.319525,2.466243982,0.963157895
Position_19,419,451,6984.980469,1.905475,1.918250203,0.967811159
Position_19,421,544,8719.436523,2.2984,2.394575119,0.971428571
Position_19,426,685,12682.75879,2.894125,3.483002663,0.977175464
Position_19,427,792,15990.60156,3.3462,4.391418934,0.967032967
Position_19,428,573,9438.796875,2.420925,2.592129469,0.972835314
Position_19,437,729,13562.75488,3.080025,3.724671602,0.97459893
Position_20,20,528,8588.423828,2.2308,2.358595848,0.961748634
Position_20,39,546,9003.070313,2.30685,2.472468138,0.966371681
Position_20,52,690,12320.18164,2.91525,3.383429766,0.971830986
Position_20,57,625,10820.3418,2.640625,2.971536398,0.96749226
Position_20,69,624,10897.65234,2.6364,2.992767811,0.971962617
Position_20,74,740,14202.92969,3.1265,3.900479555,0.969855832
Position_20,76,380,5021.730469,1.6055,1.379092693,0.971867008
Position_20,81,543,9363.632813,2.294175,2.571487665,0.962765957
Position_20,87,919,19970.49414,3.882775,5.484396935,0.977659574
Position_20,89,303,3610.433105,1.280175,0.99151516,0.961904762
Position_20,102,691,13119.10254,2.919475,3.602833509,0.96914446
Position_20,112,727,13791.76074,3.071575,3.787562132,0.975838926
Position_20,117,764,15470.37305,3.2279,4.248551369,0.975734355
Position_20,119,522,7542.248047,2.20545,2.071289778,0.966666667
Position_20,123,678,12017.35352,2.86455,3.300265551,0.972740316
Position_20,131,330,4103.955566,1.39425,1.127048731,0.959302326
Position_20,141,814,16974.4375,3.43915,4.661604881,0.978365385
Position_20,148,803,15868.17383,3.392675,4.357797146,0.970979444
Position_20,150,581,10108.40723,2.454725,2.776021242,0.974832215
Position_20,152,668,11696.96484,2.8223,3.212278843,0.968115942
Position_20,160,742,13867.94141,3.13495,3.808483362,0.971204188
Position_20,163,485,7838.638672,2.049125,2.152686119,0.956607495
Position_20,165,691,12613.23242,2.919475,3.463908911,0.97461213
Position_20,167,593,10045.19531,2.505425,2.758661747,0.97693575
Position_20,171,541,8883.898438,2.285725,2.439740658,0.966071429
Position_20,176,688,12629.86719,2.9068,3.468477249,0.964936886
Position_20,180,768,14238.70996,3.2448,3.910305738,0.972151899
Position_20,182,593,10586.3125,2.505425,2.90726614,0.978547855
Position_20,183,528,8825.619141,2.2308,2.423735619,0.967032967
Position_20,186,715,13135.28711,3.020875,3.607278109,0.976775956
Position_20,189,727,14138.39746,3.071575,3.882757425,0.973226238
Position_20,196,650,11374.26953,2.74625,3.123658657,0.968703428
Position_20,199,438,6566.26709,1.85055,1.803261042,0.98206278
Position_20,208,786,16379.9043,3.32085,4.49833107,0.973977695
Position_20,212,746,14644.72852,3.15185,4.021808624,0.968831169
Position_20,223,509,7874.59375,2.150525,2.162560225,0.973231358
Position_20,224,905,18284.57617,3.823625,5.021401882,0.967914439
Position_20,226,875,19198.82422,3.696875,5.27247715,0.964718853
Position_20,227,716,14082.55371,3.0251,3.86742115,0.978142077
Position_20,236,785,15901.82422,3.316625,4.36703825,0.964373464
Position_20,241,571,9692.341797,2.412475,2.661759377,0.97274276
Position_20,250,896,17115.51563,3.7856,4.700348377,0.971800434
Position_20,258,475,7450.204102,2.006875,2.046012163,0.965447154
Position_20,281,592,9962.836914,2.5012,2.73604393,0.967320261
Position_20,282,615,10829.65918,2.598375,2.974095106,0.973101266
Position_20,285,598,10223.36328,2.52655,2.8075912,0.961414791
Position_20,286,588,10213.7334,2.4843,2.804946423,0.975124378
Position_20,289,551,9081.607422,2.327975,2.494036436,0.96497373
Position_20,290,513,8519.97168,2.167425,2.339797258,0.973434535
Position_20,295,517,8744.4375,2.184325,2.401441097,0.955637708
Position_20,307,589,9967.678711,2.488525,2.737373829,0.959283388
Position_20,308,584,9499.769531,2.4674,2.608874083,0.958949097
Position_20,315,556,8785.886719,2.3491,2.412824154,0.972027972
Position_20,322,668,11974.01953,2.8223,3.288365126,0.969521045
Position_20,326,517,8206.950195,2.184325,2.253833771,0.973634652
Position_20,329,519,7825.137207,2.192775,2.148978233,0.966480447
Position_20,331,575,9916.474609,2.429375,2.723311901,0.966386555
Position_20,334,691,13163.08008,2.919475,3.614910841,0.963737796
Position_20,335,619,11365.49805,2.615275,3.121249914,0.958204334
Position_20,338,740,14044.88281,3.1265,3.85707593,0.972404731
Position_20,339,519,8572.001953,2.192775,2.354085922,0.968283582
Position_20,341,706,12796.28418,2.98285,3.514179468,0.96978022
Position_20,342,568,9660.227539,2.3998,2.652940035,0.969283276
Position_20,343,499,7597.067871,2.108275,2.086344719,0.972709552
Position_20,344,804,16794.02344,3.3969,4.61205864,0.972188634
Position_20,345,771,15575.79492,3.257475,4.277502537,0.967377666
Position_20,346,648,11481.04199,2.7378,3.152981043,0.971514243
Position_20,348,668,11641.54492,2.8223,3.197059155,0.978038067
Position_20,352,631,10653.19336,2.665975,2.925633192,0.972265023
Position_20,360,587,9587.936523,2.480075,2.63308692,0.973466003
Position_20,363,511,7730.549805,2.158975,2.123002291,0.965973535
Position_20,372,624,10893.71777,2.6364,2.991687298,0.965944272
Position_20,376,568,9620.979492,2.3998,2.642161369,0.97260274
Position_20,388,647,11653.19824,2.733575,3.200259447,0.97586727
Position_20,406,639,9838.132813,2.699775,2.701797247,0.97856049
Position_20,414,527,8629.066406,2.226575,2.369757414,0.965201465
Position_21,13,654,11754.04004,2.76315,3.227953196,0.96460177
Position_21,41,586,9629.243164,2.47585,2.644430876,0.970198675
Position_21,47,572,9176.378906,2.4167,2.520062923,0.972789116
Position_21,50,460,6736.608887,1.9435,1.850041151,0.962343096
Position_21,56,599,9655.138672,2.530775,2.651542425,0.975570033
Position_21,57,556,8659.287109,2.3491,2.378056765,0.966956522
Position_21,60,544,8934.602539,2.2984,2.453665257,0.96969697
Position_21,66,676,12274.56445,2.8561,3.3709023,0.971264368
Position_21,69,470,7245.539063,1.98575,1.989806175,0.973084886
Position_21,71,422,6431.813477,1.78295,1.766336799,0.967889908
Position_21,72,521,8492.858398,2.201225,2.332351208,0.961254613
Position_21,88,485,7454.802734,2.049125,2.047275066,0.975855131
Position_21,98,638,11199.74219,2.69555,3.075729132,0.975535168
Position_21,101,808,16331.89746,3.4138,4.485147476,0.969987995
Position_21,102,602,9647.174805,2.54345,2.649355412,0.970967742
Position_21,104,735,12741.02539,3.105375,3.499004126,0.969656992
Position_21,109,505,8028.700195,2.133625,2.204881668,0.976789168
Position_21,116,605,10979.08398,2.556125,3.015130997,0.966453674
Position_21,122,488,7844.006348,2.0618,2.154160261,0.964426877
Position_21,129,565,9056.055664,2.387125,2.4870193,0.974137931
Position_21,132,607,11140.94141,2.564575,3.059581041,0.952904239
Position_21,155,283,2839.660889,1.195675,0.77984184,0.943333333
Position_21,164,470,6983.581055,1.98575,1.917865872,0.967078189
Position_21,167,724,13045.38672,3.0589,3.582589388,0.97705803
Position_21,174,612,9499.370117,2.5857,2.60876441,0.969889065
Position_21,177,670,11694.27344,2.83075,3.211539745,0.961262554
Position_21,180,615,11040.8916,2.598375,3.032104731,0.974643423
Position_21,182,506,8319.213867,2.13785,2.284664154,0.96749522
Position_21,185,668,11581.90039,2.8223,3.180679321,0.976608187
Position_21,205,826,16244.0625,3.48985,4.461025715,0.978672986
Position_21,212,652,11706.25391,2.7547,3.214829922,0.978978979
Position_21,214,478,7513.547852,2.01955,2.063408136,0.965656566
Position_21,220,565,9878.582031,2.387125,2.712905645,0.959252971
Position_21,224,423,6410.616211,1.787175,1.760515451,0.965753425
Position_21,225,459,6870.084961,1.939275,1.886697054,0.972457627
Position_21,235,749,14813.66211,3.164525,4.068202019,0.962724936
Position_21,239,722,13295.91992,3.05045,3.651391983,0.970430108
Position_21,250,621,10392.05566,2.623725,2.853918314,0.9703125
Position_21,265,570,9289.780273,2.40825,2.551205873,0.966101695
Position_21,269,694,13276.3623,2.93215,3.646020889,0.973352034
Position_21,270,550,8769.767578,2.32375,2.408397436,0.966608084
Position_21,272,628,10932.43164,2.6533,3.002319098,0.963190184
Position_21,274,476,7059.003906,2.0111,1.938578963,0.967479675
Position_21,275,813,15688.30762,3.434925,4.308401585,0.973652695
Position_21,276,593,10014.22363,2.505425,2.750156164,0.970540098
Position_21,277,417,6089.788574,1.761825,1.672408104,0.965277778
Position_21,280,610,10559.56934,2.57725,2.899921656,0.968253968
Position_21,290,790,15341.90527,3.33775,4.213270664,0.975308642
Position_21,291,521,8023.071777,2.201225,2.203336,0.973831776
Position_21,293,718,13377.73242,3.03355,3.673859596,0.972899729
Position_21,295,624,10802.06641,2.6364,2.966517448,0.971962617
Position_21,302,599,10536.22852,2.530775,2.893511772,0.97082658
Position_21,309,681,11900.46484,2.877225,3.268165112,0.97146933
Position_21,310,658,12118.68164,2.78005,3.328092813,0.961988304
Position_21,311,737,13500.45801,3.113825,3.707563162,0.97615894
Position_21,313,866,16161.26074,3.65885,4.438286304,0.975225225
Position_21,314,509,8211.620117,2.150525,2.255116224,0.967680608
Position_21,319,780,14215.64648,3.2955,3.90397191,0.970149254
Position_21,325,682,12478.29395,2.88145,3.426851511,0.971509972
Position_21,328,507,8403.050781,2.142075,2.307687759,0.958412098
Position_21,329,508,7961.343262,2.1463,2.186383963,0.962121212
Position_21,333,714,13151.52344,3.01665,3.611737013,0.974079127
Position_21,334,317,3900.258057,1.339325,1.071108341,0.943452381
Position_21,336,634,11671.94434,2.67865,3.205407619,0.96941896
Position_21,337,605,10388.26563,2.556125,2.852877378,0.975806452
Position_21,342,608,10879.43066,2.5688,2.987763643,0.962025316
Position_21,344,515,7321.199219,2.175875,2.010584354,0.971698113
Position_21,346,632,11651.90723,2.6702,3.199904919,0.964885496
Position_21,347,540,9063.25,2.2815,2.488995075,0.960854093
Position_21,349,773,15724.06543,3.265925,4.318221569,0.967459324
Position_21,356,518,7754.807617,2.18855,2.129663944,0.971857411
Position_21,357,691,12673.21289,2.919475,3.480381012,0.96914446
Position_21,368,622,10985.42871,2.62795,3.01687336,0.968847352
Position_21,371,867,16382.42285,3.663075,4.499022961,0.964404894
Position_21,377,672,12684.63867,2.8392,3.483518839,0.968299712
Position_21,378,1005,21428.35547,4.246125,5.88476181,0.97007722
Position_21,380,1043,21543.32227,4.406675,5.916334629,0.969330855
Position_22,6,536,7811.664063,2.2646,2.145278215,0.97277677
Position_22,11,747,13408.46094,3.156075,3.682298422,0.975195822
Position_22,21,641,10707.54102,2.708225,2.940558434,0.971212121
Position_22,31,488,7234.404785,2.0618,1.986748338,0.970178926
Position_22,50,792,15023.91992,3.3462,4.125944138,0.971779141
Position_22,53,728,13563.7959,3.0758,3.724957466,0.969374168
Position_22,56,651,11261.66406,2.750475,3.092734337,0.965875371
Position_22,64,619,10565.13965,2.615275,2.901451349,0.9671875
Position_22,72,677,12897.02441,2.860325,3.541845322,0.974100719
Position_22,76,401,5659.487305,1.694225,1.55423665,0.97804878
Position_22,78,389,5377.637207,1.643525,1.476833582,0.967661692
Position_22,83,576,9039.599609,2.4336,2.482500076,0.963210702
Position_22,85,713,14060.91699,3.012425,3.861479282,0.975376197
Position_22,86,754,14494.22949,3.18565,3.98047781,0.969151671
Position_22,94,673,12213.22949,2.843425,3.354058027,0.969740634
Position_22,96,583,9802.21875,2.463175,2.691934347,0.973288815
Position_22,97,795,15338.0752,3.358875,4.212218761,0.971882641
Position_22,99,478,7511.856445,2.01955,2.062943459,0.959839357
Position_22,101,472,7322.466797,1.9942,2.010932446,0.975206612
Position_22,102,661,11958.43164,2.792725,3.28408432,0.973490427
Position_22,103,612,10639.70703,2.5857,2.921929598,0.965299685
Position_22,106,593,10348.49414,2.505425,2.841955185,0.973727422
Position_22,111,616,11223.42969,2.6026,3.082234383,0.967032967
Position_22,112,693,13223.57715,2.927925,3.631524801,0.967877095
Position_22,114,456,7044.30957,1.9266,1.93454349,0.968152866
Position_22,115,542,8229.219727,2.28995,2.259949446,0.971326165
Position_22,117,598,10173.68262,2.52655,2.793947458,0.972357724
Position_22,121,571,9265.485352,2.412475,2.544533968,0.962900506
Position_22,128,564,9516.355469,2.3829,2.61342907,0.969072165
Position_22,136,596,10241.07129,2.5181,2.812454224,0.970684039
Position_22,147,645,11247.98145,2.725125,3.08897686,0.971385542
Position_22,149,445,6509.07959,1.880125,1.787555933,0.959051724
Position_22,157,457,6750.363281,1.930825,1.853818536,0.966173362
Position_22,162,649,12294.74902,2.742025,3.376445293,0.961481481
Position_22,169,831,16300.10742,3.510975,4.476417065,0.974208675
Position_22,170,539,8443.493164,2.277275,2.31879425,0.96942446
Position_22,172,473,7155.692383,1.998425,1.965131998,0.961382114
Position_22,173,596,10007.92969,2.5181,2.748427629,0.967532468
Position_22,175,504,8407.707031,2.1294,2.308966398,0.969230769
Position_22,181,653,11186.33594,2.758925,3.072047472,0.951895044
Position_22,182,911,17767.47461,3.848975,4.879392624,0.978517723
Position_22,184,769,14963.69238,3.249025,4.109404087,0.979617834
Position_22,187,598,10537.45313,2.52655,2.893847942,0.96763754
Position_22,189,710,13531.77539,2.99975,3.716163874,0.969945355
Position_22,190,591,9856.917969,2.496975,2.706956148,0.978476821
Position_22,197,616,10679.03223,2.6026,2.932729244,0.974683544
Position_22,199,628,11255.64453,2.6533,3.091081381,0.972136223
Position_22,200,598,10666.40723,2.52655,2.929261923,0.969205835
Position_22,205,618,11167.32031,2.61105,3.06682539,0.973228346
Position_22,209,701,13343.32422,2.961725,3.664410353,0.97632312
Position_22,212,649,11854.54883,2.742025,3.255555391,0.96577381
Position_22,216,675,12222.04102,2.851875,3.356477976,0.965665236
Position_22,223,628,11092.12012,2.6533,3.046173334,0.97515528
Position_22,252,637,10943.72461,2.691325,3.005420208,0.965151515
Position_22,257,690,12804.03711,2.91525,3.516308546,0.981507824
Position_22,258,703,12984.48828,2.970175,3.56586504,0.968319559
Position_22,261,602,10001.75879,2.54345,2.74673295,0.967845659
Position_22,263,507,8140.883301,2.142075,2.235690117,0.971264368
Position_22,265,818,14883.36523,3.45605,4.08734417,0.974970203
Position_22,270,458,7100.733887,1.93505,1.950039029,0.968287526
Position_22,271,606,10935.10742,2.56035,3.003053904,0.968051118
Position_22,276,502,7873.125,2.12095,2.16215682,0.974757282
Position_22,278,758,14909.5957,3.20255,4.094547749,0.975546976
Position_22,289,656,12345.11523,2.7716,3.390277147,0.973293769
Position_22,292,714,13380.94043,3.01665,3.674740791,0.971428571
Position_22,294,335,4330.744141,1.415375,1.189330578,0.951704545
Position_22,299,634,11175.42676,2.67865,3.069051504,0.963525836
Position_22,303,460,6765.188965,1.9435,1.85789001,0.976645435
Position_22,319,410,6093.852051,1.73225,1.673524141,0.971563981
Position_22,333,1062,21290.22852,4.48695,5.846828938,0.918685121
Position_22,337,706,12413.2207,2.98285,3.408980608,0.961852861
Position_22,346,739,14291.18262,3.122275,3.924715996,0.969816273
Position_22,347,694,13141.80078,2.93215,3.609066963,0.977464789
Position_22,353,636,11505.88965,2.6871,3.159804821,0.969512195
Position_22,361,800,16433.47266,3.38,4.51304245,0.975609756
Position_22,366,786,15780.71875,3.32085,4.333779812,0.973977695
Position_22,369,738,13968.62109,3.11805,3.836132526,0.976190476
Position_22,372,541,8571.011719,2.285725,2.353814125,0.967799642
Position_22,374,662,11655.31152,2.79695,3.200839758,0.969253294
Position_22,377,527,8031.320313,2.226575,2.205601215,0.966972477
Position_22,380,549,9129.361328,2.319525,2.507150888,0.966549296
Position_22,383,626,11061.78516,2.64485,3.037842751,0.973561431
Position_22,386,408,5716.354492,1.7238,1.569853783,0.962264151
Position_22,390,622,11279.57031,2.62795,3.097651958,0.967340591
Position_22,397,584,9841.467773,2.4674,2.702713013,0.974958264
Position_22,399,649,11945.9541,2.742025,3.28065753,0.970104634
Position_22,400,514,8387.060547,2.17165,2.303296566,0.960747664
Position_22,405,520,7897.57373,2.197,2.168871164,0.966542751
Position_22,415,710,13388.36621,2.99975,3.676779985,0.975274725
Position_22,426,560,9547.199219,2.366,2.621899605,0.968858131
Position_22,427,450,6625.569824,1.90125,1.819547057,0.965665236
Position_22,429,722,13174.13672,3.05045,3.61794734,0.971736205
Position_22,430,592,10086.39746,2.5012,2.769976854,0.972085386
Position_23,9,573,9837.296875,2.420925,2.70156765,0.967905405
Position_23,10,515,8277.080078,2.175875,2.273092985,0.975378788
Position_23,11,592,9931.431641,2.5012,2.727419376,0.973684211
Position_23,13,598,10328.86621,2.52655,2.836564779,0.962962963
Position_23,16,555,9418.219727,2.344875,2.586478472,0.96187175
Position_23,24,644,11470.35547,2.7209,3.150046349,0.971342383
Position_23,27,1199,27907.26563,5.065775,7.664032936,0.979575163
Position_23,29,612,10140.2793,2.5857,2.784774065,0.966824645
Position_23,31,564,9426.667969,2.3829,2.588798761,0.960817717
Position_23,35,596,10078.52148,2.5181,2.767813921,0.964401294
Position_23,38,458,7133.211914,1.93505,1.958958268,0.974468085
Position_23,39,693,13046.44141,2.927925,3.582878828,0.966527197
Position_23,44,436,6709.616211,1.8421,1.84262836,0.960352423
Position_23,48,526,8360.867188,2.22235,2.296103001,0.968692449
Position_23,52,624,10420.48438,2.6364,2.861725569,0.964451314
Position_23,60,626,10341.11133,2.64485,2.839927673,0.960122699
Position_23,63,553,9050.861328,2.336425,2.485592842,0.966783217
Position_23,76,715,12919.16309,3.020875,3.547924995,0.964912281
Position_23,85,664,12072.6377,2.8054,3.315448046,0.96371553
Position_23,92,452,6752.855957,1.9097,1.854503036,0.969957082
Position_23,95,853,16248.05469,3.603925,4.462121964,0.973744292
Position_23,96,517,8561.279297,2.184325,2.351141214,0.962756052
Position_23,102,613,10247.87695,2.589925,2.814323187,0.963836478
Position_23,106,667,11734.15625,2.818075,3.222492695,0.970887918
Position_23,108,433,6439.239746,1.829425,1.768376231,0.968680089
Position_23,113,667,11005.08984,2.818075,3.022272825,0.955587393
Position_23,117,720,13891.50684,3.042,3.814954996,0.965147453
Position_23,120,556,9566.451172,2.3491,2.627186537,0.973730298
Position_23,124,635,11499.35645,2.682875,3.158010721,0.972434916
Position_23,125,454,7128.816895,1.91815,1.957751274,0.961864407
Position_23,126,513,8131.555176,2.167425,2.233128309,0.964285714
Position_23,127,726,13077.04492,3.06735,3.591283321,0.965425532
Position_23,128,581,10480.37988,2.454725,2.878174305,0.96672213
Position_23,129,743,14966.81055,3.139175,4.110260487,0.96997389
Position_23,130,577,9584.121094,2.437825,2.632039309,0.966499162
Position_23,132,705,12447.48242,2.978625,3.418389797,0.964432285
Position_23,134,569,8721.664063,2.404025,2.395186901,0.966044143
Position_23,139,786,15016.43945,3.32085,4.123889446,0.967980296
Position_23,140,605,9917.984375,2.556125,2.723726511,0.969551282
Position_23,141,583,9800.201172,2.463175,2.691380262,0.973288815
Position_23,142,646,11279.00586,2.72935,3.097496986,0.980273141
Position_23,143,569,9273.383789,2.404025,2.5467031,0.97766323
Position_23,144,596,10660.90918,2.5181,2.927752018,0.972267537
Position_23,149,863,18286.97266,3.646175,5.022059917,0.971846847
Position_23,157,696,13383.92578,2.9406,3.675560474,0.978902954
Position_23,164,655,11270.25781,2.767375,3.095094442,0.982008996
Position_23,165,792,15848.47852,3.3462,4.352388382,0.972972973
Position_23,168,686,11840.2666,2.89835,3.251633167,0.971671388
Position_23,172,534,9030.027344,2.25615,2.479871273,0.965641953
Position_23,173,436,6622.140137,1.8421,1.818605185,0.966740576
Position_23,174,656,11196.71582,2.7716,3.074898005,0.968980798
Position_23,175,570,9567.722656,2.40825,2.62753582,0.974358974
Position_23,180,530,8212.643555,2.23925,2.255397081,0.960144928
Position_23,185,807,15234.29004,3.409575,4.183716774,0.972289157
Position_23,190,645,11507.21484,2.725125,3.160168886,0.964125561
Position_23,194,740,13992.08789,3.1265,3.842576981,0.972404731
Position_23,196,588,9854.729492,2.4843,2.706355095,0.962356792
Position_23,199,580,8811.592773,2.4505,2.419883728,0.965058236
Position_23,201,632,11583.12207,2.6702,3.181014776,0.973805855
Position_23,203,804,14237.49707,3.3969,3.909972668,0.973365617
Position_23,208,678,12098.81445,2.86455,3.322636843,0.972740316
Position_23,211,528,8872.400391,2.2308,2.436582804,0.96
Position_23,213,555,8199.595703,2.344875,2.251813889,0.963541667
Position_23,229,457,6826.308594,1.930825,1.874674916,0.972340426
Position_23,231,576,9167.981445,2.4336,2.517756939,0.964824121
Position_23,237,603,9831.670898,2.547675,2.700022459,0.974151858
Position_23,249,540,8546.464844,2.2815,2.34707284,0.976491863
Position_23,256,594,9775.370117,2.50965,2.684561014,0.964285714
Position_23,266,454,6999.881836,1.91815,1.922342539,0.972162741
Position_23,267,690,11397.93945,2.91525,3.13015914,0.965034965
Position_23,278,578,9011.852539,2.44205,2.47487998,0.96013289
Position_23,281,813,14753.51074,3.434925,4.051682949,0.963270142
Position_23,284,408,5590.04834,1.7238,1.535166979,0.96
Position_23,294,569,9602.950195,2.404025,2.637210131,0.969335605
Position_23,295,551,8776.294922,2.327975,2.410189867,0.971781305
Position_23,296,608,10626.90234,2.5688,2.918412924,0.977491961
Position_23,297,648,11747.04199,2.7378,3.226031303,0.977375566
Position_23,300,487,7701.266113,2.057575,2.114960194,0.970119522
Position_23,302,521,8711.765625,2.201225,2.392468691,0.968401487
Position_23,303,587,9543.439453,2.480075,2.620867014,0.967051071
Position_23,305,635,11265.75293,2.682875,3.093857288,0.965045593
Position_23,311,635,10929.3125,2.682875,3.00146246,0.969465649
Position_23,322,683,11919.67383,2.885675,3.273440361,0.981321839
Position_23,327,689,12601.45313,2.911025,3.460674047,0.973163842
Position_23,330,443,6417.097656,1.871675,1.762295365,0.960954447
Position_23,333,515,8318.355469,2.175875,2.284428358,0.964419476
Position_23,338,684,12617.89941,2.8899,3.465190649,0.971590909
Position_23,340,644,11159.80762,2.7209,3.064762115,0.974281392
Position_23,344,533,8255.467773,2.251925,2.267157793,0.969090909
Position_23,346,781,15158.08594,3.299725,4.162789345,0.975031211
Position_23,350,786,14587.72559,3.32085,4.00615406,0.97761194
Position_23,352,738,14269.86133,3.11805,3.918860674,0.971052632
Position_23,356,595,10560.51855,2.513875,2.900182247,0.972222222
Position_23,357,485,7872.842773,2.049125,2.162079334,0.975855131
Position_23,358,655,11281.12695,2.767375,3.098079443,0.966076696
Position_23,359,693,13062.16602,2.927925,3.587197304,0.973314607
Position_23,365,671,11348.26563,2.834975,3.116517305,0.961318052
Position_23,367,624,11170.04297,2.6364,3.067573071,0.971962617
Position_23,370,575,10210.57617,2.429375,2.804079533,0.971283784
Position_23,371,406,6001.458984,1.71535,1.648150682,0.966666667
Position_23,375,611,10981.44141,2.581475,3.015778303,0.96984127
Position_23,381,478,7676.415039,2.01955,2.108135462,0.971544715
Position_23,383,641,9869.365234,2.708225,2.710374355,0.96101949
Position_23,388,466,6764.311523,1.96885,1.857648969,0.970833333
Position_23,390,773,14904.32813,3.265925,4.093101025,0.977243995
Position_23,391,482,7259.466797,2.03645,1.993631005,0.964
Position_23,394,629,11252.22852,2.657525,3.090143204,0.970679012
Position_23,395,457,6779.472168,1.930825,1.861812472,0.964135021
Position_23,398,625,11401.94922,2.640625,3.131260157,0.961538462
Position_23,399,675,11024.3291,2.851875,3.027556419,0.968436155
Position_23,401,666,12688.36816,2.81385,3.484543085,0.969432314
Position_23,407,502,8120.209961,2.12095,2.230012655,0.965384615
Position_23,408,725,13538.04395,3.063125,3.717885256,0.974462366
Position_23,416,811,16986.58008,3.426475,4.664939404,0.970095694
Position_23,417,251,2797.605713,1.060475,0.768292427,0.922794118
Position_23,418,558,9337.393555,2.35755,2.564281702,0.970434783
Position_23,419,516,8026.801758,2.1801,2.204360485,0.959107807
Position_23,421,553,8897.602539,2.336425,2.443504095,0.970175439
Position_23,422,680,11805.83301,2.873,3.242176771,0.972818312
Position_23,429,637,11603.1875,2.691325,3.186525345,0.975497703
Position_23,436,594,10029.46484,2.50965,2.754341841,0.969004894
Position_23,443,606,10545.66211,2.56035,2.896102428,0.980582524
Position_23,445,642,10914.81055,2.71245,2.997479916,0.971255673
Position_24,12,688,12812.92188,2.9068,3.518748522,0.974504249
Position_24,13,819,16877.40234,3.460275,4.63495636,0.964664311
Position_24,14,218,2349.138672,0.92105,0.645132184,0.960352423
Position_24,22,673,11642.76172,2.843425,3.197393417,0.972543353
Position_24,25,730,14251.52148,3.08425,3.913824081,0.970744681
Position_24,28,604,9839.582031,2.5519,2.702195168,0.969502408
Position_24,32,488,7105.401367,2.0618,1.951320767,0.956862745
Position_24,36,689,11771.88086,2.911025,3.232852697,0.964985994
Position_24,39,646,11371.84961,2.72935,3.122994184,0.968515742
Position_24,41,749,14157.77441,3.164525,3.88807869,0.967700258
Position_24,47,477,7328.106445,2.015325,2.012481213,0.967545639
Position_24,51,744,14575.8457,3.1434,4.002891541,0.96875
Position_24,58,629,9299.46875,2.657525,2.553866625,0.964723926
Position_24,64,447,6724.40625,1.888575,1.846690059,0.963362069
Position_24,88,630,10782.05176,2.66175,2.961020947,0.967741935
Position_24,121,609,10491.38574,2.573025,2.881196737,0.968203498
Position_24,123,654,12072.65234,2.76315,3.315452099,0.971768202
Position_24,124,582,9546.582031,2.45895,2.621730089,0.963576159
Position_24,126,652,11874.31445,2.7547,3.260983467,0.970238095
Position_24,127,782,15605.17871,3.30395,4.285572052,0.966625464
Position_24,129,585,9530.254883,2.471625,2.617246151,0.965346535
Position_24,140,543,8940.751953,2.294175,2.455353975,0.964476021
Position_24,141,513,8190.739746,2.167425,2.249381781,0.969754253
Position_24,142,697,12450.23047,2.944825,3.419144392,0.964038728
Position_24,147,732,13799.96973,3.0927,3.789816618,0.977303071
Position_24,152,593,10178.58984,2.505425,2.795295238,0.973727422
Position_24,155,480,6938.539063,2.028,1.90549624,0.963855422
Position_24,169,456,6633.153809,1.9266,1.821629882,0.968152866
Position_24,170,552,8508.342773,2.3322,2.336603642,0.963350785
Position_24,175,552,9078.682617,2.3322,2.493233204,0.966725044
Position_24,190,605,9695.443359,2.556125,2.662611008,0.963375796
Position_24,193,464,6689.776367,1.9604,1.83717978,0.960662526
Position_24,196,625,10472.55371,2.640625,2.876024961,0.975039002
Position_24,201,673,12074.93945,2.843425,3.316080093,0.975362319
Position_24,209,703,12954.68945,2.970175,3.557681561,0.975034674
Position_24,211,716,14162.80469,3.0251,3.889460087,0.963660834
Position_24,214,572,9204.302734,2.4167,2.527731657,0.969491525
Position_24,216,575,9344.554688,2.429375,2.566248178,0.961538462
Position_24,219,636,11039.54492,2.6871,3.031734943,0.96803653
Position_24,232,464,7369.683594,1.9604,2.023899317,0.966666667
Position_24,233,544,9205.943359,2.2984,2.528182268,0.96969697
Position_24,235,802,15028.00879,3.38845,4.127066612,0.9756691
Position_24,236,641,11149.5498,2.708225,3.061944962,0.971212121
Position_24,243,422,6028.68457,1.78295,1.655627489,0.970114943
Position_24,245,564,9561.75,2.3829,2.6258955,0.975778547
Position_24,251,732,14219.79785,3.0927,3.905112028,0.966974901
Position_24,254,536,9025.669922,2.2646,2.47867465,0.967509025
Position_24,255,663,12133.99023,2.801175,3.332297087,0.977876106
Position_24,259,768,13202.21582,3.2448,3.625658512,0.96969697
Position_24,260,634,10923.375,2.67865,2.999831915,0.96499239
Position_24,264,544,8944.572266,2.2984,2.456403017,0.971428571
Position_24,266,860,15336.75977,3.6335,4.211857796,0.975056689
Position_24,269,681,12440.99023,2.877225,3.416606903,0.974248927
Position_24,272,575,9670.828125,2.429375,2.655851126,0.972927242
Position_24,275,601,10580.35449,2.539225,2.905629873,0.966237942
Position_24,276,689,11674.75391,2.911025,3.206179142,0.977304965
Position_24,277,658,12079.93555,2.78005,3.317452192,0.979166667
Position_24,278,525,8649.503906,2.218125,2.375370026,0.965073529
Position_24,282,397,5635.595703,1.677325,1.54767549,0.968292683
Position_24,288,536,8997.365234,2.2646,2.470901489,0.97277677
Position_24,294,578,9258.56543,2.44205,2.542633533,0.969798658
Position_24,295,669,11754.7959,2.826525,3.228160858,0.966763006
Position_24,304,491,7711.066406,2.074475,2.117651463,0.966535433
Position_24,305,472,7265.019043,1.9942,1.995155811,0.969199179
Position_24,317,553,9279.984375,2.336425,2.548515558,0.96173913
Position_24,318,662,11214.83984,2.79695,3.079875231,0.970674487
Position_24,323,662,11251.33984,2.79695,3.089899063,0.95942029
Position_24,324,503,7903.57373,2.125175,2.170518875,0.967307692
Position_24,325,537,9015.262695,2.268825,2.475816488,0.974591652
Position_24,326,424,6473.472168,1.7914,1.777777314,0.965831435
Position_24,330,641,11742.11719,2.708225,3.224678993,0.972685888
Position_24,331,579,9664.616211,2.446275,2.654145241,0.969849246
Position_24,332,526,8178.908691,2.22235,2.246132851,0.956363636
Position_24,336,290,3367.766846,1.22525,0.924872935,0.960264901
Position_24,340,644,11026.73438,2.7209,3.028216839,0.968421053
Position_24,341,677,11175.22266,2.860325,3.068995476,0.967142857
Position_24,342,683,12007.80859,2.885675,3.297644377,0.970170455
Position_24,345,548,9056.061523,2.3153,2.487020969,0.971631206
Position_24,347,462,7114.926758,1.95195,1.953936696,0.968553459
Position_24,349,651,11919.62988,2.750475,3.273428202,0.977477477
Position_24,351,1029,19321.88672,4.347525,5.306272984,0.963483146
Position_24,353,713,13238.62207,3.012425,3.635656595,0.978052126
Position_24,356,466,6723.091797,1.96885,1.846329093,0.968814969
Position_24,357,567,9742.231445,2.395575,2.675460339,0.964285714
Position_24,359,744,12537.34961,3.1434,3.443069696,0.96875
Position_24,361,666,12196.83594,2.81385,3.349555969,0.969432314
Position_24,362,568,9780.708984,2.3998,2.68602705,0.96434635
Position_24,370,709,12772.35352,2.995525,3.50760746,0.96462585
Position_24,372,583,9660.657227,2.463175,2.653058052,0.973288815
Position_24,377,716,13639.73047,3.0251,3.745810986,0.970189702
Position_24,378,462,6489.047852,1.95195,1.782054782,0.96049896
Position_24,384,572,9307.37793,2.4167,2.556038618,0.959731544
Position_24,385,797,14280.31543,3.367325,3.921731472,0.974327628
Position_24,390,701,13469.87012,2.961725,3.69916296,0.964236589
Position_24,393,582,9906.790039,2.45895,2.720652103,0.968386023
Position_24,394,622,10659.17188,2.62795,2.927274942,0.971875
Position_24,395,704,13074.08301,2.9744,3.590470076,0.967032967
Position_24,398,649,11060.33789,2.742025,3.037445307,0.973013493
Position_24,401,651,10933.30176,2.750475,3.002557993,0.965875371
Position_24,406,615,10590.71582,2.598375,2.908475399,0.970031546
Position_24,411,876,17395.96094,3.7011,4.777365685,0.975501114
Position_24,414,597,10331.5957,2.522325,2.837314367,0.972312704
Position_24,425,588,10189.0791,2.4843,2.798175812,0.968698517
Position_24,426,770,15230.41016,3.25325,4.18265152,0.975918885
Position_24,431,611,10612.44238,2.581475,2.914442062,0.972929936
Position_24,436,502,8228.957031,2.12095,2.259877205,0.967244701
Position_24,438,475,7405.019531,2.006875,2.03360343,0.967413442
Position_24,439,657,12043.9248,2.775825,3.307562828,0.971893491
Position_24,440,527,8540.296875,2.226575,2.345378876,0.974121996
Position_24,441,681,12878.29297,2.877225,3.536701202,0.981268012
Position_24,443,486,7670.111816,2.05335,2.106404543,0.96812749
Position_24,444,649,11406.22461,2.742025,3.132434368,0.964338782
Position_24,447,564,9731.628906,2.3829,2.672548532,0.965753425
Position_24,453,639,11017.3584,2.699775,3.025641918,0.975572519
Position_25,12,639,11492.76074,2.699775,3.156199455,0.966717095
Position_25,16,629,11036.76953,2.657525,3.030972719,0.966205837
Position_25,17,647,11464.14063,2.733575,3.14833951,0.970014993
Position_25,23,606,9998.902344,2.56035,2.745948553,0.964968153
Position_25,30,733,13793.91016,3.096925,3.788152456,0.972148541
Position_25,31,598,9883.792969,2.52655,2.714336634,0.980327869
Position_25,36,560,9213.040039,2.366,2.530131102,0.968858131
Position_25,45,434,6598.457031,1.83365,1.812101245,0.970917226
Position_25,46,524,8012.158691,2.2139,2.200339079,0.97037037
Position_25,51,733,13196.74805,3.096925,3.624156952,0.974734043
Position_25,61,506,8419.84375,2.13785,2.31229949,0.965648855
Position_25,63,483,7531.445313,2.040675,2.068323135,0.969879518
Position_25,78,721,13266.37695,3.046225,3.643278599,0.96519411
Position_25,79,600,9362.848633,2.535,2.571272373,0.970873786
Position_25,87,636,10570.37305,2.6871,2.902888536,0.975460123
Position_25,88,545,9390.135742,2.302625,2.578765869,0.971479501
Position_25,89,431,6377.804199,1.820975,1.751504421,0.964205817
Position_25,92,669,12050.17285,2.826525,3.309278727,0.966763006
Position_25,94,475,7557.741211,2.006875,2.075544596,0.961538462
Position_25,96,535,7964.076172,2.260375,2.187134266,0.978062157
Position_25,97,717,14001.86719,3.029325,3.845262766,0.979508197
Position_25,98,784,15359.76367,3.3124,4.218174934,0.967901235
Position_25,112,496,7939.042969,2.0956,2.180259705,0.964980545
Position_25,121,534,8284.085938,2.25615,2.275017023,0.969147005
Position_25,126,652,11560.6748,2.7547,3.174850225,0.970238095
Position_25,130,954,20089.50977,4.03065,5.517081738,0.963636364
Position_25,139,741,14194.96484,3.130725,3.898292065,0.971166448
Position_25,143,543,8174.02832,2.294175,2.244792461,0.952631579
Position_25,145,649,11036.80859,2.742025,3.030983448,0.977409639
Position_25,153,656,11708.30469,2.7716,3.215393066,0.968980798
Position_25,157,808,15310.09473,3.4138,4.204534531,0.974668275
Position_25,165,625,10181.19434,2.640625,2.796010494,0.970496894
Position_25,166,590,9955.34668,2.49275,2.733987093,0.975206612
Position_25,167,682,12773.03418,2.88145,3.50779438,0.967375887
Position_25,171,733,13498.06836,3.096925,3.706907034,0.972148541
Position_25,172,591,10072.93359,2.496975,2.766279459,0.968852459
Position_25,175,744,14382.44531,3.1434,3.949779034,0.971279373
Position_25,177,819,16609.49023,3.460275,4.56138134,0.973840666
Position_25,180,462,6957.952637,1.95195,1.910827756,0.974683544
Position_25,181,638,9893.226563,2.69555,2.71692729,0.974045802
Position_25,192,534,8155.694336,2.25615,2.239757538,0.972677596
Position_25,195,706,11720.03418,2.98285,3.21861434,0.96978022
Position_25,196,563,9591.423828,2.378675,2.634044647,0.970689655
Position_25,197,476,6724.456055,2.0111,1.846703768,0.965517241
Position_25,199,551,8442.129883,2.327975,2.318419933,0.978685613
Position_25,202,637,10677.93945,2.691325,2.932429075,0.971036585
Position_25,204,579,9323.233398,2.446275,2.560392857,0.974747475
Position_25,206,656,11419.75488,2.7716,3.136150122,0.973293769
Position_25,211,607,10126.87402,2.564575,2.781092644,0.968102073
Position_25,213,524,8016.799316,2.2139,2.201613426,0.965009208
Position_25,215,836,17424.29688,3.5321,4.785147667,0.969837587
Position_25,218,660,11626.67773,2.7885,3.192976236,0.966325037
Position_25,221,620,10828.37402,2.6195,2.973742247,0.973312402
Position_25,224,548,8513.111328,2.3153,2.337913275,0.964788732
Position_25,227,795,16252.36816,3.358875,4.463306427,0.973072215
Position_25,228,748,14680.08496,3.1603,4.031518459,0.977777778
Position_25,232,831,17112.70313,3.510975,4.699575901,0.975352113
Position_25,237,348,4747.734375,1.4703,1.303846478,0.958677686
Position_25,246,675,11486.78516,2.851875,3.15455842,0.969827586
Position_25,250,543,9330.345703,2.294175,2.56234622,0.961061947
Position_25,262,626,10623.93652,2.64485,2.917598486,0.963076923
Position_25,285,556,9133.851563,2.3491,2.508383989,0.973730298
Position_25,289,568,9459.085938,2.3998,2.59770155,0.965986395
Position_25,302,541,8968.854492,2.285725,2.463071585,0.960923623
Position_25,305,592,9398.942383,2.5012,2.581184626,0.962601626
Position_25,306,621,10812.36035,2.623725,2.969344378,0.9703125
Position_25,311,598,10372.58301,2.52655,2.848570585,0.970779221
Position_25,313,729,12638.76758,3.080025,3.470921516,0.965562914
Position_25,316,585,10498.31836,2.471625,2.883100748,0.971760797
Position_25,320,699,13527.69141,2.953275,3.715042114,0.972183588
Position_25,322,422,5909.948242,1.78295,1.623019457,0.967889908
Position_25,324,647,11784.81348,2.733575,3.236404419,0.964232489
Position_25,337,666,10922.98242,2.81385,2.999723911,0.961038961
Position_25,338,688,12857.5293,2.9068,3.530998945,0.974504249
Position_25,340,520,8453.092773,2.197,2.321430683,0.961182994
Position_25,341,529,7754.320313,2.235025,2.129530191,0.97962963
Position_25,344,654,11273.45703,2.76315,3.095973015,0.963181149
Position_25,346,466,6965.743164,1.96885,1.912967205,0.968814969
Position_25,347,584,9102.139648,2.4674,2.499675035,0.966887417
Position_25,349,896,17609.88281,3.7856,4.83611393,0.96969697
Position_25,352,547,8262.113281,2.311075,2.268982887,0.959649123
Position_25,353,620,10803.48047,2.6195,2.966905832,0.973312402
Position_25,354,502,8099.711914,2.12095,2.224383354,0.98046875
Position_25,356,498,7131.647949,2.10405,1.958528757,0.968871595
Position_25,359,727,14419.58789,3.071575,3.959979296,0.974530831
Position_25,360,610,10448.5332,2.57725,2.869428396,0.976
Position_25,366,743,13762.23242,3.139175,3.779453039,0.96997389
Position_25,368,610,10128.47266,2.57725,2.781531811,0.974440895
Position_25,370,662,11873.5957,2.79695,3.260786057,0.965014577
Position_25,371,601,10533.53516,2.539225,2.892771959,0.975649351
Position_25,372,536,8700.175781,2.2646,2.389285803,0.97277677
Position_25,379,650,11798.25488,2.74625,3.240095615,0.974512744
Position_25,382,660,12206.68164,2.7885,3.352259874,0.974889217
Position_25,384,616,10779.60059,2.6026,2.960347652,0.979332273
Position_25,388,697,13681.84961,2.944825,3.757377863,0.974825175
Position_25,391,472,7601.859375,1.9942,2.087660551,0.973195876
Position_25,395,553,9560.509766,2.336425,2.625555038,0.971880492
Position_25,403,726,13675.41895,3.06735,3.755611897,0.96929239
Position_25,411,666,12533.61523,2.81385,3.44204402,0.968023256
Position_25,412,560,9222.967773,2.366,2.532857418,0.967184801
Position_25,417,842,17417.02148,3.55745,4.783149242,0.968929804
Position_25,418,726,13013.3623,3.06735,3.573794603,0.964143426
Position_25,419,589,10373.8916,2.488525,2.848929882,0.973553719
Position_25,422,554,9281.151367,2.34065,2.548836231,0.961805556
Position_25,424,708,12706.37109,2.9913,3.489487171,0.971193416
Position_25,426,586,9086.52832,2.47585,2.495387793,0.9669967
Position_25,429,504,8433.470703,2.1294,2.316041946,0.969230769
Position_25,434,541,8379.751953,2.285725,2.30128932,0.96953405
Position_25,435,620,10675.72168,2.6195,2.931819916,0.96875
Position_25,436,828,16445.73242,3.4983,4.516409397,0.975265018
Position_25,438,524,7867.510742,2.2139,2.160615206,0.96857671
Position_25,441,406,5380.697754,1.71535,1.477674127,0.953051643
Position_26,10,657,11081.07129,2.775825,3.043139219,0.935897436
Position_26,18,564,9400.795898,2.3829,2.581693649,0.969072165
Position_26,24,657,10152.67773,2.775825,2.788179159,0.82125
Position_26,39,716,11011.14258,3.0251,3.02393508,0.948344371
Position_26,43,521,8762.119141,2.201225,2.406296968,0.950729927
Position_26,44,854,16655.80859,3.60815,4.574101448,0.968253968
Position_26,46,1169,21508.77148,4.939025,5.906846046,0.916862745
Position_26,55,515,7460.802734,2.175875,2.048923016,0.969868173
Position_26,58,474,7441.791016,2.00265,2.043701887,0.963414634
Position_26,62,380,4587.42627,1.6055,1.259821892,0.95
Position_26,70,446,6482.988281,1.88435,1.78039062,0.957081545
Position_26,71,1198,24519.13867,5.06155,6.733568192,0.744099379
Position_26,74,600,9798.125,2.535,2.690809965,0.927357032
Position_26,76,698,11733.73145,2.94905,3.22237587,0.957475995
Position_26,80,1080,21869.73047,4.563,6.00597477,0.870265915
Position_26,82,603,8829.28418,2.547675,2.424742222,0.952606635
Position_26,87,596,7356.865234,2.5181,2.020379066,0.831241283
Position_26,93,323,3237.6521,1.364675,0.889140189,0.936231884
Position_26,98,1385,36844.28125,5.851625,10.11836052,0.913588391
Position_26,108,702,11220.81445,2.96595,3.081516027,0.896551724
Position_26,118,902,13592.45703,3.81095,3.732828379,0.900199601
Position_26,132,620,10670.48633,2.6195,2.930382252,0.919881306
Position_27,8,709,13124.55566,2.995525,3.604331017,0.973901099
Position_27,30,649,10333.01758,2.742025,2.837704897,0.939218524
Position_27,35,601,9309.820313,2.539225,2.55670929,0.949447077
Position_27,40,376,5312.708984,1.5886,1.459002733,0.947103275
Position_27,47,659,11046.76563,2.784275,3.033717871,0.944126074
Position_27,53,668,10207.45898,2.8223,2.803223372,0.931659693
Position_27,78,1021,19924.22461,4.313725,5.471690178,0.765941485
Position_27,82,708,11820.24512,2.9913,3.246134758,0.924281984
Position_27,86,609,6778.233398,2.573025,1.861472368,0.736396614
Position_27,97,664,9825.665039,2.8054,2.698373318,0.908344733
Position_27,100,670,10672.49609,2.83075,2.930934191,0.937062937
Position_27,113,701,12486.70801,2.961725,3.429162025,0.949864499
Position_27,117,520,8601.053711,2.197,2.362064362,0.973782772
Position_27,119,681,9409.008789,2.877225,2.583949089,0.855527638
Position_27,123,522,8855.727539,2.20545,2.432004213,0.963099631
Position_27,131,842,12253.56934,3.55745,3.365136385,0.89957265
Position_27,132,562,7781.049316,2.37445,2.136870623,0.959044369
Position_28,9,794,14144.61035,3.35465,3.884463549,0.934117647
Position_28,10,769,13629.32813,3.249025,3.742954254,0.884925201
Position_28,16,297,3245.741699,1.254825,0.891361773,0.948881789
Position_28,17,778,12948.0625,3.28705,3.555861712,0.929510155
Position_28,18,672,11163.00586,2.8392,3.06564045,0.958630528
Position_28,24,594,7295.270996,2.50965,2.003463745,0.919504644
Position_28,26,464,5978.317871,1.9604,1.641795516,0.952772074
Position_28,31,351,4820.675781,1.482975,1.32387805,0.964285714
Position_28,37,450,7041.503418,1.90125,1.933772802,0.96359743
Position_28,53,861,12123.9707,3.637725,3.329545498,0.874111675
Position_28,61,1033,21829.21484,4.364425,5.994848251,0.902972028
Position_28,64,449,6676.574219,1.897025,1.833554149,0.951271186
Position_28,65,456,6460.900391,1.9266,1.774324775,0.955974843
Position_28,69,934,15539.48633,3.94615,4.267531395,0.896353167
Position_28,74,773,12583.66699,3.265925,3.455789566,0.946144431
Position_28,75,913,18053.30664,3.857425,4.95788908,0.911177645
Position_28,84,289,3090.437256,1.221025,0.848711312,0.963333333
Position_28,89,957,16430.51953,4.043325,4.51223135,0.89943609
Position_28,91,714,13186.63086,3.01665,3.621378422,0.955823293
Position_28,106,383,5256.009766,1.618175,1.443431616,0.948019802
Position_28,110,506,7043.517578,2.13785,1.934325933,0.895575221
Position_28,111,609,10126.22559,2.573025,2.780914545,0.968203498
Position_28,112,482,7279.498047,2.03645,1.999132156,0.965931864
Position_28,118,467,6015.291016,1.973075,1.651949286,0.949186992
Position_28,122,965,18681.03516,4.077125,5.130279064,0.965965966
Position_29,7,1054,22369.34375,4.45315,6.143180847,0.884228188
Position_29,13,626,10688.58594,2.64485,2.935352802,0.973561431
Position_29,32,605,10360.21387,2.556125,2.845173597,0.966453674
Position_29,33,671,11262.43555,2.834975,3.092946291,0.957203994
Position_29,45,1030,18777.17188,4.35175,5.156680584,0.941499086
Position_29,55,1148,22079.93359,4.8503,6.06370163,0.864457831
Position_29,59,819,15050.30273,3.460275,4.133189201,0.913043478
Position_29,63,902,16246.54492,3.81095,4.461707115,0.921348315
Position_29,71,740,13980.4502,3.1265,3.83938098,0.969855832
Position_29,76,706,13119.66992,2.98285,3.602989197,0.967123288
Position_29,78,835,16347.33887,3.527875,4.489387989,0.968677494
Position_29,79,1198,23858.18164,5.06155,6.552052975,0.878943507
Position_29,81,777,12671.59863,3.282825,3.479937792,0.952205882
Position_29,95,579,8847.575195,2.446275,2.429765224,0.955445545
Position_29,98,805,12308.80078,3.401125,3.380304337,0.843815514
Position_29,99,533,8915.194336,2.251925,2.448335171,0.963833635
Position_29,100,266,2952.991211,1.12385,0.81096518,0.956834532
Position_29,107,1189,25963.61328,5.023525,7.13025713,0.948922586
Position_30,2,730,14566.07129,3.08425,4.000207424,0.970744681
Position_30,20,1103,23033.36133,4.660175,6.325536728,0.902618658
Position_30,28,811,15778.64453,3.426475,4.333209991,0.959763314
Position_30,29,565,9372.607422,2.387125,2.573952198,0.962521295
Position_30,31,1051,17561.15234,4.440475,4.822731495,0.884680135
Position_30,41,704,12234.83594,2.9744,3.359991789,0.972375691
Position_30,44,648,8742.394531,2.7378,2.400880098,0.849279161
Position_30,45,409,5316.804199,1.728025,1.460127354,0.973809524
Position_30,58,513,6983.737793,2.167425,1.917908907,0.951762523
Position_30,60,691,12925.25977,2.919475,3.549599409,0.945280438
Position_30,62,824,13355.61426,3.4814,3.667785406,0.937428896
Position_30,66,850,13777.18359,3.59125,3.783559084,0.914962325
Position_30,68,751,14142.70703,3.172975,3.883940935,0.977864583
Position_30,75,723,13719.47461,3.054675,3.767710686,0.938961039
Position_30,78,825,12792.65527,3.485625,3.513182878,0.904605263
Position_30,79,730,12355.12891,3.08425,3.393027306,0.965608466
Position_30,91,717,11102.74316,3.029325,3.049090862,0.931168831
Position_30,105,614,10168.7207,2.59415,2.792584896,0.957878315
Position_30,120,846,13490.02246,3.57435,3.704697371,0.937915743
Position_30,123,699,11330.61035,2.953275,3.111668825,0.949728261
Position_31,7,335,4204.598633,1.415375,1.154687881,0.976676385
Position_31,9,492,7059.369629,2.0787,1.938679338,0.944337812
Position_31,12,542,5935.713379,2.28995,1.630095243,0.884176183
Position_31,13,836,13550.7832,3.5321,3.72138381,0.906724512
Position_31,15,951,16327.78711,4.017975,4.484018326,0.821243523
Position_31,17,407,5633.108398,1.719575,1.546992421,0.964454976
Position_31,27,463,6348.905762,1.956175,1.743568182,0.952674897
Position_31,28,633,11243.45996,2.674425,3.087735176,0.962006079
Position_31,35,572,9471.954102,2.4167,2.60123539,0.976109215
Position_31,38,548,7570.407715,2.3153,2.079023123,0.910299003
Position_31,42,727,10336.91211,3.071575,2.838774443,0.847319347
Position_31,47,370,4785.606934,1.56325,1.314247251,0.966057441
Position_31,55,493,7524.863281,2.082925,2.066515446,0.964774951
Position_31,56,445,5774.450195,1.880125,1.585808396,0.946808511
Position_31,59,813,13896.30566,3.434925,3.816272974,0.94865811
Position_31,62,730,11668.78223,3.08425,3.204539299,0.893512852
Position_31,63,920,19551.53516,3.887,5.36934042,0.901960784
Position_31,79,537,7082.649902,2.268825,1.945072651,0.905564924
Position_31,81,679,9078.807617,2.868775,2.493267536,0.851944793
Position_31,85,1162,25517.42578,4.90945,7.007722855,0.909233177
Position_31,89,845,16599.22461,3.570125,4.558561802,0.911542611
Position_31,94,852,13840.45801,3.5997,3.800935745,0.932166302
Position_31,103,264,2765.512695,1.1154,0.759478927,0.946236559
Position_31,105,1007,19601.16602,4.254575,5.382970333,0.925551471
Position_31,139,527,7771.982422,2.226575,2.134380579,0.966972477
Position_31,147,751,13098.8623,3.172975,3.597275019,0.953045685
Position_32,5,504,7218.032715,2.1294,1.98225224,0.967370441
Position_32,16,862,15558.2998,3.64195,4.272697926,0.949339207
Position_32,30,684,11370.18359,2.8899,3.122536659,0.948682386
Position_32,31,882,15002.07422,3.72645,4.119944572,0.947368421
Position_32,45,819,15942.50195,3.460275,4.378209591,0.955659277
Position_32,46,633,9811.208984,2.674425,2.694403172,0.89280677
Position_32,51,666,9281.560547,2.81385,2.548948526,0.951428571
Position_32,52,434,5743.750977,1.83365,1.577377558,0.913684211
Position_32,65,972,16392.54102,4.1067,4.501801491,0.951076321
Position_32,71,784,14526.2832,3.3124,3.989280462,0.92343934
Position_32,72,620,9715.982422,2.6195,2.668251514,0.939393939
Position_32,74,562,8677.87207,2.37445,2.383160591,0.959044369
Position_32,76,337,4094.157715,1.423825,1.124358058,0.973988439
Position_32,79,835,12201.26172,3.527875,3.350771427,0.833333333
Position_32,87,506,6381.62793,2.13785,1.752554536,0.905187835
Position_32,91,599,8483.151367,2.530775,2.32968545,0.931570762
Position_32,95,448,6914.041992,1.8928,1.898768783,0.973913043
Position_32,100,561,8183.54834,2.370225,2.24740696,0.955706985
Position_32,103,486,6347.328125,2.05335,1.743134975,0.934615385
Position_32,109,490,7383.55957,2.07025,2.027709961,0.976095618
Position_32,110,418,5423.314941,1.76605,1.489377856,0.943566591
Position_32,113,452,7083.287598,1.9097,1.945247769,0.953586498
Position_32,114,931,13091.01465,3.933475,3.595119953,0.881628788
Position_32,120,573,9283.568359,2.420925,2.549499989,0.94398682
Position_32,124,698,13637.43164,2.94905,3.745179653,0.969444444
Position_32,125,468,6835.527832,1.9773,1.877206802,0.917647059
Position_32,129,435,6612.699219,1.837875,1.816012502,0.960264901
Position_33,2,563,9550.717773,2.378675,2.622865915,0.955857385
Position_33,6,875,14014.22363,3.696875,3.848656178,0.95837897
Position_33,8,391,5627.067871,1.651975,1.545333505,0.958333333
Position_33,15,574,8236.56543,2.42515,2.261966705,0.953488372
Position_33,19,495,7048.013184,2.091375,1.935560584,0.955598456
Position_33,20,1100,20721.75,4.6475,5.690710545,0.81120944
Position_33,21,372,4715.721191,1.5717,1.295054913,0.966233766
Position_33,23,624,9113.630859,2.6364,2.502830744,0.952671756
Position_33,29,1220,26505.04297,5.1545,7.278947353,0.930587338
Position_33,43,621,9702.500977,2.623725,2.664549351,0.953917051
Position_33,45,515,6545.974121,2.175875,1.797688127,0.938069217
Position_33,47,419,5749.886719,1.770275,1.579062581,0.958810069
Position_33,56,531,8145.262695,2.243475,2.2368927,0.949910555
Position_33,72,351,4588.143555,1.482975,1.260018945,0.966942149
Position_33,76,687,9951.796875,2.902575,2.733012199,0.87627551
Position_33,86,594,8803.249023,2.50965,2.417592287,0.964285714
Position_33,90,400,5630.337402,1.69,1.546231389,0.947867299
Position_33,93,300,3248.723145,1.2675,0.892180562,0.940438871
Position_33,101,377,4936.992676,1.592825,1.355821609,0.928571429
Position_34,9,726,12620.25391,3.06735,3.46583724,0.978436658
Position_34,10,508,8408.917969,2.1463,2.309298992,0.969465649
Position_34,19,563,8624.667969,2.378675,2.368549347,0.964041096
Position_34,23,686,10843.77832,2.89835,2.977972507,0.97029703
Position_34,31,659,11779.66895,2.784275,3.23499155,0.960641399
Position_34,33,697,12768.2832,2.944825,3.506489754,0.976190476
Position_34,34,713,12007.73438,3.012425,3.297624111,0.970068027
Position_34,40,332,4233.134766,1.4027,1.162524581,0.959537572
Position_34,41,645,9615.770508,2.725125,2.640730858,0.968468468
Position_34,44,660,10967.90332,2.7885,3.012060404,0.969162996
Position_34,48,762,14390.76172,3.21945,3.952062845,0.968233799
Position_34,49,569,9422.799805,2.404025,2.587736368,0.970989761
Position_34,53,620,10955.1084,2.6195,3.008546591,0.964230171
Position_34,60,653,11622.79199,2.758925,3.191909313,0.970282318
Position_34,62,689,12875.77637,2.911025,3.536010027,0.966339411
Position_34,66,686,12719.31641,2.89835,3.493042231,0.975817923
Position_34,68,649,10800.6543,2.742025,2.966129541,0.964338782
Position_34,71,325,4251.699707,1.373125,1.167623043,0.970149254
Position_34,72,590,10091.47656,2.49275,2.771371603,0.97359736
Position_34,73,623,9922.017578,2.632175,2.724833965,0.974960876
Position_34,75,665,11429.05859,2.809625,3.138705254,0.96797671
Position_34,76,916,20612.25781,3.8701,5.660641193,0.977588047
Position_34,78,464,7043.739258,1.9604,1.934386849,0.96868476
Position_34,79,552,8929.157227,2.3322,2.452169657,0.963350785
Position_34,88,515,8171.131836,2.175875,2.243997097,0.973534972
Position_34,97,959,21800.81445,4.051775,5.987048626,0.96966633
Position_34,101,539,8617.829102,2.277275,2.366671324,0.96942446
Position_34,109,469,6761.349609,1.981525,1.856835604,0.971014493
Position_34,111,719,13246.43848,3.037775,3.637803078,0.975576662
Position_34,114,430,6460.273438,1.81675,1.774152517,0.970654628
Position_34,115,512,8040.254395,2.1632,2.208054781,0.966037736
Position_34,119,619,10569.52344,2.615275,2.902655363,0.9671875
Position_34,122,634,11500.53125,2.67865,3.158333302,0.979907264
Position_34,123,607,10560.05664,2.564575,2.900055408,0.97275641
Position_34,126,775,13864.92676,3.274375,3.807655334,0.974842767
Position_34,140,417,6118.115234,1.761825,1.680187345,0.963048499
Position_34,146,492,7633.637695,2.0787,2.096387625,0.957198444
Position_34,148,728,13813.69141,3.0758,3.793584824,0.975871314
Position_34,153,623,11225.52734,2.632175,3.082810402,0.968895801
Position_34,161,663,11102.8125,2.801175,3.049109936,0.972140762
Position_34,179,743,13203.58984,3.139175,3.62603569,0.97124183
Position_34,185,651,8688.339844,2.750475,2.386035204,0.954545455
Position_34,188,381,4873.435059,1.609725,1.338367105,0.964556962
Position_34,190,472,6632.911133,1.9942,1.821563244,0.961303462
Position_34,191,523,7643.828613,2.209675,2.09918642,0.968518519
Position_34,195,608,10054.89746,2.5688,2.761326075,0.9728
Position_34,204,510,8220.525391,2.15475,2.257561684,0.971428571
Position_34,210,608,10367.78613,2.5688,2.847253323,0.975922953
Position_34,216,438,5974.983887,1.85055,1.640879869,0.962637363
Position_34,219,643,10418.25195,2.716675,2.861112356,0.969834087
Position_34,222,631,10422.55664,2.665975,2.862294674,0.970769231
Position_34,227,453,6430.399414,1.913925,1.765948415,0.978401728
Position_34,231,896,18892.2207,3.7856,5.188275814,0.964477933
Position_34,234,528,8610.674805,2.2308,2.364706516,0.967032967
Position_34,237,715,14058.43262,3.020875,3.860796928,0.962314939
Position_34,241,628,11020.78027,2.6533,3.026581764,0.967642527
Position_34,254,519,7823.601563,2.192775,2.148556471,0.957564576
Position_34,256,595,9747.888672,2.513875,2.677013874,0.970636215
Position_34,257,508,7436.050293,2.1463,2.042125225,0.969465649
Position_34,263,529,8773.048828,2.235025,2.40929842,0.977818854
Position_34,265,639,11447.1709,2.699775,3.143679142,0.97260274
Position_34,269,411,6169.128418,1.736475,1.69419682,0.969339623
Position_34,272,623,10496.56543,2.632175,2.882619143,0.970404984
Position_34,273,639,11280.94043,2.699775,3.098028183,0.968181818
Position_34,278,568,8865.756836,2.3998,2.434758425,0.962711864
Position_34,291,683,12481.37012,2.885675,3.427696228,0.968794326
Position_34,297,606,10670.02539,2.56035,2.930255651,0.982171799
Position_34,300,797,15332.09961,3.367325,4.210577965,0.966060606
Position_34,304,607,10660.28906,2.564575,2.927581787,0.9712
Position_34,307,609,10944.2998,2.573025,3.005578279,0.97752809
Position_34,312,494,7681.464844,2.08715,2.109522343,0.968627451
Position_34,315,609,10117.25879,2.573025,2.778452158,0.971291866
Position_34,316,646,12095.37793,2.72935,3.321693182,0.964179104
Position_34,321,470,7335.322754,1.98575,2.014462948,0.967078189
Position_34,322,640,11164.36133,2.704,3.066012621,0.972644377
Position_34,340,656,11778.68359,2.7716,3.234720945,0.97473997
Position_34,342,746,14482.43848,3.15185,3.977239609,0.963824289
Position_34,347,646,12169.4668,2.72935,3.342039824,0.972891566
Position_34,348,609,10895.80273,2.573025,2.992259741,0.960567823
Position_34,350,566,8187.79541,2.39135,2.248573303,0.959322034
Position_34,359,708,12951.70117,2.9913,3.556860924,0.965893588
Position_34,363,384,5190.661133,1.6224,1.425485253,0.96
Position_34,373,574,9609.985352,2.42515,2.639142275,0.967959528
Position_34,374,616,10543.51172,2.6026,2.895511866,0.96400626
Position_34,379,669,11235.10352,2.826525,3.085440159,0.969565217
Position_34,382,857,17768.76172,3.620825,4.87974596,0.972758229
Position_34,388,576,10091.38574,2.4336,2.771346807,0.972972973
Position_34,389,682,12825.7041,2.88145,3.522258997,0.966005666
Position_34,390,725,14074.8623,3.063125,3.865309,0.97577389
Position_34,399,584,9721.191406,2.4674,2.669682264,0.973333333
Position_34,400,661,11530.87891,2.792725,3.166667461,0.969208211
Position_34,401,588,9978.455078,2.4843,2.74033308,0.963934426
Position_34,403,624,9578.545898,2.6364,2.630508184,0.979591837
Position_35,9,864,16091.08594,3.6504,4.419014454,0.958934517
Position_35,11,588,10253.94336,2.4843,2.815989256,0.963934426
Position_35,18,446,6559.708008,1.88435,1.801459789,0.959139785
Position_35,21,632,11595.89258,2.6702,3.184521914,0.963414634
Position_35,55,713,13758.625,3.012425,3.77846241,0.971389646
Position_35,56,586,9793.371094,2.47585,2.689504385,0.965403624
Position_35,57,624,11074.11426,2.6364,3.041228533,0.96744186
Position_35,61,614,10591.44531,2.59415,2.908675671,0.974603175
Position_35,79,689,11643.73828,2.911025,3.197661638,0.969057665
Position_35,83,662,12137.68457,2.79695,3.333311558,0.973529412
Position_35,85,668,11261.83887,2.8223,3.092782497,0.975182482
Position_35,87,450,6937.249512,1.90125,1.905142069,0.969827586
Position_35,102,509,7835.654297,2.150525,2.151866436,0.971374046
Position_35,112,814,14489.59082,3.43915,3.979203701,0.954279015
Position_35,113,656,11902.38281,2.7716,3.268691778,0.961876833
Position_35,115,574,9381.427734,2.42515,2.576374531,0.967959528
Position_35,117,789,15037.35938,3.333525,4.129634857,0.976485149
Position_35,121,796,13864.125,3.3631,3.807435274,0.966019417
Position_35,124,727,12543.78711,3.071575,3.44483757,0.955321945
Position_35,144,692,12060.50293,2.9237,3.312115669,0.971910112
Position_35,145,528,8148.069336,2.2308,2.237663507,0.970588235
Position_35,146,673,11519.19824,2.843425,3.163459778,0.969740634
Position_35,180,541,8660.626953,2.285725,2.378424644,0.973021583
Position_35,183,633,11056.86133,2.674425,3.03649044,0.976851852
Position_35,186,651,11884.05078,2.750475,3.263657331,0.96731055
Position_35,194,724,13635.34277,3.0589,3.744606018,0.97311828
Position_35,207,646,11282.2666,2.72935,3.098392487,0.971428571
Position_35,209,579,9617.011719,2.446275,2.641071796,0.960199005
Position_35,217,671,11021.8457,2.834975,3.026874304,0.972463768
Position_35,220,535,8306.141602,2.260375,2.281074047,0.970961887
Position_35,224,729,12980.27148,3.080025,3.564707041,0.972
Position_35,228,851,18537.91211,3.595475,5.090973854,0.963759909
Position_35,231,617,11024.19629,2.606825,3.027519941,0.962558502
Position_35,238,464,6947.936523,1.9604,1.908077002,0.970711297
Position_35,246,675,11970.53516,2.851875,3.287408113,0.961538462
Position_35,247,650,12164.6543,2.74625,3.340718031,0.968703428
Position_35,249,538,8925.001953,2.27305,2.451028585,0.974637681
Position_35,250,556,9202.916016,2.3491,2.527350664,0.972027972
Position_35,254,445,6559.283203,1.880125,1.801343083,0.963203463
Position_35,262,559,9319.787109,2.361775,2.559446573,0.970486111
Position_35,264,204,2129.203125,0.8619,0.584732413,0.902654867
Position_35,272,793,15791.43555,3.350425,4.336722851,0.968253968
Position_35,273,583,9407.425781,2.463175,2.583514214,0.971666667
Position_35,277,831,16400.8457,3.510975,4.504082203,0.974208675
Position_35,278,432,5907.699707,1.8252,1.622401953,0.970786517
Position_35,282,704,13223.33887,2.9744,3.631459475,0.96969697
Position_35,285,652,10409.25,2.7547,2.858640194,0.968796434
Position_35,288,520,8603.674805,2.197,2.362784147,0.966542751
Position_35,289,434,6286.421875,1.83365,1.726408601,0.96875
Position_35,290,549,8862.129883,2.319525,2.433762312,0.971681416
Position_35,295,533,9106.025391,2.251925,2.500742197,0.972627737
Position_35,299,757,14172.15723,3.198325,3.89202857,0.976774194
Position_35,308,504,8002.871094,2.1294,2.197788477,0.961832061
Position_35,311,455,7003.00293,1.922375,1.923199654,0.974304069
Position_35,315,1149,22135.86133,4.854525,6.079061031,0.466314935
Position_35,319,641,11135.12793,2.708225,3.057984352,0.966817496
Position_35,322,691,11886.53613,2.919475,3.264339924,0.965083799
Position_35,323,611,10847.91602,2.581475,2.97910881,0.974481659
Position_35,326,592,10035.69434,2.5012,2.756052494,0.973684211
Position_35,352,588,10361.54883,2.4843,2.845540285,0.962356792
Position_35,353,573,9666.769531,2.420925,2.654736519,0.971186441
Position_35,355,574,9896.318359,2.42515,2.717776299,0.967959528
Position_35,367,614,11021.05664,2.59415,3.026657581,0.968454259
Position_35,371,680,11372.2002,2.873,3.123090506,0.957746479
Position_35,372,491,7442.945801,2.074475,2.044018984,0.966535433
Position_35,395,654,11086.76953,2.76315,3.04470396,0.966026588
Position_35,397,539,8733.15332,2.277275,2.398342133,0.959074733
Position_36,11,541,8734.375,2.285725,2.398677588,0.966071429
Position_36,27,765,15526.25391,3.232125,4.263897419,0.96835443
Position_36,38,638,10361.46094,2.69555,2.845516205,0.963746224
Position_36,47,582,8770.12207,2.45895,2.408494711,0.966777409
Position_36,50,617,10274.375,2.606825,2.821600199,0.959564541
Position_36,52,614,10023.26074,2.59415,2.752637863,0.966929134
Position_36,55,555,8591.139648,2.344875,2.359341621,0.956896552
Position_36,61,534,7985.812988,2.25615,2.19310379,0.963898917
Position_36,74,562,9789.498047,2.37445,2.6884408,0.975694444
Position_36,81,644,12093.35938,2.7209,3.321138859,0.965517241
Position_36,82,429,6086.651855,1.812525,1.671546698,0.961883408
Position_36,83,641,10496.75684,2.708225,2.882671833,0.963909774
Position_36,84,724,13496.09082,3.0589,3.706363916,0.971812081
Position_36,86,578,9427.758789,2.44205,2.589098215,0.961730449
Position_36,87,504,7962.513672,2.1294,2.186705351,0.967370441
Position_36,91,546,8776.238281,2.30685,2.41017437,0.966371681
Position_36,92,653,12036.82031,2.758925,3.30561161,0.961708395
Position_36,99,827,16013.43066,3.494075,4.397688389,0.961627907
Position_36,104,700,13637.81641,2.9575,3.745285273,0.969529086
Position_36,112,580,9511.775391,2.4505,2.612171173,0.971524288
Position_36,113,559,8714.249023,2.361775,2.393150568,0.968804159
Position_36,115,501,7839.098633,2.116725,2.152812481,0.980430528
Position_36,117,589,9157.276367,2.488525,2.514816999,0.96557377
Position_36,119,750,14303.9707,3.16875,3.928227901,0.966494845
Position_36,121,596,10133.29785,2.5181,2.782856941,0.969105691
Position_36,122,544,8704.464844,2.2984,2.390463591,0.976660682
Position_36,123,529,8860.214844,2.235025,2.433236361,0.967093236
Position_36,129,749,14472.63184,3.164525,3.974546432,0.965206186
Position_36,133,543,8730.092773,2.294175,2.397501707,0.967914439
Position_36,144,632,11048.49805,2.6702,3.034193754,0.975308642
Position_36,145,720,13129.19727,3.042,3.605605841,0.971659919
Position_36,150,637,10932.60449,2.691325,3.002366543,0.971036585
Position_36,158,545,9078.908203,2.302625,2.493295193,0.961199295
Position_36,163,447,6424.349609,1.888575,1.764286995,0.963362069
Position_36,172,629,10996.05762,2.657525,3.019792318,0.976708075
Position_36,177,558,8946.919922,2.35755,2.457047939,0.965397924
Position_36,179,691,12453.31055,2.919475,3.419990301,0.97461213
Position_36,180,711,13659.4541,3.003975,3.751227617,0.967346939
Position_36,183,584,9823.967773,2.4674,2.697907209,0.978224456
Position_36,185,581,10247.35645,2.454725,2.814180136,0.971571906
Position_36,186,520,8416.332031,2.197,2.311335087,0.977443609
Position_36,189,609,9195.128906,2.573025,2.525212288,0.963607595
Position_36,194,747,14156.375,3.156075,3.887694359,0.980314961
Position_36,196,695,11542.92578,2.936375,3.169975996,0.969316597
Position_36,197,494,8074.474121,2.08715,2.217452526,0.966731898
Position_36,200,666,11733.34375,2.81385,3.222269535,0.97510981
Position_36,202,429,6088.040039,1.812525,1.671927929,0.959731544
Position_36,209,553,8663.061523,2.336425,2.37909317,0.971880492
Position_36,213,743,14243.99512,3.139175,3.911756992,0.97124183
Position_36,228,666,12425.24902,2.81385,3.412283897,0.973684211
Position_36,235,718,12069.77441,3.03355,3.314661741,0.967654987
Position_36,239,519,7997.519043,2.192775,2.196318626,0.971910112
Position_36,240,733,13384.82227,3.096925,3.675806761,0.972148541
Position_36,243,677,11473.14453,2.860325,3.150812149,0.971305595
Position_36,245,579,9803.522461,2.446275,2.692292213,0.974747475
Position_36,250,452,6885.763184,1.9097,1.891002655,0.965811966
Position_36,256,634,9900.032227,2.67865,2.718796253,0.963525836
Position_36,258,574,9732.958008,2.42515,2.672913551,0.972881356
Position_36,260,638,11850.84375,2.69555,3.254537821,0.974045802
Position_36,262,647,10800.82813,2.733575,2.966177464,0.971471471
Position_36,267,585,9316.536133,2.471625,2.558553696,0.971760797
Position_36,270,518,8416.806641,2.18855,2.311465502,0.961038961
Position_36,276,652,11147.33984,2.7547,3.061338186,0.973134328
Position_36,278,522,8242.994141,2.20545,2.263732195,0.964879852
Position_36,280,632,10113.61328,2.6702,2.777451038,0.96194825
Position_36,282,627,11267.87793,2.649075,3.094440937,0.975116641
Position_36,283,834,17194.4375,3.52365,4.722022533,0.974299065
Position_36,284,696,12220.82813,2.9406,3.356144905,0.976157083
Position_36,295,581,9005.375,2.454725,2.473101139,0.969949917
Position_36,297,509,7844.532715,2.150525,2.154304743,0.96952381
Position_36,298,694,12538.44531,2.93215,3.443370581,0.970629371
Position_36,300,796,14631.38477,3.3631,4.018144131,0.966019417
Position_36,304,494,7869.813477,2.08715,2.161247492,0.962962963
Position_36,305,592,9956.852539,2.5012,2.734400511,0.970491803
Position_36,309,708,13400.59375,2.9913,3.680138111,0.969863014
Position_36,316,713,12228.86719,3.012425,3.358352661,0.970068027
Position_36,318,595,9820.196289,2.513875,2.696871281,0.972222222
Position_36,319,869,17185.78516,3.671525,4.719645977,0.967706013
Position_37,4,375,5192.764648,1.584375,1.426062942,0.942211055
Position_37,7,644,11659.33984,2.7209,3.201946259,0.975757576
Position_37,17,447,6308.763672,1.888575,1.732544184,0.959227468
Position_37,20,400,5599.87207,1.69,1.537864804,0.952380952
Position_37,22,679,11712.97852,2.868775,3.216676712,0.97
Position_37,23,514,8267.734375,2.17165,2.270526409,0.96435272
Position_37,28,649,11433.72559,2.742025,3.139986753,0.964338782
Position_37,29,699,11074.51855,2.953275,3.041339636,0.962809917
Position_37,31,629,10089.18555,2.657525,2.770742655,0.972179289
Position_37,36,745,13530.19531,3.147625,3.715729713,0.972584856
Position_37,40,802,14339.13379,3.38845,3.937884569,0.973300971
Position_37,52,674,11832.53125,2.84765,3.249508858,0.969784173
Position_37,53,492,7497.416016,2.0787,2.058977842,0.955339806
Position_37,56,663,10885.5752,2.801175,2.989450932,0.967883212
Position_37,59,396,5554.411621,1.6731,1.525380254,0.970588235
Position_37,69,658,11657.37793,2.78005,3.201407433,0.977711738
Position_37,74,793,13711.5,3.350425,3.765520573,0.969437653
Position_37,103,753,13807.96191,3.181425,3.792011499,0.966623877
Position_37,108,477,7230.055664,2.015325,1.98555398,0.963636364
Position_37,114,523,8235.901367,2.209675,2.261784315,0.972118959
Position_37,116,561,9021.34082,2.370225,2.477485657,0.967241379
Position_37,122,549,8115.562988,2.319525,2.228736401,0.953125
Position_37,132,616,9782.123047,2.6026,2.686415434,0.965517241
Position_37,139,611,10587.97363,2.581475,2.907722235,0.976038339
Position_37,142,642,11174.64063,2.71245,3.068835735,0.975683891
Position_37,147,677,11494.93555,2.860325,3.156796694,0.972701149
Position_37,161,650,10762.20117,2.74625,2.955569506,0.973053892
Position_37,162,410,5526.99707,1.73225,1.517851591,0.966981132
Position_37,164,528,8509.708008,2.2308,2.336978436,0.965265082
Position_37,172,786,15035.16211,3.32085,4.129031181,0.969173859
Position_37,173,230,2364.106201,0.97175,0.64924264,0.888030888
Position_37,181,623,10456.51074,2.632175,2.871619225,0.961419753
Position_37,194,562,8326.708008,2.37445,2.286722183,0.968965517
Position_37,202,1062,23923.59766,4.48695,6.570017815,0.979704797
Position_37,205,523,8270.868164,2.209675,2.2713871,0.972118959
Position_37,206,519,8137.190918,2.192775,2.234676123,0.971910112
Position_37,210,587,9947.865234,2.480075,2.731932402,0.963875205
Position_37,216,518,8690.304688,2.18855,2.386574984,0.975517891
Position_37,222,547,8207.84375,2.311075,2.254079103,0.966431095
Position_37,230,704,12807.03125,2.9744,3.517130852,0.972375691
Position_37,241,599,9421.069336,2.530775,2.5872612,0.966129032
Position_37,244,756,14331.06836,3.1941,3.935669661,0.967989757
Position_37,247,508,8144.198242,2.1463,2.236600399,0.973180077
Position_37,254,560,8705.461914,2.366,2.390737534,0.95890411
Position_37,257,708,11103.96094,2.9913,3.049425125,0.965893588
Position_37,263,531,8316.023438,2.243475,2.283787966,0.956756757
Position_37,271,595,10058.38867,2.513875,2.762284994,0.975409836
Position_37,276,546,8960.25293,2.30685,2.460709333,0.971530249
Position_37,282,624,10595.90723,2.6364,2.909900904,0.958525346
Position_37,291,572,9937.411133,2.4167,2.729061604,0.969491525
Position_37,295,454,6136.751465,1.91815,1.685305357,0.959830867
Position_37,296,677,12305.29785,2.860325,3.379342318,0.965763195
Position_37,298,507,7570.621094,2.142075,2.079081774,0.963878327
Position_37,299,480,7408.492188,2.028,2.034557104,0.963855422
Position_37,300,470,6774.894531,1.98575,1.86055541,0.965092402
Position_37,303,466,6995.027344,1.96885,1.921009302,0.972860125
Position_37,306,588,10086.03027,2.4843,2.769876003,0.973509934
Position_37,307,674,11962.8252,2.84765,3.285290718,0.973988439
Position_37,310,493,7398.54834,2.082925,2.031826258,0.972386588
Position_37,311,784,14984.67773,3.3124,4.115167141,0.973913043
Position_37,313,632,11668.74023,2.6702,3.204527855,0.970814132
Position_37,329,699,12317.96484,2.953275,3.382821083,0.964137931
Position_38,10,645,11860.47266,2.725125,3.25718236,0.975794251
Position_38,18,532,8859.955078,2.2477,2.433165073,0.972577697
Position_38,19,738,14872.57617,3.11805,4.084381104,0.974900925
Position_38,24,580,9007.926758,2.4505,2.473801851,0.971524288
Position_38,30,640,11029.66699,2.704,3.029022217,0.975609756
Position_38,36,595,10827.8457,2.513875,2.97359705,0.970636215
Position_38,45,409,6056.997559,1.728025,1.663402915,0.960093897
Position_38,47,679,12424.03906,2.868775,3.41195178,0.976978417
Position_38,49,800,14568.31445,3.38,4.000823498,0.968523002
Position_38,52,737,13316.97852,3.113825,3.657175064,0.967191601
Position_38,57,520,8119.044922,2.197,2.229692698,0.970149254
Position_38,75,732,13050.33594,3.0927,3.583948374,0.974700399
Position_38,88,571,9552.292969,2.412475,2.623298407,0.971088435
Position_38,97,487,7556.625977,2.057575,2.075238466,0.966269841
Position_38,100,527,7916.339844,2.226575,2.17402482,0.952983725
Position_38,104,863,17131.81055,3.646175,4.704823494,0.968574635
Position_38,110,654,11585.33105,2.76315,3.181621552,0.968888889
Position_38,118,689,12409.9668,2.911025,3.408087015,0.967696629
Position_38,119,593,10226.66016,2.505425,2.808496475,0.972131148
Position_38,128,663,12424.65234,2.801175,3.412120104,0.969298246
Position_38,129,860,18619.70508,3.6335,5.113436222,0.965207632
Position_38,130,503,7941.606934,2.125175,2.180963755,0.959923664
Position_38,131,571,9540.953125,2.412475,2.620184183,0.969439728
Position_38,133,848,17135.76758,3.5828,4.705910206,0.970251716
Position_38,136,633,11137.8457,2.674425,3.058730841,0.973846154
Position_38,146,849,17210.35156,3.587025,4.726392746,0.971395881
Position_38,150,674,11207.62305,2.84765,3.077893496,0.961483595
Position_38,151,704,12200.51953,2.9744,3.350567579,0.968363136
Position_38,156,773,14955.97266,3.265925,4.107284069,0.971105528
Position_38,158,653,11958.17188,2.758925,3.284012794,0.970282318
Position_38,161,700,13394.57813,2.9575,3.67848587,0.973574409
Position_38,163,695,13152.75,2.936375,3.612073898,0.974754558
Position_38,164,693,12428.22363,2.927925,3.413100958,0.967877095
Position_38,169,530,8810.275391,2.23925,2.419521809,0.968921389
Position_38,176,653,12378.71289,2.758925,3.399503946,0.96884273
Position_38,179,606,10439.57813,2.56035,2.866969109,0.963434022
Position_38,183,687,11298.92969,2.902575,3.102968454,0.925876011
Position_38,200,698,11581.38672,2.94905,3.180538177,0.983098592
Position_38,205,626,9552.423828,2.64485,2.623334408,0.972049689
Position_38,220,583,9095.537109,2.463175,2.497861862,0.971666667
Position_38,224,621,10793.60352,2.623725,2.964193344,0.974882261
Position_38,225,754,11849.40723,3.18565,3.254143476,0.967907574
Position_38,230,594,10395.39844,2.50965,2.854836226,0.970588235
Position_38,231,531,8024.333496,2.243475,2.203682661,0.963702359
Position_38,244,614,9754.511719,2.59415,2.678832769,0.977707006
Position_38,245,681,11933.30762,2.877225,3.277184486,0.972857143
Position_38,253,601,10345.63574,2.539225,2.841170073,0.977235772
Position_38,257,461,6581.790039,1.947725,1.807524085,0.974630021
Position_38,259,437,6805.810547,1.846325,1.869045734,0.966814159
Position_38,261,479,6783.128906,2.023775,1.862816691,0.97755102
Position_38,263,755,15353.49219,3.189875,4.216452599,0.969191271
Position_38,266,704,13278.80859,2.9744,3.646692753,0.967032967
Position_38,270,728,13613.39063,3.0758,3.738577366,0.970666667
Position_38,282,493,7085.484863,2.082925,1.945851207,0.972386588
Position_38,295,645,11718.14355,2.725125,3.218095064,0.971385542
Position_38,297,540,9156.527344,2.2815,2.514611244,0.966010733
Position_38,300,581,8468.978516,2.454725,2.325793266,0.965116279
Position_38,303,662,11652.7998,2.79695,3.200150013,0.973529412
Position_38,324,680,11633.44043,2.873,3.194833517,0.963172805
Position_39,8,663,11972.49219,2.801175,3.287945509,0.977876106
Position_39,9,519,8497.013672,2.192775,2.333492279,0.966480447
Position_39,12,647,10513.25488,2.733575,2.887202501,0.968562874
Position_39,41,668,11754.81836,2.8223,3.228167057,0.969521045
Position_39,43,839,16771.70703,3.544775,4.605929852,0.973317865
Position_39,45,682,12418.36523,2.88145,3.410393476,0.974285714
Position_39,48,584,9884.385742,2.4674,2.714499474,0.970099668
Position_39,56,566,9006.236328,2.39135,2.47333765,0.964224872
Position_39,70,439,6370.717773,1.854775,1.74955833,0.964835165
Position_39,79,503,7630.82959,2.125175,2.095616579,0.972920696
Position_39,81,523,8257.023438,2.209675,2.267585039,0.972118959
Position_39,82,503,7592.350098,2.125175,2.085049152,0.956273764
Position_39,86,645,11397.94336,2.725125,3.130160093,0.972850679
Position_39,88,521,8575.46582,2.201225,2.355037212,0.970204842
Position_39,91,385,5286.178711,1.626625,1.451716781,0.960099751
Position_39,93,655,10885.91797,2.767375,2.989545107,0.971810089
Position_39,100,655,10500.29688,2.767375,2.883643866,0.960410557
Position_39,108,534,8896.302734,2.25615,2.443147182,0.974452555
Position_39,125,655,11189.91309,2.767375,3.073029757,0.971810089
Position_39,126,742,14251.23633,3.13495,3.913745642,0.967405476
Position_39,127,554,9519.955078,2.34065,2.614417553,0.965156794
Position_39,130,728,13740.64063,3.0758,3.773523331,0.970666667
Position_39,134,471,7373.597656,1.989975,2.024974108,0.971134021
Position_39,137,673,12651.11133,2.843425,3.474311352,0.978197674
Position_39,149,526,8408.573242,2.22235,2.30920434,0.968692449
Position_39,151,526,8946.564453,2.22235,2.456950188,0.979515829
Position_39,156,637,10220.54102,2.691325,2.806816101,0.96223565
Position_39,161,388,5492.132813,1.6393,1.508276939,0.967581047
Position_39,169,830,16019.05957,3.50675,4.399234295,0.970760234
Position_39,183,646,12191.7832,2.72935,3.348168373,0.965620329
Position_39,198,524,7895.686523,2.2139,2.168352842,0.957952468
Position_39,199,635,10409.78809,2.682875,2.858788013,0.978428351
Position_39,201,706,12899.74023,2.98285,3.542591095,0.971114168
Position_39,204,849,14472.27832,3.587025,3.974449396,0.952861953
Position_39,210,704,12914.03516,2.9744,3.546516895,0.96969697
Position_39,215,770,13738.14453,3.25325,3.772837877,0.97715736
Position_39,218,726,13156.07422,3.06735,3.612986803,0.973190349
Position_39,230,575,8688.149414,2.429375,2.38598299,0.968013468
Position_39,232,578,9184.441406,2.44205,2.522277117,0.963333333
Position_39,239,501,7211.936035,2.116725,1.980577946,0.961612284
Position_39,244,563,9372.370117,2.378675,2.57388711,0.972366149
Position_39,249,582,10280.90527,2.45895,2.823393583,0.97
Position_39,251,627,10146.24219,2.649075,2.786411762,0.967592593
Position_39,254,653,10729.65332,2.758925,2.946630955,0.970282318
Position_39,256,667,11630.44727,2.818075,3.19401145,0.976573939
Position_39,261,499,7862.505371,2.108275,2.159240484,0.970817121
Position_39,265,798,14495.33398,3.37155,3.980781078,0.971985384
Position_39,267,412,5851.661133,1.7407,1.607012391,0.969411765
Position_39,271,631,10441.56836,2.665975,2.867515564,0.964831804
Position_39,277,602,9918.458984,2.54345,2.723856688,0.96474359
Position_39,283,589,9798.682617,2.488525,2.690963268,0.978405316
Position_39,286,658,10338.54102,2.78005,2.839221716,0.976261128
Position_39,287,768,13908.75781,3.2448,3.819692612,0.96969697
Position_39,291,497,7549.367676,2.099825,2.073245049,0.96131528
Position_39,293,668,11381.46484,2.8223,3.12563467,0.963924964
Position_39,295,643,11270.53125,2.716675,3.095169544,0.97869102
Position_39,298,672,12402.40918,2.8392,3.406011581,0.96969697
Position_39,300,668,12154.7373,2.8223,3.337994576,0.970930233
Position_39,302,518,7811.63623,2.18855,2.145270586,0.968224299
Position_39,304,540,8798.301758,2.2815,2.41623354,0.952380952
Position_39,309,549,8599.037109,2.319525,2.361510515,0.973404255
Position_39,317,528,8492.588867,2.2308,2.332277298,0.970588235
Position_39,327,758,13792.46875,3.20255,3.787756681,0.975546976
Position_39,331,643,11726.1123,2.716675,3.220283508,0.968373494
Position_39,333,609,10068.83887,2.573025,2.765154839,0.963607595
Position_39,335,770,14949.42773,3.25325,4.105486393,0.970996217
Position_39,342,815,16084.89063,3.443375,4.417313099,0.977218225
Position_39,344,715,13834.08398,3.020875,3.799185276,0.96361186
Position_39,351,544,8714.594727,2.2984,2.393245459,0.96797153
Position_39,354,399,5558.293945,1.685775,1.526446462,0.94549763
Position_39,357,750,13184.96777,3.16875,3.620921612,0.972762646
Position_39,358,694,12675.55957,2.93215,3.481025457,0.963888889
Position_39,360,759,14769.2002,3.206775,4.05599165,0.966878981
Position_39,361,712,13213.14844,3.0082,3.628660917,0.976680384
Position_39,370,536,8982.910156,2.2646,2.466931581,0.965765766
Position_39,376,718,12076.56836,3.03355,3.316527605,0.962466488
Position_40,35,751,14373.29297,3.172975,3.947265625,0.969032258
Position_40,53,734,14002.06836,3.10115,3.845318079,0.969616909
Position_40,55,499,7721.22998,2.108275,2.120442867,0.976516634
Position_40,60,785,15671.31445,3.316625,4.303734779,0.973945409
Position_40,61,848,14736.33008,3.5828,4.046964645,0.969142857
Position_40,69,568,9000.685547,2.3998,2.471813202,0.974271012
Position_40,73,715,12525.34473,3.020875,3.439772844,0.96361186
Position_40,77,651,10652.89258,2.750475,2.925550461,0.96875
Position_40,86,694,12103.3457,2.93215,3.323881149,0.971988796
Position_40,87,515,8500.78125,2.175875,2.334527016,0.969868173
Position_40,89,470,7420.93457,1.98575,2.037974119,0.979166667
Position_40,92,445,5259.995117,1.880125,1.444526196,0.936842105
Position_40,114,588,8541.765625,2.4843,2.34578228,0.957654723
Position_40,118,461,7035.083008,1.947725,1.932009697,0.974630021
Position_40,119,619,10227.54297,2.615275,2.808738947,0.97480315
Position_40,120,638,11258.73633,2.69555,3.091930389,0.968133536
Position_40,123,623,10954.35645,2.632175,3.00834012,0.965891473
Position_40,127,601,10710.17773,2.539225,2.941282511,0.967793881
Position_40,128,255,2931.193359,1.077375,0.804978967,0.951492537
Position_40,134,700,12768.48828,2.9575,3.506546021,0.949796472
Position_40,141,546,8713.789063,2.30685,2.393024206,0.954545455
Position_40,147,745,14065.67188,3.147625,3.862785101,0.968790637
Position_40,148,608,9353.761719,2.5688,2.568776846,0.971246006
Position_40,149,599,10603.91699,2.530775,2.912100554,0.97398374
Position_40,152,673,12105.58203,2.843425,3.324495316,0.968345324
Position_40,153,443,6135.804688,1.871675,1.685045362,0.960954447
Position_40,154,590,10086.41406,2.49275,2.769981384,0.970394737
Position_40,155,523,7774.697754,2.209675,2.135126352,0.968518519
Position_40,156,732,13318.39648,3.0927,3.65756464,0.966974901
Position_40,158,620,9544.90332,2.6195,2.621268988,0.96723869
Position_40,160,763,13954.82422,3.223675,3.832343578,0.965822785
Position_40,162,568,8719.296875,2.3998,2.394536972,0.953020134
Position_40,165,560,9475.269531,2.366,2.60214591,0.973913043
Position_40,166,780,15450.93848,3.2955,4.24321413,0.970149254
Position_40,167,578,8986.820313,2.44205,2.468005419,0.95854063
Position_40,170,811,15424.2168,3.426475,4.235875607,0.96778043
Position_40,174,400,5459.474121,1.69,1.499308109,0.975609756
Position_40,177,824,14831.37988,3.4814,4.073067665,0.964871194
Position_40,180,686,12624.7998,2.89835,3.4670856,0.967559944
Position_40,181,703,13484.15332,2.970175,3.703085661,0.973684211
Position_40,188,626,10273.2334,2.64485,2.821286678,0.967542504
Position_40,192,645,10910.40625,2.725125,2.99627018,0.975794251
Position_40,202,575,9635.047852,2.429375,2.646024942,0.966386555
Position_40,207,585,9296.061523,2.471625,2.552930832,0.970149254
Position_40,214,572,8851.390625,2.4167,2.430813074,0.9678511
Position_40,217,813,13761.80957,3.434925,3.779336929,0.967857143
Position_40,220,576,9574.691406,2.4336,2.629449606,0.972972973
Position_40,224,792,13967.39063,3.3462,3.835794687,0.967032967
Position_40,226,592,9875.390625,2.5012,2.712029219,0.975288303
Position_40,228,577,8826.536133,2.437825,2.423987389,0.969747899
Position_40,230,655,9949.869141,2.767375,2.732482672,0.968934911
Position_40,233,681,11525.64941,2.877225,3.165231466,0.961864407
Position_40,234,569,9493.775391,2.404025,2.607228041,0.96440678
Position_40,235,758,13604.61328,3.20255,3.736166954,0.965605096
Position_40,238,803,15056.83789,3.392675,4.134984016,0.95823389
Position_40,239,269,2928.168945,1.136525,0.804148376,0.93728223
Position_40,242,640,10193.66406,2.704,2.7994349,0.971168437
Position_40,244,593,10537.82031,2.505425,2.893948793,0.978547855
Position_40,246,653,12260.49316,2.758925,3.367037773,0.976083707
Position_40,251,489,7716.274902,2.066025,2.119081974,0.962598425
Position_40,252,668,12059.02441,2.8223,3.311709642,0.962536023
Position_40,254,696,12443.81641,2.9406,3.417382956,0.976157083
Position_40,255,606,10091.95801,2.56035,2.771503925,0.977419355
Position_40,256,649,11502.13867,2.742025,3.158774853,0.957227139
Position_40,260,561,9500.728516,2.370225,2.609137535,0.970588235
Position_40,263,606,10915.86621,2.56035,2.997769594,0.975845411
Position_40,264,644,11152.10156,2.7209,3.062645912,0.972809668
Position_40,267,472,6404.307129,1.9942,1.758782864,0.961303462
Position_40,272,458,7275.467773,1.93505,1.998025298,0.966244726
Position_40,277,652,12190.8457,2.7547,3.347910881,0.964497041
Position_40,279,691,12331.125,2.919475,3.386435032,0.959722222
Position_40,281,609,10769.58789,2.573025,2.957597971,0.9744
Position_40,282,573,9104.040039,2.420925,2.500196934,0.971186441
Position_40,283,571,9747.558594,2.412475,2.676923275,0.97440273
Position_40,284,579,8149.056641,2.446275,2.237934589,0.965
Position_40,289,523,8247.134766,2.209675,2.264869452,0.973929236
Position_40,291,464,6366.527344,1.9604,1.748407602,0.974789916
Position_40,299,543,8359.538086,2.294175,2.29573822,0.969642857
Position_40,302,711,12926.02148,3.003975,3.549808502,0.971311475
Position_40,306,508,8381.952148,2.1463,2.301893473,0.969465649
Position_40,308,519,8460.801758,2.192775,2.323547602,0.973733583
Position_40,309,784,14214.76953,3.3124,3.903731108,0.958435208
Position_40,310,519,8221.548828,2.192775,2.257842779,0.964684015
Position_40,311,727,13484.22559,3.071575,3.70310545,0.969333333
Position_40,313,733,14768.15918,3.096925,4.055705547,0.963206307
Position_40,314,671,11733.99414,2.834975,3.222448111,0.972463768
Position_40,331,684,12946.3877,2.8899,3.555401564,0.962025316
Position_40,332,646,10606.67871,2.72935,2.912859201,0.978787879
Position_40,334,907,17379.81836,3.832075,4.772932529,0.976318622
Position_40,336,603,10478.01758,2.547675,2.877525568,0.967897271
Position_40,337,813,14499.98242,3.434925,3.982057571,0.947552448
Position_40,338,688,12096.64258,2.9068,3.322040319,0.973125884
Position_40,340,700,13410.92969,2.9575,3.682976484,0.973574409
Position_40,342,638,11257.16992,2.69555,3.091500282,0.97108067
Position_40,350,729,13340.11328,3.080025,3.663528442,0.969414894
Position_40,352,377,4590.284668,1.592825,1.260606885,0.95443038
Position_40,356,816,16609.24219,3.4476,4.561313152,0.96912114
Position_40,363,557,8624.135742,2.353325,2.368403196,0.980633803
Position_40,370,727,11968.54297,3.071575,3.286860943,0.974530831
Position_40,371,576,9268.313477,2.4336,2.545310497,0.968067227
Position_41,12,868,17924.33984,3.6673,4.922471523,0.976377953
Position_41,30,665,12184.22656,2.809625,3.346093178,0.966569767
Position_41,31,640,11549.68945,2.704,3.171833515,0.971168437
Position_41,38,522,8211.458008,2.20545,2.25507164,0.964879852
Position_41,43,460,6593.276367,1.9435,1.810678482,0.958333333
Position_41,47,756,14939.51758,3.1941,4.102765083,0.974226804
Position_41,48,741,12690.17188,3.130725,3.48503828,0.973718791
Position_41,55,672,11448.75977,2.8392,3.144115686,0.979591837
Position_41,57,557,8377.300781,2.353325,2.300616264,0.960344828
Position_41,61,517,8706.46582,2.184325,2.391013145,0.968164794
Position_41,63,870,17768.57813,3.67575,4.879695892,0.962389381
Position_41,69,312,3761.578613,1.3182,1.033023477,0.942598187
Position_41,73,577,9233.469727,2.437825,2.535741568,0.969747899
Position_41,76,515,8490.848633,2.175875,2.331799269,0.979087452
Position_41,79,499,7707.965332,2.108275,2.116799831,0.968932039
Position_41,81,503,7995.477539,2.125175,2.195757866,0.967307692
Position_41,83,672,11993.82617,2.8392,3.293804407,0.966906475
Position_41,87,399,4956.180664,1.685775,1.361091137,0.95
Position_41,89,886,17146.9707,3.74335,4.708986759,0.967248908
Position_41,90,690,12964.87305,2.91525,3.56047821,0.969101124
Position_41,91,547,8414.631836,2.311075,2.310868263,0.964726631
Position_41,93,638,11314.18359,2.69555,3.107157707,0.975535168
Position_41,95,693,12622.13477,2.927925,3.466353655,0.976056338
Position_41,96,566,9457.675781,2.39135,2.597314119,0.965870307
Position_41,103,797,14814.23535,3.367325,4.068359375,0.968408262
Position_41,104,621,10252.61328,2.623725,2.81562376,0.976415094
Position_41,107,584,9298.516602,2.4674,2.55360508,0.97171381
Position_41,110,578,10077.17578,2.44205,2.767444372,0.973063973
Position_41,115,553,8857.348633,2.336425,2.432449341,0.966783217
Position_41,121,644,11093.26953,2.7209,3.046489,0.96119403
Position_41,130,616,11089.94824,2.6026,3.045577049,0.97007874
Position_41,132,640,10854.68262,2.704,2.980967283,0.963855422
Position_41,144,737,13049.66113,3.113825,3.583763123,0.964659686
Position_41,151,623,11141.02246,2.632175,3.059603214,0.968895801
Position_41,162,589,9217.213867,2.488525,2.531277418,0.967159278
Position_41,172,623,10062.06934,2.632175,2.76329565,0.976489028
Position_41,174,618,10252.43555,2.61105,2.815575123,0.964118565
Position_41,177,604,10141.8125,2.5519,2.785195112,0.958730159
Position_41,179,723,13824.21973,3.054675,3.796476364,0.979674797
Position_41,181,487,7852.09668,2.057575,2.156382084,0.979879276
Position_41,200,463,6369.776367,1.956175,1.749299765,0.960580913
Position_41,201,606,10353.01953,2.56035,2.843198061,0.972712681
Position_41,202,680,11747.56055,2.873,3.226173878,0.972818312
Position_41,206,766,14214.52148,3.23635,3.90366292,0.964735516
Position_41,209,724,11930.8125,3.0589,3.276499271,0.966622163
Position_41,210,596,10677.78027,2.5181,2.932385445,0.967532468
Position_41,214,612,9764.368164,2.5857,2.681539536,0.969889065
Position_41,216,550,8161.367676,2.32375,2.241315603,0.958188153
Position_41,219,564,9343.261719,2.3829,2.565893173,0.962457338
Position_41,222,946,17864.05469,3.99685,4.905915737,0.974253347
Position_41,223,598,10871.00781,2.52655,2.985450506,0.972357724
Position_41,224,861,16520.22266,3.637725,4.536866188,0.96741573
Position_41,231,555,8940.047852,2.344875,2.455160618,0.971978984
Position_41,237,721,12075.47266,3.046225,3.316226721,0.971698113
Position_41,258,647,12066.75488,2.733575,3.313832521,0.965671642
Position_41,265,804,13908.76855,3.3969,3.819695473,0.974545455
Position_41,269,679,12699.87988,2.868775,3.487704515,0.971387697
Position_41,274,695,12205.84961,2.936375,3.352031469,0.969316597
Position_41,284,626,10349.97656,2.64485,2.842362165,0.964560863
Position_41,292,597,9860.563477,2.522325,2.707957268,0.970731707
Position_41,300,566,9591.90918,2.39135,2.634177923,0.965870307
Position_41,302,807,15711.05078,3.409575,4.314647198,0.967625899
Position_41,303,641,10829.03125,2.708225,2.973922729,0.971212121
Position_41,314,712,11948.56836,3.0082,3.281375647,0.967391304
Position_41,316,784,14354.38086,3.3124,3.942071676,0.973913043
Position_41,321,582,10160.19434,2.45895,2.790243387,0.97
Position_41,335,533,8349.063477,2.251925,2.292861462,0.970856102