Position_n,Cell_ID,cell_area_pxl,cell_vol_vox,cell_area_um2,cell_vol_fl,solidity
Position_9,4,2633,98630.48438,11.124425,27.08639717,0.981730052
Position_9,8,3396,141615.3438,14.3481,38.89111328,0.981786644
Position_9,15,1568,44779.82813,6.6248,12.29765987,0.97694704
Position_9,24,1630,48143.36328,6.88675,13.2213707,0.971394517
Position_9,26,2422,89013.375,10.23295,24.44529724,0.975040258
Position_9,27,2246,78174.55469,9.48935,21.46868706,0.971453287
Position_9,29,2324,79489.63281,9.8189,21.82983971,0.97319933
Position_9,38,2214,76476.89844,9.35415,21.00246811,0.980079681
Position_9,55,1831,55858.63281,7.735975,15.34017658,0.979144385
Position_9,67,2417,86925.90625,10.211825,23.87202644,0.970293055
Position_9,75,2604,97545.8125,11.0019,26.78851891,0.980052691
Position_9,92,1827,56882.99609,7.719075,15.62149239,0.980150215
Position_9,93,1061,24958.95703,4.482725,6.854353428,0.976979742
Position_9,98,3170,123021.5625,13.39325,33.78479767,0.982336535
Position_9,103,2001,64012.77344,8.454225,17.57950783,0.975146199
Position_9,108,1591,47447.03516,6.721975,13.03014183,0.97607362
Position_9,118,3441,141060.8438,14.538225,38.73883438,0.977279182
Position_9,129,1591,47315.95703,6.721975,12.99414444,0.971899817
Position_9,137,2134,72194.36719,9.01615,19.82637787,0.978450252
Position_9,145,1716,50965.16797,7.2501,13.99630928,0.975
Position_9,156,2116,70461.03906,8.9401,19.35036278,0.976915974
Position_9,166,1560,45550.66797,6.591,12.50935173,0.975
Position_9,193,2286,77862.51563,9.65835,21.3829937,0.979854265
Position_9,197,3023,115447.125,12.772175,31.70466614,0.977368251
Position_9,198,1336,32358.41016,5.6446,8.886427879,0.977322604
Position_9,203,1939,62635.08203,8.192275,17.20115852,0.976826196
Position_9,207,1247,32186.60547,5.268575,8.83924675,0.971940764
Position_9,208,1021,23467.7793,4.313725,6.444839001,0.972380952
Position_9,210,2019,62392.80469,8.530275,17.13462448,0.966491144
Position_9,211,2658,98025.82813,11.23005,26.9203434,0.974340176
Position_9,213,2354,82882.77344,9.94565,22.7616806,0.97716895
Position_9,215,2298,81054.32813,9.70905,22.25954437,0.967578947
Position_9,220,2008,67355.50781,8.4838,18.49750519,0.976653696
Position_9,229,2290,79378.54688,9.67525,21.79933357,0.979469632
Position_9,231,3974,172190.75,16.79015,47.28788376,0.968087698
Position_9,232,3289,137100.0156,13.896025,37.65109253,0.980620155
Position_9,234,521,8101.475098,2.201225,2.224867582,0.961254613
Position_9,235,3466,143014.75,14.64385,39.27542496,0.973322101
Position_9,237,2764,102447.5625,11.6779,28.13466072,0.972896867
Position_9,249,2536,90672.51563,10.7146,24.90093994,0.964258555
Position_9,256,111,342.2659912,0.468975,0.093994796,0.725490196
Position_9,258,1310,34358.77344,5.53475,9.435777664,0.979073244
Position_9,259,2937,106964.875,12.408825,29.37522888,0.965483235
Position_9,262,1358,36336.71875,5.73755,9.978971481,0.978386167
Position_9,264,1248,32770.04688,5.2728,8.999473572,0.976525822
Position_10,7,3267,133841.3125,13.803075,36.75616837,0.974932856
Position_10,14,3075,121315.0313,12.991875,33.31613922,0.978053435
Position_10,26,2894,116013.2031,12.22715,31.86012459,0.973427514
Position_10,31,1241,31944.46484,5.243225,8.772748947,0.975628931
Position_10,36,2140,73936.71875,9.0415,20.30487061,0.971402633
Position_10,37,1844,57858.35938,7.7909,15.88935184,0.975145426
Position_10,41,1984,65247.47656,8.3824,17.91858864,0.973025993
Position_10,42,2515,94657.3125,10.625875,25.99526405,0.982038266
Position_10,49,1979,65570.64063,8.361275,18.00733757,0.972003929
Position_10,50,2825,111505.2266,11.935625,30.62212181,0.980562305
Position_10,51,2198,74764.17969,9.28655,20.53211212,0.967429577
Position_10,87,1801,54248.1875,7.609225,14.89790821,0.979336596
Position_10,88,1098,26516.75,4.63905,7.282162189,0.979482605
Position_10,123,1867,59093.48438,7.888075,16.22854805,0.979024646
Position_10,161,2556,93163.23438,10.7991,25.58495331,0.983076923
Position_10,167,2175,74841.67188,9.189375,20.55339432,0.97577389
Position_10,181,2277,77860.76563,9.620325,21.38251305,0.969348659
Position_10,193,2218,76511.99219,9.37105,21.01210594,0.977523138
Position_10,198,3383,141170.5,14.293175,38.7689476,0.978594157
Position_10,236,2627,92273.09375,11.099075,25.34049797,0.977670264
Position_10,243,2465,89204.88281,10.414625,24.49789047,0.976624406
Position_10,254,2476,86514.71094,10.4611,23.75910187,0.975955853
Position_10,257,2740,107678.3203,11.5765,29.57115746,0.979270908
Position_10,258,2451,84930.19531,10.355475,23.32395363,0.971077655
Position_10,267,786,15541.91406,3.32085,4.268198013,0.97037037
Position_10,271,1479,41298.88672,6.248775,11.34170628,0.975593668
Position_10,273,2827,110245.1953,11.944075,30.27608681,0.969478738
Position_10,278,2575,96228.70313,10.879375,26.4268074,0.982074752
Position_10,279,2486,85262.32031,10.50335,23.41516495,0.96618733
Position_10,286,1377,34248.39063,5.817825,9.405464172,0.973833098
Position_11,5,1986,66076.44531,8.39085,18.14624405,0.974484789
Position_11,11,1545,40061.45703,6.527625,11.00187778,0.977848101
Position_11,21,2409,83499.875,10.178025,22.93115234,0.975303644
Position_11,32,3628,150425.6563,15.3283,41.31064606,0.974744761
Position_11,38,2361,82698.55469,9.975225,22.71109009,0.978044739
Position_11,46,3683,156390.0625,15.560675,42.94861984,0.872955677
Position_11,58,1661,43280.94141,7.017725,11.88602829,0.920221607
Position_11,64,2500,90116.70313,10.5625,24.74829865,0.981161695
Position_11,69,2449,85761.4375,10.347025,23.55223465,0.983139301
Position_11,70,2226,74977.70313,9.40485,20.59075165,0.982347749
Position_11,75,2513,89615.9375,10.617425,24.6107769,0.97592233
Position_11,77,1073,25606.88672,4.533425,7.032290936,0.976342129
Position_11,78,1140,28219.96289,4.8165,7.749907017,0.969387755
Position_11,80,1855,51681.55469,7.837375,14.19304657,0.975289169
Position_11,84,2314,81628.52344,9.77665,22.41723251,0.973905724
Position_11,91,3037,122341.6875,12.831325,33.5980835,0.97028754
Position_11,94,1822,57282.34375,7.69795,15.73116302,0.975897161
Position_11,111,1452,40842.44141,6.1347,11.21635532,0.97188755
Position_11,113,2674,98954.44531,11.29765,27.17536354,0.975556366
Position_11,140,1787,55670.80469,7.550075,15.28859425,0.974904528
Position_11,152,2587,92795.89844,10.930075,25.48407364,0.972556391
Position_11,187,3036,124458.7109,12.8271,34.17947388,0.975265018
Position_11,203,3682,165203.4063,15.55645,45.36898422,0.982652789
Position_11,211,2909,115186.1328,12.290525,31.63299179,0.974865952
Position_11,217,1552,44364.75781,6.5572,12.183671,0.984771574
Position_11,221,1654,46521.67578,6.98815,12.77601528,0.973513832
Position_11,238,3184,132973.9375,13.4524,36.51796722,0.980899569
Position_11,254,1921,60646.25391,8.116225,16.6549778,0.979602244
Position_11,255,2409,86190.77344,10.178025,23.67014122,0.972940226
Position_11,257,2889,110415.2344,12.206025,30.32278252,0.98098472
Position_11,266,1968,63893.46094,8.3148,17.54674149,0.979104478
Position_11,271,2587,95196.83594,10.930075,26.14343071,0.971096096
Position_11,276,2456,88185.74219,10.3766,24.21800995,0.980830671
Position_11,278,2540,88256.84375,10.7315,24.23753548,0.976172175
Position_11,285,2063,67833.85938,8.716175,18.62887383,0.981446242
Position_11,294,2836,109600.9063,11.9821,30.0991478,0.981314879
Position_11,301,3042,121219.0781,12.85245,33.28978729,0.978135048
Position_12,12,2372,84922.32813,10.0217,23.32179451,0.974928072
Position_12,17,1355,35723.48047,5.724875,9.810560226,0.974820144
Position_12,20,1618,47921.53516,6.83605,13.16045094,0.979418886
Position_12,36,1414,38212.91406,5.97415,10.49422169,0.975845411
Position_12,40,2383,81286.1875,10.068175,22.3232193,0.969487388
Position_12,46,2245,76367.53125,9.485125,20.97243309,0.964761495
Position_12,54,1944,63597.76563,8.2134,17.46553612,0.976884422
Position_12,56,2857,110755.4922,12.070825,30.41622734,0.976084728
Position_12,57,2234,74215.5,9.43865,20.38143158,0.969618056
Position_12,67,1886,57564.19531,7.96835,15.80856705,0.976190476
Position_12,98,1671,47432.67188,7.059975,13.02619743,0.976621859
Position_12,99,2925,115994.7656,12.358125,31.85506248,0.971760797
Position_12,100,2285,80919.60938,9.654125,22.22254753,0.975661827
Position_12,101,1438,40358.64453,6.07555,11.08349228,0.975576662
Position_12,110,2073,67155.51563,8.758425,18.44258308,0.976908577
Position_12,117,1044,24734.93359,4.4109,6.792830944,0.975700935
Position_12,119,1374,37673.85547,5.80515,10.34618282,0.970338983
Position_12,135,2207,74835.07813,9.324575,20.55158234,0.978713969
Position_12,137,3315,140808.3438,14.005875,38.66949081,0.974140464
Position_12,163,2109,69483.64063,8.910525,19.08194542,0.97684113
Position_12,170,1461,40290.82031,6.172725,11.06486607,0.972703063
Position_12,175,1433,33946.63672,6.054425,9.322594643,0.977489768
Position_12,178,2257,80003.67188,9.535825,21.9710083,0.977479428
Position_12,192,2561,88271.25781,10.820225,24.24149323,0.981602146
Position_12,210,2475,84845,10.456875,23.30055809,0.977488152
Position_12,211,2189,74910.45313,9.248525,20.57228279,0.982054733
Position_12,212,1614,47620.82031,6.81915,13.07786751,0.975816203
Position_12,219,2269,80848.16406,9.586525,22.20292664,0.978438982
Position_12,222,1409,37575.05859,5.953025,10.31904984,0.977115118
Position_12,224,1797,55966.75391,7.592325,15.36986923,0.977161501
Position_12,229,1794,55656.36328,7.57965,15.28462887,0.980327869
Position_12,236,2838,110302.8359,11.99055,30.29191589,0.975257732
Position_12,241,1521,40906.5,6.426225,11.23394775,0.968789809
Position_12,243,2990,114111.0625,12.63275,31.33774948,0.977763244
Position_12,253,2315,80276.92188,9.780875,22.04604912,0.980101609
Position_12,255,1153,28641.58398,4.871425,7.865695,0.964046823
Position_12,266,2003,63080.99219,8.462675,17.32361794,0.975645397
Position_12,267,2477,85418.65625,10.465325,23.45809746,0.981767737
Position_12,268,1440,40986.52344,6.084,11.25592422,0.974949221
Position_12,270,3429,138964.3125,14.487525,38.16307449,0.979714286
Position_12,284,973,22319.87695,4.110925,6.129596233,0.971057884
Position_13,15,1150,28175.33008,4.85875,7.737649918,0.972927242
Position_13,18,2033,66325.67969,8.589425,18.21468925,0.975996159
Position_13,31,1413,39626.42188,5.969925,10.88240623,0.973811165
Position_13,45,2651,96330.01563,11.200475,26.4546299,0.972844037
Position_13,54,2717,101808.6328,11.479325,27.95919609,0.974883387
Position_13,64,4336,206915.6875,18.3196,56.82421875,0.985678563
Position_13,66,1787,55559.74609,7.550075,15.25809479,0.969088937
Position_13,73,1427,38858.41797,6.029075,10.67149258,0.975393028
Position_13,76,1734,53948.47266,7.32615,14.81559944,0.979661017
Position_13,88,1419,36509.57031,5.995275,10.02644062,0.975928473
Position_13,95,1697,49426.45313,7.169825,13.57373905,0.97697179
Position_13,105,1075,24872.29297,4.541875,6.830553532,0.969341749
Position_13,127,2803,108789.7188,11.842675,29.8763752,0.976995469
Position_13,130,1556,44076.79688,6.5741,12.10459042,0.968263846
Position_13,136,2065,69579.02344,8.724625,19.10813904,0.970394737
Position_13,139,2502,89845.0625,10.57095,24.67370033,0.978873239
Position_13,140,991,22195.27734,4.186975,6.095377922,0.971568627
Position_13,141,2462,84177.0625,10.40195,23.11712456,0.975049505
Position_13,146,2881,104926.4531,12.172225,28.81542587,0.953026795
Position_13,147,1479,41397.05078,6.248775,11.36866474,0.972386588
Position_13,158,1893,59287.24609,7.997925,16.28175926,0.96977459
Position_13,163,2803,109124.375,11.842675,29.96828079,0.948240866
Position_13,167,1618,47609.07813,6.83605,13.07464314,0.979418886
Position_13,171,2222,75899.73438,9.38795,20.84396362,0.973280771
Position_13,172,1588,44950.90625,6.7093,12.34464264,0.980852378
Position_13,182,1316,34046.03906,5.5601,9.34989357,0.976985895
Position_13,191,959,20938.00391,4.051775,5.750099182,0.981576254
Position_13,195,1576,44611.71094,6.6586,12.25149059,0.977667494
Position_13,207,3658,155201.2656,15.45505,42.62214661,0.980697051
Position_13,214,2766,107369.7188,11.68635,29.48640823,0.982942431
Position_13,219,1982,62237.00781,8.37395,17.09183884,0.975873954
Position_13,223,2875,113297.3594,12.146875,31.11428642,0.967362046
Position_13,224,1746,49729.10547,7.37685,13.65685558,0.965707965
Position_13,242,3007,120606.9141,12.704575,33.12167358,0.98011734
Position_13,244,879,18641.56055,3.713775,5.119438648,0.977753059
Position_13,250,1783,53301.39844,7.533175,14.63789654,0.975916804
Position_14,27,2912,110475.9219,12.3032,30.33944893,0.975544389
Position_14,30,2199,75352.03125,9.290775,20.69355202,0.977333333
Position_14,42,2286,75211.96875,9.65835,20.65508652,0.971938776
Position_14,52,2114,65666.01563,8.93165,18.03352928,0.975092251
Position_14,53,1883,60074.48047,7.955675,16.49795341,0.972623967
Position_14,66,1172,26685.43359,4.9517,7.328486919,0.976666667
Position_14,69,996,22953.89844,4.2081,6.303714275,0.981280788
Position_14,70,2093,69890.35938,8.842925,19.19363976,0.978952292
Position_14,74,1396,37850.17969,5.8981,10.39460564,0.975541579
Position_14,78,2667,100270.6875,11.268075,27.53683662,0.977639296
Position_14,81,1518,41314.34766,6.41355,11.34595299,0.978092784
Position_14,84,1580,45371.30469,6.6755,12.46009445,0.977722772
Position_14,100,2111,72371.10156,8.918975,19.87491417,0.979128015
Position_14,106,1598,46367.8125,6.75155,12.73375988,0.974390244
Position_14,130,1483,40653.78516,6.265675,11.16454601,0.975657895
Position_14,155,2061,69773.875,8.707725,19.1616497,0.973087819
Position_14,169,2610,91157.83594,11.02725,25.03421974,0.968819599
Position_14,178,1767,54832.04688,7.465575,15.05825043,0.971412864
Position_14,183,2061,62604.15625,8.707725,17.19266701,0.976777251
Position_14,193,3018,120304.4922,12.75105,33.03862,0.975751697
Position_14,203,1422,38955.69141,6.00795,10.6982069,0.975978037
Position_14,209,1569,43897.27344,6.629025,12.05528831,0.979400749
Position_14,213,2495,80583.875,10.541375,22.1303463,0.949391172
Position_14,216,1043,23987.87305,4.406675,6.587669373,0.975678204
Position_14,220,1151,28705.06641,4.862975,7.883128643,0.972128378
Position_14,224,1630,49307.55078,6.88675,13.5410862,0.978978979
Position_14,227,2933,109764.9766,12.391925,30.144207,0.971835653
Position_14,236,1342,36300.98828,5.66995,9.969159126,0.979562044
Position_14,240,667,12515.34277,2.818075,3.437026024,0.973722628
Position_14,242,1720,52086.95313,7.267,14.30437946,0.979498861
Position_14,246,1586,43369.36328,6.70085,11.91031075,0.977202711
Position_14,249,1676,45556.62891,7.0811,12.51098919,0.972721997
Position_14,250,2642,92004.10938,11.16245,25.26662827,0.976709797
Position_14,252,1532,43885.51953,6.4727,12.05206108,0.977664327
Position_14,253,1899,56117.1875,8.023275,15.4111824,0.968877551
Position_14,259,2114,69870.67188,8.93165,19.18823242,0.961783439
Position_14,263,2106,65172.82031,8.89785,17.89808464,0.978169995
Position_15,24,2172,72337.53125,9.1767,19.86569405,0.970509383
Position_15,52,1605,46353.84375,6.781125,12.7299242,0.961653685
Position_15,63,1435,40664.75781,6.062875,11.16755867,0.974202308
Position_15,66,1738,51209.13281,7.34305,14.06330776,0.945593036
Position_15,71,1634,44891.90625,6.90365,12.32843971,0.935317687
Position_15,77,2039,66607.71875,8.614775,18.29214478,0.974199713
Position_15,79,1184,30221.00781,5.0024,8.299444199,0.979321754
Position_15,81,1650,49598.88672,6.97125,13.62109375,0.978067576
Position_15,120,932,18393.8418,3.9377,5.051408768,0.969823101
Position_15,125,2884,102079.3203,12.1849,28.0335331,0.966487936
Position_15,126,2055,64691.60938,8.682375,17.76593208,0.977175464
Position_15,137,1675,48942.64844,7.076875,13.44087505,0.97553873
Position_15,156,2475,90612.25,10.456875,24.88438797,0.967552776
Position_15,165,1723,48608.66406,7.279675,13.34915447,0.980091013
Position_15,169,3024,118312.7031,12.7764,32.49162674,0.952741021
Position_15,172,1996,62126.66406,8.4331,17.06153488,0.964717255
Position_15,175,3495,148686.5,14.766375,40.8330307,0.970024979
Position_15,179,3257,137969.2344,13.760825,37.88980103,0.944879605
Position_15,192,1825,57961.125,7.710625,15.91757393,0.960526316
Position_15,193,2204,75992.70313,9.3119,20.86949539,0.976950355
Position_15,194,1455,39812.98438,6.147375,10.93364048,0.967420213
Position_15,215,2450,89259.28125,10.35125,24.51282883,0.979608157
Position_15,219,921,19414.51563,3.891225,5.331711292,0.966421826
Position_15,223,2834,104569.9922,11.97365,28.71753311,0.943408788
Position_15,225,2360,83471.14063,9.971,22.92326164,0.920795942
Position_15,234,3208,133298.7656,13.5538,36.60717392,0.9756691
Position_15,235,2452,86956.55469,10.3597,23.88044357,0.96307934
Position_15,238,1275,33568.07031,5.386875,9.218630791,0.979262673
Position_15,244,3460,137058.8438,14.6185,37.63978577,0.972729829
Position_15,246,2260,75483.35156,9.5485,20.72961426,0.964163823
Position_15,254,2150,71669.52344,9.08375,19.68224335,0.963693411
Position_15,260,1666,48908.79297,7.03885,13.43157673,0.975409836
Position_15,270,1031,22553.31055,4.355975,6.193702698,0.961753731
Position_15,274,2390,84402.17969,10.09775,23.17894745,0.96215781
Position_15,277,2050,68580.90625,8.66125,18.83403015,0.979923518
Position_16,25,2542,92560.67188,10.73995,25.41947365,0.976190476
Position_16,57,2686,88111.46875,11.34835,24.19761086,0.973894126
Position_16,63,2203,72961.33594,9.307675,20.03700638,0.980418336
Position_16,71,2911,114516.0156,12.298975,31.44895935,0.974882786
Position_16,81,2387,81498.84375,10.085075,22.38162041,0.971509972
Position_16,96,3466,152129.125,14.64385,41.77846146,0.981035947
Position_16,97,1308,34242.15625,5.5263,9.403752327,0.973938943
Position_16,98,2653,98020.4375,11.208925,26.91886139,0.978605681
Position_16,108,2044,66728.84375,8.6359,18.32540894,0.972870062
Position_16,121,2110,69856.35156,8.91475,19.18429947,0.972798525
Position_16,122,951,21752.33594,4.017975,5.973735332,0.973387922
Position_16,124,2212,75378.57813,9.3457,20.7008419,0.975308642
Position_16,127,1770,53758.66406,7.47825,14.76347256,0.975206612
Position_16,132,2328,82684.82813,9.8358,22.70732117,0.971214018
Position_16,138,2302,81988.375,9.72595,22.51605797,0.979157805
Position_16,144,848,17993.14648,3.5828,4.941367626,0.973593571
Position_16,145,2287,77571.36719,9.662575,21.30303574,0.97360579
Position_16,154,2383,84155.02344,10.068175,23.11107254,0.976639344
Position_16,164,2290,76244.9375,9.67525,20.93876648,0.979050876
Position_16,166,2417,80968.75,10.211825,22.23604202,0.978938842
Position_16,167,1226,30569.23047,5.17985,8.395074844,0.973788721
Position_16,169,1037,22938.40625,4.381325,6.299459934,0.962859796
Position_16,174,2480,81432.86719,10.478,22.3635006,0.955684008
Position_16,181,1813,56647.21875,7.659925,15.55674267,0.978413384
Position_16,195,1924,59793.00781,8.1289,16.4206543,0.978139298
Position_16,209,1543,45270.60156,6.519175,12.43243885,0.975964579
Position_16,223,1323,34874.55469,5.589675,9.577424049,0.977104874
Position_16,224,2016,66667.34375,8.5176,18.30851936,0.97532656
Position_16,225,2782,107802.7813,11.75395,29.60533905,0.967652174
Position_16,228,3085,120846.3281,13.034125,33.18742371,0.977503169
Position_16,235,2087,69755.375,8.817575,19.15657043,0.973868409
Position_16,236,944,15408.01563,3.9884,4.231426239,0.957403651
Position_16,241,1003,22877.58594,4.237675,6.282756805,0.980449658
Position_16,245,2207,76323.20313,9.324575,20.96025848,0.970963484
Position_16,259,3511,144284.4688,14.833975,39.62412262,0.977177846
Position_16,260,2037,64647.98438,8.606325,17.75395203,0.977916467
Position_16,261,2576,93142.73438,10.8836,25.57932281,0.966604128
Position_16,266,2946,116212.6172,12.44685,31.91489029,0.97743862
Position_16,276,1814,56529.92578,7.66415,15.52453041,0.973698336
Position_16,284,2152,72924.45313,9.0922,20.02687836,0.939327804
Position_16,286,2627,99945.1875,11.099075,27.44744682,0.980955937
Position_16,288,1691,50774.18359,7.144475,13.94386005,0.961341671
Position_17,21,606,10868.32324,2.56035,2.984713316,0.964968153
Position_17,26,737,13844.03516,3.113825,3.80191803,0.971014493
Position_17,38,750,14219.43164,3.16875,3.905011415,0.975292588
Position_17,41,527,8554.62207,2.226575,2.349313021,0.96875
Position_17,64,723,13116.18652,3.054675,3.602032661,0.974393531
Position_17,90,644,10586.47656,2.7209,2.907310963,0.972809668
Position_17,95,552,9327.685547,2.3322,2.561615705,0.971830986
Position_17,99,695,12036.26563,2.936375,3.305459499,0.972027972
Position_17,102,672,11758.87305,2.8392,3.229280472,0.981021898
Position_17,111,834,16835.85938,3.52365,4.623548031,0.980023502
Position_17,117,877,17486.54688,3.705325,4.802242756,0.971207087
Position_17,126,860,16949.16797,3.6335,4.654664993,0.976163451
Position_17,138,369,4998.183105,1.559025,1.372626066,0.9609375
Position_17,142,628,11328.50098,2.6533,3.111089468,0.970633694
Position_17,147,676,12234.8916,2.8561,3.360007048,0.974063401
Position_17,154,532,8938.662109,2.2477,2.454780102,0.967272727
Position_17,185,493,7281.675293,2.082925,1.999729991,0.9743083
Position_17,187,850,18258.61719,3.59125,5.01427269,0.973654066
Position_17,194,504,7438.969727,2.1294,2.042927027,0.965517241
Position_17,207,621,11405.27539,2.623725,3.132173777,0.974882261
Position_17,210,824,15525.20996,3.4814,4.26361084,0.964871194
Position_17,218,826,14660.24316,3.48985,4.026069164,0.974056604
Position_17,220,710,13740.84668,2.99975,3.773580074,0.967302452
Position_17,229,575,8954.604492,2.429375,2.459158182,0.953565506
Position_17,230,767,15324.49805,3.240575,4.208490372,0.965994962
Position_17,251,637,11161.70117,2.691325,3.065282106,0.975497703
Position_17,268,720,14408.35742,3.042,3.956895113,0.972972973
Position_17,273,817,16730.88086,3.451825,4.594717979,0.971462545
Position_17,283,517,8411.224609,2.184325,2.30993247,0.97731569
Position_17,291,708,13018.8291,2.9913,3.575295925,0.971193416
Position_17,293,750,14222.30273,3.16875,3.905799866,0.972762646
Position_17,306,721,12855.41992,3.046225,3.530419588,0.97696477
Position_17,308,683,12593.37109,2.885675,3.45845437,0.977110157
Position_17,330,751,12780.06641,3.172975,3.509725571,0.96529563
Position_17,339,599,10015.72754,2.530775,2.750569105,0.969255663
Position_17,359,662,11889.26465,2.79695,3.265089273,0.973529412
Position_17,368,723,13600.45508,3.054675,3.735024929,0.970469799
Position_17,385,547,8930.895508,2.311075,2.452647209,0.961335677
Position_17,386,547,8665.09375,2.311075,2.379651308,0.969858156
Position_17,389,715,13484.21484,3.020875,3.70310235,0.962314939
Position_17,397,632,11659.07617,2.6702,3.201873779,0.966360856
Position_17,402,792,14265.02441,3.3462,3.917532206,0.971779141
Position_17,407,1174,25685.89844,4.96015,7.053989887,0.966255144
Position_17,414,641,11498.47852,2.708225,3.15776968,0.969742814
Position_17,421,694,11510.04785,2.93215,3.160946846,0.969273743
Position_17,424,554,9507.65625,2.34065,2.611040115,0.970227671
Position_17,425,687,13177.35449,2.902575,3.618830919,0.968970381
Position_17,428,863,18274.58594,3.646175,5.018658161,0.980681818
Position_17,433,562,9311.677734,2.37445,2.557219505,0.977391304
Position_17,440,883,17415.82422,3.730675,4.782820702,0.975690608
Position_18,12,702,12992.12695,2.96595,3.567962885,0.973647712
Position_18,17,561,9624.041016,2.370225,2.643002272,0.970588235
Position_18,27,676,13069.85352,2.8561,3.5893085,0.968481375
Position_18,50,735,12357.70703,3.105375,3.39373517,0.974801061
Position_18,55,573,9601.295898,2.420925,2.636755943,0.971186441
Position_18,60,683,12700.69727,2.885675,3.487928867,0.964689266
Position_18,69,654,11132.44043,2.76315,3.057246447,0.973214286
Position_18,73,813,17085.22656,3.434925,4.69203043,0.972488038
Position_18,84,646,11715.70313,2.72935,3.21742487,0.978787879
Position_18,90,708,12918.14746,2.9913,3.547646284,0.976551724
Position_18,95,680,12777.52148,2.873,3.509026766,0.970042796
Position_18,109,739,13087.77344,3.122275,3.594229698,0.974934037
Position_18,126,769,14509.69043,3.249025,3.984723568,0.975888325
Position_18,131,629,11042.38281,2.657525,3.032514334,0.976708075
Position_18,141,844,12493.81348,3.5659,3.431113482,0.952595937
Position_18,146,916,19526.86914,3.8701,5.362566471,0.969312169
Position_18,152,788,14015.25586,3.3293,3.848939657,0.974042027
Position_18,153,865,17362.11914,3.654625,4.768072128,0.974099099
Position_18,158,705,13671.16895,2.978625,3.754444599,0.968406593
Position_18,173,888,17332.21094,3.7518,4.759858131,0.972617744
Position_18,175,587,10111.0752,2.480075,2.776753902,0.968646865
Position_18,176,713,12685.25391,3.012425,3.483687878,0.975376197
Position_18,179,644,11241.37012,2.7209,3.087161303,0.974281392
Position_18,190,496,8103.564941,2.0956,2.225441456,0.963106796
Position_18,214,633,11439.11523,2.674425,3.141466856,0.976851852
Position_18,225,548,9314.901367,2.3153,2.558104753,0.963093146
Position_18,231,611,9594.614258,2.581475,2.634920835,0.976038339
Position_18,233,594,10489.29883,2.50965,2.880623579,0.965853659
Position_18,238,532,8756.193359,2.2477,2.404669523,0.976146789
Position_18,313,725,12261.49609,3.063125,3.367313385,0.969251337
Position_18,327,538,8144.830078,2.27305,2.236773968,0.964157706
Position_18,329,728,13938.72559,3.0758,3.827922344,0.966799469
Position_18,332,758,14867.86523,3.20255,4.083087444,0.96807152
Position_18,341,658,12183.48242,2.78005,3.345888853,0.976261128
Position_18,348,582,9912.109375,2.45895,2.722112894,0.976510067
Position_18,354,601,9994.521484,2.539225,2.744745493,0.974068071
Position_18,361,701,12931.49805,2.961725,3.551312685,0.969571231
Position_18,365,622,10549.80469,2.62795,2.897240162,0.964341085
Position_18,368,890,17845.83008,3.76025,4.900910854,0.973741794
Position_18,371,602,10515.48633,2.54345,2.887815475,0.975688817
Position_18,373,799,15889.37891,3.375775,4.363620758,0.970838396
Position_18,376,649,11474.0332,2.742025,3.15105629,0.968656716
Position_18,377,808,13719.6875,3.4138,3.767769098,0.96882494
Position_18,378,668,12279.38086,2.8223,3.372224808,0.973760933
Position_18,380,723,12870.8877,3.054675,3.534667492,0.97834912
Position_18,388,677,12081.78516,2.860325,3.317960262,0.967142857
Position_18,390,486,7736.061523,2.05335,2.124515772,0.97005988
Position_18,394,639,11330.2168,2.699775,3.111560822,0.97856049
Position_18,401,574,9866.967773,2.42515,2.709716082,0.971235195
Position_18,421,688,13192.51172,2.9068,3.622993469,0.967651195
Position_18,436,639,11186.68555,2.699775,3.072143555,0.975572519
Position_19,16,834,17202.28125,3.52365,4.724176407,0.974299065
Position_19,19,511,8362.303711,2.158975,2.296497583,0.97519084
Position_19,30,860,17873.95508,3.6335,4.908634663,0.977272727
Position_19,31,796,15730,3.3631,4.319851398,0.973105134
Position_19,35,809,15416.58398,3.418025,4.23377943,0.970023981
Position_19,42,700,13353.80859,2.9575,3.667289734,0.970873786
Position_19,54,801,15562.66602,3.384225,4.273897171,0.979217604
Position_19,71,606,9211.408203,2.56035,2.529682875,0.977419355
Position_19,78,673,12787.74609,2.843425,3.511834621,0.972543353
Position_19,105,814,14928.8291,3.43915,4.099829674,0.971360382
Position_19,153,805,16326.26855,3.401125,4.48360157,0.965227818
Position_19,154,622,11386.8623,2.62795,3.127116919,0.973395931
Position_19,155,633,10809.9502,2.674425,2.968682528,0.97235023
Position_19,166,594,10085.21289,2.50965,2.769651651,0.973770492
Position_19,182,797,14743.77734,3.367325,4.0490098,0.973137973
Position_19,189,1016,21587.06836,4.2926,5.928348541,0.974113135
Position_19,231,867,16797.66602,3.663075,4.613059044,0.967633929
Position_19,233,666,12461.37012,2.81385,3.422203779,0.968023256
Position_19,240,613,10202.76172,2.589925,2.801933289,0.974562798
Position_19,241,777,13807.80469,3.282825,3.791968346,0.96882793
Position_19,255,648,11916.80469,2.7378,3.272652388,0.977375566
Position_19,258,600,10191.78223,2.535,2.798918247,0.970873786
Position_19,268,629,11650.28223,2.657525,3.199458599,0.972179289
Position_19,271,689,12711.91309,2.911025,3.491008997,0.977304965
Position_19,280,676,12086.64941,2.8561,3.319296122,0.976878613
Position_19,290,762,15037.61719,3.21945,4.129705429,0.979434447
Position_19,291,720,13962.69922,3.042,3.834506273,0.965147453
Position_19,296,715,13999.61328,3.020875,3.844643831,0.972789116
Position_19,298,567,9225.550781,2.395575,2.533566952,0.972555746
Position_19,301,782,15521.98633,3.30395,4.262725353,0.944444444
Position_19,307,773,15328.75488,3.265925,4.2096591,0.968671679
Position_19,327,405,6065.841309,1.711125,1.665831685,0.968899522
Position_19,332,710,12929.21191,2.99975,3.55068469,0.97127223
Position_19,335,1040,20791.98242,4.394,5.709998131,0.973782772
Position_19,338,751,14468.47949,3.172975,3.973406076,0.975324675
Position_19,339,210,1925.82373,0.88725,0.528879344,0.963302752
Position_19,340,565,9376.361328,2.387125,2.57498312,0.967465753
Position_19,348,610,8823.223633,2.57725,2.423077822,0.956112853
Position_19,350,667,12201.85156,2.818075,3.350933313,0.975146199
Position_19,382,746,13938.76367,3.15185,3.827932835,0.975163399
Position_19,385,626,11610.5752,2.64485,3.188554049,0.969040248
Position_19,403,645,10876.9248,2.725125,2.987075329,0.965568862
Position_19,411,560,9742.105469,2.366,2.675425768,0.967184801
Position_19,413,871,18223.09766,3.679975,5.004518032,0.968854283
Position_19,416,577,9525.300781,2.437825,2.615885735,0.974662162
Position_19,417,614,11197.72363,2.59415,3.075174809,0.965408805
Position_19,419,576,9930.418945,2.4336,2.727141142,0.966442953
Position_19,441,716,13572.20117,3.0251,3.727265596,0.97414966
Position_19,477,615,10634.4668,2.598375,2.920490503,0.965463108
Position_19,481,600,10260.60156,2.535,2.817817688,0.969305331
Position_20,8,692,11664.68652,2.9237,3.20341444,0.971910112
Position_20,9,802,14395.83984,3.38845,3.953457355,0.97804878
Position_20,10,658,12183.95703,2.78005,3.34601903,0.971935007
Position_20,18,718,13898.04492,3.03355,3.816750526,0.968960864
Position_20,23,648,11957.05566,2.7378,3.283706427,0.967164179
Position_20,28,580,9819.117188,2.4505,2.696574926,0.969899666
Position_20,45,895,17650.03516,3.781375,4.847140789,0.972826087
Position_20,56,802,15828.71387,3.38845,4.346960545,0.976857491
Position_20,57,768,15102.69531,3.2448,4.147577763,0.967254408
Position_20,77,680,12193.28906,2.873,3.348582029,0.963172805
Position_20,79,681,12834.73242,2.877225,3.524738312,0.972857143
Position_20,82,620,11046.00977,2.6195,3.033510447,0.973312402
Position_20,91,398,5655.496094,1.68155,1.55314064,0.966019417
Position_20,104,703,12566.63672,2.970175,3.451112509,0.969655172
Position_20,106,666,12319.38086,2.81385,3.383209944,0.970845481
Position_20,116,819,17312.00586,3.460275,4.754309654,0.973840666
Position_20,123,815,15677.44336,3.443375,4.305418015,0.972553699
Position_20,125,848,17682.88672,3.5828,4.856162548,0.974712644
Position_20,129,704,12570.27246,2.9744,3.452111006,0.96969697
Position_20,136,744,14602.66406,3.1434,4.010256767,0.975098296
Position_20,142,613,9564.191406,2.589925,2.626565933,0.968404423
Position_20,145,721,13962.02832,3.046225,3.834321976,0.971698113
Position_20,150,630,11398.09668,2.66175,3.130202293,0.969230769
Position_20,152,636,10869.55273,2.6871,2.985050917,0.972477064
Position_20,156,779,15515.22266,3.291275,4.260868073,0.97011208
Position_20,158,637,11258.46484,2.691325,3.091855764,0.98
Position_20,174,635,11205.54688,2.682875,3.077323198,0.978428351
Position_20,177,715,12241.31543,3.020875,3.361771107,0.970149254
Position_20,184,569,9464.352539,2.404025,2.599147797,0.956302521
Position_20,185,653,11084.03418,2.758925,3.043952942,0.964549483
Position_20,203,835,16988.33594,3.527875,4.665421486,0.972060536
Position_20,217,825,15818.81055,3.485625,4.344240665,0.977488152
Position_20,235,1011,23265.36719,4.271475,6.389251232,0.971181556
Position_20,256,912,20307.31836,3.8532,5.576897144,0.973319104
Position_20,269,725,14082.28125,3.063125,3.867346525,0.97577389
Position_20,297,732,14595.38574,3.0927,4.008257866,0.979919679
Position_20,300,797,14993.33496,3.367325,4.117544651,0.974327628
Position_20,310,761,14829.50488,3.215225,4.072552681,0.970663265
Position_20,320,586,9435.967773,2.47585,2.591352701,0.976666667
Position_20,328,880,16438.23828,3.718,4.514350891,0.970231533
Position_20,357,765,14895.56445,3.232125,4.090694427,0.977011494
Position_20,372,641,11457.23828,2.708225,3.146444082,0.968277946
Position_20,378,901,17820.13281,3.806725,4.893853664,0.969860065
Position_20,381,826,12533.54297,3.48985,3.442024231,0.942922374
Position_20,385,492,6587.029297,2.0787,1.808962941,0.962818004
Position_20,397,639,11006.91602,2.699775,3.02277422,0.966717095
Position_20,433,702,12479.4668,2.96595,3.427173615,0.973647712
Position_20,452,678,12246.13281,2.86455,3.363094091,0.978354978
Position_20,457,611,10571.66504,2.581475,2.903243542,0.96984127
Position_21,20,789,16428.875,3.333525,4.511779785,0.975278121
Position_21,28,1001,19190.88086,4.229225,5.27029562,0.969022265
Position_21,32,733,12102.40332,3.096925,3.323622465,0.972148541
Position_21,35,907,19144.19141,3.832075,5.257473469,0.975268817
Position_21,36,708,13489.2959,2.9913,3.704497814,0.968536252
Position_21,40,673,11680.73242,2.843425,3.207821131,0.968345324
Position_21,42,1166,26154.66797,4.92635,7.18272543,0.971666667
Position_21,45,640,10925.46582,2.704,3.000406027,0.972644377
Position_21,47,583,8640.952148,2.463175,2.373021364,0.962046205
Position_21,52,481,7323.239258,2.032225,2.011144638,0.975659229
Position_21,55,720,13809.64941,3.042,3.792474985,0.974289581
Position_21,56,536,8881.768555,2.2646,2.439155579,0.967509025
Position_21,57,663,11799.89258,2.801175,3.240545511,0.970717423
Position_21,58,811,15843.90527,3.426475,4.351132393,0.978287093
Position_21,64,491,7748.067871,2.074475,2.127813101,0.966535433
Position_21,77,659,11906.47559,2.784275,3.269815922,0.973412112
Position_21,79,777,13575.44629,3.282825,3.728156805,0.972465582
Position_21,106,578,9465.274414,2.44205,2.599400997,0.966555184
Position_21,119,695,12520.0791,2.936375,3.438326597,0.977496484
Position_21,120,752,14992.48047,3.1772,4.117310047,0.977893368
Position_21,124,719,12549.33594,3.037775,3.446361303,0.971621622
Position_21,127,768,15820.79883,3.2448,4.344786644,0.974619289
Position_21,131,716,13194.76953,3.0251,3.623613596,0.972826087
Position_21,159,742,13280.58301,3.13495,3.64718008,0.971204188
Position_21,172,620,10283.96973,2.6195,2.824235201,0.965732087
Position_21,176,645,11106.37695,2.725125,3.050088644,0.977272727
Position_21,178,639,11033.93066,2.699775,3.03019309,0.969650986
Position_21,185,756,12825.76172,3.1941,3.522274733,0.965517241
Position_21,194,1135,28299.36914,4.795375,7.771714211,0.963497453
Position_21,196,839,16341.61621,3.544775,4.487816334,0.973317865
Position_21,198,938,19263.07227,3.96305,5.290121078,0.97403946
Position_21,200,709,13685.50391,2.995525,3.758381367,0.972565158
Position_21,205,969,19935.86719,4.094025,5.474887371,0.974849095
Position_21,210,678,12021.35547,2.86455,3.30136466,0.964438122
Position_21,213,607,10392.69531,2.564575,2.85409379,0.97275641
Position_21,224,729,12385.25391,3.080025,3.401300192,0.946753247
Position_21,228,678,11565.62695,2.86455,3.176210165,0.972740316
Position_21,232,614,10675.15234,2.59415,2.931663752,0.971518987
Position_21,234,800,15153.42285,3.38,4.16150856,0.968523002
Position_21,244,696,12281.84277,2.9406,3.372900963,0.969359331
Position_21,254,545,9427.416016,2.302625,2.58900404,0.966312057
Position_21,279,566,9456.963867,2.39135,2.597118616,0.94490818
Position_21,300,575,9834.447266,2.429375,2.700784922,0.958333333
Position_21,311,690,12783.29297,2.91525,3.510611773,0.97733711
Position_21,395,967,20962.6582,4.085575,5.756869793,0.973816717
Position_21,415,668,12696.51855,2.8223,3.486781359,0.970930233
Position_21,416,724,13516.49707,3.0589,3.711967945,0.970509383
Position_21,423,647,10835.83105,2.733575,2.975790024,0.968562874
Position_21,432,708,12339.30664,2.9913,3.388682127,0.956756757
Position_21,439,700,12967.85547,2.9575,3.561297178,0.974930362
Position_22,85,624,11079.75098,2.6364,3.042776585,0.964451314
Position_22,89,680,12408.05469,2.873,3.407562017,0.965909091
Position_22,97,626,11296.39746,2.64485,3.102272987,0.972049689
Position_22,146,799,16212.01855,3.375775,4.452225685,0.969660194
Position_22,182,740,14631.58203,3.1265,4.018198013,0.972404731
Position_22,190,662,11495.83398,2.79695,3.157043457,0.966423358
Position_22,193,1071,21817.50977,4.524975,5.991633415,0.957960644
Position_22,200,772,15340.82129,3.2617,4.212973118,0.974747475
Position_22,205,618,10839.47949,2.61105,2.976792097,0.976303318
Position_22,217,669,12280.66113,2.826525,3.372576475,0.973799127
Position_22,234,843,17879.48633,3.561675,4.910153866,0.971198157
Position_22,239,815,14831.00879,3.443375,4.072965622,0.974880383
Position_22,242,665,12272.1377,2.809625,3.370235682,0.972222222
Position_22,245,699,13495.33691,2.953275,3.706156731,0.977622378
Position_22,253,525,8660.255859,2.218125,2.37832284,0.974025974
Position_22,254,482,7479.050781,2.03645,2.053934336,0.967871486
Position_22,259,922,17897.19922,3.89545,4.915018082,0.959417274
Position_22,261,681,12816.11426,2.877225,3.519625425,0.975644699
Position_22,269,720,12129.98633,3.042,3.3311975,0.966442953
Position_22,270,829,16803.53906,3.502525,4.614671707,0.970725995
Position_22,273,673,11305.77344,2.843425,3.104847908,0.965566714
Position_22,279,721,13738.22266,3.046225,3.772859335,0.969086022
Position_22,297,646,11787.58789,2.72935,3.237166166,0.972891566
Position_22,313,761,15192.38379,3.215225,4.172208309,0.97314578
Position_22,315,948,21432.76758,4.0053,5.88597393,0.972307692
Position_22,322,602,9787.053711,2.54345,2.687769651,0.967845659
Position_22,341,621,11291.05664,2.623725,3.100806475,0.965785381
Position_22,348,586,9589.100586,2.47585,2.633406639,0.970198675
Position_22,352,581,9997.484375,2.454725,2.745559216,0.974832215
Position_22,356,759,14387.48926,3.206775,3.951164246,0.973076923
Position_22,357,697,12614.25,2.944825,3.464188337,0.974825175
Position_22,358,687,11961.04883,2.902575,3.284802914,0.966244726
Position_22,364,589,10425.75293,2.488525,2.863172293,0.970345964
Position_22,367,815,15955.8125,3.443375,4.381865025,0.969084423
Position_22,371,690,13129.65234,2.91525,3.605730772,0.970464135
Position_22,379,580,9538.696289,2.4505,2.619564533,0.966666667
Position_22,390,701,13264.73242,2.961725,3.642827034,0.979050279
Position_22,399,941,18182.46484,3.975725,4.993359566,0.979188345
Position_22,400,750,14644.49902,3.16875,4.021745682,0.962772786
Position_22,411,642,11292.51074,2.71245,3.101205826,0.971255673
Position_22,422,918,18682.85742,3.87855,5.130779743,0.977635783
Position_22,431,581,9119.40918,2.454725,2.504417658,0.968333333
Position_22,433,827,17135.44922,3.494075,4.705822468,0.959396752
Position_22,438,529,8342.078125,2.235025,2.290943146,0.972426471
Position_22,443,542,8778.487305,2.28995,2.410792112,0.974820144
Position_22,453,681,11929.45996,2.877225,3.276127815,0.967329545
Position_22,458,672,12654.52637,2.8392,3.47524929,0.958630528
Position_22,493,682,12857.76074,2.88145,3.531062603,0.971509972
Position_22,496,749,13080.7041,3.164525,3.592288256,0.976531943
Position_22,497,969,19814.46875,4.094025,5.441548347,0.975830816
Position_22,499,779,15753.80469,3.291275,4.326388359,0.976190476
Position_22,500,789,16109.06836,3.333525,4.423953056,0.96809816
Position_23,71,645,11267.33203,2.725125,3.094290972,0.974320242
Position_23,85,689,13303.32031,2.911025,3.653424263,0.974540311
Position_23,91,956,21335.81836,4.0391,5.859349251,0.975510204
Position_23,97,595,9687.353516,2.513875,2.660389423,0.972222222
Position_23,98,898,18785.29102,3.79405,5.158910275,0.964554243
Position_23,131,617,10766.30078,2.606825,2.956695318,0.970125786
Position_23,140,817,15613.57227,3.451825,4.287877083,0.976105137
Position_23,142,834,17115.54102,3.52365,4.70035553,0.972027972
Position_23,147,799,16527.44727,3.375775,4.538850307,0.970838396
Position_23,149,609,10501.81152,2.573025,2.884059906,0.971291866
Position_23,155,804,15706.21484,3.3969,4.313319206,0.972188634
Position_23,158,539,9311.71582,2.277275,2.557229996,0.964221825
Position_23,162,563,9703.510742,2.378675,2.664826632,0.977430556
Position_23,167,618,11174.22168,2.61105,3.068720579,0.968652038
Position_23,168,785,13484.2041,3.316625,3.703099489,0.967940814
Position_23,170,631,11431.8418,2.665975,3.139469385,0.973765432
Position_23,173,698,12795.0498,2.94905,3.513840437,0.970792768
Position_23,177,720,13193.00781,3.042,3.623129606,0.970350404
Position_23,214,788,16409.75977,3.3293,4.506530285,0.972839506
Position_23,227,864,18885.31445,3.6504,5.186379433,0.968609865
Position_23,229,684,12922.94629,2.8899,3.548964024,0.962025316
Position_23,253,661,11879.09766,2.792725,3.262297153,0.972058824
Position_23,257,653,12199.9707,2.758925,3.350416899,0.970282318
Position_23,259,647,11719.36914,2.733575,3.218431711,0.967115097
Position_23,262,647,11663.9668,2.733575,3.203216791,0.97586727
Position_23,268,758,14564.37695,3.20255,3.999742031,0.971794872
Position_23,273,567,9942.951172,2.395575,2.730582952,0.964285714
Position_23,276,773,15149.9248,3.265925,4.16054821,0.974779319
Position_23,280,831,15252.95508,3.510975,4.188842773,0.973067916
Position_23,283,735,13688.46289,3.105375,3.759194136,0.970937913
Position_23,295,701,13195.8584,2.961725,3.623912573,0.974965229
Position_23,306,547,8914.379883,2.311075,2.448111534,0.964726631
Position_23,315,611,10172.61621,2.581475,2.79365468,0.965244866
Position_23,318,727,13960.47949,3.071575,3.833896637,0.974530831
Position_23,329,559,9034.90918,2.361775,2.481211901,0.970486111
Position_23,344,669,11975.11816,2.826525,3.288666725,0.972383721
Position_23,353,646,11780.48438,2.72935,3.235215425,0.971428571
Position_23,360,662,11793.79004,2.79695,3.238869429,0.974963181
Position_23,362,705,10998.44238,2.978625,3.020447254,0.977808599
Position_23,374,741,14664.52148,3.130725,4.027244091,0.969895288
Position_23,393,634,11754.69629,2.67865,3.22813344,0.957703927
Position_23,394,628,10029.76465,2.6533,2.754424095,0.973643411
Position_23,401,838,17150.42969,3.54055,4.709936619,0.971031286
Position_23,411,670,8564.224609,2.83075,2.351950169,0.953058321
Position_23,413,724,13458.1543,3.0589,3.695945501,0.967914439
Position_23,419,756,14454.71484,3.1941,3.96962595,0.978007762
Position_23,421,696,12434.71289,2.9406,3.414882898,0.976157083
Position_23,423,789,14607.05176,3.333525,4.011461735,0.972872996
Position_23,427,724,14100.06543,3.0589,3.872230291,0.974427995
Position_23,430,720,12665.17383,3.042,3.478173256,0.963855422
Position_23,437,508,6829.95752,2.1463,1.875677109,0.962121212
Position_23,442,824,16394.19922,3.4814,4.50225687,0.970553592
Position_23,448,697,13368.58496,2.944825,3.671347618,0.972105997
Position_23,451,635,11131.7832,2.682875,3.057065964,0.975422427
Position_23,464,740,14747.51172,3.1265,4.050035477,0.971128609
Position_23,466,718,13719.59863,3.03355,3.76774478,0.972899729
Position_23,483,810,16212.97363,3.42225,4.452487946,0.971223022
Position_23,503,783,14984.42578,3.308175,4.115098,0.976309227
Position_23,509,508,8298.025391,2.1463,2.278845072,0.967619048
Position_24,14,864,17951.86328,3.6504,4.930030346,0.972972973
Position_24,17,660,11693.9668,2.7885,3.211455584,0.967741935
Position_24,24,805,15980.29492,3.401125,4.388588428,0.975757576
Position_24,26,849,17186.63672,3.587025,4.719880104,0.973623853
Position_24,29,692,13158.53711,2.9237,3.613663197,0.965132497
Position_24,31,780,15253.73926,3.2955,4.189058304,0.97135741
Position_24,32,671,12030.07129,2.834975,3.303758383,0.973875181
Position_24,33,759,15176.28613,3.206775,4.167787552,0.970588235
Position_24,38,665,12532.81934,2.809625,3.44182539,0.969387755
Position_24,39,653,12127.65137,2.758925,3.330556154,0.970282318
Position_24,44,653,12029.73242,2.758925,3.303665161,0.976083707
Position_24,45,783,15543.58984,3.308175,4.268658161,0.97146402
Position_24,49,784,13369.85449,3.3124,3.671696186,0.963144963
Position_24,52,698,13396.80078,2.94905,3.67909646,0.968099861
Position_24,53,816,17257.21484,3.4476,4.739262581,0.971428571
Position_24,55,639,11815.44141,2.699775,3.244815588,0.97706422
Position_24,58,560,9696.948242,2.366,2.663024426,0.968858131
Position_24,61,650,11952.4209,2.74625,3.28243351,0.967261905
Position_24,62,616,10252.33789,2.6026,2.815548182,0.97007874
Position_24,63,694,12926.45117,2.93215,3.549926519,0.973352034
Position_24,65,618,10513.72168,2.61105,2.88733077,0.96713615
Position_24,66,597,9589.566406,2.522325,2.63353467,0.961352657
Position_24,75,725,13230.30078,3.063125,3.633371353,0.973154362
Position_24,76,832,16246.2627,3.5152,4.461629868,0.976525822
Position_24,77,656,11136.16895,2.7716,3.058270454,0.966126657
Position_24,84,530,8662.830078,2.23925,2.379029751,0.974264706
Position_24,86,789,14981.19824,3.333525,4.114211559,0.963369963
Position_24,96,636,11361.72461,2.6871,3.120213509,0.976958525
Position_24,99,728,14017.3457,3.0758,3.849513531,0.968085106
Position_24,107,708,13182.88867,2.9913,3.620350838,0.968536252
Position_24,114,763,14890.35645,3.223675,4.089263916,0.968274112
Position_24,117,900,19781.75781,3.8025,5.432565212,0.975081257
Position_24,120,613,10652.04297,2.589925,2.925317287,0.9808
Position_24,122,750,14687.51855,3.16875,4.033559799,0.974025974
Position_24,131,826,15697.33301,3.48985,4.310880184,0.968347011
Position_24,137,547,8950.518555,2.311075,2.458036184,0.963028169
Position_24,141,798,16500.85352,3.37155,4.531546593,0.967272727
Position_24,145,644,9896.508789,2.7209,2.717828751,0.966966967
Position_24,153,659,12327.03418,2.784275,3.385311604,0.970544919
Position_24,155,525,8718.360352,2.218125,2.394279718,0.965073529
Position_24,157,869,17523.77734,3.671525,4.812467098,0.965555556
Position_24,161,1018,19208.24609,4.30105,5.275064468,0.964015152
Position_24,166,702,13571.37598,2.96595,3.727039099,0.968275862
Position_24,167,745,14182.66797,3.147625,3.894915104,0.973856209
Position_24,175,879,18030.52539,3.713775,4.951632977,0.975582686
Position_24,176,585,10053.6543,2.471625,2.760984659,0.979899497
Position_24,181,974,19577.35156,4.11515,5.376430035,0.975951904
Position_24,182,964,19771.625,4.0729,5.429782391,0.964
Position_24,186,576,8610.297852,2.4336,2.364603043,0.963210702
Position_24,192,655,12532.60059,2.767375,3.441765308,0.97037037
Position_24,197,603,9847.373047,2.547675,2.704334736,0.966346154
Position_24,199,721,12172.81934,3.046225,3.342960358,0.960053262
Position_24,201,632,11114.11523,2.6702,3.052213907,0.96194825
Position_24,205,548,9439.907227,2.3153,2.592434406,0.971631206
Position_24,208,667,12590.38867,2.818075,3.457635403,0.973722628
Position_24,210,609,9951.9375,2.573025,2.733050823,0.968203498
Position_24,215,626,11485.41406,2.64485,3.154181719,0.970542636
Position_24,219,494,7865.603516,2.08715,2.1600914,0.974358974
Position_24,220,720,14434.66406,3.042,3.964119673,0.971659919
Position_24,222,638,10278.40918,2.69555,2.82270813,0.978527607
Position_24,223,711,12352.51074,3.003975,3.392308235,0.969986357
Position_24,224,653,10742.83594,2.758925,2.950251341,0.973174367
Position_24,225,574,9782.260742,2.42515,2.686453342,0.966329966
Position_24,228,706,12365.33594,2.98285,3.395830393,0.95923913
Position_24,231,691,12721.87012,2.919475,3.49374342,0.965083799
Position_24,238,995,20231.55469,4.203875,5.556090832,0.975490196
Position_24,240,745,14761.33496,3.147625,4.053831577,0.973856209
Position_24,241,532,7139.619629,2.2477,1.960718036,0.948306595
Position_24,244,646,11070.01367,2.72935,3.040102482,0.961309524
Position_24,246,757,14316.29395,3.198325,3.931612253,0.976774194
Position_24,247,603,10283.95996,2.547675,2.824232578,0.961722488
Position_24,249,757,13710.16406,3.198325,3.765153646,0.974259974
Position_24,251,704,13674.76074,2.9744,3.755431175,0.972375691
Position_24,258,610,10945.08203,2.57725,3.005793095,0.97133758
Position_24,262,553,9220.900391,2.336425,2.532289743,0.966783217
Position_24,267,843,16190.46387,3.561675,4.446306229,0.974566474
Position_24,268,581,9872.78125,2.454725,2.711312532,0.96672213
Position_24,269,813,14791.67969,3.434925,4.062164783,0.971326165
Position_24,280,807,14649.00879,3.409575,4.022984028,0.967625899
Position_24,281,615,11231.50391,2.598375,3.084451675,0.973101266
Position_24,292,564,8899.087891,2.3829,2.443912029,0.959183673
Position_24,294,1076,23141.57031,4.5461,6.355253696,0.966756514
Position_24,295,613,9684.458008,2.589925,2.659594297,0.966876972
Position_24,297,599,10336.74805,2.530775,2.838729382,0.969255663
Position_24,307,788,15064.94531,3.3293,4.137210369,0.971639951
Position_24,308,549,9276.875977,2.319525,2.54766202,0.971681416
Position_24,313,558,8919.0625,2.35755,2.449397564,0.960413081
Position_24,314,819,16918.9668,3.460275,4.646371365,0.972684086
Position_24,317,781,14384.08398,3.299725,3.95022893,0.97625
Position_24,319,899,15842.25,3.798275,4.350677967,0.963558414
Position_24,327,951,19215.22266,4.017975,5.2769804,0.970408163
Position_24,333,723,13970.96875,3.054675,3.83677721,0.970469799
Position_24,337,739,13619.59961,3.122275,3.740282536,0.968545216
Position_24,341,699,12455.47852,2.953275,3.420585632,0.968144044
Position_24,344,635,11371.63477,2.682875,3.122935057,0.969465649
Position_24,347,580,10083.36328,2.4505,2.769143581,0.96185738
Position_24,349,654,11803.99805,2.76315,3.241672993,0.96460177
Position_24,350,754,15343.51758,3.18565,4.213713646,0.972903226
Position_24,351,615,10597.81348,2.598375,2.910424471,0.968503937
Position_24,363,486,7244.780273,2.05335,1.989597797,0.966202783
Position_24,364,582,10072.44238,2.45895,2.766144514,0.958813839
Position_24,368,657,11137.42383,2.775825,3.058614969,0.969026549
Position_24,376,777,13934.10352,3.282825,3.826653004,0.96882793
Position_24,382,625,10973.57031,2.640625,3.0136168,0.96749226
Position_24,384,688,11913.24121,2.9068,3.271673918,0.969014085
Position_24,388,682,11191.4873,2.88145,3.073462248,0.96875
Position_24,389,578,10331.64844,2.44205,2.837328911,0.978003384
Position_24,394,712,13168.83203,3.0082,3.616490364,0.960863698
Position_24,396,693,12660.9043,2.927925,3.477000713,0.969230769
Position_24,401,1010,20815.82031,4.26725,5.716544628,0.971153846
Position_24,403,818,15245.43457,3.45605,4.186777592,0.965761511
Position_24,404,743,13811.75586,3.139175,3.793053389,0.964935065
Position_24,406,777,14600.9668,3.282825,4.009790421,0.973684211
Position_24,408,867,17088.80078,3.663075,4.693011761,0.971973094
Position_24,410,628,11317.1543,2.6533,3.107973337,0.969135802
Position_24,415,658,12264.50195,2.78005,3.36813879,0.964809384
Position_24,418,639,11090.47656,2.699775,3.045722008,0.968181818
Position_24,419,866,18861.92969,3.65885,5.17995739,0.977426637
Position_24,424,692,12190.00488,2.9237,3.347680092,0.967832168
Position_24,428,770,15645.26855,3.25325,4.296581745,0.973451327
Position_24,434,586,10185.02734,2.47585,2.797063112,0.970198675
Position_24,437,583,10474.60352,2.463175,2.876587868,0.971666667
Position_24,438,706,13429.0791,2.98285,3.687960863,0.973793103
Position_24,440,627,11206.72949,2.649075,3.077647924,0.963133641
Position_24,442,695,13362.25781,2.936375,3.669610023,0.977496484
Position_24,448,551,9314.348633,2.327975,2.557952881,0.966666667
Position_24,449,457,7185.668457,1.930825,1.973364115,0.944214876
Position_24,455,640,11505.89551,2.704,3.15980649,0.963855422
Position_24,458,849,17605.66602,3.587025,4.834956169,0.97698504
Position_24,459,803,15805.16602,3.392675,4.340493679,0.968636912
Position_24,460,783,16222.01172,3.308175,4.454969883,0.982434128
Position_24,467,641,11792.86035,2.708225,3.238614321,0.971212121
Position_24,473,660,11302.68457,2.7885,3.103999615,0.974889217
Position_24,479,1001,22852.34766,4.229225,6.275825977,0.975633528
Position_25,4,2318,76613.79688,9.79355,21.04006386,0.87637051
Position_25,7,2078,69453.01563,8.77955,19.07353401,0.976962858
Position_25,9,1861,56348.10547,7.862725,15.47459793,0.975878343
Position_25,13,2780,105535.4063,11.7455,28.98266029,0.981638418
Position_25,21,1043,24733.59766,4.406675,6.792464256,0.977507029
Position_25,28,1845,55650.32031,7.795125,15.28296852,0.963446475
Position_25,30,1275,33196.04297,5.386875,9.116462708,0.971058644
Position_25,35,1765,54030.54688,7.457125,14.83813858,0.96978022
Position_25,40,1072,25770.73047,4.5292,7.07728672,0.97277677
Position_25,49,2302,79564.10938,9.72595,21.85029411,0.919696364
Position_25,58,2172,75010.91406,9.1767,20.59987259,0.97268249
Position_25,61,1306,33819.48047,5.51785,9.287674904,0.974626866
Position_25,63,3618,156051.4063,15.28605,42.85561752,0.947864815
Position_25,64,721,14428.04492,3.046225,3.962301731,0.95750332
Position_25,73,1518,41128.85156,6.41355,11.29501057,0.963809524
Position_25,77,821,16386.23438,3.468725,4.500069618,0.971597633
Position_25,85,1283,32131.32422,5.420675,8.824065208,0.977896341
Position_25,87,2462,86266.34375,10.40195,23.69089508,0.977371973
Position_25,88,2152,71762.26563,9.0922,19.70771217,0.961572833
Position_25,93,891,19547.68164,3.764475,5.368281841,0.974835886
Position_25,94,1956,62094.83984,8.2641,17.05279541,0.954146341
Position_25,98,1050,23753.56445,4.43625,6.523322582,0.969529086
Position_25,109,1812,55076.29688,7.6557,15.12532806,0.959237692
Position_25,116,1611,46524.67188,6.806475,12.77683735,0.970481928
Position_25,131,1942,59668.9375,8.20495,16.38658142,0.959960455
Position_25,139,661,10857.98438,2.792725,2.981873989,0.936260623
Position_25,145,1715,48741.07031,7.245875,13.38551617,0.932065217
Position_25,147,1077,26375.16406,4.550325,7.243279457,0.972021661
Position_25,149,1585,46101.59766,6.696625,12.66065121,0.977188656
Position_25,151,1558,43502.49219,6.58255,11.94687176,0.97375
Position_25,155,2909,115903.0156,12.290525,31.8298645,0.977815126
Position_25,157,1191,30218.19922,5.031975,8.298672676,0.973834832
Position_25,161,1979,60769,8.361275,16.68868637,0.938804554
Position_25,171,1555,43415.21094,6.569875,11.92290211,0.93787696
Position_26,11,1735,53131.94141,7.330375,14.59135914,0.961751663
Position_26,20,1414,39361.73438,5.97415,10.80971622,0.975845411
Position_26,28,1475,39954.92969,6.231875,10.97262192,0.977468522
Position_26,30,1281,30912.76953,5.412225,8.489418983,0.963882619
Position_26,33,1106,25676.5625,4.67285,7.051425934,0.965938865
Position_26,34,2029,67901.98438,8.572525,18.64758301,0.977360308
Position_26,35,1162,27759.77734,4.90945,7.623528957,0.978114478
Position_26,38,2187,75344.90625,9.240075,20.69159508,0.978085868
Position_26,39,1541,44628.32031,6.510725,12.25605202,0.970403023
Position_26,41,2115,72806.21875,8.935875,19.99440765,0.980528512
Position_26,43,1035,24325.01953,4.372875,6.680258274,0.968194574
Position_26,46,2339,81997.36719,9.882275,22.51852608,0.968530021
Position_26,47,2250,79633.94531,9.50625,21.8694725,0.941422594
Position_26,54,1474,40497.78125,6.22765,11.12170315,0.980705256
Position_26,57,2912,116163.1094,12.3032,31.9012928,0.975217683
Position_26,59,2415,84121.51563,10.203375,23.10187149,0.979318735
Position_26,69,1038,20394.80664,4.38555,5.600923538,0.930941704
Position_26,79,1711,50122.66406,7.228975,13.76493645,0.978273299
Position_26,81,1685,50707.44141,7.119125,13.92553043,0.979651163
Position_26,84,2035,66703.46094,8.597875,18.31843758,0.965828192
Position_26,86,2292,78873.22656,9.6837,21.6605587,0.973248408
Position_26,87,2795,105033.9219,11.808875,28.84494019,0.960811275
Position_26,88,2603,96925.0625,10.997675,26.61804581,0.951388889
Position_26,90,2087,65903.78906,8.817575,18.09882736,0.964863615
Position_26,91,2022,66500.83594,8.54295,18.26279259,0.978702807
Position_26,94,1746,53933.34766,7.37685,14.81144524,0.978151261
Position_26,96,2025,63574.08594,8.555625,17.45903397,0.977316602
Position_26,99,1957,63852.58594,8.268325,17.53551674,0.958843704
Position_26,110,2388,83400.90625,10.0893,22.90397263,0.972312704
Position_26,111,1430,38155.20313,6.04175,10.47837257,0.970807875
Position_26,114,1332,35235.22656,5.6277,9.676473618,0.979411765
Position_26,117,2267,73466.67188,9.578075,20.17578506,0.970047069
Position_26,119,1815,53523.34375,7.668375,14.69884777,0.978436658
Position_26,126,2506,88554.10156,10.58785,24.31917,0.971694455
Position_26,132,1236,31760.36719,5.2221,8.722190857,0.977848101
Position_26,141,2965,120282.5938,12.527125,33.03260803,0.969587966
Position_26,153,2849,113451.2656,12.037025,31.15655327,0.981398553
Position_27,17,954,15376.21191,4.03065,4.222692013,0.868061874
Position_27,19,1390,36593.03125,5.87275,10.04936123,0.974754558
Position_27,23,2004,66297.3125,8.4669,18.20689964,0.974234322
Position_27,25,1622,45329.05859,6.85295,12.44849205,0.980652963
Position_27,31,1280,31574.15234,5.408,8.671051025,0.918220947
Position_27,33,1286,32501.48828,5.43335,8.925721169,0.973504921
Position_27,34,1360,36582.67969,5.746,10.04651833,0.976310122
Position_27,40,1272,31809.63477,5.3742,8.735720634,0.980724749
Position_27,41,1998,65913.14844,8.44155,18.10139847,0.977973568
Position_27,46,1521,43252.75781,6.426225,11.87828827,0.976251605
Position_27,48,3141,130078.2969,13.270725,35.72275162,0.979420019
Position_27,49,1292,34017.78906,5.4587,9.342135429,0.979529947
Position_27,56,2248,75701.51563,9.4978,20.78952789,0.976542137
Position_27,58,1669,50409.9375,7.051525,13.84382915,0.977166276
Position_27,61,3954,170821.8281,16.70565,46.91194534,0.956921588
Position_27,80,1737,49428.65234,7.338825,13.57434368,0.974747475
Position_27,82,1674,49468.25,7.07265,13.58521748,0.977232925
Position_27,83,2898,114635.625,12.24405,31.48180771,0.973790323
Position_27,89,1527,43100.48438,6.451575,11.8364706,0.97571885
Position_27,95,2609,96227.71875,11.023025,26.42653656,0.976422156
Position_27,99,1274,31290.62695,5.38265,8.593188286,0.976993865
Position_27,100,830,17645.2832,3.50675,4.845835686,0.967365967
Position_27,106,1337,35116.72266,5.648825,9.643929482,0.969543147
Position_27,107,3472,149159.7813,14.6692,40.96300507,0.976377953
Position_27,108,2684,102120.0313,11.3399,28.04471397,0.97140789
Position_27,123,2016,66604.71094,8.5176,18.29131889,0.975798645
Position_27,124,1391,37751.89844,5.876975,10.36761475,0.977512298
Position_27,126,1235,30389.54102,5.217875,8.345727921,0.974743489
Position_27,129,2349,82854.96875,9.924525,22.75404549,0.977121464
Position_27,136,742,15002.53906,3.13495,4.120072365,0.964889467
Position_27,137,2831,108622.75,11.960975,29.83052254,0.967532468
Position_27,139,2211,75707.84375,9.341475,20.79126549,0.970162352
Position_27,143,2325,81420.02344,9.823125,22.35997391,0.973210548
Position_27,147,805,16554.14258,3.401125,4.546181202,0.971049457
Position_27,148,3012,119420.875,12.7257,32.79595566,0.978875528
Position_27,150,2509,90506.85938,10.600525,24.85544586,0.975505443
Position_27,164,2922,98474.4375,12.34545,27.04354286,0.901851852
Position_28,9,2393,86358.1875,10.110425,23.71611595,0.971579375
Position_28,25,1710,47880.08594,7.22475,13.14906883,0.97826087
Position_28,30,1447,40710.51563,6.113575,11.18012524,0.975724882
Position_28,35,3196,111197.6094,13.5031,30.53764343,0.969072165
Position_28,43,4148,196629.4063,17.5253,53.9993515,0.97737983
Position_28,44,1686,50481.85938,7.12335,13.8635807,0.978525827
Position_28,53,2355,81586.65625,9.949875,22.40573502,0.952669903
Position_28,57,1554,43057.16406,6.56565,11.82457352,0.974294671
Position_28,59,2366,81154.5,9.99635,22.28705406,0.97768595
Position_28,79,655,10970.78223,2.767375,3.012851,0.97037037
Position_28,94,2019,66438.94531,8.530275,18.2457943,0.975362319
Position_28,95,933,21042.38672,3.941925,5.778765202,0.979013641
Position_28,101,2900,116523.7188,12.2525,32.00032425,0.96185738
Position_28,102,782,15623.91797,3.30395,4.290718555,0.972636816
Position_28,103,1776,55073.98438,7.5036,15.12469292,0.975824176
Position_28,108,2278,79358.73438,9.62455,21.79389191,0.982319966
Position_28,110,2266,80550.9375,9.57385,22.12130165,0.957734573
Position_28,124,785,15540.25488,3.316625,4.267742634,0.97758406
Position_28,132,810,15012.04688,3.42225,4.122683525,0.97005988
Position_28,135,1744,51280.375,7.3684,14.08287239,0.962472406
Position_28,140,752,13401.99414,3.1772,3.68052268,0.974093264
Position_28,142,570,7696.056641,2.40825,2.113529444,0.926829268
Position_28,144,1778,54144.21484,7.51205,14.8693552,0.980154355
Position_28,152,1591,46011.28516,6.721975,12.635849,0.976672805
Position_28,155,866,18874.01758,3.65885,5.18327713,0.964365256
Position_28,156,804,16256.19531,3.3969,4.464357376,0.971014493
Position_28,157,1018,23724.55664,4.30105,6.515356064,0.963103122
Position_28,160,1998,64606.57813,8.44155,17.74258041,0.974634146
Position_28,163,1193,28792.63477,5.040425,7.907176971,0.974673203
Position_28,166,1344,36428.4375,5.6784,10.00415993,0.97532656
Position_28,167,3587,154893.7188,15.155075,42.53768539,0.973141617
Position_28,169,2787,105738.4375,11.775075,29.03841782,0.978581461
Position_29,7,2221,76183.28906,9.383725,20.92183495,0.973269062
Position_29,11,3287,137672.5469,13.887575,37.80832291,0.971335697
Position_29,16,1598,47798.65625,6.75155,13.12670612,0.977968176
Position_29,23,1292,33941.20313,5.4587,9.321103096,0.976568405
Position_29,25,2789,107212.2969,11.783525,29.44317627,0.979283708
Position_29,34,3081,119265.5859,13.017225,32.75331116,0.973767383
Position_29,39,1750,49157.53125,7.39375,13.49988651,0.949538795
Position_29,56,2086,69253.46875,8.81335,19.01873398,0.976134768
Position_29,58,1463,36826.83203,6.181175,10.11356831,0.97338656
Position_29,62,2294,76807.64844,9.69215,21.09329987,0.968341072
Position_29,67,2348,81051.5,9.9203,22.25876808,0.972659486
Position_29,72,3095,126297.5234,13.076375,34.68445587,0.970523675
Position_29,76,2107,69397.82813,8.902075,19.05837822,0.965185525
Position_29,78,750,14211.41797,3.16875,3.902810574,0.970245796
Position_29,82,1236,32024.42969,5.2221,8.794709206,0.973228346
Position_29,83,2173,73754.83594,9.180925,20.25492096,0.974439462
Position_29,88,2463,82427.5625,10.406175,22.63666916,0.975059382
Position_29,94,1223,31648.07813,5.167175,8.691352844,0.975279107
Position_29,96,1149,26385.47461,4.854525,7.246110916,0.975382003
Position_29,98,1864,59973.41016,7.8754,16.47019768,0.971845673
Position_29,100,2445,83906.28125,10.330125,23.04276276,0.937859609
Position_29,104,743,13831.625,3.139175,3.798510075,0.952564103
Position_29,106,1771,55877.65625,7.482475,15.34540081,0.976833977
Position_29,111,2339,78378.1875,9.882275,21.52460861,0.947730956
Position_29,112,2778,104944.1172,11.73705,28.82027817,0.978513561
Position_29,114,2824,111264.5313,11.9314,30.55602074,0.979195562
Position_29,115,1768,54637.5625,7.4698,15.0048399,0.978959025
Position_29,121,3056,121233.2656,12.9116,33.29368591,0.957093642
Position_29,156,1721,48040.89063,7.271225,13.19322968,0.919828968
Position_29,158,1725,52669.02344,7.288125,14.46423054,0.984027382
Position_30,7,1509,43701.15625,6.375525,12.00142956,0.968549422
Position_30,11,1263,32222.87305,5.336175,8.849205971,0.974537037
Position_30,12,712,12246.63281,3.0082,3.363231421,0.967391304
Position_30,18,1696,51273.46875,7.1656,14.08097649,0.981481481
Position_30,23,1909,58871.42969,8.065525,16.1675663,0.975472662
Position_30,26,3184,129420.4063,13.4524,35.54207993,0.973700306
Position_30,35,1086,25973.83008,4.58835,7.13306284,0.978378378
Position_30,38,1337,34954.84375,5.648825,9.599473953,0.973071325
Position_30,47,1033,24340.94922,4.364425,6.684633255,0.971777987
Position_30,63,1582,46286.93359,6.68395,12.71154881,0.971147944
Position_30,72,825,14583.89258,3.485625,4.005101204,0.970588235
Position_30,85,1811,49094.53906,7.651475,13.48258781,0.971045576
Position_30,87,1970,63296.02344,8.32325,17.38266945,0.968534907
Position_30,88,2112,70513.54688,8.9232,19.36478233,0.948787062
Position_30,90,2672,100928.2188,11.2892,27.71741104,0.968115942
Position_30,98,2812,108131.2031,11.8807,29.69553185,0.979108635
Position_30,99,2459,88539.67188,10.389275,24.31520653,0.976568705
Position_30,102,1921,59506.39453,8.116225,16.34194374,0.973150963
Position_30,104,656,11739.55566,2.7716,3.22397542,0.973293769
Position_30,117,2590,95035.59375,10.94275,26.0991497,0.981432361
Position_30,125,1633,49528.92188,6.899425,13.60188007,0.978430198
Position_30,140,1902,57745.64844,8.03595,15.85839844,0.978395062
Position_30,164,2274,81021.09375,9.60765,22.25041771,0.97848537
Position_30,167,1892,57278.93359,7.9937,15.73022652,0.948370927
Position_30,171,2526,93015.53906,10.67235,25.54439163,0.979069767
Position_30,182,1759,54601.51953,7.431775,14.99494171,0.976679622
Position_30,183,1135,28469.08789,4.795375,7.818323135,0.972579263
Position_30,187,1874,58804.32813,7.91765,16.1491375,0.982180294
Position_30,197,1716,52662.72656,7.2501,14.46250153,0.976664769
Position_30,198,2239,78210.13281,9.459775,21.4784565,0.973901696
Position_30,202,2774,99834.76563,11.72015,27.41712189,0.974358974
Position_30,205,1657,50562.73438,7.000825,13.88579082,0.973560517
Position_30,215,1685,50383.96875,7.119125,13.83669758,0.973988439
Position_31,16,2767,104247.8438,11.690575,28.62906456,0.970196353
Position_31,18,1917,57422.53125,8.099325,15.76966286,0.911554922
Position_31,20,1646,46475.61719,6.95435,12.76336575,0.968235294
Position_31,21,2309,74197.46094,9.755525,20.3764782,0.949034114
Position_31,41,1605,46862.11719,6.781125,12.86950874,0.970961887
Position_31,42,1905,57237.9375,8.048625,15.71896839,0.970453388
Position_31,48,1807,53267.32813,7.634575,14.62854004,0.952556668
Position_31,50,2853,111384.3125,12.053925,30.58891678,0.964503043
Position_31,59,1631,47620.65234,6.890975,13.07782173,0.975478469
Position_31,68,2754,93738.77344,11.63565,25.74300957,0.973833098
Position_31,75,2734,102360.6328,11.55115,28.11078835,0.972953737
Position_31,78,1320,34030.29297,5.577,9.345568657,0.964912281
Position_31,84,1653,48212.28906,6.983925,13.24029922,0.978106509
Position_31,87,2001,64256.04297,8.454225,17.64631462,0.976573939
Position_31,95,2974,111172.3906,12.56515,30.53071785,0.957809984
Position_31,105,1082,26199.66797,4.57145,7.195083618,0.97389739
Position_31,114,1420,38190.61719,5.9995,10.48809814,0.977961433
Position_31,117,863,17281.49414,3.646175,4.745930195,0.974040632
Position_31,118,2356,83404.04688,9.9541,22.90483665,0.97395618
Position_31,124,1765,52838.77344,7.457125,14.51084805,0.960282916
Position_31,147,1434,37037.04688,6.05865,10.17129898,0.979508197
Position_31,150,2570,95826.875,10.85825,26.31645584,0.972012103
Position_31,157,3367,145786.8594,14.225575,40.03671646,0.970876586
Position_31,161,737,14866.43359,3.113825,4.082694054,0.964659686
Position_31,165,2864,96484.5,12.1004,26.49705505,0.976474599
Position_31,166,3968,175437.7188,16.7648,48.1795845,0.966861598
Position_31,172,2975,109203.4844,12.569375,29.99000549,0.947452229
Position_31,179,1352,33424.23047,5.7122,9.179129601,0.975468975
Position_31,187,2793,100993.9922,11.800425,27.73547554,0.970128517
Position_31,195,1879,58905.89063,7.938775,16.17703056,0.973070948
Position_31,196,1605,47727.55469,6.781125,13.10717964,0.961653685
Position_31,198,893,16041.40723,3.772925,4.405371189,0.972766885
Position_31,199,2546,92239.96875,10.75685,25.33140182,0.968797565
Position_31,200,1394,36958.27344,5.88965,10.14966583,0.977559607
Position_31,209,1503,40862.26563,6.350175,11.22179985,0.971557854
Position_31,212,1318,34834.46094,5.56855,9.566413879,0.974852071
Position_32,13,2341,80380.94531,9.890725,22.07461739,0.976637463
Position_32,18,1245,31132.38672,5.260125,8.549731255,0.969626168
Position_32,21,2020,65942.15625,8.5345,18.10936356,0.974433189
Position_32,24,1462,40709.51953,6.17695,11.17985153,0.975967957
Position_32,25,1889,60132.85547,7.981025,16.51398468,0.978249612
Position_32,27,1347,36596.10156,5.691075,10.05020428,0.975380159
Position_32,29,1038,24832.99414,4.38555,6.819760799,0.974647887
Position_32,35,2477,88704.90625,10.465325,24.36058426,0.977891828
Position_32,43,1264,32120.30859,5.3404,8.8210392,0.971560338
Position_32,47,1629,47328.10156,6.882525,12.99747944,0.978966346
Position_32,59,1783,54782.63281,7.533175,15.0446806,0.973784817
Position_32,63,937,19485.50391,3.958825,5.351206303,0.971991701
Position_32,74,609,10572.20508,2.573025,2.903391838,0.965134707
Position_32,93,2810,105651.3047,11.87225,29.01448822,0.978412256
Position_32,103,2204,74247.02344,9.3119,20.39008904,0.973068433
Position_32,105,2263,64919.97266,9.561175,17.82864761,0.97417133
Position_32,135,543,8110.293945,2.294175,2.227289438,0.964476021
Position_32,139,3259,138691.1094,13.769275,38.08804703,0.979266827
Position_32,140,499,8108.830078,2.108275,2.226887465,0.968932039
Position_32,146,1641,41167.06641,6.933225,11.30550575,0.945821326
Position_32,147,1515,42616.57813,6.400875,11.703578,0.912101144
Position_32,150,839,17995.02148,3.544775,4.94188261,0.974448316
Position_32,151,1461,39800.58594,6.172725,10.93023586,0.972703063
Position_32,159,1090,24712.75781,4.60525,6.78674078,0.919831224
Position_32,160,2007,65227.4375,8.479575,17.91308403,0.970033833
Position_32,165,913,19757.48828,3.857425,5.425899982,0.98277718
Position_32,170,1049,25015.08789,4.432025,6.86976862,0.975813953
Position_32,175,1138,27985.48438,4.80805,7.685513496,0.975149957
Position_32,182,1106,25966.2793,4.67285,7.130989552,0.975308642
Position_32,189,2128,71553.11719,8.9908,19.65027428,0.981549815
Position_32,199,1600,47984.65625,6.76,13.17778587,0.977397679
Position_33,32,734,12454.57617,3.10115,3.420337915,0.958224543
Position_33,38,573,8638.404297,2.420925,2.372321844,0.967905405
Position_33,39,1025,18037.53711,4.330625,4.953558445,0.958840037
Position_33,44,715,10615.23828,3.020875,2.91520977,0.934640523
Position_33,56,522,8086.101074,2.20545,2.220645428,0.956043956
Position_33,57,653,10326.45605,2.758925,2.835902929,0.963126844
Position_33,61,853,16413.17578,3.603925,4.507468224,0.973744292
Position_33,66,751,13596.48926,3.172975,3.733935833,0.970284238
Position_33,76,698,10898.92578,2.94905,2.993117332,0.896020539
Position_33,80,580,8448.767578,2.4505,2.320242643,0.958677686
Position_33,85,516,6609.582031,2.1801,1.81515646,0.975425331
Position_33,86,691,10952.23145,2.919475,3.007756472,0.943989071
Position_33,87,653,9381.02832,2.758925,2.576264858,0.967407407
Position_33,89,532,7386.84082,2.2477,2.028611183,0.943262411
Position_33,93,653,10225.66211,2.758925,2.808222294,0.946376812
Position_33,94,733,14276.78516,3.096925,3.920762062,0.968295905
Position_33,96,460,5302.98291,1.9435,1.456331611,0.954356846
Position_33,98,661,12148.23535,2.792725,3.336209059,0.967789165
Position_33,99,675,12690.41699,2.851875,3.485105753,0.965665236
Position_33,106,633,10595.12891,2.674425,2.909687281,0.97235023
Position_33,112,716,10630.87402,3.0251,2.919503689,0.949602122
Position_33,114,603,10374.9707,2.547675,2.849226236,0.940717629
Position_33,115,827,12892.60547,3.494075,3.540631771,0.952764977
Position_33,128,806,13696.85938,3.40535,3.761499882,0.944900352
Position_33,139,685,12535.27539,2.894125,3.442499876,0.963431786
Position_33,162,509,8035.869141,2.150525,2.206850529,0.978846154
Position_33,163,647,9988.603516,2.733575,2.743120193,0.955686854
Position_33,164,589,10354.32617,2.488525,2.843556881,0.971947195
Position_33,168,698,12318.10156,2.94905,3.382858515,0.973500697
Position_33,172,627,10286.41504,2.649075,2.824906588,0.963133641
Position_33,175,387,5646.630859,1.635075,1.550706029,0.969924812
Position_33,181,562,8231.712891,2.37445,2.260634184,0.962328767
Position_33,182,553,9097.946289,2.336425,2.498523474,0.973591549
Position_33,185,540,8035.268555,2.2815,2.206685543,0.974729242
Position_33,187,825,15227.81641,3.485625,4.181939125,0.957076566
Position_33,189,598,9321.236328,2.52655,2.559844494,0.959871589
Position_33,194,681,9939.982422,2.877225,2.729767561,0.943213296
Position_33,204,487,6637.904785,2.057575,1.822934628,0.970119522
Position_33,206,637,9870.685547,2.691325,2.71073699,0.956456456
Position_33,208,724,9691.449219,3.0589,2.661514282,0.912988651
Position_33,210,852,16514.27734,3.5997,4.535233498,0.932166302
Position_33,220,871,14970.80762,3.679975,4.111358166,0.918776371
Position_33,225,856,13682.96289,3.6166,3.757683516,0.963963964
Position_33,229,487,6602.334961,2.057575,1.813166261,0.966269841
Position_33,236,779,13507.68066,3.291275,3.709546804,0.968905473
Position_33,237,665,9630.591797,2.809625,2.64480114,0.932678822
Position_33,239,763,10673.50879,3.223675,2.931212187,0.914868106
Position_33,241,614,10021.26367,2.59415,2.7520895,0.957878315
Position_33,244,486,7619.075195,2.05335,2.092388391,0.962376238
Position_33,245,529,7412.027344,2.235025,2.035527945,0.960072595
Position_33,246,401,4939.733887,1.694225,1.356574416,0.968599034
Position_33,247,482,6957.930664,2.03645,1.910821676,0.964
Position_33,250,357,3848.857422,1.508325,1.056992412,0.946949602
Position_33,251,853,16429.68945,3.603925,4.512003422,0.950947603
Position_33,255,388,4741.21875,1.6393,1.302057147,0.967581047
Position_33,256,622,9435.264648,2.62795,2.591159582,0.964341085
Position_33,261,544,8806.683594,2.2984,2.418535471,0.96797153
Position_33,263,710,10874.44043,2.99975,2.986393213,0.946666667
Position_34,7,689,11581.41016,2.911025,3.180544615,0.967696629
Position_34,12,850,13907.59961,3.59125,3.819374561,0.964812713
Position_34,13,697,11389.85938,2.944825,3.127940178,0.962707182
Position_34,18,343,4385.004395,1.449175,1.204231858,0.952777778
Position_34,22,544,8284.798828,2.2984,2.275212765,0.964539007
Position_34,24,995,20741.8125,4.203875,5.696220398,0.982230997
Position_34,29,713,11945.3252,3.012425,3.280484915,0.964817321
Position_34,33,717,11315.69141,3.029325,3.107571602,0.963709677
Position_34,35,597,10092.02051,2.522325,2.771521091,0.961352657
Position_34,36,459,6242.998535,1.939275,1.7144835,0.966315789
Position_34,38,551,7962.893555,2.327975,2.18680954,0.948364888
Position_34,42,609,8893.238281,2.573025,2.442305565,0.965134707
Position_34,43,655,10985.08301,2.767375,3.016778469,0.935714286
Position_34,45,596,9345.05957,2.5181,2.566386938,0.972267537
Position_34,50,527,7754.967773,2.226575,2.129708052,0.956442831
Position_34,56,631,9932.890625,2.665975,2.727820158,0.963358779
Position_34,59,641,10004.8623,2.708225,2.747585297,0.939882698
Position_34,62,613,7120.26123,2.589925,1.955401659,0.921804511
Position_34,69,459,6470.006836,1.939275,1.776825547,0.972457627
Position_34,72,748,12858.74023,3.1603,3.531331539,0.949238579
Position_34,73,594,8418.311523,2.50965,2.311878681,0.938388626
Position_34,74,504,7434.8125,2.1294,2.04178524,0.967370441
Position_34,76,653,9878.290039,2.758925,2.712825298,0.961708395
Position_34,77,554,7531.838379,2.34065,2.068431139,0.965156794
Position_34,85,693,12517.87988,2.927925,3.437722683,0.969230769
Position_34,86,640,11536.53516,2.704,3.168220997,0.966767372
Position_34,89,866,14497.54688,3.65885,3.981388807,0.894628099
Position_34,92,572,8902.027344,2.4167,2.444719315,0.966216216
Position_34,93,685,12612.73047,2.894125,3.463771105,0.975783476
Position_34,101,857,10523.18652,3.620825,2.88993001,0.829622459
Position_34,107,708,13413.47656,2.9913,3.683676004,0.919480519
Position_34,114,988,17558.7207,4.1743,4.822063446,0.931196984
Position_34,132,498,7530.500977,2.10405,2.068063736,0.966990291
Position_34,149,565,8654.46875,2.387125,2.376733541,0.965811966
Position_34,151,862,17009.3457,3.64195,4.671191692,0.963128492
Position_34,152,876,16315.7168,3.7011,4.480703831,0.969026549
Position_34,155,650,9827.904297,2.74625,2.698988199,0.961538462
Position_34,162,747,11078.54297,3.156075,3.042444706,0.950381679
Position_34,171,691,10758.54785,2.919475,2.95456624,0.946575342
Position_34,172,474,6653.336426,2.00265,1.827172518,0.969325153
Position_34,197,784,13022.47754,3.3124,3.57629776,0.941176471
Position_34,205,953,21630.86719,4.026425,5.940376759,0.962626263
Position_34,207,561,7797.813965,2.370225,2.141474724,0.965576592
Position_34,209,470,6881.116699,1.98575,1.889726639,0.965092402
Position_34,214,716,12574.45117,3.0251,3.453258514,0.961073826
Position_34,215,535,8345.790039,2.260375,2.291962624,0.972727273
Position_34,216,754,12187.38086,3.18565,3.346959352,0.958068615
Position_34,217,684,12043.86523,2.8899,3.307546377,0.938271605
Position_34,219,574,7803.672852,2.42515,2.143083572,0.969594595
Position_34,221,689,12185.58496,2.911025,3.346466303,0.967696629
Position_34,222,600,9539.680664,2.535,2.619834661,0.958466454
Position_34,225,823,13259.99902,3.477175,3.641527176,0.93629124
Position_34,226,656,11408.7959,2.7716,3.133140564,0.960468521
Position_34,241,748,11962.00195,3.1603,3.285064697,0.966408269
Position_34,247,690,10427.78516,2.91525,2.863730431,0.970464135
Position_34,250,654,10977.4541,2.76315,3.014683247,0.97466468
Position_34,256,573,9536.982422,2.420925,2.619093657,0.955
Position_34,257,551,8806.816406,2.327975,2.418571949,0.973498233
Position_34,263,516,8089.063965,2.1801,2.22145915,0.966292135
Position_34,264,685,13122.30273,2.894125,3.60371232,0.978571429
Position_34,266,875,16377.02441,3.696875,4.497540474,0.96259626
Position_34,268,1042,20584.77344,4.40245,5.653093338,0.970204842
Position_34,269,641,9199.170898,2.708225,2.526322365,0.915714286
Position_34,270,453,6821.910645,1.913925,1.873467207,0.951680672
Position_34,279,815,11968.68945,3.443375,3.286901236,0.91367713
Position_34,280,554,9254.922852,2.34065,2.541633129,0.95025729
Position_34,286,452,6294.180176,1.9097,1.728539228,0.961702128
Position_34,291,949,17579.95313,4.009525,4.827894688,0.964430894
Position_34,294,702,13359.67578,2.96595,3.668900967,0.977715877
Position_34,296,567,9388.821289,2.395575,2.578404903,0.96592845
Position_34,299,768,12145.90039,3.2448,3.335567951,0.958801498
Position_35,14,756,12202.83887,3.1941,3.351204634,0.956962025
Position_35,18,370,4365.959961,1.56325,1.199001789,0.966057441
Position_35,25,702,13089.60938,2.96595,3.594733953,0.968275862
Position_35,29,662,10419.75098,2.79695,2.861524105,0.951149425
Position_35,32,572,9269.25293,2.4167,2.545568466,0.969491525
Position_35,33,724,13198.84277,3.0589,3.624732256,0.970509383
Position_35,34,562,7758.068359,2.37445,2.130559444,0.927392739
Position_35,49,640,11328.46387,2.704,3.111079454,0.952380952
Position_35,50,659,10298.51953,2.784275,2.828230858,0.960641399
Position_35,57,532,8471.963867,2.2477,2.326612949,0.965517241
Position_35,60,369,5186.414551,1.559025,1.424319029,0.973614776
Position_35,61,522,7581.430664,2.20545,2.082050323,0.968460111
Position_35,64,555,9159.34375,2.344875,2.515384674,0.963541667
Position_35,66,630,9678.365234,2.66175,2.657921076,0.954545455
Position_35,67,985,18582.58789,4.161625,5.103243351,0.963796477
Position_35,70,556,8200.349609,2.3491,2.252021074,0.943972835
Position_35,72,654,8997.423828,2.76315,2.470917463,0.918539326
Position_35,74,704,11141.97656,2.9744,3.059865236,0.963064295
Position_35,75,675,12096.44141,2.851875,3.321985245,0.969827586
Position_35,79,587,8601.419922,2.480075,2.362164974,0.948303716
Position_35,81,534,7172.653809,2.25615,1.969789982,0.956989247
Position_35,88,789,13714.36133,3.333525,3.7663064,0.952898551
Position_35,89,673,11079.26172,2.843425,3.042642117,0.968345324
Position_35,91,633,8527.009766,2.674425,2.341730118,0.918722787
Position_35,97,629,9808.115234,2.657525,2.693553686,0.947289157
Position_35,98,585,7578.069336,2.471625,2.081127167,0.922712934
Position_35,99,652,10523.25879,2.7547,2.889949799,0.96735905
Position_35,100,594,10229.49902,2.50965,2.809276104,0.970588235
Position_35,108,561,7178.620605,2.370225,1.971428633,0.921182266
Position_35,110,567,9382.165039,2.395575,2.576576948,0.970890411
Position_35,111,661,10496.75781,2.792725,2.882672071,0.944285714
Position_35,118,522,7183.01123,2.20545,1.972634435,0.963099631
Position_35,123,611,10426.17871,2.581475,2.863289356,0.971383148
Position_35,124,577,9208.328125,2.437825,2.528836966,0.947454844
Position_35,133,809,15100.93164,3.418025,4.147093296,0.942890443
Position_35,135,756,10639.57031,3.1941,2.921891928,0.952141058
Position_35,137,671,11447.07227,2.834975,3.143652201,0.961318052
Position_35,143,611,10532.46582,2.581475,2.892478466,0.959183673
Position_35,144,787,12056.50781,3.325075,3.311018467,0.881298992
Position_35,148,509,6977.493652,2.150525,1.916194201,0.954971857
Position_35,151,518,7431.78125,2.18855,2.040952921,0.936708861
Position_35,156,418,5947.066895,1.76605,1.633213162,0.972093023
Position_35,159,629,9431.729492,2.657525,2.590188742,0.950151057
Position_35,162,365,4524.633789,1.542125,1.242577553,0.940721649
Position_35,168,691,10516.04395,2.919475,2.88796854,0.920106525
Position_35,169,881,14575.01953,3.722225,4.002664566,0.968131868
Position_35,171,536,7803.467285,2.2646,2.143027067,0.962298025
Position_35,172,556,8773.527344,2.3491,2.409430027,0.948805461
Position_35,179,505,7702.770508,2.133625,2.115373373,0.971153846
Position_35,180,757,11844.81934,3.198325,3.252883434,0.965561224
Position_35,181,580,9778.5625,2.4505,2.685437679,0.95709571
Position_35,182,465,6748.896484,1.964625,1.853415608,0.96473029
Position_35,183,792,12319.19434,3.3462,3.383158684,0.883928571
Position_35,184,580,9987.925781,2.4505,2.742933989,0.946166395
Position_35,185,484,7403.581055,2.0449,2.03320837,0.954635108
Position_35,186,928,17248.24414,3.9208,4.736798763,0.945010183
Position_35,188,459,6570.423828,1.939275,1.80440259,0.974522293
Position_35,190,891,16227.65723,3.764475,4.456520081,0.968478261
Position_35,192,496,6569.593262,2.0956,1.804174542,0.966861598
Position_35,195,637,11191.46973,2.691325,3.073457241,0.972519084
Position_35,199,903,15475.1582,3.815175,4.249865055,0.925204918
Position_35,201,710,12303.26367,2.99975,3.378783703,0.956873315
Position_35,203,553,8905.466797,2.336425,2.445663691,0.968476357
Position_35,210,627,10407.62695,2.649075,2.85819459,0.972093023
Position_35,212,661,11727.15625,2.792725,3.220570326,0.964963504
Position_35,219,673,12285.89063,2.843425,3.374012709,0.957325747
Position_35,220,622,9332.407227,2.62795,2.562912226,0.938159879
Position_35,222,734,12496.52148,3.10115,3.431857109,0.950777202
Position_35,223,470,7294.240234,1.98575,2.003180742,0.963114754
Position_35,224,531,8076.337402,2.243475,2.217964172,0.970749543
Position_35,226,533,7869.898438,2.251925,2.161270857,0.96036036
Position_35,231,639,9323.59375,2.699775,2.5604918,0.89747191
Position_35,232,871,15809.21094,3.679975,4.34160471,0.965631929
Position_35,233,644,11296.25586,2.7209,3.102234125,0.937409025
Position_35,236,581,10037.36035,2.454725,2.756510019,0.969949917
Position_35,239,686,12669.58984,2.89835,3.479386091,0.950138504
Position_35,247,1028,22042.01758,4.3433,6.053288937,0.95806151
Position_35,252,741,9424.443359,3.130725,2.588187695,0.819690265
Position_35,260,502,7957.001953,2.12095,2.185191631,0.959847036
Position_36,16,615,10801.84082,2.598375,2.96645546,0.963949843
Position_36,27,621,8098.57959,2.623725,2.224072456,0.913235294
Position_36,39,596,8633.294922,2.5181,2.370918512,0.946031746
Position_36,45,689,11905.15625,2.911025,3.269453526,0.937414966
Position_36,58,695,12099.93555,2.936375,3.322944641,0.976123596
Position_36,61,531,8112.149414,2.243475,2.227798939,0.963702359
Position_36,65,636,11194.28125,2.6871,3.074229479,0.965098634
Position_36,66,835,15675.50586,3.527875,4.304885864,0.943502825
Position_36,68,503,7964.890625,2.125175,2.187358141,0.958095238
Position_36,70,751,13406.18848,3.172975,3.68167448,0.967783505
Position_36,71,437,6410.205078,1.846325,1.76040256,0.966814159
Position_36,74,469,7395.054688,1.981525,2.030866861,0.967010309
Position_36,76,702,10861.125,2.96595,2.982736349,0.937249666
Position_36,77,787,13001.52734,3.325075,3.570544481,0.912993039
Position_36,79,921,17731.0332,3.891225,4.869384766,0.848066298
Position_36,83,746,12037.13379,3.15185,3.305697918,0.967574578
Position_36,87,405,5219.421875,1.711125,1.433383703,0.952941176
Position_36,98,579,7820.699219,2.446275,2.147759438,0.950738916
Position_36,101,632,8510.24707,2.6702,2.337126493,0.84605087
Position_36,107,875,13877.23242,3.696875,3.811034918,0.877632899
Position_36,112,657,10504.26367,2.775825,2.884733438,0.952173913
Position_36,118,706,9992.135742,2.98285,2.744090319,0.879202989
Position_36,122,607,8754.701172,2.564575,2.404259682,0.930981595
Position_36,126,446,5316.462891,1.88435,1.460033655,0.913934426
Position_36,129,702,10927.08887,2.96595,3.000851631,0.952510176
Position_36,136,838,16807.03711,3.54055,4.615632534,0.968786127
Position_36,142,490,6703.949219,2.07025,1.841072083,0.962671906
Position_36,145,632,10419.20996,2.6702,2.86137557,0.966360856
Position_36,151,501,7280.174805,2.116725,1.999318004,0.969052224
Position_36,161,816,16790.52539,3.4476,4.611097813,0.961130742
Position_36,171,770,14052.06543,3.25325,3.859048367,0.941320293
Position_36,174,897,17242.97656,3.789825,4.735352516,0.96972973
Position_36,195,729,13360.3418,3.080025,3.669083834,0.943078913
Position_36,208,740,14018.73633,3.1265,3.849895477,0.974967062
Position_36,209,570,9474.078125,2.40825,2.601818562,0.972696246
Position_36,210,590,8453.580078,2.49275,2.321564436,0.945512821
Position_36,219,798,14750.00488,3.37155,4.050720215,0.963768116
Position_36,239,567,8918.28418,2.395575,2.449183702,0.95777027
Position_36,245,681,10698.51563,2.877225,2.938079834,0.927792916
Position_36,258,682,10478.59863,2.88145,2.87768507,0.967375887
Position_36,260,398,4950.897949,1.68155,1.35964036,0.959036145
Position_36,261,301,3589.557129,1.271725,0.985782087,0.967845659
Position_36,263,889,18010.08984,3.756025,4.94602108,0.968409586
Position_36,266,502,8091.847656,2.12095,2.22222352,0.959847036
Position_36,271,768,14365.58594,3.2448,3.945148945,0.920863309
Position_36,278,569,9023.026367,2.404025,2.477948666,0.961148649
Position_36,288,310,3252.91626,1.30975,0.893332124,0.948012232
Position_36,289,921,19064.0625,3.891225,5.235467911,0.948506694
Position_36,292,632,11312.42578,2.6702,3.10667491,0.978328173
Position_36,294,657,9721.572266,2.775825,2.669786692,0.945323741
Position_36,300,526,6842.440918,2.22235,1.87910533,0.946043165
Position_36,301,754,13496.50098,3.18565,3.70647645,0.897619048
Position_36,303,760,11959.15723,3.211,3.2842834,0.89306698
Position_36,305,661,10589.02051,2.792725,2.908009768,0.955202312
Position_36,306,615,7800.49707,2.598375,2.142211437,0.940366972
Position_36,307,874,12611.52539,3.69265,3.46344018,0.863636364
Position_36,311,599,8627.550781,2.530775,2.369341135,0.933021807
Position_36,313,789,14626.14648,3.333525,4.016705513,0.965728274
Position_36,314,882,13888.76172,3.72645,3.814201117,0.897253306
Position_36,315,418,5785.062012,1.76605,1.588722587,0.967592593
Position_36,320,738,10915.29492,3.11805,2.997612715,0.92481203
Position_36,321,729,11091.22656,3.080025,3.045928001,0.932225064
Position_36,322,597,8726.172852,2.522325,2.396425247,0.905918058
Position_36,329,816,14843.27148,3.4476,4.076333523,0.954385965
Position_36,332,681,10984.60938,2.877225,3.016648293,0.964589235
Position_36,333,750,13910.6748,3.16875,3.82021904,0.957854406
Position_36,335,924,17900.76758,3.9039,4.915997982,0.957512953
Position_36,341,825,15420.98145,3.485625,4.234986782,0.907590759
Position_36,344,533,7281.500977,2.251925,1.999682188,0.943362832
Position_36,345,1046,18772.75391,4.41935,5.15546751,0.971216342
Position_36,349,842,15017.99219,3.55745,4.124316216,0.955732123
Position_36,350,753,12473.70215,3.181425,3.425590515,0.954372624
Position_36,352,664,11413.06934,2.8054,3.13431406,0.960926194
Position_36,354,467,6349.589355,1.973075,1.743755937,0.968879668
Position_37,23,567,8800.394531,2.395575,2.416808367,0.970890411
Position_37,34,488,7374.338867,2.0618,2.025177717,0.968253968
Position_37,64,608,9782.920898,2.5688,2.686634541,0.968152866
Position_37,72,934,20052.84766,3.94615,5.507013321,0.963880289
Position_37,78,567,8991.556641,2.395575,2.469306231,0.952941176
Position_37,79,603,9426.492188,2.547675,2.588750362,0.9648
Position_37,82,521,6906.305664,2.201225,1.896644115,0.93705036
Position_37,100,609,8059.650391,2.573025,2.213381529,0.922727273
Position_37,101,477,7010.630371,2.015325,1.92529428,0.967545639
Position_37,119,479,7626.172852,2.023775,2.094337702,0.973577236
Position_37,146,706,9314.589844,2.98285,2.558019161,0.913324709
Position_37,150,740,12363.1416,3.1265,3.395227671,0.962288687
Position_37,162,739,11215.83398,3.122275,3.080148458,0.973649539
Position_37,169,832,15510.04004,3.5152,4.259444714,0.958525346
Position_37,189,552,8792.138672,2.3322,2.414541006,0.968421053
Position_37,197,758,11252.47168,3.20255,3.090209961,0.916565901
Position_37,198,825,15769.83203,3.485625,4.330790043,0.942857143
Position_37,203,812,16197.12598,3.4307,4.448135853,0.958677686
Position_37,211,824,15292.99609,3.4814,4.199839115,0.941714286
Position_37,220,648,9425.455078,2.7378,2.588465452,0.972972973
Position_37,223,805,13239.79297,3.401125,3.635977983,0.958333333
Position_37,237,711,12002.35742,3.003975,3.296147346,0.966032609
Position_37,239,634,10235.69922,2.67865,2.810978889,0.960606061
Position_37,242,758,12816.06836,3.20255,3.519612789,0.953459119
Position_37,247,447,6074.773926,1.888575,1.668284774,0.95106383
Position_37,249,530,7645.1875,2.23925,2.099559546,0.948121646
Position_37,251,407,5747.671875,1.719575,1.578454375,0.957647059
Position_37,254,313,3600.710938,1.322425,0.988845229,0.972049689
Position_37,258,702,9873.855469,2.96595,2.711607456,0.918848168
Position_37,259,729,12832.47266,3.080025,3.524117708,0.940645161
Position_37,261,806,14430.98828,3.40535,3.963110209,0.965269461
Position_37,264,585,9325.296875,2.471625,2.560959578,0.963756178
Position_37,265,707,12083.76855,2.987075,3.31850481,0.952830189
Position_37,268,912,15266.43457,3.8532,4.19254446,0.930612245
Position_37,278,692,9899.042969,2.9237,2.718524694,0.946648427
Position_37,281,617,9169.082031,2.606825,2.518059015,0.9195231
Position_37,282,655,10260.64453,2.767375,2.81782937,0.937052933
Position_37,284,733,12500.69922,3.096925,3.433004379,0.93614304
Position_37,292,620,9700.318359,2.6195,2.663949966,0.96124031
Position_37,296,485,7050.003418,2.049125,1.936107159,0.964214712
Position_37,302,843,16545.82422,3.561675,4.543896675,0.853238866
Position_37,306,701,11898.33691,2.961725,3.267580748,0.969571231
Position_37,314,512,7907.941895,2.1632,2.171718597,0.966037736
Position_37,315,1129,18320.11328,4.770025,5.031160831,0.931518152
Position_37,317,657,11586.04395,2.775825,3.181817293,0.969026549
Position_37,319,818,16766.66016,3.45605,4.604544163,0.972651605
Position_37,321,520,7953.15918,2.197,2.184136391,0.966542751
Position_37,325,561,8911.604492,2.370225,2.44734931,0.957337884
Position_37,337,791,13972.43945,3.341975,3.837181091,0.962287105
Position_37,347,533,8563.480469,2.251925,2.351745844,0.951785714
Position_37,361,415,5169.428711,1.753375,1.419654369,0.958429561
Position_37,363,880,17907.32031,3.718,4.917797565,0.96597146
Position_37,369,432,5771.384277,1.8252,1.584966421,0.95154185
Position_37,372,591,7662.102539,2.496975,2.104204893,0.941082803
Position_37,378,844,14093.35742,3.5659,3.870388269,0.953672316
Position_37,381,545,8049.496582,2.302625,2.210592985,0.966312057
Position_38,6,583,9456.964844,2.463175,2.597118855,0.94796748
Position_38,31,801,12948.16016,3.384225,3.555888414,0.950177936
Position_38,36,709,10994.39746,2.995525,3.019336462,0.935356201
Position_38,51,792,14326.96484,3.3462,3.934542656,0.957678356
Position_38,61,749,12765.77637,3.164525,3.505801201,0.935081149
Position_38,69,546,8642.422852,2.30685,2.373425245,0.926994907
Position_38,87,536,8536.255859,2.2646,2.344269276,0.97277677
Position_38,92,735,12364.74805,3.105375,3.395668983,0.970937913
Position_38,97,712,11122.98438,3.0082,3.054649591,0.968707483
Position_38,104,981,16481.24414,4.144725,4.526161671,0.864317181
Position_38,107,747,12828.25391,3.156075,3.522959232,0.954022989
Position_38,108,889,14424.31836,3.756025,3.961278439,0.904374364
Position_38,109,481,6453.261719,2.032225,1.77222693,0.96007984
Position_38,110,762,13370.86523,3.21945,3.671973705,0.951310861
Position_38,111,522,7538.978516,2.20545,2.070391893,0.950819672
Position_38,114,1009,18595.2207,4.263025,5.106712341,0.931671283
Position_38,117,633,9518.1875,2.674425,2.613932133,0.941964286
Position_38,118,461,6988.378418,1.947725,1.919183373,0.962421712
Position_38,119,696,10791.35059,2.9406,2.963574648,0.956043956
Position_38,120,838,14569.17969,3.54055,4.001060963,0.849037487
Position_38,122,568,9086.140625,2.3998,2.495281219,0.941956882
Position_38,124,755,12631.61328,3.189875,3.468956709,0.963010204
Position_38,125,525,8478.569336,2.218125,2.328427076,0.965073529
Position_38,130,752,13704.71094,3.1772,3.763656139,0.971576227
Position_38,131,650,10127.9375,2.74625,2.781384706,0.951683748
Position_38,135,612,8273.355469,2.5857,2.272070169,0.959247649
Position_38,137,537,7655.089355,2.268825,2.102278948,0.964093357
Position_38,138,415,5351.744629,1.753375,1.469722867,0.956221198
Position_38,139,592,10054.25781,2.5012,2.761150599,0.972085386
Position_38,145,904,15025.05859,3.8194,4.126256466,0.952581665
Position_38,146,633,11681.16504,2.674425,3.207939863,0.96347032
Position_38,149,680,11179.01563,2.873,3.070037127,0.960451977
Position_38,153,493,7672.081055,2.082925,2.106945276,0.955426357
Position_38,154,600,9407.736328,2.535,2.583599567,0.953895072
Position_38,157,418,5765.439453,1.76605,1.583333731,0.969837587
Position_38,158,488,7283.981445,2.0618,2.00036335,0.956862745
Position_38,164,602,10595.32715,2.54345,2.90974164,0.957074722
Position_38,167,700,13165.61328,2.9575,3.615606546,0.951086957
Position_38,169,525,7085.585449,2.218125,1.945878863,0.9375
Position_38,172,687,11860.04492,2.902575,3.257064819,0.966244726
Position_38,173,586,9816.422852,2.47585,2.695835114,0.962233169
Position_38,174,580,9562.998047,2.4505,2.626238346,0.947712418
Position_38,178,664,11404.5957,2.8054,3.131987095,0.96371553
Position_38,181,583,9083.664063,2.463175,2.49460125,0.9328
Position_38,183,654,10396.98535,2.76315,2.855272055,0.966026588
Position_38,185,700,11331.50391,2.9575,3.111914158,0.95890411
Position_38,188,508,7812.953125,2.1463,2.145632267,0.965779468
Position_38,189,810,13784.67188,3.42225,3.785615444,0.940766551
Position_38,204,759,14287.28418,3.206775,3.923645258,0.966878981
Position_38,209,536,7099.116699,2.2646,1.949594855,0.943661972
Position_38,212,499,7182.80957,2.108275,1.972579002,0.968932039
Position_38,214,602,9931.572266,2.54345,2.727458,0.96474359
Position_38,225,609,10940.39355,2.573025,3.004505634,0.969745223
Position_38,230,658,11246.94141,2.78005,3.088691235,0.973372781
Position_38,231,858,13855.19727,3.62505,3.804983377,0.91862955
Position_38,234,624,8411.955078,2.6364,2.310133219,0.906976744
Position_38,237,891,15553.08398,3.764475,4.271265507,0.951923077
Position_38,243,699,11125.69434,2.953275,3.055393696,0.939516129
Position_38,252,674,9946.80957,2.84765,2.731642485,0.933518006
Position_38,257,364,4926.236328,1.5379,1.352867603,0.960422164
Position_38,265,512,7867.86084,2.1632,2.160711288,0.977099237
Position_38,280,735,10897.76855,3.105375,2.992799759,0.955786736
Position_38,281,822,16021.88672,3.47295,4.400010586,0.954703833
Position_38,283,787,10853.67969,3.325075,2.980691671,0.864835165
Position_38,286,512,7255.662598,2.1632,1.992586255,0.948148148
Position_38,288,606,9515.494141,2.56035,2.613192558,0.960380349
Position_38,296,502,7145.587891,2.12095,1.962357044,0.972868217
Position_38,301,637,11871.36719,2.691325,3.260174274,0.971036585
Position_38,312,412,5440.131836,1.7407,1.493996143,0.976303318
Position_38,317,583,8514.935547,2.463175,2.338414192,0.91522763
Position_38,321,739,12545.49805,3.122275,3.445307255,0.943805875
Position_38,325,391,4812.588379,1.651975,1.321657062,0.949029126
Position_38,328,821,12341.88086,3.468725,3.389389038,0.914253898
Position_38,329,843,14737.33203,3.561675,4.04723978,0.931491713
Position_38,341,591,9908.180664,2.496975,2.72103405,0.947115385
Position_38,344,641,10173.77344,2.708225,2.793972492,0.919655667
Position_39,2,640,9862.107422,2.704,2.708381176,0.934306569
Position_39,6,523,7250.20752,2.209675,1.991088152,0.964944649
Position_39,8,472,6399.035645,1.9942,1.757335186,0.967213115
Position_39,9,628,9359.714844,2.6533,2.570411682,0.928994083
Position_39,15,635,7981.793945,2.682875,2.192000151,0.946348733
Position_39,19,733,12133.9873,3.096925,3.332296133,0.933757962
Position_39,20,468,5831.377441,1.9773,1.601441979,0.953156823
Position_39,22,568,8795.557617,2.3998,2.415479898,0.962711864
Position_39,23,539,8862.834961,2.277275,2.433955908,0.96942446
Position_39,25,330,4156.805664,1.39425,1.1415627,0.973451327
Position_39,26,558,8144.802246,2.35755,2.236766338,0.950596252
Position_39,30,753,15063.33496,3.181425,4.136768341,0.953164557
Position_39,31,722,10543.69238,3.05045,2.895561457,0.864670659
Position_39,34,765,13426.12988,3.232125,3.687150955,0.943279901
Position_39,35,767,13845.6875,3.240575,3.802371979,0.93995098
Position_39,36,378,4704.39502,1.59705,1.291944504,0.964285714
Position_39,39,691,10277.46289,2.919475,2.822448254,0.899739583
Position_39,48,603,10125.6377,2.547675,2.780753136,0.961722488
Position_39,49,703,13695.13281,2.970175,3.761025906,0.975034674
Position_39,50,598,8908.101563,2.52655,2.446387291,0.930015552
Position_39,51,619,7830.838867,2.615275,2.150544167,0.926646707
Position_39,53,722,14098.19824,3.05045,3.871717691,0.973045822
Position_39,54,666,9175.670898,2.81385,2.519868612,0.888
Position_39,55,780,12973.83203,3.2955,3.562938452,0.965346535
Position_39,56,511,8296.847656,2.158975,2.278521776,0.978927203
Position_39,58,776,13615.61133,3.2786,3.739187241,0.971214018
Position_39,67,751,12329.26563,3.172975,3.385924578,0.937578027
Position_39,69,502,7143.895996,2.12095,1.961892366,0.958015267
Position_39,72,473,5968.525879,1.998425,1.639106393,0.957489879
Position_39,75,441,5294.414551,1.863225,1.453978539,0.924528302
Position_39,77,739,12843.79688,3.122275,3.52722764,0.95849546
Position_39,78,492,6237.780273,2.0787,1.713050365,0.94980695
Position_39,79,730,11888.48633,3.08425,3.264875412,0.961791831
Position_39,80,644,9158.419922,2.7209,2.515130997,0.964071856
Position_39,81,481,6846.564941,2.032225,1.880237818,0.954365079
Position_39,83,738,12148.79492,3.11805,3.336362839,0.959687906
Position_39,85,614,8110.947754,2.59415,2.227468967,0.864788732
Position_39,86,684,12236.34375,2.8899,3.360405922,0.966101695
Position_39,87,653,11390.78516,2.758925,3.128194332,0.960294118
Position_39,89,969,17631.52539,4.094025,4.842057705,0.944444444
Position_39,91,549,7459.913574,2.319525,2.048678637,0.935264055
Position_39,93,663,9825.478516,2.801175,2.698322058,0.960869565
Position_39,97,467,6111.638672,1.973075,1.678408742,0.932135729
Position_39,98,596,8346.998047,2.5181,2.292294264,0.938582677
Position_39,99,699,11538.89355,2.953275,3.168868542,0.973537604
Position_39,100,534,8584.240234,2.25615,2.357446909,0.969147005
Position_39,105,848,13629.19336,3.5828,3.742917061,0.946428571
Position_39,108,573,8712.248047,2.420925,2.392601013,0.955
Position_39,117,441,6810.54834,1.863225,1.870346785,0.977827051
Position_39,120,702,9534.652344,2.96595,2.618453741,0.838709677
Position_39,123,831,17364.30273,3.510975,4.768671513,0.944318182
Position_39,124,493,7266.594727,2.082925,1.995588541,0.968565815
Position_39,125,635,9293.568359,2.682875,2.552246094,0.937961595
Position_39,128,614,9734.828125,2.59415,2.673427105,0.93740458
Position_39,129,347,4238.093262,1.466075,1.163886309,0.963888889
Position_39,133,653,10966.24609,2.758925,3.011605263,0.961708395
Position_39,135,804,12370.8418,3.3969,3.397342443,0.962874251
Position_39,136,700,11399.32129,2.9575,3.130538464,0.947225981
Position_39,142,915,16738.72852,3.865875,4.596873283,0.963157895
Position_39,143,1130,23974.18945,4.77425,6.583911896,0.964163823
Position_39,144,598,8749.12207,2.52655,2.402727604,0.9568
Position_39,145,677,9229.855469,2.860325,2.534749031,0.908724832
Position_39,147,749,14402.09375,3.164525,3.955174923,0.959026889
Position_39,152,593,8870.920898,2.505425,2.436176538,0.929467085
Position_39,153,723,10255.3418,3.054675,2.81637311,0.931701031
Position_39,154,706,10834.93848,2.98285,2.97554493,0.914507772
Position_39,158,517,8178.37207,2.184325,2.245985508,0.957407407
Position_40,3,473,6729.540527,1.998425,1.848100066,0.967280164
Position_40,4,1160,22702.51953,4.901,6.234679222,0.96345515
Position_40,5,487,6791.644531,2.057575,1.865155339,0.970119522
Position_40,6,436,6251.222656,1.8421,1.716742039,0.971046771
Position_40,8,993,17104.90234,4.195425,4.697433949,0.910174152
Position_40,10,506,8255.428711,2.13785,2.267147064,0.969348659
Position_40,11,745,13412.75488,3.147625,3.68347764,0.943037975
Position_40,13,889,14578.56152,3.756025,4.003637314,0.969465649
Position_40,15,976,20775.14453,4.1236,5.705373764,0.961576355
Position_40,19,853,14782.12598,3.603925,4.059541225,0.923160173
Position_40,40,698,13361.97559,2.94905,3.669532537,0.936912752
Position_40,43,866,13357.90625,3.65885,3.668414831,0.937229437
Position_40,47,754,14576.33105,3.18565,4.003025055,0.962962963
Position_40,50,353,4105.985352,1.491425,1.127606153,0.948924731
Position_40,52,542,8231.050781,2.28995,2.260452271,0.966131907
Position_40,56,801,13292.27539,3.384225,3.650391102,0.934655776
Position_40,59,667,9265.510742,2.818075,2.544540882,0.93943662
Position_40,60,578,8266.273438,2.44205,2.270125389,0.956953642
Position_40,64,791,14064.54102,3.341975,3.862474442,0.962287105
Position_40,68,683,9573.915039,2.885675,2.62923646,0.8150358
Position_40,69,648,10731.09668,2.7378,2.947027445,0.954344624
Position_40,80,764,12721.91504,3.2279,3.493755817,0.965865992
Position_40,84,623,11057.61719,2.632175,3.036698103,0.959938367
Position_40,87,825,14651.51074,3.485625,4.02367115,0.954861111
Position_40,93,804,16307.7041,3.3969,4.478503227,0.968674699
Position_40,100,698,10943.05273,2.94905,3.00523591,0.968099861
Position_40,106,776,14832.83789,3.2786,4.073468208,0.962779156
Position_40,108,449,7056.628906,1.897025,1.93792665,0.959401709
Position_40,111,584,9619.394531,2.4674,2.641726255,0.938906752
Position_40,114,707,11249.83984,2.987075,3.089487314,0.950268817
Position_40,118,620,9846.676758,2.6195,2.704143524,0.948012232
Position_40,123,747,10439.37598,3.156075,2.866913557,0.818181818
Position_40,125,640,11446.87793,2.704,3.143598795,0.96969697
Position_40,127,537,8569.5625,2.268825,2.353415966,0.969314079
Position_40,130,639,11687.51855,2.699775,3.209684849,0.98459168
Position_40,133,450,5305.121094,1.90125,1.456918836,0.953389831
Position_40,135,611,9156.042969,2.581475,2.514478207,0.963722397
Position_40,139,625,9340.697266,2.640625,2.565188885,0.95129376
Position_40,142,798,13052.9873,3.37155,3.584676504,0.906818182
Position_40,150,624,10235.72266,2.6364,2.810985327,0.962962963
Position_40,153,793,13641.81543,3.350425,3.746383429,0.929660023
Position_40,154,635,10421.95898,2.682875,2.862130404,0.965045593
Position_40,156,648,10348.41309,2.7378,2.841933012,0.952941176
Position_40,159,413,5329.245605,1.744925,1.463544011,0.964953271
Position_40,160,986,22153.52344,4.16585,6.083911419,0.971428571
Position_40,180,478,6462.111328,2.01955,1.774657249,0.959839357
Position_40,181,606,9270.152344,2.56035,2.545815468,0.975845411
Position_40,183,605,9355.851563,2.556125,2.569350719,0.957278481
Position_40,186,343,4267.435059,1.449175,1.17194438,0.971671388
Position_40,189,686,11860.08301,2.89835,3.25707531,0.960784314
Position_40,191,489,5983.623047,2.066025,1.643252492,0.938579655
Position_40,196,938,19200.58594,3.96305,5.272960663,0.973029046
Position_40,205,706,10357.99121,2.98285,2.844563246,0.952766532
Position_40,212,571,7766.949219,2.412475,2.132998466,0.906349206
Position_40,213,707,11484.79883,2.987075,3.154012918,0.924183007
Position_40,214,686,11342.4707,2.89835,3.114925861,0.963483146
Position_40,219,741,13338.50684,3.130725,3.663087368,0.957364341
Position_40,222,719,10800.99902,3.037775,2.966224194,0.90897598
Position_40,225,889,17464.99219,3.756025,4.796323299,0.948772679
Position_40,228,781,15306.78223,3.299725,4.203625202,0.959459459
Position_40,236,733,12670.33984,3.096925,3.479592085,0.977333333
Position_40,238,699,11205.83203,2.953275,3.077401638,0.958847737
Position_40,240,561,8987.209961,2.370225,2.468112469,0.970588235
Position_40,251,602,10469.21094,2.54345,2.87510705,0.967845659
Position_40,253,754,11203.21191,3.18565,3.076682091,0.938978829
Position_40,255,911,17826.67773,3.848975,4.89565134,0.958947368
Position_40,261,513,8479.992188,2.167425,2.328817844,0.967924528
Position_40,263,987,19617.05078,4.170075,5.387332439,0.921568627
Position_40,267,403,4819.766602,1.702675,1.323628426,0.957244656
Position_40,270,630,11069.83203,2.66175,3.040052652,0.969230769
Position_40,279,925,20720.63281,3.908125,5.690403461,0.976768743
Position_40,283,490,7421.458984,2.07025,2.038118124,0.968379447
Position_41,8,868,13081.79492,3.6673,3.592587948,0.893004115
Position_41,12,952,18751.82422,4.0222,5.149719715,0.909264565
Position_41,19,532,7541.088379,2.2477,2.070971251,0.943262411
Position_41,21,546,9488.9375,2.30685,2.605899334,0.964664311
Position_41,24,469,5691.769531,1.981525,1.563102126,0.957142857
Position_41,26,464,7266.646973,1.9604,1.995602846,0.960662526
Position_41,29,927,13958.94727,3.916575,3.833475828,0.838155515
Position_41,32,1110,18351.64844,4.68975,5.039821148,0.90170593
Position_41,34,491,5704.114258,2.074475,1.566492319,0.946050096
Position_41,51,622,10444.63477,2.62795,2.868357658,0.962848297
Position_41,52,423,6169.461426,1.787175,1.694288373,0.972413793
Position_41,59,498,8185.317871,2.10405,2.247892857,0.950381679
Position_41,67,900,15263.02539,3.8025,4.191608429,0.926879506
Position_41,69,386,5229.692383,1.63085,1.436204195,0.941463415
Position_41,72,601,10236.67773,2.539225,2.811247587,0.957006369
Position_41,79,751,13216.41309,3.172975,3.629557371,0.954256671
Position_41,85,704,12530.40723,2.9744,3.441163063,0.965706447
Position_41,91,524,8026.017578,2.2139,2.204144955,0.96857671
Position_41,96,871,12676.58203,3.679975,3.481306314,0.897938144
Position_41,100,891,15368.40527,3.764475,4.220548153,0.882178218
Position_41,132,1106,21221.07617,4.67285,5.827837944,0.945299145
Position_41,136,788,12024.49609,3.3293,3.302227259,0.910982659
Position_41,139,394,5649.01416,1.66465,1.551360488,0.96097561
Position_42,4,703,11281.60059,2.970175,3.09820962,0.947439353
Position_42,17,805,12943.89453,3.401125,3.554717064,0.942622951
Position_42,26,296,3723.113037,1.2506,1.022459865,0.973684211
Position_42,34,527,7838.950684,2.226575,2.152771711,0.966972477
Position_42,37,309,3953.852783,1.305525,1.085826755,0.977848101
Position_42,41,493,6124.131836,2.082925,1.681839705,0.752671756
Position_42,42,714,11107.80664,3.01665,3.050481319,0.953271028
Position_42,44,699,9407.709961,2.953275,2.583592415,0.905440415
Position_42,48,657,9425.993164,2.775825,2.588613272,0.942611191
Position_42,54,1027,17739.57617,4.339075,4.871730804,0.883061049
Position_42,62,458,6764.304199,1.93505,1.857647061,0.944329897
Position_42,63,886,15876.42871,3.74335,4.36006403,0.84784689
Position_42,64,836,14190.50781,3.5321,3.897068262,0.959816303
Position_42,69,931,14582.66504,3.933475,4.004764557,0.822438163
Position_42,71,718,13413.10742,3.03355,3.683574677,0.947229551
Position_42,75,251,2671.542236,1.060475,0.733672261,0.961685824
Position_42,81,318,3933.82959,1.34355,1.080327988,0.957831325
Position_42,82,690,11585.2041,2.91525,3.181586742,0.9375
Position_42,85,419,5252.147949,1.770275,1.44237113,0.963218391
Position_42,98,753,12309.66113,3.181425,3.380540609,0.933085502
Position_42,120,496,7515.705078,2.0956,2.064000368,0.946564885
Position_42,127,391,5117,1.651975,1.405256152,0.960687961
Position_42,129,903,15157.56934,3.815175,4.162647247,0.922369765
Position_42,131,736,11383.09473,3.1096,3.12608242,0.946015424
Position_42,134,848,11984.45605,3.5828,3.291231155,0.885177453
Position_42,147,1539,38538.20313,6.502275,10.58355427,0.921005386
Position_42,151,766,14838.82031,3.23635,4.075110912,0.911904762
Position_42,154,939,15350.11816,3.967275,4.215526104,0.843665768
Position_43,25,851,13734.58594,3.595475,3.7718606,0.866598778
Position_43,31,574,8981.014648,2.42515,2.466411114,0.964705882
Position_43,34,834,12630.02051,3.52365,3.468519211,0.880675818
Position_43,35,694,9280.585938,2.93215,2.548680782,0.827175209
Position_43,39,702,9314.664063,2.96595,2.558039665,0.851941748
Position_43,40,722,11111.30469,3.05045,3.051441908,0.612383376
Position_43,43,1120,23697.67969,4.732,6.507975101,0.900321543
Position_43,49,596,10317.0293,2.5181,2.83331418,0.969105691
Position_43,51,724,9825.023438,3.0589,2.698197126,0.923469388
Position_43,53,676,10627.16016,2.8561,2.918483734,0.926027397
Position_43,60,706,10233.66699,2.98285,2.810420752,0.864137087
Position_43,62,627,8011.793457,2.649075,2.200238705,0.822834646
Position_43,66,1226,25922.17188,5.17985,7.118876457,0.778412698
Position_43,83,619,9823.662109,2.615275,2.697823048,0.961180124
Position_43,84,420,5350.376465,1.7745,1.469347119,0.952380952
Position_43,86,698,11710.91992,2.94905,3.216111422,0.969444444
Position_43,87,451,6382.535156,1.905475,1.752803683,0.957537155
Position_43,90,829,12219.76953,3.502525,3.355854273,0.849385246
Position_43,97,517,7916.901367,2.184325,2.174179077,0.960966543
Position_43,100,775,10215.12695,3.274375,2.805329084,0.899071926
Position_43,103,609,10897.26172,2.573025,2.992660522,0.960567823
Position_43,106,747,10134.47168,3.156075,2.783179283,0.823594267
Position_43,118,710,12203.51367,2.99975,3.351389885,0.949197861
Position_43,124,573,9312.998047,2.420925,2.55758214,0.969543147
Position_43,147,955,17200.44922,4.034875,4.723673344,0.874542125
Position_43,157,670,11093.82813,2.83075,3.046642542,0.946327684
Position_43,171,969,16233.93555,4.094025,4.458244324,0.936231884
Position_43,183,878,12405.43457,3.70955,3.40684247,0.8633235
Position_43,200,693,9039.424805,2.927925,2.482451916,0.888461538
Position_43,203,568,8741.271484,2.3998,2.400571585,0.96108291
Position_44,5,760,12688.83691,3.211,3.484671831,0.921212121
Position_44,16,625,10621.66602,2.640625,2.916975021,0.949848024
Position_44,23,946,16360.74902,3.99685,4.493070602,0.867094409
Position_44,29,729,10936.58594,3.080025,3.00345993,0.898890259
Position_44,58,883,15408.34863,3.730675,4.231517792,0.776605101
Position_44,61,548,8634.691406,2.3153,2.371302128,0.963093146
Position_44,65,612,9251.327148,2.5857,2.540645599,0.948837209
Position_44,67,480,7250.101563,2.028,1.991059065,0.963855422
Position_44,68,661,10654.56836,2.792725,2.926010847,0.967789165
Position_44,71,625,9955.620117,2.640625,2.734062195,0.964506173
Position_44,79,849,14257.98047,3.587025,3.915597916,0.905117271
Position_44,85,731,12187.97168,3.088475,3.347121716,0.948119326
Position_44,86,649,10848.53418,2.742025,2.979278564,0.96577381
Position_44,98,603,9403.505859,2.547675,2.582437754,0.958664547
Position_44,101,709,9792.490234,2.995525,2.689262629,0.847072879
Position_44,116,1024,16925.33594,4.3264,4.648120403,0.853333333
Position_44,119,573,9953.568359,2.420925,2.733498573,0.96302521
Position_44,123,787,14084.61426,3.325075,3.867987156,0.960927961
Position_44,128,824,12234.69824,3.4814,3.35995388,0.936363636
Position_44,132,956,15717.125,4.0391,4.316315174,0.826989619
Position_44,133,965,14692.80078,4.077125,4.035010338,0.809563758
Position_44,137,452,6886.298828,1.9097,1.891149759,0.961702128
Position_44,147,453,6896.324219,1.913925,1.893903017,0.951680672
Position_44,148,656,11065.7334,2.7716,3.038927078,0.959064327
Position_44,155,941,15276.19824,3.975725,4.195225716,0.918945313
Position_44,157,417,5994.945801,1.761825,1.646361947,0.963048499
Position_44,180,714,9139.410156,3.01665,2.509910583,0.766917293
Position_44,192,701,11543.63672,2.961725,3.170171261,0.946018893
Position_45,11,680,10624.31445,2.873,2.917702198,0.967283073
Position_45,21,618,10807.08301,2.61105,2.967895031,0.973228346
Position_45,27,508,6378.847656,2.1463,1.751791,0.918625678
Position_45,30,572,9843.348633,2.4167,2.703229666,0.9678511
Position_45,37,867,12604.45313,3.663075,3.461497784,0.899377593
Position_45,41,788,14508.80176,3.3293,3.984479666,0.969249692
Position_45,42,721,10141.14648,3.046225,2.785012245,0.924358974
Position_45,54,719,12034.37793,3.037775,3.304940939,0.949801849
Position_45,56,1119,20864.125,4.727775,5.729810238,0.88458498
Position_45,70,602,10366.47559,2.54345,2.846893311,0.972536349
Position_45,71,722,10065.03711,3.05045,2.764110804,0.924455826
Position_45,72,612,10207.55273,2.5857,2.803249121,0.965299685
Position_45,78,654,8563.601563,2.76315,2.351778984,0.888586957
Position_45,82,790,11784.18262,3.33775,3.236231089,0.869086909
Position_45,84,608,9120.728516,2.5688,2.504780054,0.963549921
Position_45,86,557,7123.422852,2.353325,1.956269979,0.929883139
Position_45,88,419,6210.240234,1.770275,1.705487251,0.961009174
Position_45,106,616,8857.142578,2.6026,2.432392836,0.943338438
Position_45,109,694,11370,2.93215,3.122486115,0.955922865
Position_45,115,1230,26144.68359,5.19675,7.179983616,0.785440613
Position_45,118,609,9334.012695,2.573025,2.5633533,0.95754717
Position_45,120,411,4061.136963,1.736475,1.115289688,0.858037578
Position_45,121,378,4874.353516,1.59705,1.338619351,0.949748744
Position_45,122,663,9870.460938,2.801175,2.71067524,0.91322314
Position_45,123,693,10909.17871,2.927925,2.995933056,0.937753721
Position_45,127,751,13230.90234,3.172975,3.633536577,0.936408978
Position_45,135,719,10214.40918,3.037775,2.805132151,0.91475827
Position_45,145,723,12226.29492,3.054675,3.357646227,0.934108527
Position_45,147,620,10362.29199,2.6195,2.845744371,0.973312402
Position_45,149,674,10420.0791,2.84765,2.861614227,0.965616046
Position_45,152,530,7027.557617,2.23925,1.929942966,0.876033058
Position_45,182,617,10563.20313,2.606825,2.900919676,0.96105919
Position_45,185,836,15313.84766,3.5321,4.205565453,0.937219731
Position_45,193,1345,27232.33203,5.682625,7.47867918,0.860524632
Position_45,202,862,13429.30762,3.64195,3.688023567,0.785779398
Position_45,204,709,9142.602539,2.995525,2.510787249,0.890703518
Position_46,8,619,10015.05859,2.615275,2.750385523,0.956723338
Position_46,20,774,10717.96875,3.27015,2.943422079,0.86
Position_46,25,576,8995.112305,2.4336,2.470282793,0.952066116
Position_46,28,904,14768.04004,3.8194,4.055673122,0.905811623
Position_46,33,467,6283.447266,1.973075,1.72559166,0.951120163
Position_46,37,1025,18296.12109,4.330625,5.024572372,0.867174281
Position_46,44,760,13827.50195,3.211,3.797377586,0.820734341
Position_46,58,748,12470.74707,3.1603,3.424778938,0.92345679
Position_46,78,1033,15030.37305,4.364425,4.127716064,0.750181554
Position_46,87,1030,18020.95313,4.35175,4.949004173,0.925426774
Position_46,90,770,11386.75781,3.25325,3.127088308,0.883027523
Position_46,92,601,8620.297852,2.539225,2.367349148,0.867243867
Position_46,97,513,7789.654297,2.167425,2.139233828,0.955307263
Position_46,100,656,9478.737305,2.7716,2.603098154,0.913649025
Position_46,106,901,13110.48145,3.806725,3.600466013,0.863854267
Position_46,113,555,9011.205078,2.344875,2.47470212,0.96187175
Position_46,118,684,10099.40137,2.8899,2.773548126,0.856070088
Position_46,131,542,7788.697754,2.28995,2.13897109,0.960992908
Position_46,135,882,13788.30664,3.72645,3.786613703,0.913989637
Position_46,137,840,14856.77148,3.549,4.080040932,0.922063666
Position_46,138,676,11039.86914,2.8561,3.031824112,0.953455571
Position_46,140,811,12694.88867,3.426475,3.486333847,0.917420814
Position_46,143,864,11762.73242,3.6504,3.230340242,0.831568816
Position_46,144,830,13001.22852,3.50675,3.570462227,0.829170829
Position_46,152,626,10919.57227,2.64485,2.998787403,0.967542504
Position_46,160,604,10086.3457,2.5519,2.769962549,0.9664
Position_46,183,463,7031.692383,1.956175,1.931078434,0.954639175
Position_46,192,577,9327.12793,2.437825,2.561462402,0.960066556
Position_46,197,735,10673.50195,3.105375,2.931210518,0.883413462
Position_46,203,792,11449.02441,3.3462,3.144188166,0.876106195
Position_46,215,891,14317.38965,3.764475,3.931913137,0.854266539
Position_46,216,707,11461.73633,2.987075,3.147679329,0.946452477
Position_46,220,832,14321.42188,3.5152,3.933020353,0.970828471
Position_46,228,558,8743.446289,2.35755,2.401168823,0.945762712
Position_46,230,718,10036.04102,3.03355,2.756147623,0.768736617
Position_46,232,593,8150.689941,2.505425,2.238383293,0.93977813
Position_46,239,1188,21376.18164,5.0193,5.870433807,0.740648379
Position_46,256,589,9200.603516,2.488525,2.526715755,0.960848287
Position_47,5,443,5896.941406,1.871675,1.61944747,0.938559322
Position_47,25,815,11589.53711,3.443375,3.18277669,0.819095477
Position_47,41,346,4712.100098,1.46185,1.294060469,0.955801105
Position_47,47,426,6120.505859,1.79985,1.680843949,0.963800905
Position_47,50,926,14876.56445,3.91235,4.085476398,0.897286822
Position_47,58,708,12572.15039,2.9913,3.452626705,0.858181818
Position_47,61,673,10165.28418,2.843425,2.791641235,0.914402174
Position_47,73,672,9668.414063,2.8392,2.655188084,0.941176471
Position_47,77,330,4135.868652,1.39425,1.135812879,0.970588235
Position_47,78,440,6469.746094,1.859,1.776754022,0.967032967
Position_47,80,639,8682.560547,2.699775,2.384448051,0.93148688
Position_47,83,349,4718.236816,1.474525,1.29574573,0.956164384
Position_47,90,340,4444.519043,1.4365,1.220576048,0.974212034
Position_47,96,696,9454.25293,2.9406,2.596374273,0.909803922
Position_47,107,518,8181.274414,2.18855,2.246782541,0.970037453
Position_47,122,1068,18864.11523,4.5123,5.180557728,0.927083333
Position_47,131,429,6353.21582,1.812525,1.744751811,0.970588235
Position_47,132,363,4643.770508,1.533675,1.275295496,0.957783641
Position_47,138,532,6553.213867,2.2477,1.799676299,0.895622896
Position_47,139,484,7221.037598,2.0449,1.983077407,0.952755906
Position_47,141,567,8873.466797,2.395575,2.43687582,0.96592845
Position_47,142,598,8587.373047,2.52655,2.358307362,0.932917317
Position_47,152,674,10906.91211,2.84765,2.995310783,0.920765027
Position_47,153,651,9423.794922,2.750475,2.588009596,0.919491525
Position_47,164,554,8182.13916,2.34065,2.247020006,0.914191419
Position_47,186,571,6820.861328,2.412475,1.873178959,0.910685805
Position_47,194,587,9309.746094,2.480075,2.556689024,0.976705491
Position_47,200,832,12205.26855,3.5152,3.351871729,0.819704433
Position_47,229,684,11678.1377,2.8899,3.207108498,0.948682386
Position_47,237,497,8119.12793,2.099825,2.229715586,0.96692607
Position_48,12,770,12337.71289,3.25325,3.38824439,0.900584795
Position_48,22,526,7191.925781,2.22235,1.975082636,0.939285714
Position_48,45,885,18363.6543,3.739125,5.043118477,0.954692557
Position_48,49,772,13170.68652,3.2617,3.616999626,0.956629492
Position_48,57,925,13569.27148,3.908125,3.726461172,0.870998117
Position_48,77,618,9173.091797,2.61105,2.519160271,0.950769231
Position_48,82,506,7665.750488,2.13785,2.105206728,0.944029851
Position_48,84,868,11184.65723,3.6673,3.07158637,0.833013436
Position_48,86,624,9687.532227,2.6364,2.660438538,0.95412844
Position_48,87,598,9072.931641,2.52655,2.491653919,0.927131783
Position_48,96,952,13917.71387,4.0222,3.822152138,0.847729297
Position_48,99,858,16189.7041,3.62505,4.446097374,0.925566343
Position_48,101,857,14273.76953,3.620825,3.919933796,0.905919662
Position_48,110,682,12361.58203,2.88145,3.394799471,0.961918195
Position_48,113,776,12260.94141,3.2786,3.367161036,0.894009217
Position_48,116,840,12623.20801,3.549,3.46664834,0.881427072
Position_48,117,827,16562.37695,3.494075,4.548442841,0.959396752
Position_48,127,775,11118.26758,3.274375,3.053354263,0.879682179
Position_48,145,613,10102.29199,2.589925,2.774341822,0.9578125
Position_48,149,1009,18244.875,4.263025,5.010498524,0.91810737
Position_48,153,713,12797.47363,3.012425,3.514506102,0.949400799
Position_48,154,1383,29725.60742,5.843175,8.163394928,0.601304348
Position_48,158,638,9659.870117,2.69555,2.652841806,0.9286754
Position_48,159,531,8154.757324,2.243475,2.239500284,0.965454545
Position_48,169,837,14419.49609,3.536325,3.959954023,0.948979592
Position_48,174,685,11294.39648,2.894125,3.101723671,0.937072503
Position_48,178,1051,21642.05664,4.440475,5.943449497,0.919510061
Position_48,186,840,12171.09766,3.549,3.342487574,0.769935839
Position_48,187,863,12170.09277,3.646175,3.342211723,0.732597623
Position_48,198,812,11814.71875,3.4307,3.244616985,0.849372385
Position_48,208,1002,19329.76563,4.23345,5.308436871,0.947965941
Position_48,218,829,12962.55762,3.502525,3.559842348,0.922135706
Position_48,223,454,6045.719727,1.91815,1.660305738,0.965957447
Position_48,226,851,12515.28613,3.595475,3.437010288,0.785055351
Position_48,249,677,12388.09082,2.860325,3.402079344,0.924863388
Position_49,9,576,10234.71484,2.4336,2.810708523,0.972972973
Position_49,12,503,8337.209961,2.125175,2.289606333,0.967307692
Position_49,14,603,10491.85059,2.547675,2.88132453,0.974151858
Position_49,15,646,11806.83789,2.72935,3.24245286,0.97730711
Position_49,18,848,16966.87109,3.5828,4.659526825,0.964732651
Position_49,23,588,10464.33496,2.4843,2.873767853,0.973509934
Position_49,33,668,11883.66992,2.8223,3.263552904,0.972343523
Position_49,37,745,14361.48926,3.147625,3.944023848,0.97513089
Position_49,39,762,14209.14648,3.21945,3.902186871,0.97817715
Position_49,42,671,11774.60938,2.834975,3.233602047,0.965467626
Position_49,43,716,14166.33105,3.0251,3.890428543,0.972826087
Position_49,45,558,9130.226563,2.35755,2.507388353,0.96875
Position_49,52,701,13565.93164,2.961725,3.725543976,0.968232044
Position_49,57,857,17170.95117,3.620825,4.715572357,0.978310502
Position_49,59,635,11234.58398,2.682875,3.085297585,0.97392638
Position_49,60,522,8164.487305,2.20545,2.242172241,0.954296161
Position_49,63,663,12175.20801,2.801175,3.343616486,0.966472303
Position_49,66,632,11063.01367,2.6702,3.038180113,0.970814132
Position_49,75,506,7984.238281,2.13785,2.192671299,0.969348659
Position_49,76,541,9011.791992,2.285725,2.474863291,0.976534296
Position_49,78,367,5117.402344,1.550575,1.40536654,0.968337731
Position_49,79,691,13513.79199,2.919475,3.711225033,0.967787115
Position_49,80,483,7771.837402,2.040675,2.134340763,0.975757576
Position_49,82,591,10608.43066,2.496975,2.91334033,0.972039474
Position_49,83,806,15833.21484,3.40535,4.348196507,0.975786925
Position_49,87,742,14908.67383,3.13495,4.094294548,0.975032852
Position_49,88,471,7257.700195,1.989975,1.993145943,0.971134021
Position_49,89,526,8417.904297,2.22235,2.311766863,0.972273567
Position_49,94,746,14825.87305,3.15185,4.071555138,0.973890339
Position_49,99,627,11089.42676,2.649075,3.04543376,0.970588235
Position_49,103,763,15056.59375,3.223675,4.134916782,0.970737913
Position_49,117,860,16899.81641,3.6335,4.641111851,0.977272727
Position_49,122,269,2968.429199,1.136525,0.815204859,0.947183099
Position_49,123,767,15605.10645,3.240575,4.285552502,0.975826972
Position_49,124,654,12148.00391,2.76315,3.336145401,0.971768202
Position_49,129,723,14214.74902,3.054675,3.903725386,0.957615894
Position_49,149,589,9541.358398,2.488525,2.620295525,0.973553719
Position_49,150,577,10167.125,2.437825,2.792146683,0.971380471
Position_49,156,568,9275.549805,2.3998,2.547297716,0.967632027
Position_49,159,946,20678.40625,3.99685,5.678807259,0.971252567
Position_49,160,434,6608.039063,1.83365,1.814732671,0.958057395
Position_49,164,837,17671.8125,3.536325,4.853121281,0.966512702
Position_49,165,542,8777.762695,2.28995,2.410593033,0.973070018
Position_49,167,556,8663.516602,2.3491,2.379218102,0.973730298
Position_49,170,636,10677.14063,2.6871,2.93220973,0.975460123
Position_49,172,486,7940.106445,2.05335,2.180551767,0.956692913
Position_49,176,791,15581.23438,3.341975,4.278996468,0.97654321
Position_49,181,695,13595.47559,2.936375,3.73365736,0.977496484
Position_49,182,739,12883.82031,3.122275,3.538219213,0.964751958
Position_49,188,623,10637.24609,2.632175,2.921253681,0.968895801
Position_49,194,694,13331.27246,2.93215,3.661100626,0.967921897
Position_49,202,845,17064.0293,3.570125,4.686209202,0.972382048
Position_49,207,842,16937.4043,3.55745,4.651434422,0.973410405
Position_49,208,679,12896.80664,2.868775,3.541785479,0.981213873
Position_49,218,682,12869.48242,2.88145,3.534281492,0.974285714
Position_49,225,507,7884.589844,2.142075,2.165305376,0.960227273
Position_49,226,545,8998.748047,2.302625,2.471281052,0.96460177
Position_49,228,645,11059.3457,2.725125,3.037172794,0.971385542
Position_49,230,710,11603.30273,2.99975,3.186557055,0.949197861
Position_49,234,730,14073.25977,3.08425,3.864868879,0.978552279
Position_49,238,746,14967.94238,3.15185,4.110570908,0.967574578
Position_49,241,527,8412.131836,2.226575,2.310181618,0.966972477
Position_49,263,694,12779.75098,2.93215,3.509639025,0.974719101
Position_49,284,675,12374.74219,2.851875,3.39841342,0.975433526
Position_49,285,686,12905.23242,2.89835,3.544099331,0.968926554
Position_49,291,593,9531.293945,2.505425,2.617531538,0.965798046
Position_49,292,524,8888.143555,2.2139,2.440906286,0.97761194
Position_49,300,623,11344.99414,2.632175,3.115618944,0.964396285
Position_49,301,570,9527.332031,2.40825,2.616443634,0.974358974
Position_49,304,602,10281.02539,2.54345,2.823426485,0.967845659
Position_49,305,854,15472.83789,3.60815,4.249228001,0.976
Position_49,310,511,8312.924805,2.158975,2.28293705,0.978927203
Position_49,312,651,12000.48828,2.750475,3.295634031,0.971641791
Position_49,320,500,7613.458496,2.1125,2.090846062,0.974658869
Position_49,329,591,10319.13184,2.496975,2.83389163,0.972039474
Position_49,330,662,12344.95313,2.79695,3.390232801,0.969253294
Position_49,333,620,11458.38184,2.6195,3.14675808,0.970266041
Position_49,334,503,8108.608398,2.125175,2.226826429,0.961759082
Position_49,337,639,11999.52539,2.699775,3.295369625,0.97112462
Position_49,338,639,11736.53027,2.699775,3.223144531,0.97706422
Position_49,343,471,7441.364746,1.989975,2.043584824,0.973140496
Position_49,345,678,12675.61523,2.86455,3.481040716,0.974137931
Position_49,350,625,11437.66016,2.640625,3.141067266,0.972006221
Position_49,351,461,6695.477539,1.947725,1.838745475,0.960416667
Position_49,356,465,7164.84082,1.964625,1.967644334,0.966735967
Position_49,357,774,14888.37891,3.27015,4.088720798,0.974811083
Position_49,359,413,5968.539551,1.744925,1.639110208,0.953810624
Position_49,363,572,10005.69922,2.4167,2.747815132,0.962962963
Position_49,365,988,22704.39453,4.1743,6.235194206,0.967678746
Position_49,366,726,12393.18848,3.06735,3.403479338,0.964143426
Position_49,368,622,10943.57617,2.62795,3.005379677,0.967340591
Position_49,371,597,10248.60449,2.522325,2.814522982,0.962903226
Position_49,375,586,10017.68555,2.47585,2.751106739,0.968595041
Position_49,389,727,13980.89453,3.071575,3.83950305,0.975838926
Position_49,393,585,10080.90234,2.471625,2.768467665,0.975
Position_49,402,753,14784.08008,3.181425,4.060078144,0.970360825
Position_50,1,579,9731.796875,2.446275,2.672594786,0.966611018
Position_50,6,664,12095.35156,2.8054,3.321685791,0.965116279
Position_50,15,421,6224.192383,1.778725,1.709318757,0.974537037
Position_50,16,715,13523.80176,3.020875,3.713973999,0.96361186
Position_50,22,809,16012.37109,3.418025,4.397397518,0.967703349
Position_50,24,735,13625.01563,3.105375,3.741769791,0.978695073
Position_50,27,764,15694.06152,3.2279,4.309981346,0.976982097
Position_50,34,565,9893.076172,2.387125,2.716886044,0.967465753
Position_50,51,641,11571.48633,2.708225,3.17781949,0.972685888
Position_50,53,682,12154.05762,2.88145,3.337808132,0.972895863
Position_50,58,645,11537.99414,2.725125,3.16862154,0.969924812
Position_50,64,568,9950.242188,2.3998,2.732585192,0.969283276
Position_50,68,820,16969.69531,3.4645,4.660302639,0.970414201
Position_50,78,520,8609.953125,2.197,2.36450839,0.966542751
Position_50,79,773,15601.11816,3.265925,4.284457207,0.969887077
Position_50,87,602,10683.85254,2.54345,2.934052944,0.975688817
Position_50,88,456,6885.486816,1.9266,1.890926838,0.974358974
Position_50,89,611,10406.58398,2.581475,2.85790801,0.972929936
Position_50,104,547,9223.314453,2.311075,2.532952785,0.973309609
Position_50,109,744,14621.43555,3.1434,4.015411854,0.97382199
Position_50,110,554,9255.806641,2.34065,2.541875839,0.971929825
Position_50,122,647,11922.89453,2.733575,3.274324894,0.971471471
Position_50,126,670,12310.38574,2.83075,3.380739689,0.964028777
Position_50,129,762,13838.52148,3.21945,3.800403833,0.975672215
Position_50,132,717,12369.54297,3.029325,3.396985769,0.974184783
Position_50,135,766,15651.97949,3.23635,4.298424721,0.977040816
Position_50,142,736,12966.62695,3.1096,3.560959816,0.964613368
Position_50,145,863,17265.90625,3.646175,4.741649628,0.975141243
Position_50,146,637,10830.62695,2.691325,2.974360943,0.971036585
Position_50,148,605,10557.21094,2.556125,2.899274111,0.968
Position_50,155,654,11366.37598,2.76315,3.121490955,0.963181149
Position_50,156,593,10322.09961,2.505425,2.834706545,0.967373573
Position_50,157,582,9289.166992,2.45895,2.55103755,0.968386023
Position_50,162,738,13796.6875,3.11805,3.788915157,0.971052632
Position_50,167,627,10553.73047,2.649075,2.898318291,0.970588235
Position_50,174,749,13196.41699,3.164525,3.624065876,0.970207254
Position_50,180,794,15871.55664,3.35465,4.358726025,0.971848225
Position_50,182,567,9758.975586,2.395575,2.680058718,0.962648557
Position_50,188,691,11797.36719,2.919475,3.239851952,0.980141844
Position_50,189,614,10849.28906,2.59415,2.979485989,0.966929134
Position_50,197,735,14116.68945,3.105375,3.876795769,0.968379447
Position_50,199,786,14695.10449,3.32085,4.035643101,0.97037037
Position_50,201,513,8520.623047,2.167425,2.339976072,0.960674157
Position_50,203,662,11885.37305,2.79695,3.264020443,0.972099853
Position_50,213,726,13662.64746,3.06735,3.752104521,0.97188755
Position_50,215,785,15079.93359,3.316625,4.141326904,0.969135802
Position_50,216,638,10523.07617,2.69555,2.889899731,0.97108067
Position_50,231,682,11513.03418,2.88145,3.161767006,0.967375887
Position_50,232,602,10134.69434,2.54345,2.783240318,0.967845659
Position_50,236,614,11336.50586,2.59415,3.113287926,0.968454259
Position_50,240,437,6604.111328,1.846325,1.813654065,0.958333333
Position_50,258,774,14940.1875,3.27015,4.102949142,0.971141782
Position_50,261,560,9469.398438,2.366,2.600533485,0.972222222
Position_50,268,501,7623.833984,2.116725,2.093695402,0.972815534
Position_50,271,624,10913.1416,2.6364,2.997021437,0.978056426
Position_50,273,464,7239.090332,1.9604,1.988035202,0.964656965
Position_50,275,740,13273.0918,3.1265,3.645122766,0.972404731
Position_50,279,721,13886.7168,3.046225,3.813639641,0.967785235
Position_50,283,662,12440.5459,2.79695,3.416484833,0.972099853
Position_50,297,681,12494.97461,2.877225,3.431432247,0.975644699
Position_50,298,834,15449.70605,3.52365,4.242875576,0.969767442
Position_50,301,732,13870.27051,3.0927,3.809123039,0.978609626
Position_50,309,1032,22088.30469,4.3602,6.066000462,0.970837253
Position_50,314,621,11022.13965,2.623725,3.026955128,0.971830986
Position_50,315,641,11963.37793,2.708225,3.285442591,0.974164134
Position_50,316,750,14962.47852,3.16875,4.109070778,0.971502591
Position_50,322,567,9558.549805,2.395575,2.625016689,0.977586207
Position_50,324,892,18999.46094,3.7687,5.217726707,0.973799127
Position_50,325,633,10926.27832,2.674425,3.000629187,0.966412214
Position_50,326,475,7416.862305,2.006875,2.036855698,0.977366255
Position_50,330,823,17050.07422,3.477175,4.682376385,0.971664699
Position_50,337,573,9547.423828,2.420925,2.621961117,0.971186441
Position_50,339,727,12718.71094,3.071575,3.492876053,0.981106613
Position_51,15,584,10046.81641,2.4674,2.759106874,0.973333333
Position_51,16,717,11931.97656,3.029325,3.276818991,0.95855615
Position_51,18,454,6345.976563,1.91815,1.742763758,0.959830867
Position_51,21,1070,24940.73047,4.52075,6.849348068,0.972727273
Position_51,26,562,8916.291016,2.37445,2.448636293,0.970639033
Position_51,31,690,12847.87207,2.91525,3.528346777,0.969101124
Position_51,32,663,11308.32422,2.801175,3.105548382,0.967883212
Position_51,34,751,14954.12988,3.172975,4.106777668,0.971539457
Position_51,36,627,11397.60645,2.649075,3.130067587,0.973602484
Position_51,37,497,7588.205078,2.099825,2.083910704,0.968810916
Position_51,41,812,14718.35938,3.4307,4.042029381,0.965517241
Position_51,43,719,12039.79688,3.037775,3.306429148,0.970310391
Position_51,44,645,11836.14063,2.725125,3.250499964,0.967016492
Position_51,46,721,13411.33887,3.046225,3.683088779,0.96519411
Position_51,49,722,12806.96582,3.05045,3.51711297,0.971736205
Position_51,50,708,13062.00977,2.9913,3.587154388,0.972527473
Position_51,51,653,12264.7832,2.758925,3.368216038,0.974626866
Position_51,55,352,4503.334473,1.4872,1.236728191,0.959128065
Position_51,58,842,17252.83008,3.55745,4.738058567,0.961187215
Position_51,63,625,9722.507813,2.640625,2.670043707,0.965996909
Position_51,84,698,12712.5127,2.94905,3.491173744,0.970792768
Position_51,86,542,8322.720703,2.28995,2.285627127,0.97833935
Position_51,94,521,8721.439453,2.201225,2.395125389,0.970204842
Position_51,104,630,11203.0498,2.66175,3.076637506,0.973724884
Position_51,105,546,8958.095703,2.30685,2.460117102,0.969804618
Position_51,106,612,9327.517578,2.5857,2.561569452,0.971428571
Position_51,107,539,9281.376953,2.277275,2.54889822,0.971171171
Position_51,112,529,8348.710938,2.235025,2.292764664,0.965328467
Position_51,115,653,12304.0293,2.758925,3.378993988,0.976083707
Position_51,116,562,8278.010742,2.37445,2.27334857,0.962328767
Position_51,118,311,4012.55542,1.313975,1.101948023,0.956923077
Position_51,119,680,11564.45313,2.873,3.175887823,0.964539007
Position_51,123,729,14326.25977,3.080025,3.93434906,0.966843501
Position_51,124,682,11803.77734,2.88145,3.241612196,0.974285714
Position_51,131,731,13491.07715,3.088475,3.704987049,0.972074468
Position_51,135,573,9382.763672,2.420925,2.576741457,0.971186441
Position_51,136,546,9237.65332,2.30685,2.536890507,0.969804618
Position_51,139,496,7712.891602,2.0956,2.118152857,0.96875
Position_51,140,600,9829.25,2.535,2.699357748,0.967741935
Position_51,143,811,16461.04688,3.426475,4.520615101,0.968936679
Position_51,144,424,6260.748535,1.7914,1.719358087,0.974712644
Position_51,147,600,10419.46777,2.535,2.861446381,0.967741935
Position_51,148,499,8077.641602,2.108275,2.218322277,0.976516634
Position_51,154,491,7587.361328,2.074475,2.083678961,0.968441815
Position_51,155,599,10165.69434,2.530775,2.791753769,0.967689822
Position_51,157,502,8038.314941,2.12095,2.207522154,0.967244701
Position_51,159,588,9287.052734,2.4843,2.550456762,0.952998379
Position_51,160,146,1279.427002,0.61685,0.351362646,0.941935484
Position_51,162,718,11442.20605,3.03355,3.142315865,0.968960864
Position_51,163,610,10963.82715,2.57725,3.010941029,0.972886762
Position_51,164,658,11156.23828,2.78005,3.063781977,0.959183673
Position_51,167,536,8517.65918,2.2646,2.339162111,0.97277677
Position_51,168,653,12188.22852,2.758925,3.347192287,0.970282318
Position_51,169,599,8601.864258,2.530775,2.362287045,0.950793651
Position_51,175,630,10641.12598,2.66175,2.922319174,0.972222222
Position_51,176,722,13483.08594,3.05045,3.702792406,0.970430108
Position_52,17,478,7538.886719,2.01955,2.070366621,0.965656566
Position_52,27,773,15034.55469,3.265925,4.128864288,0.973551637
Position_52,28,530,8419.009766,2.23925,2.312070608,0.972477064
Position_52,29,569,9759.05957,2.404025,2.680081606,0.972649573
Position_52,33,496,7570.870605,2.0956,2.0791502,0.966861598
Position_52,36,656,10847.11035,2.7716,2.978887558,0.967551622
Position_52,38,554,9087.553711,2.34065,2.495669365,0.973637961
Position_52,40,780,13574.1875,3.2955,3.727811098,0.970149254
Position_52,41,841,17804.5,3.553225,4.889560699,0.97337963
Position_52,43,768,14857.92578,3.2448,4.080358028,0.966037736
Position_52,45,721,14007.69727,3.046225,3.846863747,0.97696477
Position_52,47,763,14604.99121,3.223675,4.010895729,0.969504447
Position_52,58,918,17950.63477,3.87855,4.929693222,0.96937698
Position_52,61,639,10863.05078,2.699775,2.983265162,0.97260274
Position_52,63,732,14527.98242,3.0927,3.989747047,0.978609626
Position_52,68,660,11807.86133,2.7885,3.242733955,0.977777778
Position_52,73,627,11060.89648,2.649075,3.03759861,0.967592593
Position_52,80,418,6078.918457,1.76605,1.669422984,0.974358974
Position_52,85,662,12260.53223,2.79695,3.367048502,0.966423358
Position_52,89,706,11560.04688,2.98285,3.174677849,0.963165075
Position_52,90,644,11220.1416,2.7209,3.081331253,0.972809668
Position_52,91,612,10795.11426,2.5857,2.964608192,0.971428571
Position_52,92,534,8711.013672,2.25615,2.392261982,0.965641953
Position_52,93,473,6861.033691,1.998425,1.884211302,0.969262295
Position_52,94,629,10870.12793,2.657525,2.98520875,0.975193798
Position_52,98,671,12586.22461,2.834975,3.456491947,0.972463768
Position_52,102,604,10008.39355,2.5519,2.748554945,0.96485623
Position_52,104,983,20970.1875,4.153175,5.758937836,0.971343874
Position_52,109,667,12670.30859,2.818075,3.479583502,0.963872832
Position_52,118,532,8991.158203,2.2477,2.469196796,0.95
Position_52,120,599,10298.11133,2.530775,2.828118801,0.959935897
Position_52,123,771,13733.00586,3.257475,3.771426678,0.969811321
Position_52,127,728,14076.21289,3.0758,3.865679979,0.973262032
Position_52,130,714,13851.50098,3.01665,3.80396843,0.978082192
Position_52,131,466,7139.155273,1.96885,1.960590482,0.972860125
Position_52,137,536,9042.785156,2.2646,2.483374834,0.976320583
Position_52,139,598,8646.439453,2.52655,2.374528408,0.970779221
Position_52,141,725,13295.80371,3.063125,3.651360035,0.964095745
Position_52,142,577,9620.193359,2.437825,2.641945601,0.971380471
Position_52,148,710,13719.68555,2.99975,3.767768621,0.97127223
Position_52,151,905,19183.68555,3.823625,5.268319607,0.969989282
Position_52,153,718,13516.2002,3.03355,3.711886406,0.968960864
Position_52,162,548,9393.404297,2.3153,2.579663515,0.969911504
Position_52,166,641,11794.83008,2.708225,3.239155054,0.972685888
Position_52,171,857,17226.26758,3.620825,4.730763435,0.973863636
Position_52,174,675,11382.50293,2.851875,3.125919819,0.964285714
Position_52,179,764,14525.9668,3.2279,3.989193678,0.970775095
Position_52,187,559,9567.671875,2.361775,2.627521753,0.962134251
Position_52,194,592,9642.951172,2.5012,2.648195505,0.959481361
Position_52,196,685,12628.10254,2.894125,3.467992544,0.970254958
Position_52,198,769,14493.75586,3.249025,3.980347633,0.977128335
Position_52,200,492,7786.02832,2.0787,2.138237953,0.962818004
Position_52,201,791,15252.76465,3.341975,4.188790321,0.970552147
Position_52,206,595,10774.14844,2.513875,2.958850384,0.972222222
Position_52,207,660,12296.78125,2.7885,3.377003431,0.977777778
Position_52,208,676,12097.64648,2.8561,3.32231617,0.971264368
Position_52,212,555,8539.510742,2.344875,2.345163107,0.96187175
Position_52,220,637,10899.13184,2.691325,2.993174076,0.971036585
Position_52,221,499,7197.373047,2.108275,1.976578593,0.967054264
Position_52,227,776,14665.38281,3.2786,4.027480602,0.972431078
Position_52,230,701,12532.07129,2.961725,3.441620111,0.966896552
Position_52,232,846,18108.37695,3.57435,4.973012924,0.980301275
Position_52,233,694,12971.70508,2.93215,3.562354565,0.973352034
Position_52,243,675,12318.51074,2.851875,3.382971048,0.971223022
Position_52,254,520,8453.115234,2.197,2.321436644,0.966542751
Position_52,257,532,9011.592773,2.2477,2.474808693,0.965517241
Position_52,265,591,9522.419922,2.496975,2.615094423,0.972039474
Position_52,266,581,9264.141602,2.454725,2.544164896,0.974832215
Position_52,271,509,8113.918945,2.150525,2.228285074,0.973231358
Position_52,273,833,17596.54883,3.519425,4.832452297,0.969732247
Position_53,21,754,14406.55176,3.18565,3.956399202,0.979220779
Position_53,29,524,8270.147461,2.2139,2.271189213,0.975791434
Position_53,46,526,8488.243164,2.22235,2.331083775,0.968692449
Position_53,52,662,12503.04004,2.79695,3.433647394,0.980740741
Position_53,54,756,12618.80762,3.1941,3.465440035,0.964285714
Position_53,63,619,10764.86621,2.615275,2.956301451,0.977883096
Position_53,65,721,14231.10449,3.046225,3.908216953,0.971698113
Position_53,67,864,16357.50098,3.6504,4.49217844,0.968609865
Position_53,69,527,8110.399902,2.226575,2.227318525,0.974121996
Position_53,70,723,13440.75,3.054675,3.691165924,0.974393531
Position_53,74,423,6185.036621,1.787175,1.698565602,0.972413793
Position_53,79,595,10789.62012,2.513875,2.96309948,0.977011494
Position_53,80,675,12623.49219,2.851875,3.466726542,0.968436155
Position_53,83,762,12672.91797,3.21945,3.48029995,0.970700637
Position_53,90,453,6917.9375,1.913925,1.899838567,0.970021413
Position_53,93,656,11348.1377,2.7716,3.116482258,0.971851852
Position_53,96,592,10017.5625,2.5012,2.751073122,0.967320261
Position_53,97,797,14576.11328,3.367325,4.002964973,0.97195122
Position_53,98,659,11088.9375,2.784275,3.04529953,0.967694567
Position_53,99,571,9807.488281,2.412475,2.69338131,0.964527027
Position_53,103,1202,25242.86914,5.07845,6.932322979,0.959297686
Position_53,110,640,11359.32129,2.704,3.119553566,0.965309201
Position_53,111,550,9221.545898,2.32375,2.532466888,0.968309859
Position_53,113,838,16524.72656,3.54055,4.538103104,0.971031286
Position_53,119,687,12968.11914,2.902575,3.561369658,0.975852273
Position_53,122,792,14273.6748,3.3462,3.919907808,0.975369458
Position_53,128,644,11250.81445,2.7209,3.08975482,0.964071856
Position_53,129,594,10368.25977,2.50965,2.847383261,0.976973684
Position_53,130,816,16165.17871,3.4476,4.439362049,0.976076555
Position_53,131,1060,24109.3418,4.4785,6.621027946,0.971585701
Position_53,132,711,13042.51367,3.003975,3.581800222,0.977991747
Position_53,138,1277,31713.47461,5.395325,8.709312439,0.967424242
Position_53,142,580,10113.69141,2.4505,2.777472496,0.966666667
Position_53,151,615,10301.54688,2.598375,2.829062223,0.965463108
Position_53,155,958,19368.63281,4.04755,5.31911087,0.952286282
Position_53,161,659,11221.46777,2.784275,3.081695557,0.967694567
Position_53,162,575,9706.355469,2.429375,2.665607929,0.958333333
Position_53,165,756,12657.79395,3.1941,3.476146698,0.972972973
Position_53,167,548,9378.154297,2.3153,2.575475693,0.96819788
Position_53,169,633,10954.02832,2.674425,3.008249998,0.973846154
Position_53,171,378,5325.151367,1.59705,1.462419629,0.964285714
Position_53,174,661,12015.59277,2.792725,3.299782038,0.973490427
Position_53,176,763,14374.92773,3.223675,3.947714567,0.96460177
Position_53,178,715,12311.35742,3.020875,3.381006479,0.96361186
Position_53,186,738,13099.0625,3.11805,3.597330093,0.964705882
Position_53,187,580,9181.063477,2.4505,2.52134943,0.969899666
Position_53,197,615,10521.43555,2.598375,2.88944912,0.973101266
Position_53,202,504,7884.291504,2.1294,2.165223598,0.971098266
Position_53,203,706,13251.17285,2.98285,3.639103174,0.963165075
Position_53,205,274,3100.807861,1.15765,0.851559341,0.951388889
Position_53,211,489,7525.595703,2.066025,2.066716671,0.968316832
Position_53,231,875,17274.33594,3.696875,4.743964195,0.971143174
Position_53,232,708,13633.83398,2.9913,3.744191647,0.973865199
Position_53,239,532,8931.15332,2.2477,2.452718019,0.974358974
Position_53,241,645,10972.93457,2.725125,3.013442039,0.964125561
Position_53,255,564,9677.899414,2.3829,2.657793045,0.964102564
Position_53,264,667,10839.01953,2.818075,2.976665735,0.963872832
Position_53,273,599,10594.26074,2.530775,2.909448862,0.964573269
Position_53,275,693,12980.77539,2.927925,3.564845324,0.955862069
Position_53,278,724,13224.35547,3.0589,3.631738663,0.97311828
Position_53,280,716,13071.76563,3.0251,3.589833498,0.964959569
Position_53,281,530,8028.677734,2.23925,2.204875469,0.948121646
Position_53,283,454,6766.521973,1.91815,1.858256102,0.972162741
Position_53,293,573,8092.759766,2.420925,2.222474098,0.948675497
Position_53,297,605,9873.959961,2.556125,2.711636305,0.966453674
Position_53,300,784,14212.62012,3.3124,3.903140783,0.967901235
Position_53,303,779,16061.25781,3.291275,4.410822868,0.974968711
Position_53,304,723,13867.39063,3.054675,3.808332205,0.9730821
Position_53,306,692,13530.90234,2.9237,3.715924025,0.97740113
Position_53,309,619,10138.71875,2.615275,2.784345627,0.976340694
Position_53,323,794,16104.11328,3.35465,4.422592163,0.968292683
Position_53,333,635,11116.8916,2.682875,3.05297637,0.972434916
Position_53,334,648,10895.29492,2.7378,2.992120266,0.967164179
Position_53,335,647,10954.01563,2.733575,3.008246422,0.97439759
Position_53,339,520,8762.948242,2.197,2.406524658,0.966542751
Position_53,347,676,12154.2832,2.8561,3.337869883,0.969870875
Position_53,359,614,10929.54297,2.59415,3.00152564,0.974603175
Position_54,29,762,14251.54297,3.21945,3.913830042,0.964556962
Position_54,31,741,13797.23242,3.130725,3.789064884,0.976284585
Position_54,35,431,5930.952637,1.820975,1.628787875,0.962053571
Position_54,43,712,13136.08398,3.0082,3.607496977,0.972677596
Position_54,48,688,13259.41895,2.9068,3.641367912,0.971751412
Position_54,51,741,14693.06055,3.130725,4.035081863,0.969895288
Position_54,59,468,7070.734375,1.9773,1.941800356,0.981132075
Position_54,70,525,8070.370605,2.218125,2.216325521,0.956284153
Position_54,87,896,18730.62891,3.7856,5.143898964,0.973913043
Position_54,92,706,13558.27637,2.98285,3.723441601,0.967123288
Position_54,99,581,9558.057617,2.454725,2.624881506,0.974832215
Position_54,107,727,12508.28711,3.071575,3.435088396,0.96804261
Position_54,123,507,7664.337402,2.142075,2.104818583,0.967557252
Position_54,125,717,13579.05859,3.029325,3.729148865,0.970230041
Position_54,127,653,10741.82813,2.758925,2.949974537,0.965976331
Position_54,130,666,11073.58301,2.81385,3.041082621,0.966618287
Position_54,131,561,9275.076172,2.370225,2.547167778,0.975652174
Position_54,140,537,8969.09082,2.268825,2.463136435,0.971066908
Position_54,145,627,10803.26074,2.649075,2.966845512,0.973602484
Position_54,155,843,17415.57813,3.561675,4.782752991,0.967853042
Position_54,161,698,11723.47754,2.94905,3.219559908,0.966759003
Position_54,173,738,14018.07324,3.11805,3.849713326,0.954721863
Position_54,180,913,18704.58984,3.857425,5.136747837,0.970244421
Position_54,181,719,11904.4082,3.037775,3.269248009,0.971621622
Position_54,183,503,8216.191406,2.125175,2.256371498,0.972920696
Position_54,184,854,18096.79297,3.60815,4.969831467,0.968253968
Position_54,185,553,9219.415039,2.336425,2.531881809,0.973591549
Position_54,187,504,7855.356445,2.1294,2.157277346,0.974854932
Position_54,190,824,14732.27344,3.4814,4.045850754,0.969411765
Position_54,192,465,6731.944336,1.964625,1.848760128,0.96473029
Position_54,194,659,11588.74316,2.784275,3.182558537,0.980654762
Position_54,199,816,15642.17676,3.4476,4.295732498,0.96912114
Position_54,202,754,14323.72852,3.18565,3.933653831,0.979220779
Position_54,204,617,9776.009766,2.606825,2.684736729,0.968602826
Position_54,207,1090,24253.18359,4.60525,6.660530567,0.967169476
Position_54,209,917,17924.40234,3.874325,4.922488689,0.97242842
Position_54,213,694,13248.77637,2.93215,3.638445139,0.970629371
Position_54,222,639,11808.16113,2.699775,3.24281621,0.969650986
Position_54,227,506,7795.198242,2.13785,2.140756369,0.96749522
Position_54,233,708,13403.49902,2.9913,3.68093586,0.975206612
Position_54,234,505,8236.458984,2.133625,2.261937618,0.971153846
Position_54,235,735,13431.14746,3.105375,3.688528776,0.973509934
Position_54,240,560,9443.443359,2.366,2.593405485,0.970537262
Position_54,247,573,8984.561523,2.420925,2.467385054,0.969543147
Position_54,250,581,10038.62988,2.454725,2.756858587,0.971571906
Position_54,254,678,12410.32324,2.86455,3.408185005,0.963068182
Position_54,258,434,6035.407227,1.83365,1.657473683,0.962305987
Position_54,259,686,11595.71094,2.89835,3.184472084,0.974431818
Position_54,264,537,8847.607422,2.268825,2.429774046,0.976363636
Position_54,275,510,8323.639648,2.15475,2.285879612,0.965909091
Position_54,276,840,15826.54395,3.549,4.346364498,0.91503268
Position_54,278,686,11852.70703,2.89835,3.255049706,0.964838256
Position_54,284,553,9313.382813,2.336425,2.557687759,0.966783217
Position_54,285,742,14522.80469,3.13495,3.988325119,0.971204188
Position_54,294,657,12147.97852,2.775825,3.336138487,0.971893491
Position_54,296,658,10740.93555,2.78005,2.949729443,0.974814815
Position_54,304,635,10814.37598,2.682875,2.969897985,0.972434916
Position_54,307,730,13087.37305,3.08425,3.594119787,0.965608466
Position_54,308,753,14021.05762,3.181425,3.85053277,0.966623877
Position_54,318,744,13256.17285,3.1434,3.640476465,0.957528958
Position_54,324,605,10255.6875,2.556125,2.816468239,0.974235105
Position_54,335,766,14315.88477,3.23635,3.93149972,0.973316391
Position_54,338,533,8953.614258,2.251925,2.458886385,0.97440585
Position_54,347,686,12320.64258,2.89835,3.383556366,0.971671388
Position_54,349,631,11632.0332,2.665975,3.194447041,0.975270479
Position_54,350,714,13585.5957,3.01665,3.730944157,0.964864865
Position_54,351,724,12888.25195,3.0589,3.539436102,0.965333333
Position_54,352,1032,21658.85547,4.3602,5.948062897,0.970837253
Position_54,358,965,18574.8418,4.077125,5.101115704,0.962113659
Position_54,360,847,17155.92969,3.578575,4.711447239,0.971330275
Position_54,363,793,15961.84766,3.350425,4.383522511,0.961212121
Position_54,368,937,19815.62305,3.958825,5.441865444,0.967975207
Position_54,372,772,13414.2959,3.2617,3.683901072,0.975979772
Position_54,379,940,19446.52734,3.9715,5.340502262,0.973084886
Position_54,381,631,10547.30078,2.665975,2.896552324,0.964831804
Position_54,384,792,14684.2959,3.3462,4.032674789,0.967032967
Position_54,394,639,11582.67871,2.699775,3.180893183,0.966717095
Position_55,4,465,7061.251953,1.964625,1.939196229,0.976890756
Position_55,12,735,14862.01367,3.105375,4.081480503,0.977393617
Position_55,24,786,16036.18262,3.32085,4.403936386,0.973977695
Position_55,42,700,12575.34473,2.9575,3.453504086,0.957592339
Position_55,45,766,14117.46875,3.23635,3.877009869,0.973316391
Position_55,51,669,12734.84277,2.826525,3.497306108,0.969565217
Position_55,54,521,8616.448242,2.201225,2.366292,0.979323308
Position_55,55,714,12891.45215,3.01665,3.540314913,0.971428571
Position_55,61,617,10157.74219,2.606825,2.789569855,0.974723539
Position_55,69,641,11376.60547,2.708225,3.124300241,0.971212121
Position_55,84,535,8222.571289,2.260375,2.258123636,0.960502693
Position_55,86,455,7006.76709,1.922375,1.924233437,0.972222222
Position_55,93,456,6830.008789,1.9266,1.875691175,0.968152866
Position_55,99,565,8158.685059,2.387125,2.24057889,0.964163823
Position_55,102,516,8271.606445,2.1801,2.271589994,0.969924812
Position_55,103,564,9398.067383,2.3829,2.5809443,0.965753425
Position_55,106,759,14428.39258,3.206775,3.962397337,0.974326059
Position_55,134,747,13337.41797,3.156075,3.662788391,0.961389961
Position_55,138,687,12211.10449,2.902575,3.353474617,0.970338983
Position_55,151,729,12928.26953,3.080025,3.550426006,0.966843501
Position_55,152,650,11195.89258,2.74625,3.074671984,0.971599402
Position_55,153,634,11049.07422,2.67865,3.034352064,0.96941896
Position_55,158,624,9866.682617,2.6364,2.709637642,0.971962617
Position_55,159,960,20090.62305,4.056,5.51738739,0.96969697
Position_55,160,764,14393.02344,3.2279,3.952683926,0.978233035
Position_55,161,706,13610.94434,2.98285,3.737905502,0.972451791
Position_55,167,706,11649.0791,2.98285,3.199128389,0.961852861
Position_55,176,478,7377.401855,2.01955,2.026018858,0.973523422
Position_55,183,587,9897.192383,2.480075,2.718016386,0.976705491
Position_55,184,789,15830.48438,3.333525,4.347446918,0.972872996
Position_55,191,949,20791.47266,4.009525,5.709857941,0.967380224
Position_55,194,616,9879.083008,2.6026,2.713043213,0.9625
Position_55,198,793,14959.45508,3.350425,4.108240128,0.974201474
Position_55,199,664,12045.37305,2.8054,3.30796051,0.976470588
Position_55,212,503,7865.834961,2.125175,2.160154819,0.959923664
Position_55,221,448,6387.053711,1.8928,1.754044652,0.961373391
Position_55,232,610,9920.129883,2.57725,2.724315643,0.966719493
Position_55,236,588,10541.92871,2.4843,2.895077229,0.97029703
Position_55,242,803,15120.06934,3.392675,4.152348995,0.969806763
Position_55,244,764,14371.45996,3.2279,3.946762085,0.973248408
Position_55,247,636,10781.11133,2.6871,2.960762739,0.976958525
Position_55,251,611,11050.57617,2.581475,3.034764528,0.965244866
Position_55,255,628,10883.56445,2.6533,2.988898754,0.973643411
Position_55,256,790,15268.93555,3.33775,4.193231583,0.974106042
Position_55,266,821,17015.26367,3.468725,4.672816753,0.973902728
Position_55,267,712,13703.48828,3.0082,3.763320446,0.970027248
Position_55,268,714,12818.53711,3.01665,3.520290613,0.963562753
Position_55,269,509,8435.911133,2.150525,2.316712141,0.975095785
Position_55,270,815,15178.59473,3.443375,4.168421745,0.973715651
Position_55,278,479,7442.466309,2.023775,2.043887377,0.971602434
Position_55,279,556,8754.141602,2.3491,2.40410614,0.973730298
Position_55,280,570,9762.743164,2.40825,2.681093216,0.977701544
Position_55,281,623,11273.73047,2.632175,3.096048117,0.971918877
Position_55,284,651,10667.66309,2.750475,2.929606915,0.980421687
Position_55,295,862,17904.20313,3.64195,4.916941643,0.975113122
Position_55,302,942,19420.40625,3.97995,5.333329201,0.971134021
Position_55,303,714,13761.57129,3.01665,3.779271364,0.975409836
Position_55,307,755,14865.71289,3.189875,4.082496166,0.976714101
Position_55,312,578,9011.070313,2.44205,2.474665165,0.964941569
Position_55,313,731,12034.96582,3.088475,3.305102348,0.963109354
Position_55,318,656,11387.1748,2.7716,3.127202749,0.970414201
Position_55,319,775,14194.3252,3.274375,3.898116589,0.954433498
Position_55,321,551,8909.491211,2.327975,2.446768999,0.975221239
Position_55,324,618,11028.98828,2.61105,3.028835773,0.965625
Position_55,327,647,11128.86133,2.733575,3.056263447,0.970014993
Position_55,330,607,10884.75781,2.564575,2.98922658,0.969648562
Position_55,331,617,10763.09668,2.606825,2.955815315,0.974723539
Position_55,334,587,9451.054688,2.480075,2.595495939,0.968646865
Position_55,335,510,8121.793945,2.15475,2.230447531,0.965909091
Position_55,336,582,9531.061523,2.45895,2.617467642,0.965174129
Position_55,339,521,8835.694336,2.201225,2.426502466,0.966604824
Position_55,340,494,7704.228027,2.08715,2.115773678,0.968627451
Position_55,341,747,13333.30273,3.156075,3.661658287,0.973924381
Position_55,350,462,6868.123047,1.95195,1.886158228,0.966527197
Position_55,352,531,8698.556641,2.243475,2.388841152,0.963702359
Position_55,362,730,14386.1123,3.08425,3.950786114,0.974632844
Position_55,370,672,12236.94336,2.8392,3.360570431,0.965517241
Position_55,383,421,5880.272949,1.778725,1.614869952,0.967816092
Position_55,385,481,7740.977539,2.032225,2.125865936,0.969758065
Position_55,390,574,10074.55859,2.42515,2.76672554,0.967959528
Position_55,393,876,18183.84766,3.7011,4.993739128,0.944983819
Position_55,395,633,11792.84277,2.674425,3.238609314,0.966412214
Position_55,398,617,10193.46973,2.606825,2.799381495,0.970125786
Position_55,404,642,11751.15527,2.71245,3.227160931,0.971255673
Position_55,418,573,9858.173828,2.420925,2.707300901,0.976149915
Position_55,431,565,9606.730469,2.387125,2.638248205,0.974137931
Position_55,433,670,10608.26172,2.83075,2.913293839,0.957142857
Position_55,440,605,10434.53418,2.556125,2.865583897,0.975806452
Position_55,442,762,14884.1543,3.21945,4.087560654,0.971938776
Position_55,449,650,10789.09863,2.74625,2.96295619,0.971599402
Position_55,454,691,12020.60449,2.919475,3.301158428,0.967787115
Position_55,460,438,6486.427734,1.85055,1.781335235,0.973333333
Position_55,461,608,11097.98047,2.5688,3.047782898,0.966613672
Position_56,37,681,11410.19629,2.877225,3.133525133,0.968705548
Position_56,41,680,12734.29883,2.873,3.497156858,0.970042796
Position_56,43,632,10642.58496,2.6702,2.922719955,0.969325153
Position_56,52,539,8798.154297,2.277275,2.416193008,0.976449275
Position_56,55,501,8170.36084,2.116725,2.243785381,0.972815534
Position_56,82,836,15686.22168,3.5321,4.307828426,0.967592593
Position_56,84,734,14016.33789,3.10115,3.849236727,0.963254593
Position_56,94,550,8649.674805,2.32375,2.375416994,0.978647687
Position_56,96,709,13745.47852,2.995525,3.774852037,0.975240715
Position_56,97,667,12208.34277,2.818075,3.352715969,0.978005865
Position_56,102,756,13559.48438,3.1941,3.723773241,0.971722365
Position_56,105,636,11679.78027,2.6871,3.207559586,0.972477064
Position_56,107,792,13048.44629,3.3462,3.583429575,0.942857143
Position_56,109,886,14161.94336,3.74335,3.889223576,0.934599156
Position_56,110,675,11965.75977,2.851875,3.286096811,0.974025974
Position_56,111,656,11393.00684,2.7716,3.128804445,0.966126657
Position_56,115,1094,25712.33789,4.62215,7.061250687,0.969858156
Position_56,118,756,13231.61621,3.1941,3.633732557,0.958174905
Position_56,119,562,9645.887695,2.37445,2.649001837,0.967297762
Position_56,121,617,10804.84082,2.606825,2.967279434,0.976265823
Position_56,123,82,467.8538208,0.34645,0.128484353,0.964705882
Position_56,126,788,14717.24609,3.3293,4.041723728,0.97044335
Position_56,127,792,15967.57031,3.3462,4.385094166,0.968215159
Position_56,131,800,15593.81836,3.38,4.282452106,0.97799511
Position_56,133,651,12197.06348,2.750475,3.349618435,0.970193741
Position_56,140,894,18154.62109,3.77715,4.985712528,0.968580715
Position_56,141,740,13233.02637,3.1265,3.634119749,0.956072351
Position_56,157,797,15337.69727,3.367325,4.212114811,0.952210275
Position_56,164,419,6151.644531,1.770275,1.689395308,0.972157773
Position_56,166,688,13186.57227,2.9068,3.621362448,0.970380818
Position_56,174,591,10583.06738,2.496975,2.906374931,0.962540717
Position_56,176,567,9905.052734,2.395575,2.720175028,0.972555746
Position_56,185,710,14018.69824,2.99975,3.849884987,0.964673913
Position_56,192,698,11887.68164,2.94905,3.264654636,0.957475995
Position_56,203,707,11450.49707,2.987075,3.144592762,0.973829201
Position_56,204,855,17334.41016,3.612375,4.760462284,0.9738041
Position_56,206,575,9683.972656,2.429375,2.659461021,0.971283784
Position_56,207,786,13558.62402,3.32085,3.723536968,0.975186104
Position_56,213,426,6166.842285,1.79985,1.693569064,0.957303371
Position_56,214,444,6184.032227,1.8759,1.698289871,0.963123644
Position_56,218,705,13379.66992,2.978625,3.674391747,0.973756906
Position_56,219,643,11123.87988,2.716675,3.054895401,0.97869102
Position_56,230,633,11475.69727,2.674425,3.151513338,0.969372129
Position_56,236,484,7187.295898,2.0449,1.97381115,0.96031746
Position_56,239,687,11856.38867,2.902575,3.2560606,0.978632479
Position_56,243,587,9045.773438,2.480075,2.484195471,0.957585644
Position_56,246,806,16601.0957,3.40535,4.559075832,0.969915764
Position_56,249,595,10383.04199,2.513875,2.851442814,0.973813421
Position_56,253,469,7158.02832,1.981525,1.965773463,0.969008264
Position_56,261,637,11202.2373,2.691325,3.076414347,0.968085106
Position_56,263,703,12853.91895,2.970175,3.530007362,0.96698762
Position_56,265,819,16309.40723,3.460275,4.478971004,0.973840666
Position_56,266,628,9101.283203,2.6533,2.499439955,0.973643411
Position_56,267,470,7484.26416,1.98575,2.055366039,0.959183673
Position_56,270,507,7823.184082,2.142075,2.148441792,0.960227273
Position_56,272,456,6476.666016,1.9266,1.778654337,0.951983299
Position_56,278,683,12061.63281,2.885675,3.312425852,0.971550498
Position_56,282,693,11570.49805,2.927925,3.177547932,0.961165049
Position_56,284,797,15146.41602,3.367325,4.159584522,0.970767357
Position_56,288,574,9206.658203,2.42515,2.528378487,0.961474037
Position_56,320,669,12896.81641,2.826525,3.541788101,0.965367965
Position_56,323,624,11110.46582,2.6364,3.051211596,0.973478939
Position_56,328,542,7963.052734,2.28995,2.186853409,0.969588551
Position_56,330,984,17591.83398,4.1574,4.831157207,0.971372162
Position_56,338,642,11178.16211,2.71245,3.069802761,0.974203338
Position_56,340,497,7638.390625,2.099825,2.097692966,0.984158416
Position_56,343,701,13337.81641,2.961725,3.662897825,0.970914127
Position_56,344,755,14415.98926,3.189875,3.958991051,0.976714101
Position_56,346,657,10256.49707,2.775825,2.816690445,0.960526316
Position_56,349,674,11678.47266,2.84765,3.207200527,0.958748222
Position_56,356,637,11496.76367,2.691325,3.157298565,0.978494624
Position_56,357,696,13631.75,2.9406,3.743619204,0.97752809
Position_56,360,631,10915.62402,2.665975,2.997703314,0.979813665
Position_56,362,566,9260.345703,2.39135,2.543122292,0.967521368
Position_56,363,530,8232.793945,2.23925,2.260931015,0.949820789
Position_56,368,475,7270.662109,2.006875,1.996705532,0.969387755
Position_56,372,827,15333.02246,3.494075,4.210831165,0.970657277
Position_56,376,975,19189.24219,4.119375,5.269845486,0.972083749
Position_56,381,678,11611.0918,2.86455,3.188696146,0.961702128
Position_56,394,753,12772.63379,3.181425,3.507684469,0.971612903
Position_56,397,562,9101.612305,2.37445,2.499530315,0.977391304
Position_56,402,769,15768.375,3.249025,4.330389977,0.979617834
Position_56,403,697,12035.88867,2.944825,3.305355787,0.972105997
Position_56,414,746,14850.76758,3.15185,4.078392029,0.975163399
Position_56,418,536,9170.173828,2.2646,2.518358946,0.962298025